Tarih,Hisse_Kodu,Close
2015-03-11,THYAO.IS,8.156983375549316
2015-03-12,THYAO.IS,8.176520347595215
2015-03-13,THYAO.IS,7.942068576812744
2015-03-16,THYAO.IS,8.22536563873291
2015-03-17,THYAO.IS,8.498891830444336
2015-03-18,THYAO.IS,8.430510520935059
2015-03-19,THYAO.IS,8.674731254577637
2015-03-20,THYAO.IS,8.733344078063965
2015-03-23,THYAO.IS,8.801726341247559
2015-03-24,THYAO.IS,8.5281982421875
2015-03-25,THYAO.IS,8.508661270141602
2015-03-26,THYAO.IS,8.274209022521973
2015-03-27,THYAO.IS,8.430510520935059
2015-03-30,THYAO.IS,8.694268226623535
2015-03-31,THYAO.IS,8.694268226623535
2015-04-01,THYAO.IS,8.625886917114258
2015-04-02,THYAO.IS,8.723576545715332
2015-04-03,THYAO.IS,8.909183502197266
2015-04-06,THYAO.IS,8.79195785522461
2015-04-07,THYAO.IS,8.625886917114258
2015-04-08,THYAO.IS,8.831032752990723
2015-04-09,THYAO.IS,8.889646530151367
2015-04-10,THYAO.IS,8.772419929504395
2015-04-13,THYAO.IS,8.850570678710938
2015-04-14,THYAO.IS,8.821263313293457
2015-04-15,THYAO.IS,8.59658145904541
2015-04-16,THYAO.IS,8.684500694274902
2015-04-17,THYAO.IS,8.674731254577637
2015-04-20,THYAO.IS,8.79195785522461
2015-04-21,THYAO.IS,9.006872177124023
2015-04-22,THYAO.IS,8.948259353637695
2015-04-23,THYAO.IS,8.948259353637695
2015-04-24,THYAO.IS,9.065485000610352
2015-04-27,THYAO.IS,9.153404235839844
2015-04-28,THYAO.IS,9.026409149169922
2015-04-29,THYAO.IS,9.045948028564453
2015-04-30,THYAO.IS,8.674731254577637
2015-05-01,THYAO.IS,8.674731254577637
2015-05-04,THYAO.IS,8.850570678710938
2015-05-05,THYAO.IS,8.733344078063965
2015-05-06,THYAO.IS,8.53796672821045
2015-05-07,THYAO.IS,8.674731254577637
2015-05-08,THYAO.IS,8.762651443481445
2015-05-11,THYAO.IS,8.918952941894531
2015-05-12,THYAO.IS,9.16317367553711
2015-05-13,THYAO.IS,9.231555938720703
2015-05-14,THYAO.IS,9.348780632019043
2015-05-15,THYAO.IS,9.446470260620117
2015-05-18,THYAO.IS,9.573465347290039
2015-05-19,THYAO.IS,9.573465347290039
2015-05-20,THYAO.IS,9.37808895111084
2015-05-21,THYAO.IS,9.045948028564453
2015-05-22,THYAO.IS,9.104559898376465
2015-05-25,THYAO.IS,9.006872177124023
2015-05-26,THYAO.IS,8.997102737426758
2015-05-27,THYAO.IS,9.16317367553711
2015-05-28,THYAO.IS,9.104559898376465
2015-05-29,THYAO.IS,8.811495780944824
2015-06-01,THYAO.IS,8.567275047302246
2015-06-02,THYAO.IS,8.664962768554688
2015-06-03,THYAO.IS,8.831032752990723
2015-06-04,THYAO.IS,8.860339164733887
2015-06-05,THYAO.IS,8.79195785522461
2015-06-08,THYAO.IS,8.22536563873291
2015-06-09,THYAO.IS,8.205826759338379
2015-06-10,THYAO.IS,8.410972595214844
2015-06-11,THYAO.IS,8.547737121582031
2015-06-12,THYAO.IS,8.547737121582031
2015-06-15,THYAO.IS,8.38166618347168
2015-06-16,THYAO.IS,8.51842975616455
2015-06-17,THYAO.IS,8.645424842834473
2015-06-18,THYAO.IS,8.74311351776123
2015-06-19,THYAO.IS,8.831032752990723
2015-06-22,THYAO.IS,8.879878044128418
2015-06-23,THYAO.IS,8.74311351776123
2015-06-24,THYAO.IS,8.899415016174316
2015-06-25,THYAO.IS,8.948259353637695
2015-06-26,THYAO.IS,8.879878044128418
2015-06-29,THYAO.IS,8.635656356811523
2015-06-30,THYAO.IS,8.59658145904541
2015-07-01,THYAO.IS,8.684500694274902
2015-07-02,THYAO.IS,8.782188415527344
2015-07-03,THYAO.IS,8.60634994506836
2015-07-06,THYAO.IS,8.93848991394043
2015-07-07,THYAO.IS,8.96779727935791
2015-07-08,THYAO.IS,8.811495780944824
2015-07-09,THYAO.IS,9.075254440307617
2015-07-10,THYAO.IS,9.075254440307617
2015-07-13,THYAO.IS,9.16317367553711
2015-07-14,THYAO.IS,9.075254440307617
2015-07-15,THYAO.IS,9.026409149169922
2015-07-16,THYAO.IS,8.96779727935791
2015-07-17,THYAO.IS,8.96779727935791
2015-07-20,THYAO.IS,8.850570678710938
2015-07-21,THYAO.IS,8.997102737426758
2015-07-22,THYAO.IS,9.045948028564453
2015-07-23,THYAO.IS,8.616118431091309
2015-07-24,THYAO.IS,8.645424842834473
2015-07-27,THYAO.IS,8.430510520935059
2015-07-28,THYAO.IS,8.733344078063965
2015-07-29,THYAO.IS,8.655193328857422
2015-07-30,THYAO.IS,8.625886917114258
2015-07-31,THYAO.IS,8.821263313293457
2015-08-03,THYAO.IS,8.674731254577637
2015-08-04,THYAO.IS,8.79195785522461
2015-08-05,THYAO.IS,8.694268226623535
2015-08-06,THYAO.IS,8.889646530151367
2015-08-07,THYAO.IS,8.879878044128418
2015-08-10,THYAO.IS,8.625886917114258
2015-08-11,THYAO.IS,8.93848991394043
2015-08-12,THYAO.IS,8.831032752990723
2015-08-13,THYAO.IS,8.7040376663208
2015-08-14,THYAO.IS,8.870107650756836
2015-08-17,THYAO.IS,8.850570678710938
2015-08-18,THYAO.IS,8.547737121582031
2015-08-19,THYAO.IS,8.18628978729248
2015-08-20,THYAO.IS,8.254671096801758
2015-08-21,THYAO.IS,8.020218849182129
2015-08-24,THYAO.IS,7.590390205383301
2015-08-25,THYAO.IS,7.873687267303467
2015-08-26,THYAO.IS,7.922530651092529
2015-08-27,THYAO.IS,7.922530651092529
2015-08-28,THYAO.IS,7.775998592376709
2015-08-31,THYAO.IS,7.863917827606201
2015-09-01,THYAO.IS,7.590390205383301
2015-09-02,THYAO.IS,7.590390205383301
2015-09-03,THYAO.IS,7.541545867919922
2015-09-04,THYAO.IS,7.580621242523193
2015-09-07,THYAO.IS,7.6685404777526855
2015-09-08,THYAO.IS,7.863917827606201
2015-09-09,THYAO.IS,7.766228675842285
2015-09-10,THYAO.IS,7.7466912269592285
2015-09-11,THYAO.IS,7.580621242523193
2015-09-14,THYAO.IS,7.756460189819336
2015-09-15,THYAO.IS,7.863917827606201
2015-09-16,THYAO.IS,7.912762641906738
2015-09-17,THYAO.IS,7.981143951416016
2015-09-18,THYAO.IS,8.029988288879395
2015-09-21,THYAO.IS,8.078832626342773
2015-09-22,THYAO.IS,8.020218849182129
2015-09-23,THYAO.IS,7.922530651092529
2015-09-24,THYAO.IS,7.922530651092529
2015-09-25,THYAO.IS,7.922530651092529
2015-09-28,THYAO.IS,7.7466912269592285
2015-09-29,THYAO.IS,7.82484245300293
2015-09-30,THYAO.IS,7.785767078399658
2015-10-01,THYAO.IS,7.815073490142822
2015-10-02,THYAO.IS,7.893224239349365
2015-10-05,THYAO.IS,8.117908477783203
2015-10-06,THYAO.IS,8.23513412475586
2015-10-07,THYAO.IS,8.283977508544922
2015-10-08,THYAO.IS,8.34259033203125
2015-10-09,THYAO.IS,8.303515434265137
2015-10-12,THYAO.IS,8.371896743774414
2015-10-13,THYAO.IS,8.22536563873291
2015-10-14,THYAO.IS,8.391435623168945
2015-10-15,THYAO.IS,8.3328218460083
2015-10-16,THYAO.IS,8.205826759338379
2015-10-19,THYAO.IS,8.283977508544922
2015-10-20,THYAO.IS,8.469586372375488
2015-10-21,THYAO.IS,8.323053359985352
2015-10-22,THYAO.IS,8.3328218460083
2015-10-23,THYAO.IS,8.313284873962402
2015-10-26,THYAO.IS,8.215595245361328
2015-10-27,THYAO.IS,8.108139038085938
2015-10-28,THYAO.IS,8.108139038085938
2015-10-29,THYAO.IS,8.108139038085938
2015-10-30,THYAO.IS,8.410972595214844
2015-11-02,THYAO.IS,8.987334251403809
2015-11-03,THYAO.IS,8.860339164733887
2015-11-04,THYAO.IS,8.987334251403809
2015-11-05,THYAO.IS,9.055717468261719
2015-11-06,THYAO.IS,8.987334251403809
2015-11-09,THYAO.IS,8.948259353637695
2015-11-10,THYAO.IS,8.879878044128418
2015-11-11,THYAO.IS,8.958027839660645
2015-11-12,THYAO.IS,9.065485000610352
2015-11-13,THYAO.IS,9.006872177124023
2015-11-16,THYAO.IS,8.772419929504395
2015-11-17,THYAO.IS,8.723576545715332
2015-11-18,THYAO.IS,8.508661270141602
2015-11-19,THYAO.IS,8.557506561279297
2015-11-20,THYAO.IS,8.557506561279297
2015-11-23,THYAO.IS,8.3328218460083
2015-11-24,THYAO.IS,7.736922740936279
2015-11-25,THYAO.IS,7.766228675842285
2015-11-26,THYAO.IS,7.551314830780029
2015-11-27,THYAO.IS,7.649003028869629
2015-11-30,THYAO.IS,7.4829325675964355
2015-12-01,THYAO.IS,7.512239456176758
2015-12-02,THYAO.IS,7.717385292053223
2015-12-03,THYAO.IS,7.522007942199707
2015-12-04,THYAO.IS,7.424319744110107
2015-12-07,THYAO.IS,7.45362663269043
2015-12-08,THYAO.IS,7.2973246574401855
2015-12-09,THYAO.IS,7.463395118713379
2015-12-10,THYAO.IS,7.0824103355407715
2015-12-11,THYAO.IS,6.720963478088379
2015-12-14,THYAO.IS,6.642812728881836
2015-12-15,THYAO.IS,7.062872886657715
2015-12-16,THYAO.IS,7.101947784423828
2015-12-17,THYAO.IS,7.1605610847473145
2015-12-18,THYAO.IS,7.062872886657715
2015-12-21,THYAO.IS,7.3168625831604
2015-12-22,THYAO.IS,7.2680182456970215
2015-12-23,THYAO.IS,7.307093620300293
2015-12-24,THYAO.IS,7.248480796813965
2015-12-25,THYAO.IS,7.228943347930908
2015-12-28,THYAO.IS,7.355937957763672
2015-12-29,THYAO.IS,7.3168625831604
2015-12-30,THYAO.IS,7.209405422210693
2015-12-31,THYAO.IS,7.219173908233643
2016-01-01,THYAO.IS,7.219173908233643
2016-01-04,THYAO.IS,6.9749531745910645
2016-01-05,THYAO.IS,7.072641372680664
2016-01-06,THYAO.IS,7.043335437774658
2016-01-07,THYAO.IS,7.150792598724365
2016-01-08,THYAO.IS,7.053103923797607
2016-01-11,THYAO.IS,7.121485233306885
2016-01-12,THYAO.IS,7.101947784423828
2016-01-13,THYAO.IS,7.170330047607422
2016-01-14,THYAO.IS,7.033565521240234
2016-01-15,THYAO.IS,6.935877323150635
2016-01-18,THYAO.IS,6.994490623474121
2016-01-19,THYAO.IS,7.062872886657715
2016-01-20,THYAO.IS,6.887033939361572
2016-01-21,THYAO.IS,6.8968024253845215
2016-01-22,THYAO.IS,6.8968024253845215
2016-01-25,THYAO.IS,6.95541524887085
2016-01-26,THYAO.IS,7.121485233306885
2016-01-27,THYAO.IS,7.1117167472839355
2016-01-28,THYAO.IS,7.062872886657715
2016-01-29,THYAO.IS,7.141023635864258
2016-02-01,THYAO.IS,7.121485233306885
2016-02-02,THYAO.IS,7.053103923797607
2016-02-03,THYAO.IS,7.053103923797607
2016-02-04,THYAO.IS,7.121485233306885
2016-02-05,THYAO.IS,7.062872886657715
2016-02-08,THYAO.IS,6.730731964111328
2016-02-09,THYAO.IS,6.672119140625
2016-02-10,THYAO.IS,6.720963478088379
2016-02-11,THYAO.IS,6.63304328918457
2016-02-12,THYAO.IS,6.506048679351807
2016-02-15,THYAO.IS,6.408360481262207
2016-02-16,THYAO.IS,6.466972827911377
2016-02-17,THYAO.IS,6.672119140625
2016-02-18,THYAO.IS,6.7698073387146
2016-02-19,THYAO.IS,6.691656589508057
2016-02-22,THYAO.IS,6.9261088371276855
2016-02-23,THYAO.IS,6.994490623474121
2016-02-24,THYAO.IS,6.779576301574707
2016-02-25,THYAO.IS,6.935877323150635
2016-02-26,THYAO.IS,6.965184688568115
2016-02-29,THYAO.IS,7.150792598724365
2016-03-01,THYAO.IS,7.277786731719971
2016-03-02,THYAO.IS,7.2973246574401855
2016-03-03,THYAO.IS,7.248480796813965
2016-03-04,THYAO.IS,7.45362663269043
2016-03-07,THYAO.IS,7.434088706970215
2016-03-08,THYAO.IS,7.395013332366943
2016-03-09,THYAO.IS,7.512239456176758
2016-03-10,THYAO.IS,7.424319744110107
2016-03-11,THYAO.IS,7.609927654266357
2016-03-14,THYAO.IS,7.727153778076172
2016-03-15,THYAO.IS,7.4829325675964355
2016-03-16,THYAO.IS,7.570852279663086
2016-03-17,THYAO.IS,7.658771991729736
2016-03-18,THYAO.IS,7.727153778076172
2016-03-21,THYAO.IS,7.775998592376709
2016-03-22,THYAO.IS,7.404782295227051
2016-03-23,THYAO.IS,7.336400508880615
2016-03-24,THYAO.IS,7.434088706970215
2016-03-25,THYAO.IS,7.45362663269043
2016-03-28,THYAO.IS,7.443857192993164
2016-03-29,THYAO.IS,7.45362663269043
2016-03-30,THYAO.IS,7.590390205383301
2016-03-31,THYAO.IS,7.609927654266357
2016-04-01,THYAO.IS,7.541545867919922
2016-04-04,THYAO.IS,7.658771991729736
2016-04-05,THYAO.IS,7.629465579986572
2016-04-06,THYAO.IS,7.443857192993164
2016-04-07,THYAO.IS,7.3461689949035645
2016-04-08,THYAO.IS,7.375475883483887
2016-04-11,THYAO.IS,7.541545867919922
2016-04-12,THYAO.IS,7.45362663269043
2016-04-13,THYAO.IS,7.5610833168029785
2016-04-14,THYAO.IS,7.531777381896973
2016-04-15,THYAO.IS,7.395013332366943
2016-04-18,THYAO.IS,7.385244369506836
2016-04-19,THYAO.IS,7.326631546020508
2016-04-20,THYAO.IS,6.828420162200928
2016-04-21,THYAO.IS,6.750269412994385
2016-04-22,THYAO.IS,6.877264499664307
2016-04-25,THYAO.IS,6.7698073387146
2016-04-26,THYAO.IS,6.808882713317871
2016-04-27,THYAO.IS,6.85772705078125
2016-04-28,THYAO.IS,6.828420162200928
2016-04-29,THYAO.IS,6.7405009269714355
2016-05-02,THYAO.IS,6.681888103485107
2016-05-03,THYAO.IS,6.457204341888428
2016-05-04,THYAO.IS,6.54512357711792
2016-05-05,THYAO.IS,6.496280193328857
2016-05-06,THYAO.IS,6.496280193328857
2016-05-09,THYAO.IS,6.564661502838135
2016-05-10,THYAO.IS,6.496280193328857
2016-05-11,THYAO.IS,6.466972827911377
2016-05-12,THYAO.IS,6.26182746887207
2016-05-13,THYAO.IS,6.066451072692871
2016-05-16,THYAO.IS,5.988300323486328
2016-05-17,THYAO.IS,6.095757007598877
2016-05-18,THYAO.IS,5.968762397766113
2016-05-19,THYAO.IS,5.968762397766113
2016-05-20,THYAO.IS,5.9003801345825195
2016-05-23,THYAO.IS,6.007837772369385
2016-05-24,THYAO.IS,6.115294933319092
2016-05-25,THYAO.IS,6.085988521575928
2016-05-26,THYAO.IS,6.066451072692871
2016-05-27,THYAO.IS,6.0273756980896
2016-05-30,THYAO.IS,6.183676719665527
2016-05-31,THYAO.IS,6.07621955871582
2016-06-01,THYAO.IS,5.988300323486328
2016-06-02,THYAO.IS,5.9785308837890625
2016-06-03,THYAO.IS,6.07621955871582
2016-06-06,THYAO.IS,6.07621955871582
2016-06-07,THYAO.IS,5.958993434906006
2016-06-08,THYAO.IS,5.949224948883057
2016-06-09,THYAO.IS,5.919918060302734
2016-06-10,THYAO.IS,5.763617038726807
2016-06-13,THYAO.IS,5.636621475219727
2016-06-14,THYAO.IS,5.7147722244262695
2016-06-15,THYAO.IS,5.685466289520264
2016-06-16,THYAO.IS,5.6073150634765625
2016-06-17,THYAO.IS,5.587777614593506
2016-06-20,THYAO.IS,5.636621475219727
2016-06-21,THYAO.IS,5.783154487609863
2016-06-22,THYAO.IS,5.675697326660156
2016-06-23,THYAO.IS,5.695234775543213
2016-06-24,THYAO.IS,5.538933277130127
2016-06-27,THYAO.IS,5.753848075866699
2016-06-28,THYAO.IS,5.831998348236084
2016-06-29,THYAO.IS,5.675697326660156
2016-06-30,THYAO.IS,5.587777614593506
2016-07-01,THYAO.IS,5.597546577453613
2016-07-04,THYAO.IS,5.597546577453613
2016-07-05,THYAO.IS,5.597546577453613
2016-07-06,THYAO.IS,5.597546577453613
2016-07-07,THYAO.IS,5.597546577453613
2016-07-08,THYAO.IS,5.490088939666748
2016-07-11,THYAO.IS,5.675697326660156
2016-07-12,THYAO.IS,5.7929229736328125
2016-07-13,THYAO.IS,5.861305236816406
2016-07-14,THYAO.IS,5.89061164855957
2016-07-15,THYAO.IS,5.822229862213135
2016-07-18,THYAO.IS,5.089566707611084
2016-07-19,THYAO.IS,5.001646518707275
2016-07-20,THYAO.IS,4.933265686035156
2016-07-21,THYAO.IS,4.757425785064697
2016-07-22,THYAO.IS,4.83557653427124
2016-07-25,THYAO.IS,5.030953884124756
2016-07-26,THYAO.IS,4.962571620941162
2016-07-27,THYAO.IS,5.030953884124756
2016-07-28,THYAO.IS,5.030953884124756
2016-07-29,THYAO.IS,5.0504913330078125
2016-08-01,THYAO.IS,5.099335193634033
2016-08-02,THYAO.IS,5.079797267913818
2016-08-03,THYAO.IS,4.982109069824219
2016-08-04,THYAO.IS,5.030953884124756
2016-08-05,THYAO.IS,5.030953884124756
2016-08-08,THYAO.IS,5.33378791809082
2016-08-09,THYAO.IS,5.597546577453613
2016-08-10,THYAO.IS,5.480320453643799
2016-08-11,THYAO.IS,5.578009128570557
2016-08-12,THYAO.IS,5.490088939666748
2016-08-15,THYAO.IS,5.460782527923584
2016-08-16,THYAO.IS,5.197023868560791
2016-08-17,THYAO.IS,5.2360992431640625
2016-08-18,THYAO.IS,5.197023868560791
2016-08-19,THYAO.IS,5.284943103790283
2016-08-22,THYAO.IS,5.1579484939575195
2016-08-23,THYAO.IS,5.138411045074463
2016-08-24,THYAO.IS,5.021184921264648
2016-08-25,THYAO.IS,5.011415958404541
2016-08-26,THYAO.IS,5.030953884124756
2016-08-29,THYAO.IS,5.040722370147705
2016-08-30,THYAO.IS,5.040722370147705
2016-08-31,THYAO.IS,5.040722370147705
2016-09-01,THYAO.IS,5.030953884124756
2016-09-02,THYAO.IS,5.060259819030762
2016-09-05,THYAO.IS,5.1286420822143555
2016-09-06,THYAO.IS,5.060259819030762
2016-09-07,THYAO.IS,5.021184921264648
2016-09-08,THYAO.IS,5.0504913330078125
2016-09-09,THYAO.IS,5.1579484939575195
2016-09-12,THYAO.IS,5.1579484939575195
2016-09-13,THYAO.IS,5.1579484939575195
2016-09-14,THYAO.IS,5.1579484939575195
2016-09-15,THYAO.IS,5.1579484939575195
2016-09-16,THYAO.IS,5.011415958404541
2016-09-19,THYAO.IS,5.0504913330078125
2016-09-20,THYAO.IS,5.060259819030762
2016-09-21,THYAO.IS,5.079797267913818
2016-09-22,THYAO.IS,5.197023868560791
2016-09-23,THYAO.IS,5.216561794281006
2016-09-26,THYAO.IS,5.001646518707275
2016-09-27,THYAO.IS,5.011415958404541
2016-09-28,THYAO.IS,5.040722370147705
2016-09-29,THYAO.IS,5.040722370147705
2016-09-30,THYAO.IS,5.021184921264648
2016-10-03,THYAO.IS,5.030953884124756
2016-10-04,THYAO.IS,5.021184921264648
2016-10-05,THYAO.IS,5.226330280303955
2016-10-06,THYAO.IS,5.187254905700684
2016-10-07,THYAO.IS,5.148179531097412
2016-10-10,THYAO.IS,5.206792831420898
2016-10-11,THYAO.IS,5.2360992431640625
2016-10-12,THYAO.IS,5.3142499923706055
2016-10-13,THYAO.IS,5.304481029510498
2016-10-14,THYAO.IS,5.294712543487549
2016-10-17,THYAO.IS,5.382632255554199
2016-10-18,THYAO.IS,5.421707630157471
2016-10-19,THYAO.IS,5.460782527923584
2016-10-20,THYAO.IS,5.509626865386963
2016-10-21,THYAO.IS,5.451013565063477
2016-10-24,THYAO.IS,5.578009128570557
2016-10-25,THYAO.IS,5.490088939666748
2016-10-26,THYAO.IS,5.460782527923584
2016-10-27,THYAO.IS,5.382632255554199
2016-10-28,THYAO.IS,5.3435564041137695
2016-10-31,THYAO.IS,5.3142499923706055
2016-11-01,THYAO.IS,5.245867729187012
2016-11-02,THYAO.IS,5.275174617767334
2016-11-03,THYAO.IS,5.216561794281006
2016-11-04,THYAO.IS,4.962571620941162
2016-11-07,THYAO.IS,5.177486419677734
2016-11-08,THYAO.IS,5.1579484939575195
2016-11-09,THYAO.IS,5.226330280303955
2016-11-10,THYAO.IS,5.1286420822143555
2016-11-11,THYAO.IS,5.099335193634033
2016-11-14,THYAO.IS,5.060259819030762
2016-11-15,THYAO.IS,5.109104633331299
2016-11-16,THYAO.IS,5.0504913330078125
2016-11-17,THYAO.IS,5.021184921264648
2016-11-18,THYAO.IS,5.040722370147705
2016-11-21,THYAO.IS,5.138411045074463
2016-11-22,THYAO.IS,5.099335193634033
2016-11-23,THYAO.IS,5.001646518707275
2016-11-24,THYAO.IS,4.903958320617676
2016-11-25,THYAO.IS,4.923496246337891
2016-11-28,THYAO.IS,4.923496246337891
2016-11-29,THYAO.IS,4.845345973968506
2016-11-30,THYAO.IS,4.698812961578369
2016-12-01,THYAO.IS,4.522974014282227
2016-12-02,THYAO.IS,4.679275035858154
2016-12-05,THYAO.IS,4.6011247634887695
2016-12-06,THYAO.IS,4.718350410461426
2016-12-07,THYAO.IS,4.757425785064697
2016-12-08,THYAO.IS,4.728119373321533
2016-12-09,THYAO.IS,4.669506549835205
2016-12-12,THYAO.IS,4.659737586975098
2016-12-13,THYAO.IS,4.698812961578369
2016-12-14,THYAO.IS,4.68904447555542
2016-12-15,THYAO.IS,4.845345973968506
2016-12-16,THYAO.IS,4.825807571411133
2016-12-19,THYAO.IS,4.894189834594727
2016-12-20,THYAO.IS,4.9430341720581055
2016-12-21,THYAO.IS,4.933265686035156
2016-12-22,THYAO.IS,4.874651908874512
2016-12-23,THYAO.IS,4.825807571411133
2016-12-26,THYAO.IS,4.855114459991455
2016-12-27,THYAO.IS,4.83557653427124
2016-12-28,THYAO.IS,4.923496246337891
2016-12-29,THYAO.IS,4.913727283477783
2016-12-30,THYAO.IS,4.894189834594727
2017-01-02,THYAO.IS,4.855114459991455
2017-01-03,THYAO.IS,4.767195224761963
2017-01-04,THYAO.IS,4.708581924438477
2017-01-05,THYAO.IS,4.845345973968506
2017-01-06,THYAO.IS,4.825807571411133
2017-01-09,THYAO.IS,4.767195224761963
2017-01-10,THYAO.IS,4.718350410461426
2017-01-11,THYAO.IS,4.708581924438477
2017-01-12,THYAO.IS,4.855114459991455
2017-01-13,THYAO.IS,4.894189834594727
2017-01-16,THYAO.IS,4.982109069824219
2017-01-17,THYAO.IS,5.0504913330078125
2017-01-18,THYAO.IS,5.099335193634033
2017-01-19,THYAO.IS,5.030953884124756
2017-01-20,THYAO.IS,5.070028781890869
2017-01-23,THYAO.IS,5.079797267913818
2017-01-24,THYAO.IS,5.372862815856934
2017-01-25,THYAO.IS,5.2360992431640625
2017-01-26,THYAO.IS,5.3435564041137695
2017-01-27,THYAO.IS,5.226330280303955
2017-01-30,THYAO.IS,5.470551013946533
2017-01-31,THYAO.IS,5.411938190460205
2017-02-01,THYAO.IS,5.51939582824707
2017-02-02,THYAO.IS,5.548701763153076
2017-02-03,THYAO.IS,5.548701763153076
2017-02-06,THYAO.IS,5.470551013946533
2017-02-07,THYAO.IS,5.43147611618042
2017-02-08,THYAO.IS,5.61708402633667
2017-02-09,THYAO.IS,5.61708402633667
2017-02-10,THYAO.IS,5.451013565063477
2017-02-13,THYAO.IS,5.587777614593506
2017-02-14,THYAO.IS,5.6073150634765625
2017-02-15,THYAO.IS,5.509626865386963
2017-02-16,THYAO.IS,5.548701763153076
2017-02-17,THYAO.IS,5.578009128570557
2017-02-20,THYAO.IS,5.587777614593506
2017-02-21,THYAO.IS,5.587777614593506
2017-02-22,THYAO.IS,5.578009128570557
2017-02-23,THYAO.IS,5.6073150634765625
2017-02-24,THYAO.IS,5.51939582824707
2017-02-27,THYAO.IS,5.411938190460205
2017-02-28,THYAO.IS,5.33378791809082
2017-03-01,THYAO.IS,5.548701763153076
2017-03-02,THYAO.IS,5.578009128570557
2017-03-03,THYAO.IS,5.568239688873291
2017-03-06,THYAO.IS,5.568239688873291
2017-03-07,THYAO.IS,5.5291643142700195
2017-03-08,THYAO.IS,5.441245079040527
2017-03-09,THYAO.IS,5.382632255554199
2017-03-10,THYAO.IS,5.480320453643799
2017-03-13,THYAO.IS,5.51939582824707
2017-03-14,THYAO.IS,5.675697326660156
2017-03-15,THYAO.IS,5.724541187286377
2017-03-16,THYAO.IS,5.783154487609863
2017-03-17,THYAO.IS,5.753848075866699
2017-03-20,THYAO.IS,5.773385524749756
2017-03-21,THYAO.IS,5.6073150634765625
2017-03-22,THYAO.IS,5.372862815856934
2017-03-23,THYAO.IS,5.363093852996826
2017-03-24,THYAO.IS,5.402169704437256
2017-03-27,THYAO.IS,5.411938190460205
2017-03-28,THYAO.IS,5.421707630157471
2017-03-29,THYAO.IS,5.33378791809082
2017-03-30,THYAO.IS,5.3435564041137695
2017-03-31,THYAO.IS,5.3435564041137695
2017-04-03,THYAO.IS,5.275174617767334
2017-04-04,THYAO.IS,5.372862815856934
2017-04-05,THYAO.IS,5.353325366973877
2017-04-06,THYAO.IS,5.324018478393555
2017-04-07,THYAO.IS,5.304481029510498
2017-04-10,THYAO.IS,5.460782527923584
2017-04-11,THYAO.IS,5.421707630157471
2017-04-12,THYAO.IS,5.43147611618042
2017-04-13,THYAO.IS,5.324018478393555
2017-04-14,THYAO.IS,5.353325366973877
2017-04-17,THYAO.IS,5.402169704437256
2017-04-18,THYAO.IS,5.421707630157471
2017-04-19,THYAO.IS,5.382632255554199
2017-04-20,THYAO.IS,5.460782527923584
2017-04-21,THYAO.IS,5.538933277130127
2017-04-24,THYAO.IS,5.783154487609863
2017-04-25,THYAO.IS,5.783154487609863
2017-04-26,THYAO.IS,5.958993434906006
2017-04-27,THYAO.IS,5.919918060302734
2017-04-28,THYAO.IS,5.919918060302734
2017-05-01,THYAO.IS,5.919918060302734
2017-05-02,THYAO.IS,5.929687023162842
2017-05-03,THYAO.IS,5.968762397766113
2017-05-04,THYAO.IS,5.998068809509277
2017-05-05,THYAO.IS,5.988300323486328
2017-05-08,THYAO.IS,6.281364917755127
2017-05-09,THYAO.IS,6.291133880615234
2017-05-10,THYAO.IS,6.496280193328857
2017-05-11,THYAO.IS,6.349747180938721
2017-05-12,THYAO.IS,6.349747180938721
2017-05-15,THYAO.IS,6.506048679351807
2017-05-16,THYAO.IS,6.564661502838135
2017-05-17,THYAO.IS,6.613505840301514
2017-05-18,THYAO.IS,6.535355091094971
2017-05-19,THYAO.IS,6.535355091094971
2017-05-22,THYAO.IS,6.691656589508057
2017-05-23,THYAO.IS,6.916339874267578
2017-05-24,THYAO.IS,6.9749531745910645
2017-05-25,THYAO.IS,7.121485233306885
2017-05-26,THYAO.IS,7.1117167472839355
2017-05-29,THYAO.IS,7.141023635864258
2017-05-30,THYAO.IS,7.072641372680664
2017-05-31,THYAO.IS,7.072641372680664
2017-06-01,THYAO.IS,6.984722137451172
2017-06-02,THYAO.IS,7.101947784423828
2017-06-05,THYAO.IS,7.248480796813965
2017-06-06,THYAO.IS,7.3168625831604
2017-06-07,THYAO.IS,7.248480796813965
2017-06-08,THYAO.IS,7.1605610847473145
2017-06-09,THYAO.IS,7.219173908233643
2017-06-12,THYAO.IS,7.209405422210693
2017-06-13,THYAO.IS,7.141023635864258
2017-06-14,THYAO.IS,7.2680182456970215
2017-06-15,THYAO.IS,7.1898674964904785
2017-06-16,THYAO.IS,7.101947784423828
2017-06-19,THYAO.IS,7.277786731719971
2017-06-20,THYAO.IS,7.238711833953857
2017-06-21,THYAO.IS,7.277786731719971
2017-06-22,THYAO.IS,7.424319744110107
2017-06-23,THYAO.IS,7.590390205383301
2017-06-26,THYAO.IS,7.590390205383301
2017-06-27,THYAO.IS,7.590390205383301
2017-06-28,THYAO.IS,7.805304527282715
2017-06-29,THYAO.IS,7.629465579986572
2017-06-30,THYAO.IS,7.863917827606201
2017-07-03,THYAO.IS,7.873687267303467
2017-07-04,THYAO.IS,8.156983375549316
2017-07-05,THYAO.IS,8.039755821228027
2017-07-06,THYAO.IS,8.117908477783203
2017-07-07,THYAO.IS,8.18628978729248
2017-07-10,THYAO.IS,8.469586372375488
2017-07-11,THYAO.IS,8.42074203491211
2017-07-12,THYAO.IS,8.401205062866211
2017-07-13,THYAO.IS,8.557506561279297
2017-07-14,THYAO.IS,8.625886917114258
2017-07-17,THYAO.IS,8.733344078063965
2017-07-18,THYAO.IS,8.655193328857422
2017-07-19,THYAO.IS,8.752882957458496
2017-07-20,THYAO.IS,8.53796672821045
2017-07-21,THYAO.IS,8.635656356811523
2017-07-24,THYAO.IS,8.635656356811523
2017-07-25,THYAO.IS,8.586812019348145
2017-07-26,THYAO.IS,8.489123344421387
2017-07-27,THYAO.IS,8.577043533325195
2017-07-28,THYAO.IS,8.459816932678223
2017-07-31,THYAO.IS,8.625886917114258
2017-08-01,THYAO.IS,8.440279960632324
2017-08-02,THYAO.IS,8.459816932678223
2017-08-03,THYAO.IS,8.469586372375488
2017-08-04,THYAO.IS,8.664962768554688
2017-08-07,THYAO.IS,8.860339164733887
2017-08-08,THYAO.IS,8.840802192687988
2017-08-09,THYAO.IS,8.713807106018066
2017-08-10,THYAO.IS,8.635656356811523
2017-08-11,THYAO.IS,8.79195785522461
2017-08-14,THYAO.IS,9.280399322509766
2017-08-15,THYAO.IS,9.065485000610352
2017-08-16,THYAO.IS,9.085022926330566
2017-08-17,THYAO.IS,9.085022926330566
2017-08-18,THYAO.IS,9.045948028564453
2017-08-21,THYAO.IS,9.172942161560059
2017-08-22,THYAO.IS,9.33901309967041
2017-08-23,THYAO.IS,9.241324424743652
2017-08-24,THYAO.IS,9.299938201904297
2017-08-25,THYAO.IS,9.436700820922852
2017-08-28,THYAO.IS,9.651615142822266
2017-08-29,THYAO.IS,9.544158935546875
2017-08-30,THYAO.IS,9.544158935546875
2017-08-31,THYAO.IS,9.534390449523926
2017-09-01,THYAO.IS,9.534390449523926
2017-09-04,THYAO.IS,9.534390449523926
2017-09-05,THYAO.IS,9.48554515838623
2017-09-06,THYAO.IS,9.602771759033203
2017-09-07,THYAO.IS,9.807916641235352
2017-09-08,THYAO.IS,9.661384582519531
2017-09-11,THYAO.IS,9.993524551391602
2017-09-12,THYAO.IS,10.227977752685547
2017-09-13,THYAO.IS,9.798148155212402
2017-09-14,THYAO.IS,9.690691947937012
2017-09-15,THYAO.IS,9.583234786987305
2017-09-18,THYAO.IS,9.055717468261719
2017-09-19,THYAO.IS,8.997102737426758
2017-09-20,THYAO.IS,9.104559898376465
2017-09-21,THYAO.IS,9.026409149169922
2017-09-22,THYAO.IS,9.16317367553711
2017-09-25,THYAO.IS,8.567275047302246
2017-09-26,THYAO.IS,8.79195785522461
2017-09-27,THYAO.IS,8.401205062866211
2017-09-28,THYAO.IS,8.7040376663208
2017-09-29,THYAO.IS,8.547737121582031
2017-10-02,THYAO.IS,8.850570678710938
2017-10-03,THYAO.IS,8.733344078063965
2017-10-04,THYAO.IS,8.96779727935791
2017-10-05,THYAO.IS,8.928722381591797
2017-10-06,THYAO.IS,9.075254440307617
2017-10-09,THYAO.IS,8.23513412475586
2017-10-10,THYAO.IS,8.459816932678223
2017-10-11,THYAO.IS,8.645424842834473
2017-10-12,THYAO.IS,8.918952941894531
2017-10-13,THYAO.IS,8.93848991394043
2017-10-16,THYAO.IS,9.133867263793945
2017-10-17,THYAO.IS,9.270630836486816
2017-10-18,THYAO.IS,9.37808895111084
2017-10-19,THYAO.IS,9.71022891998291
2017-10-20,THYAO.IS,9.651615142822266
2017-10-23,THYAO.IS,9.651615142822266
2017-10-24,THYAO.IS,9.651615142822266
2017-10-25,THYAO.IS,9.807916641235352
2017-10-26,THYAO.IS,9.641846656799316
2017-10-27,THYAO.IS,9.866531372070312
2017-10-30,THYAO.IS,9.973987579345703
2017-10-31,THYAO.IS,10.140057563781738
2017-11-01,THYAO.IS,10.26705265045166
2017-11-02,THYAO.IS,10.218209266662598
2017-11-03,THYAO.IS,10.188902854919434
2017-11-06,THYAO.IS,10.794569969177246
2017-11-07,THYAO.IS,10.335433959960938
2017-11-08,THYAO.IS,10.30612850189209
2017-11-09,THYAO.IS,10.26705265045166
2017-11-10,THYAO.IS,9.778611183166504
2017-11-13,THYAO.IS,9.563695907592773
2017-11-14,THYAO.IS,10.198670387268066
2017-11-15,THYAO.IS,9.866531372070312
2017-11-16,THYAO.IS,9.866531372070312
2017-11-17,THYAO.IS,10.218209266662598
2017-11-20,THYAO.IS,10.032601356506348
2017-11-21,THYAO.IS,10.550349235534668
2017-11-22,THYAO.IS,10.843415260314941
2017-11-23,THYAO.IS,10.989946365356445
2017-11-24,THYAO.IS,11.126710891723633
2017-11-27,THYAO.IS,11.566308975219727
2017-11-28,THYAO.IS,10.921565055847168
2017-11-29,THYAO.IS,11.624920845031738
2017-11-30,THYAO.IS,11.976600646972656
2017-12-01,THYAO.IS,12.211051940917969
2017-12-04,THYAO.IS,12.4259672164917
2017-12-05,THYAO.IS,12.504117965698242
2017-12-06,THYAO.IS,12.435734748840332
2017-12-07,THYAO.IS,13.002328872680664
2017-12-08,THYAO.IS,13.275856971740723
2017-12-11,THYAO.IS,13.109786033630371
2017-12-12,THYAO.IS,13.578689575195312
2017-12-13,THYAO.IS,13.334468841552734
2017-12-14,THYAO.IS,14.076900482177734
2017-12-15,THYAO.IS,13.93036937713623
2017-12-18,THYAO.IS,14.291815757751465
2017-12-19,THYAO.IS,14.545805931091309
2017-12-20,THYAO.IS,14.799795150756836
2017-12-21,THYAO.IS,15.083091735839844
2017-12-22,THYAO.IS,14.799795150756836
2017-12-25,THYAO.IS,14.653263092041016
2017-12-26,THYAO.IS,14.770488739013672
2017-12-27,THYAO.IS,15.024478912353516
2017-12-28,THYAO.IS,15.356618881225586
2017-12-29,THYAO.IS,15.327312469482422
2018-01-01,THYAO.IS,15.327312469482422
2018-01-02,THYAO.IS,15.708296775817871
2018-01-03,THYAO.IS,15.825525283813477
2018-01-04,THYAO.IS,15.913443565368652
2018-01-05,THYAO.IS,15.95251750946045
2018-01-08,THYAO.IS,15.913443565368652
2018-01-09,THYAO.IS,15.727835655212402
2018-01-10,THYAO.IS,14.897482872009277
2018-01-11,THYAO.IS,15.298006057739258
2018-01-12,THYAO.IS,15.141704559326172
2018-01-15,THYAO.IS,14.291815757751465
2018-01-16,THYAO.IS,15.141704559326172
2018-01-17,THYAO.IS,15.09286117553711
2018-01-18,THYAO.IS,15.0049409866333
2018-01-19,THYAO.IS,14.64349365234375
2018-01-22,THYAO.IS,15.053784370422363
2018-01-23,THYAO.IS,15.258931159973145
2018-01-24,THYAO.IS,15.151473999023438
2018-01-25,THYAO.IS,14.83887004852295
2018-01-26,THYAO.IS,15.053784370422363
2018-01-29,THYAO.IS,15.298006057739258
2018-01-30,THYAO.IS,15.337080955505371
2018-01-31,THYAO.IS,16.099050521850586
2018-02-01,THYAO.IS,16.39211654663086
2018-02-02,THYAO.IS,16.245582580566406
2018-02-05,THYAO.IS,16.90986442565918
2018-02-06,THYAO.IS,16.734025955200195
2018-02-07,THYAO.IS,16.274890899658203
2018-02-08,THYAO.IS,15.776679039001465
2018-02-09,THYAO.IS,16.51911163330078
2018-02-12,THYAO.IS,16.78287124633789
2018-02-13,THYAO.IS,16.509342193603516
2018-02-14,THYAO.IS,16.128358840942383
2018-02-15,THYAO.IS,16.821945190429688
2018-02-16,THYAO.IS,16.90986442565918
2018-02-19,THYAO.IS,16.78287124633789
2018-02-20,THYAO.IS,16.313966751098633
2018-02-21,THYAO.IS,17.24200439453125
2018-02-22,THYAO.IS,17.281082153320312
2018-02-23,THYAO.IS,17.847673416137695
2018-02-26,THYAO.IS,18.482648849487305
2018-02-27,THYAO.IS,18.20911979675293
2018-02-28,THYAO.IS,18.57056999206543
2018-03-01,THYAO.IS,19.078548431396484
2018-03-02,THYAO.IS,18.238428115844727
2018-03-05,THYAO.IS,18.297040939331055
2018-03-06,THYAO.IS,16.861021041870117
2018-03-07,THYAO.IS,16.96847915649414
2018-03-08,THYAO.IS,16.528881072998047
2018-03-09,THYAO.IS,16.343273162841797
2018-03-12,THYAO.IS,17.124780654907227
2018-03-13,THYAO.IS,17.564376831054688
2018-03-14,THYAO.IS,17.994205474853516
2018-03-15,THYAO.IS,17.710908889770508
2018-03-16,THYAO.IS,17.87697982788086
2018-03-19,THYAO.IS,17.48622703552246
2018-03-20,THYAO.IS,18.42403793334961
2018-03-21,THYAO.IS,18.49241828918457
2018-03-22,THYAO.IS,18.384958267211914
2018-03-23,THYAO.IS,18.365421295166016
2018-03-26,THYAO.IS,18.76594352722168
2018-03-27,THYAO.IS,18.551029205322266
2018-03-28,THYAO.IS,18.091896057128906
2018-03-29,THYAO.IS,18.951553344726562
2018-03-30,THYAO.IS,18.75617790222168
2018-04-02,THYAO.IS,18.609643936157227
2018-04-03,THYAO.IS,18.97109031677246
2018-04-04,THYAO.IS,18.9027099609375
2018-04-05,THYAO.IS,19.019933700561523
2018-04-06,THYAO.IS,19.205543518066406
2018-04-09,THYAO.IS,19.234851837158203
2018-04-10,THYAO.IS,18.795251846313477
2018-04-11,THYAO.IS,18.20911979675293
2018-04-12,THYAO.IS,18.170045852661133
2018-04-13,THYAO.IS,17.91605567932129
2018-04-16,THYAO.IS,18.707332611083984
2018-04-17,THYAO.IS,17.798830032348633
2018-04-18,THYAO.IS,18.590106964111328
2018-04-19,THYAO.IS,18.453340530395508
2018-04-20,THYAO.IS,17.81836700439453
2018-04-23,THYAO.IS,17.81836700439453
2018-04-24,THYAO.IS,17.15408706665039
2018-04-25,THYAO.IS,16.84148406982422
2018-04-26,THYAO.IS,16.6949520111084
2018-04-27,THYAO.IS,16.997783660888672
2018-04-30,THYAO.IS,16.313966751098633
2018-05-01,THYAO.IS,16.313966751098633
2018-05-02,THYAO.IS,16.6656436920166
2018-05-03,THYAO.IS,16.362810134887695
2018-05-04,THYAO.IS,16.128358840942383
2018-05-07,THYAO.IS,16.216278076171875
2018-05-08,THYAO.IS,15.659454345703125
2018-05-09,THYAO.IS,16.10881996154785
2018-05-10,THYAO.IS,16.128358840942383
2018-05-11,THYAO.IS,15.95251750946045
2018-05-14,THYAO.IS,16.382349014282227
2018-05-15,THYAO.IS,16.313966751098633
2018-05-16,THYAO.IS,16.14789581298828
2018-05-17,THYAO.IS,15.864599227905273
2018-05-18,THYAO.IS,15.923212051391602
2018-05-21,THYAO.IS,16.49957275390625
2018-05-22,THYAO.IS,16.35304069519043
2018-05-23,THYAO.IS,16.235816955566406
2018-05-24,THYAO.IS,15.298006057739258
2018-05-25,THYAO.IS,16.216278076171875
2018-05-28,THYAO.IS,17.124780654907227
2018-05-29,THYAO.IS,17.085704803466797
2018-05-30,THYAO.IS,16.939172744750977
2018-05-31,THYAO.IS,16.255352020263672
2018-06-01,THYAO.IS,16.177202224731445
2018-06-04,THYAO.IS,15.932979583740234
2018-06-05,THYAO.IS,15.630146980285645
2018-06-06,THYAO.IS,14.926790237426758
2018-06-07,THYAO.IS,14.809564590454102
2018-06-08,THYAO.IS,13.1683988571167
2018-06-11,THYAO.IS,13.764298439025879
2018-06-12,THYAO.IS,12.933945655822754
2018-06-13,THYAO.IS,12.52365493774414
2018-06-14,THYAO.IS,12.562729835510254
2018-06-15,THYAO.IS,12.562729835510254
2018-06-18,THYAO.IS,12.250127792358398
2018-06-19,THYAO.IS,12.513887405395508
2018-06-20,THYAO.IS,12.357584953308105
2018-06-21,THYAO.IS,12.660419464111328
2018-06-22,THYAO.IS,12.552962303161621
2018-06-25,THYAO.IS,12.269665718078613
2018-06-26,THYAO.IS,12.679956436157227
2018-06-27,THYAO.IS,13.451696395874023
2018-06-28,THYAO.IS,13.363776206970215
2018-06-29,THYAO.IS,13.178167343139648
2018-07-02,THYAO.IS,13.647072792053223
2018-07-03,THYAO.IS,13.50053882598877
2018-07-04,THYAO.IS,13.578689575195312
2018-07-05,THYAO.IS,14.018288612365723
2018-07-06,THYAO.IS,14.057363510131836
2018-07-09,THYAO.IS,14.682568550109863
2018-07-10,THYAO.IS,13.969444274902344
2018-07-11,THYAO.IS,13.217242240905762
2018-07-12,THYAO.IS,13.93036937713623
2018-07-13,THYAO.IS,14.350428581237793
2018-07-16,THYAO.IS,14.750951766967773
2018-07-17,THYAO.IS,15.53245735168457
2018-07-18,THYAO.IS,15.727835655212402
2018-07-19,THYAO.IS,15.708296775817871
2018-07-20,THYAO.IS,15.698528289794922
2018-07-23,THYAO.IS,16.16743278503418
2018-07-24,THYAO.IS,15.591072082519531
2018-07-25,THYAO.IS,16.6949520111084
2018-07-26,THYAO.IS,16.05997657775879
2018-07-27,THYAO.IS,16.28466033935547
2018-07-30,THYAO.IS,16.421422958374023
2018-07-31,THYAO.IS,16.870790481567383
2018-08-01,THYAO.IS,16.72425651550293
2018-08-02,THYAO.IS,16.51911163330078
2018-08-03,THYAO.IS,16.98801612854004
2018-08-06,THYAO.IS,16.607030868530273
2018-08-07,THYAO.IS,16.88055992126465
2018-08-08,THYAO.IS,16.939172744750977
2018-08-09,THYAO.IS,16.978246688842773
2018-08-10,THYAO.IS,16.6656436920166
2018-08-13,THYAO.IS,16.16743278503418
2018-08-14,THYAO.IS,16.773101806640625
2018-08-15,THYAO.IS,15.542226791381836
2018-08-16,THYAO.IS,15.258931159973145
2018-08-17,THYAO.IS,14.926790237426758
2018-08-20,THYAO.IS,15.630146980285645
2018-08-21,THYAO.IS,15.630146980285645
2018-08-22,THYAO.IS,15.630146980285645
2018-08-23,THYAO.IS,15.630146980285645
2018-08-24,THYAO.IS,15.630146980285645
2018-08-27,THYAO.IS,16.05997657775879
2018-08-28,THYAO.IS,16.39211654663086
2018-08-29,THYAO.IS,16.20650863647461
2018-08-30,THYAO.IS,16.20650863647461
2018-08-31,THYAO.IS,15.903675079345703
2018-09-03,THYAO.IS,16.72425651550293
2018-09-04,THYAO.IS,16.548418045043945
2018-09-05,THYAO.IS,16.85125160217285
2018-09-06,THYAO.IS,16.76333236694336
2018-09-07,THYAO.IS,16.773101806640625
2018-09-10,THYAO.IS,16.63633918762207
2018-09-11,THYAO.IS,17.505765914916992
2018-09-12,THYAO.IS,17.58391571044922
2018-09-13,THYAO.IS,17.749984741210938
2018-09-14,THYAO.IS,17.349462509155273
2018-09-17,THYAO.IS,17.329925537109375
2018-09-18,THYAO.IS,17.740215301513672
2018-09-19,THYAO.IS,17.984437942504883
2018-09-20,THYAO.IS,17.662065505981445
2018-09-21,THYAO.IS,18.08212661743164
2018-09-24,THYAO.IS,18.814790725708008
2018-09-25,THYAO.IS,18.42403793334961
2018-09-26,THYAO.IS,18.775714874267578
2018-09-27,THYAO.IS,18.697561264038086
2018-09-28,THYAO.IS,18.697561264038086
2018-10-01,THYAO.IS,18.20911979675293
2018-10-02,THYAO.IS,17.681604385375977
2018-10-03,THYAO.IS,17.349462509155273
2018-10-04,THYAO.IS,16.753562927246094
2018-10-05,THYAO.IS,17.163854598999023
2018-10-08,THYAO.IS,17.39830780029297
2018-10-09,THYAO.IS,17.24200439453125
2018-10-10,THYAO.IS,16.323734283447266
2018-10-11,THYAO.IS,16.050207138061523
2018-10-12,THYAO.IS,16.929401397705078
2018-10-15,THYAO.IS,17.652297973632812
2018-10-16,THYAO.IS,17.007553100585938
2018-10-17,THYAO.IS,16.16743278503418
2018-10-18,THYAO.IS,16.177202224731445
2018-10-19,THYAO.IS,15.776679039001465
2018-10-22,THYAO.IS,15.327312469482422
2018-10-23,THYAO.IS,15.141704559326172
2018-10-24,THYAO.IS,15.200318336486816
2018-10-25,THYAO.IS,15.551997184753418
2018-10-26,THYAO.IS,15.151473999023438
2018-10-29,THYAO.IS,15.151473999023438
2018-10-30,THYAO.IS,14.30158519744873
2018-10-31,THYAO.IS,13.686147689819336
2018-11-01,THYAO.IS,14.282047271728516
2018-11-02,THYAO.IS,14.790026664733887
2018-11-05,THYAO.IS,14.926790237426758
2018-11-06,THYAO.IS,14.379734992980957
2018-11-07,THYAO.IS,15.22962474822998
2018-11-08,THYAO.IS,14.311352729797363
2018-11-09,THYAO.IS,14.81933307647705
2018-11-12,THYAO.IS,14.467655181884766
2018-11-13,THYAO.IS,15.151473999023438
2018-11-14,THYAO.IS,15.766910552978516
2018-11-15,THYAO.IS,15.825525283813477
2018-11-16,THYAO.IS,15.60084056854248
2018-11-19,THYAO.IS,15.981825828552246
2018-11-20,THYAO.IS,15.503151893615723
2018-11-21,THYAO.IS,16.02090072631836
2018-11-22,THYAO.IS,15.893905639648438
2018-11-23,THYAO.IS,16.489805221557617
2018-11-26,THYAO.IS,16.63633918762207
2018-11-27,THYAO.IS,16.675413131713867
2018-11-28,THYAO.IS,16.831714630126953
2018-11-29,THYAO.IS,16.567955017089844
2018-11-30,THYAO.IS,16.65587615966797
2018-12-03,THYAO.IS,15.962287902832031
2018-12-04,THYAO.IS,15.591072082519531
2018-12-05,THYAO.IS,15.981825828552246
2018-12-06,THYAO.IS,16.001361846923828
2018-12-07,THYAO.IS,15.78644847869873
2018-12-10,THYAO.IS,15.747374534606934
2018-12-11,THYAO.IS,15.63991641998291
2018-12-12,THYAO.IS,14.897482872009277
2018-12-13,THYAO.IS,14.975634574890137
2018-12-14,THYAO.IS,14.555573463439941
2018-12-17,THYAO.IS,14.409042358398438
2018-12-18,THYAO.IS,15.073323249816895
2018-12-19,THYAO.IS,15.825525283813477
2018-12-20,THYAO.IS,15.962287902832031
2018-12-21,THYAO.IS,16.001361846923828
2018-12-24,THYAO.IS,15.79621696472168
2018-12-25,THYAO.IS,15.815754890441895
2018-12-26,THYAO.IS,15.78644847869873
2018-12-27,THYAO.IS,15.854829788208008
2018-12-28,THYAO.IS,15.620377540588379
2018-12-31,THYAO.IS,15.727835655212402
2019-01-01,THYAO.IS,15.727835655212402
2019-01-02,THYAO.IS,15.317543983459473
2019-01-03,THYAO.IS,14.799795150756836
2019-01-04,THYAO.IS,14.741183280944824
2019-01-07,THYAO.IS,14.711875915527344
2019-01-08,THYAO.IS,14.741183280944824
2019-01-09,THYAO.IS,14.623956680297852
2019-01-10,THYAO.IS,14.614187240600586
2019-01-11,THYAO.IS,14.711875915527344
2019-01-14,THYAO.IS,14.67280101776123
2019-01-15,THYAO.IS,14.262510299682617
2019-01-16,THYAO.IS,14.076900482177734
2019-01-17,THYAO.IS,13.8912935256958
2019-01-18,THYAO.IS,14.096439361572266
2019-01-21,THYAO.IS,14.164820671081543
2019-01-22,THYAO.IS,14.067131042480469
2019-01-23,THYAO.IS,14.321122169494629
2019-01-24,THYAO.IS,14.389503479003906
2019-01-25,THYAO.IS,14.350428581237793
2019-01-28,THYAO.IS,14.711875915527344
2019-01-29,THYAO.IS,14.83887004852295
2019-01-30,THYAO.IS,15.454307556152344
2019-01-31,THYAO.IS,15.083091735839844
2019-02-01,THYAO.IS,14.369966506958008
2019-02-04,THYAO.IS,14.594649314880371
2019-02-05,THYAO.IS,14.164820671081543
2019-02-06,THYAO.IS,14.516498565673828
2019-02-07,THYAO.IS,14.340660095214844
2019-02-08,THYAO.IS,14.369966506958008
2019-02-11,THYAO.IS,14.86817741394043
2019-02-12,THYAO.IS,14.115976333618164
2019-02-13,THYAO.IS,13.471233367919922
2019-02-14,THYAO.IS,13.842449188232422
2019-02-15,THYAO.IS,13.402851104736328
2019-02-18,THYAO.IS,13.012097358703613
2019-02-19,THYAO.IS,13.021865844726562
2019-02-20,THYAO.IS,13.119555473327637
2019-02-21,THYAO.IS,13.324700355529785
2019-02-22,THYAO.IS,13.813142776489258
2019-02-25,THYAO.IS,13.686147689819336
2019-02-26,THYAO.IS,14.037825584411621
2019-02-27,THYAO.IS,13.656840324401855
2019-02-28,THYAO.IS,13.842449188232422
2019-03-01,THYAO.IS,13.67637825012207
2019-03-04,THYAO.IS,13.578689575195312
2019-03-05,THYAO.IS,13.959674835205078
2019-03-06,THYAO.IS,13.822911262512207
2019-03-07,THYAO.IS,13.393081665039062
2019-03-08,THYAO.IS,12.865564346313477
2019-03-11,THYAO.IS,12.738569259643555
2019-03-12,THYAO.IS,12.719032287597656
2019-03-13,THYAO.IS,12.533424377441406
2019-03-14,THYAO.IS,12.728800773620605
2019-03-15,THYAO.IS,12.689724922180176
2019-03-18,THYAO.IS,13.559152603149414
2019-03-19,THYAO.IS,13.9108304977417
2019-03-20,THYAO.IS,13.8912935256958
2019-03-21,THYAO.IS,13.72522258758545
2019-03-22,THYAO.IS,13.256318092346191
2019-03-25,THYAO.IS,13.666609764099121
2019-03-26,THYAO.IS,13.197705268859863
2019-03-27,THYAO.IS,12.445504188537598
2019-03-28,THYAO.IS,12.298972129821777
2019-03-29,THYAO.IS,12.611574172973633
2019-04-01,THYAO.IS,12.592037200927734
2019-04-02,THYAO.IS,12.777644157409668
2019-04-03,THYAO.IS,12.953484535217285
2019-04-04,THYAO.IS,13.87175464630127
2019-04-05,THYAO.IS,14.12574577331543
2019-04-08,THYAO.IS,13.87175464630127
2019-04-09,THYAO.IS,14.008519172668457
2019-04-10,THYAO.IS,13.8912935256958
2019-04-11,THYAO.IS,13.832679748535156
2019-04-12,THYAO.IS,13.588458061218262
2019-04-15,THYAO.IS,13.617765426635742
2019-04-16,THYAO.IS,14.037825584411621
2019-04-17,THYAO.IS,14.04759407043457
2019-04-18,THYAO.IS,13.998750686645508
2019-04-19,THYAO.IS,13.842449188232422
2019-04-22,THYAO.IS,13.627534866333008
2019-04-23,THYAO.IS,13.627534866333008
2019-04-24,THYAO.IS,13.72522258758545
2019-04-25,THYAO.IS,13.422388076782227
2019-04-26,THYAO.IS,13.617765426635742
2019-04-29,THYAO.IS,13.881524085998535
2019-04-30,THYAO.IS,13.979212760925293
2019-05-01,THYAO.IS,13.979212760925293
2019-05-02,THYAO.IS,13.72522258758545
2019-05-03,THYAO.IS,13.598228454589844
2019-05-06,THYAO.IS,13.461463928222656
2019-05-07,THYAO.IS,13.207474708557129
2019-05-08,THYAO.IS,12.660419464111328
2019-05-09,THYAO.IS,12.181746482849121
2019-05-10,THYAO.IS,11.849605560302734
2019-05-13,THYAO.IS,12.025444984436035
2019-05-14,THYAO.IS,12.220821380615234
2019-05-15,THYAO.IS,11.83006763458252
2019-05-16,THYAO.IS,11.957061767578125
2019-05-17,THYAO.IS,11.742148399353027
2019-05-20,THYAO.IS,11.810530662536621
2019-05-21,THYAO.IS,11.429544448852539
2019-05-22,THYAO.IS,11.048561096191406
2019-05-23,THYAO.IS,11.537002563476562
2019-05-24,THYAO.IS,11.6835355758667
2019-05-27,THYAO.IS,11.566308975219727
2019-05-28,THYAO.IS,11.83006763458252
2019-05-29,THYAO.IS,11.878911972045898
2019-05-30,THYAO.IS,12.113363265991211
2019-05-31,THYAO.IS,12.191514015197754
2019-06-03,THYAO.IS,12.15243911743164
2019-06-04,THYAO.IS,12.15243911743164
2019-06-05,THYAO.IS,12.15243911743164
2019-06-06,THYAO.IS,12.15243911743164
2019-06-07,THYAO.IS,12.709263801574707
2019-06-10,THYAO.IS,12.94371509552002
2019-06-11,THYAO.IS,12.631113052368164
2019-06-12,THYAO.IS,12.650650024414062
2019-06-13,THYAO.IS,12.37712287902832
2019-06-14,THYAO.IS,12.416197776794434
2019-06-17,THYAO.IS,12.728800773620605
2019-06-18,THYAO.IS,12.904640197753906
2019-06-19,THYAO.IS,12.660419464111328
2019-06-20,THYAO.IS,12.719032287597656
2019-06-21,THYAO.IS,12.504117965698242
2019-06-24,THYAO.IS,12.592037200927734
2019-06-25,THYAO.IS,12.455273628234863
2019-06-26,THYAO.IS,12.191514015197754
2019-06-27,THYAO.IS,12.338047981262207
2019-06-28,THYAO.IS,12.592037200927734
2019-07-01,THYAO.IS,12.865564346313477
2019-07-02,THYAO.IS,13.178167343139648
2019-07-03,THYAO.IS,12.89487075805664
2019-07-04,THYAO.IS,13.109786033630371
2019-07-05,THYAO.IS,13.031635284423828
2019-07-08,THYAO.IS,12.621344566345215
2019-07-09,THYAO.IS,11.976600646972656
2019-07-10,THYAO.IS,12.074288368225098
2019-07-11,THYAO.IS,11.996137619018555
2019-07-12,THYAO.IS,11.663996696472168
2019-07-15,THYAO.IS,11.663996696472168
2019-07-16,THYAO.IS,12.113363265991211
2019-07-17,THYAO.IS,12.416197776794434
2019-07-18,THYAO.IS,12.75810718536377
2019-07-19,THYAO.IS,12.660419464111328
2019-07-22,THYAO.IS,12.455273628234863
2019-07-23,THYAO.IS,12.74833869934082
2019-07-24,THYAO.IS,12.650650024414062
2019-07-25,THYAO.IS,12.357584953308105
2019-07-26,THYAO.IS,12.465043067932129
2019-07-29,THYAO.IS,12.474811553955078
2019-07-30,THYAO.IS,12.445504188537598
2019-07-31,THYAO.IS,12.181746482849121
2019-08-01,THYAO.IS,12.132902145385742
2019-08-02,THYAO.IS,12.025444984436035
2019-08-05,THYAO.IS,12.20128345489502
2019-08-06,THYAO.IS,12.093826293945312
2019-08-07,THYAO.IS,11.722610473632812
2019-08-08,THYAO.IS,11.761685371398926
2019-08-09,THYAO.IS,11.869142532348633
2019-08-12,THYAO.IS,11.869142532348633
2019-08-13,THYAO.IS,11.869142532348633
2019-08-14,THYAO.IS,11.869142532348633
2019-08-15,THYAO.IS,11.507696151733398
2019-08-16,THYAO.IS,11.156018257141113
2019-08-19,THYAO.IS,10.931333541870117
2019-08-20,THYAO.IS,10.950871467590332
2019-08-21,THYAO.IS,10.872721672058105
2019-08-22,THYAO.IS,10.989946365356445
2019-08-23,THYAO.IS,10.941102027893066
2019-08-26,THYAO.IS,11.312317848205566
2019-08-27,THYAO.IS,11.292780876159668
2019-08-28,THYAO.IS,11.08763599395752
2019-08-29,THYAO.IS,11.03879165649414
2019-08-30,THYAO.IS,11.03879165649414
2019-09-02,THYAO.IS,11.263474464416504
2019-09-03,THYAO.IS,11.253705978393555
2019-09-04,THYAO.IS,11.204861640930176
2019-09-05,THYAO.IS,11.624920845031738
2019-09-06,THYAO.IS,11.41000747680664
2019-09-09,THYAO.IS,11.566308975219727
2019-09-10,THYAO.IS,11.888680458068848
2019-09-11,THYAO.IS,11.917986869812012
2019-09-12,THYAO.IS,11.722610473632812
2019-09-13,THYAO.IS,12.064519882202148
2019-09-16,THYAO.IS,11.576077461242676
2019-09-17,THYAO.IS,11.576077461242676
2019-09-18,THYAO.IS,11.488158226013184
2019-09-19,THYAO.IS,11.204861640930176
2019-09-20,THYAO.IS,11.136479377746582
2019-09-23,THYAO.IS,11.136479377746582
2019-09-24,THYAO.IS,11.38070011138916
2019-09-25,THYAO.IS,11.468619346618652
2019-09-26,THYAO.IS,11.312317848205566
2019-09-27,THYAO.IS,11.83006763458252
2019-09-30,THYAO.IS,12.113363265991211
2019-10-01,THYAO.IS,11.517464637756348
2019-10-02,THYAO.IS,11.576077461242676
2019-10-03,THYAO.IS,11.478389739990234
2019-10-04,THYAO.IS,11.59561538696289
2019-10-07,THYAO.IS,11.722610473632812
2019-10-08,THYAO.IS,11.59561538696289
2019-10-09,THYAO.IS,11.400238037109375
2019-10-10,THYAO.IS,11.331857681274414
2019-10-11,THYAO.IS,11.370932579040527
2019-10-14,THYAO.IS,10.64803695678711
2019-10-15,THYAO.IS,10.775032043457031
2019-10-16,THYAO.IS,10.45266056060791
2019-10-17,THYAO.IS,10.843415260314941
2019-10-18,THYAO.IS,11.273242950439453
2019-10-21,THYAO.IS,11.204861640930176
2019-10-22,THYAO.IS,11.292780876159668
2019-10-23,THYAO.IS,11.624920845031738
2019-10-24,THYAO.IS,11.556539535522461
2019-10-25,THYAO.IS,11.634690284729004
2019-10-28,THYAO.IS,11.566308975219727
2019-10-30,THYAO.IS,11.370932579040527
2019-10-31,THYAO.IS,11.351394653320312
2019-11-01,THYAO.IS,11.312317848205566
2019-11-04,THYAO.IS,11.546771049499512
2019-11-05,THYAO.IS,11.59561538696289
2019-11-06,THYAO.IS,11.673766136169434
2019-11-07,THYAO.IS,12.357584953308105
2019-11-08,THYAO.IS,12.494348526000977
2019-11-11,THYAO.IS,12.670187950134277
2019-11-12,THYAO.IS,13.031635284423828
2019-11-13,THYAO.IS,13.422388076782227
2019-11-14,THYAO.IS,13.275856971740723
2019-11-15,THYAO.IS,13.363776206970215
2019-11-18,THYAO.IS,13.901061058044434
2019-11-19,THYAO.IS,13.803374290466309
2019-11-20,THYAO.IS,13.637303352355957
2019-11-21,THYAO.IS,13.441926956176758
2019-11-22,THYAO.IS,13.324700355529785
2019-11-25,THYAO.IS,13.139092445373535
2019-11-26,THYAO.IS,13.412618637084961
2019-11-27,THYAO.IS,13.26608657836914
2019-11-28,THYAO.IS,13.481001853942871
2019-11-29,THYAO.IS,13.334468841552734
2019-12-02,THYAO.IS,13.578689575195312
2019-12-03,THYAO.IS,13.295393943786621
2019-12-04,THYAO.IS,13.422388076782227
2019-12-05,THYAO.IS,13.471233367919922
2019-12-06,THYAO.IS,13.393081665039062
2019-12-09,THYAO.IS,13.461463928222656
2019-12-10,THYAO.IS,13.383313179016113
2019-12-11,THYAO.IS,13.295393943786621
2019-12-12,THYAO.IS,13.72522258758545
2019-12-13,THYAO.IS,13.50053882598877
2019-12-16,THYAO.IS,13.666609764099121
2019-12-17,THYAO.IS,13.578689575195312
2019-12-18,THYAO.IS,13.422388076782227
2019-12-19,THYAO.IS,13.451696395874023
2019-12-20,THYAO.IS,13.451696395874023
2019-12-23,THYAO.IS,13.451696395874023
2019-12-24,THYAO.IS,13.666609764099121
2019-12-25,THYAO.IS,13.666609764099121
2019-12-26,THYAO.IS,13.637303352355957
2019-12-27,THYAO.IS,13.637303352355957
2019-12-30,THYAO.IS,13.969444274902344
2019-12-31,THYAO.IS,14.12574577331543
2020-01-02,THYAO.IS,14.487192153930664
2020-01-03,THYAO.IS,13.94013786315918
2020-01-06,THYAO.IS,13.256318092346191
2020-01-07,THYAO.IS,13.227011680603027
2020-01-08,THYAO.IS,13.187936782836914
2020-01-09,THYAO.IS,13.93036937713623
2020-01-10,THYAO.IS,14.057363510131836
2020-01-13,THYAO.IS,14.487192153930664
2020-01-14,THYAO.IS,14.477423667907715
2020-01-15,THYAO.IS,14.379734992980957
2020-01-16,THYAO.IS,14.692337989807129
2020-01-17,THYAO.IS,14.67280101776123
2020-01-20,THYAO.IS,14.731412887573242
2020-01-21,THYAO.IS,14.506730079650879
2020-01-22,THYAO.IS,14.418810844421387
2020-01-23,THYAO.IS,13.93036937713623
2020-01-24,THYAO.IS,14.203895568847656
2020-01-27,THYAO.IS,13.774067878723145
2020-01-28,THYAO.IS,13.832679748535156
2020-01-29,THYAO.IS,13.783835411071777
2020-01-30,THYAO.IS,13.471233367919922
2020-01-31,THYAO.IS,13.383313179016113
2020-02-03,THYAO.IS,13.510308265686035
2020-02-04,THYAO.IS,14.008519172668457
2020-02-05,THYAO.IS,14.27227783203125
2020-02-06,THYAO.IS,14.389503479003906
2020-02-07,THYAO.IS,14.12574577331543
2020-02-10,THYAO.IS,13.695916175842285
2020-02-11,THYAO.IS,13.959674835205078
2020-02-12,THYAO.IS,14.477423667907715
2020-02-13,THYAO.IS,14.663031578063965
2020-02-14,THYAO.IS,14.545805931091309
2020-02-17,THYAO.IS,14.936559677124023
2020-02-18,THYAO.IS,14.653263092041016
2020-02-19,THYAO.IS,14.584881782531738
2020-02-20,THYAO.IS,14.057363510131836
2020-02-21,THYAO.IS,14.155051231384277
2020-02-24,THYAO.IS,13.5396146774292
2020-02-25,THYAO.IS,13.187936782836914
2020-02-26,THYAO.IS,12.94371509552002
2020-02-27,THYAO.IS,11.986370086669922
2020-02-28,THYAO.IS,11.527234077453613
2020-03-02,THYAO.IS,11.576077461242676
2020-03-03,THYAO.IS,11.800760269165039
2020-03-04,THYAO.IS,11.488158226013184
2020-03-05,THYAO.IS,11.439313888549805
2020-03-06,THYAO.IS,10.872721672058105
2020-03-09,THYAO.IS,10.140057563781738
2020-03-10,THYAO.IS,9.739535331726074
2020-03-11,THYAO.IS,9.739535331726074
2020-03-12,THYAO.IS,8.283977508544922
2020-03-13,THYAO.IS,8.889646530151367
2020-03-16,THYAO.IS,8.039755821228027
2020-03-17,THYAO.IS,7.736922740936279
2020-03-18,THYAO.IS,7.756460189819336
2020-03-19,THYAO.IS,7.7466912269592285
2020-03-20,THYAO.IS,7.795536041259766
2020-03-23,THYAO.IS,7.5610833168029785
2020-03-24,THYAO.IS,8.117908477783203
2020-03-25,THYAO.IS,8.53796672821045
2020-03-26,THYAO.IS,9.045948028564453
2020-03-27,THYAO.IS,8.674731254577637
2020-03-30,THYAO.IS,8.489123344421387
2020-03-31,THYAO.IS,8.840802192687988
2020-04-01,THYAO.IS,8.772419929504395
2020-04-02,THYAO.IS,8.772419929504395
2020-04-03,THYAO.IS,8.723576545715332
2020-04-06,THYAO.IS,8.958027839660645
2020-04-07,THYAO.IS,9.30970573425293
2020-04-08,THYAO.IS,9.33901309967041
2020-04-09,THYAO.IS,9.52462100982666
2020-04-10,THYAO.IS,9.573465347290039
2020-04-13,THYAO.IS,9.964218139648438
2020-04-14,THYAO.IS,10.677345275878906
2020-04-15,THYAO.IS,10.140057563781738
2020-04-16,THYAO.IS,9.93491268157959
2020-04-17,THYAO.IS,10.257284164428711
2020-04-20,THYAO.IS,10.394047737121582
2020-04-21,THYAO.IS,10.218209266662598
2020-04-22,THYAO.IS,10.149827003479004
2020-04-24,THYAO.IS,10.042369842529297
2020-04-27,THYAO.IS,10.569886207580566
2020-04-28,THYAO.IS,10.413585662841797
2020-04-29,THYAO.IS,10.364741325378418
2020-04-30,THYAO.IS,10.423354148864746
2020-05-04,THYAO.IS,10.286589622497559
2020-05-05,THYAO.IS,10.286589622497559
2020-05-06,THYAO.IS,10.30612850189209
2020-05-07,THYAO.IS,10.374509811401367
2020-05-08,THYAO.IS,10.354972839355469
2020-05-11,THYAO.IS,10.374509811401367
2020-05-12,THYAO.IS,10.403816223144531
2020-05-13,THYAO.IS,10.403816223144531
2020-05-14,THYAO.IS,10.296359062194824
2020-05-15,THYAO.IS,10.34520435333252
2020-05-18,THYAO.IS,10.579655647277832
2020-05-20,THYAO.IS,10.618730545043945
2020-05-21,THYAO.IS,10.833645820617676
2020-05-22,THYAO.IS,10.950871467590332
2020-05-27,THYAO.IS,12.044981956481934
2020-05-28,THYAO.IS,12.367353439331055
2020-05-29,THYAO.IS,12.191514015197754
2020-06-01,THYAO.IS,12.484580039978027
2020-06-02,THYAO.IS,12.328278541564941
2020-06-03,THYAO.IS,12.240358352661133
2020-06-04,THYAO.IS,12.328278541564941
2020-06-05,THYAO.IS,12.445504188537598
2020-06-08,THYAO.IS,12.347816467285156
2020-06-09,THYAO.IS,12.338047981262207
2020-06-10,THYAO.IS,12.367353439331055
2020-06-11,THYAO.IS,12.211051940917969
2020-06-12,THYAO.IS,12.435734748840332
2020-06-15,THYAO.IS,12.289202690124512
2020-06-16,THYAO.IS,12.308741569519043
2020-06-17,THYAO.IS,12.171977043151855
2020-06-18,THYAO.IS,12.230589866638184
2020-06-19,THYAO.IS,12.250127792358398
2020-06-22,THYAO.IS,12.328278541564941
2020-06-23,THYAO.IS,12.259896278381348
2020-06-24,THYAO.IS,12.103594779968262
2020-06-25,THYAO.IS,12.103594779968262
2020-06-26,THYAO.IS,12.181746482849121
2020-06-29,THYAO.IS,12.181746482849121
2020-06-30,THYAO.IS,12.250127792358398
2020-07-01,THYAO.IS,11.996137619018555
2020-07-02,THYAO.IS,11.976600646972656
2020-07-03,THYAO.IS,11.64445972442627
2020-07-06,THYAO.IS,11.624920845031738
2020-07-07,THYAO.IS,11.370932579040527
2020-07-08,THYAO.IS,11.058328628540039
2020-07-09,THYAO.IS,11.214630126953125
2020-07-10,THYAO.IS,11.517464637756348
2020-07-13,THYAO.IS,11.703072547912598
2020-07-14,THYAO.IS,11.546771049499512
2020-07-16,THYAO.IS,11.673766136169434
2020-07-17,THYAO.IS,11.64445972442627
2020-07-20,THYAO.IS,11.585845947265625
2020-07-21,THYAO.IS,11.439313888549805
2020-07-22,THYAO.IS,11.439313888549805
2020-07-23,THYAO.IS,11.546771049499512
2020-07-24,THYAO.IS,11.458850860595703
2020-07-27,THYAO.IS,11.331857681274414
2020-07-28,THYAO.IS,10.82387638092041
2020-07-29,THYAO.IS,10.579655647277832
2020-07-30,THYAO.IS,10.442891120910645
2020-08-04,THYAO.IS,10.745725631713867
2020-08-05,THYAO.IS,10.599193572998047
2020-08-06,THYAO.IS,9.983756065368652
2020-08-07,THYAO.IS,10.46242904663086
2020-08-10,THYAO.IS,10.30612850189209
2020-08-11,THYAO.IS,11.341625213623047
2020-08-12,THYAO.IS,11.243937492370605
2020-08-13,THYAO.IS,10.921565055847168
2020-08-14,THYAO.IS,10.872721672058105
2020-08-17,THYAO.IS,10.706650733947754
2020-08-18,THYAO.IS,10.82387638092041
2020-08-19,THYAO.IS,11.009485244750977
2020-08-20,THYAO.IS,10.941102027893066
2020-08-21,THYAO.IS,10.814106941223145
2020-08-24,THYAO.IS,10.82387638092041
2020-08-25,THYAO.IS,10.911796569824219
2020-08-26,THYAO.IS,10.775032043457031
2020-08-27,THYAO.IS,10.843415260314941
2020-08-28,THYAO.IS,10.735957145690918
2020-08-31,THYAO.IS,10.354972839355469
2020-09-01,THYAO.IS,10.413585662841797
2020-09-02,THYAO.IS,10.276822090148926
2020-09-03,THYAO.IS,10.130289077758789
2020-09-04,THYAO.IS,10.257284164428711
2020-09-07,THYAO.IS,10.52104377746582
2020-09-08,THYAO.IS,10.530811309814453
2020-09-09,THYAO.IS,10.589425086975098
2020-09-10,THYAO.IS,10.511274337768555
2020-09-11,THYAO.IS,10.66757583618164
2020-09-14,THYAO.IS,10.64803695678711
2020-09-15,THYAO.IS,10.481966018676758
2020-09-16,THYAO.IS,10.384279251098633
2020-09-17,THYAO.IS,10.413585662841797
2020-09-18,THYAO.IS,10.384279251098633
2020-09-21,THYAO.IS,10.100982666015625
2020-09-22,THYAO.IS,10.315896987915039
2020-09-23,THYAO.IS,10.286589622497559
2020-09-24,THYAO.IS,10.26705265045166
2020-09-25,THYAO.IS,10.247514724731445
2020-09-28,THYAO.IS,10.130289077758789
2020-09-29,THYAO.IS,10.110751152038574
2020-09-30,THYAO.IS,10.237746238708496
2020-10-01,THYAO.IS,10.325665473937988
2020-10-02,THYAO.IS,10.394047737121582
2020-10-05,THYAO.IS,10.433123588562012
2020-10-06,THYAO.IS,10.384279251098633
2020-10-07,THYAO.IS,10.394047737121582
2020-10-08,THYAO.IS,10.442891120910645
2020-10-09,THYAO.IS,10.52104377746582
2020-10-12,THYAO.IS,10.550349235534668
2020-10-13,THYAO.IS,10.374509811401367
2020-10-14,THYAO.IS,10.413585662841797
2020-10-15,THYAO.IS,10.26705265045166
2020-10-16,THYAO.IS,10.325665473937988
2020-10-19,THYAO.IS,10.384279251098633
2020-10-20,THYAO.IS,10.325665473937988
2020-10-21,THYAO.IS,10.237746238708496
2020-10-22,THYAO.IS,10.140057563781738
2020-10-23,THYAO.IS,10.130289077758789
2020-10-26,THYAO.IS,9.563695907592773
2020-10-27,THYAO.IS,9.231555938720703
2020-10-28,THYAO.IS,8.948259353637695
2020-10-30,THYAO.IS,8.811495780944824
2020-11-02,THYAO.IS,9.202249526977539
2020-11-03,THYAO.IS,9.290168762207031
2020-11-04,THYAO.IS,9.563695907592773
2020-11-05,THYAO.IS,9.48554515838623
2020-11-06,THYAO.IS,9.48554515838623
2020-11-09,THYAO.IS,10.433123588562012
2020-11-10,THYAO.IS,11.22439956665039
2020-11-11,THYAO.IS,11.527234077453613
2020-11-12,THYAO.IS,11.439313888549805
2020-11-13,THYAO.IS,11.243937492370605
2020-11-16,THYAO.IS,11.527234077453613
2020-11-17,THYAO.IS,11.185323715209961
2020-11-18,THYAO.IS,11.439313888549805
2020-11-19,THYAO.IS,11.449082374572754
2020-11-20,THYAO.IS,11.64445972442627
2020-11-23,THYAO.IS,11.478389739990234
2020-11-24,THYAO.IS,11.556539535522461
2020-11-25,THYAO.IS,11.693304061889648
2020-11-26,THYAO.IS,11.898449897766113
2020-11-27,THYAO.IS,11.693304061889648
2020-11-30,THYAO.IS,11.175555229187012
2020-12-01,THYAO.IS,12.191514015197754
2020-12-02,THYAO.IS,12.00590705871582
2020-12-03,THYAO.IS,11.908217430114746
2020-12-04,THYAO.IS,11.898449897766113
2020-12-07,THYAO.IS,12.00590705871582
2020-12-08,THYAO.IS,11.94729232788086
2020-12-09,THYAO.IS,12.00590705871582
2020-12-10,THYAO.IS,11.927755355834961
2020-12-11,THYAO.IS,12.01567554473877
2020-12-14,THYAO.IS,12.269665718078613
2020-12-15,THYAO.IS,12.357584953308105
2020-12-16,THYAO.IS,12.445504188537598
2020-12-17,THYAO.IS,12.728800773620605
2020-12-18,THYAO.IS,12.699494361877441
2020-12-21,THYAO.IS,11.898449897766113
2020-12-22,THYAO.IS,12.15243911743164
2020-12-23,THYAO.IS,12.15243911743164
2020-12-24,THYAO.IS,12.484580039978027
2020-12-25,THYAO.IS,12.465043067932129
2020-12-28,THYAO.IS,12.338047981262207
2020-12-29,THYAO.IS,12.592037200927734
2020-12-30,THYAO.IS,12.621344566345215
2020-12-31,THYAO.IS,12.719032287597656
2021-01-04,THYAO.IS,12.38689136505127
2021-01-05,THYAO.IS,12.289202690124512
2021-01-06,THYAO.IS,12.38689136505127
2021-01-07,THYAO.IS,12.38689136505127
2021-01-08,THYAO.IS,12.543192863464355
2021-01-11,THYAO.IS,12.406428337097168
2021-01-12,THYAO.IS,12.552962303161621
2021-01-13,THYAO.IS,12.953484535217285
2021-01-14,THYAO.IS,12.933945655822754
2021-01-15,THYAO.IS,12.9730224609375
2021-01-18,THYAO.IS,12.933945655822754
2021-01-19,THYAO.IS,13.178167343139648
2021-01-20,THYAO.IS,12.953484535217285
2021-01-21,THYAO.IS,12.728800773620605
2021-01-22,THYAO.IS,12.631113052368164
2021-01-25,THYAO.IS,12.406428337097168
2021-01-26,THYAO.IS,12.338047981262207
2021-01-27,THYAO.IS,11.673766136169434
2021-01-28,THYAO.IS,12.044981956481934
2021-01-29,THYAO.IS,11.83006763458252
2021-02-01,THYAO.IS,11.732378959655762
2021-02-02,THYAO.IS,11.78122329711914
2021-02-03,THYAO.IS,11.869142532348633
2021-02-04,THYAO.IS,11.917986869812012
2021-02-05,THYAO.IS,11.878911972045898
2021-02-08,THYAO.IS,11.869142532348633
2021-02-09,THYAO.IS,11.888680458068848
2021-02-10,THYAO.IS,11.927755355834961
2021-02-11,THYAO.IS,11.869142532348633
2021-02-12,THYAO.IS,11.722610473632812
2021-02-15,THYAO.IS,12.113363265991211
2021-02-16,THYAO.IS,11.898449897766113
2021-02-17,THYAO.IS,11.917986869812012
2021-02-18,THYAO.IS,11.986370086669922
2021-02-19,THYAO.IS,12.01567554473877
2021-02-22,THYAO.IS,12.347816467285156
2021-02-23,THYAO.IS,12.719032287597656
2021-02-24,THYAO.IS,12.533424377441406
2021-02-25,THYAO.IS,13.080479621887207
2021-02-26,THYAO.IS,13.178167343139648
2021-03-01,THYAO.IS,13.481001853942871
2021-03-02,THYAO.IS,14.467655181884766
2021-03-03,THYAO.IS,14.575112342834473
2021-03-04,THYAO.IS,14.379734992980957
2021-03-05,THYAO.IS,14.438347816467285
2021-03-08,THYAO.IS,14.311352729797363
2021-03-09,THYAO.IS,14.67280101776123
2021-03-10,THYAO.IS,14.555573463439941
2021-03-11,THYAO.IS,14.409042358398438
2021-03-12,THYAO.IS,14.164820671081543
2021-03-15,THYAO.IS,14.350428581237793
2021-03-16,THYAO.IS,14.399271965026855
2021-03-17,THYAO.IS,14.213665008544922
2021-03-18,THYAO.IS,13.617765426635742
2021-03-19,THYAO.IS,13.471233367919922
2021-03-22,THYAO.IS,12.132902145385742
2021-03-23,THYAO.IS,11.927755355834961
2021-03-24,THYAO.IS,12.709263801574707
2021-03-25,THYAO.IS,12.37712287902832
2021-03-26,THYAO.IS,12.367353439331055
2021-03-29,THYAO.IS,12.191514015197754
2021-03-30,THYAO.IS,12.416197776794434
2021-03-31,THYAO.IS,12.455273628234863
2021-04-01,THYAO.IS,12.699494361877441
2021-04-02,THYAO.IS,12.611574172973633
2021-04-05,THYAO.IS,12.75810718536377
2021-04-06,THYAO.IS,12.465043067932129
2021-04-07,THYAO.IS,12.552962303161621
2021-04-08,THYAO.IS,12.240358352661133
2021-04-09,THYAO.IS,11.663996696472168
2021-04-12,THYAO.IS,11.693304061889648
2021-04-13,THYAO.IS,11.654229164123535
2021-04-14,THYAO.IS,11.654229164123535
2021-04-15,THYAO.IS,11.624920845031738
2021-04-16,THYAO.IS,11.38070011138916
2021-04-19,THYAO.IS,11.331857681274414
2021-04-20,THYAO.IS,10.902027130126953
2021-04-21,THYAO.IS,10.64803695678711
2021-04-22,THYAO.IS,11.009485244750977
2021-04-26,THYAO.IS,11.458850860595703
2021-04-27,THYAO.IS,11.654229164123535
2021-04-28,THYAO.IS,11.732378959655762
2021-04-29,THYAO.IS,11.703072547912598
2021-04-30,THYAO.IS,11.94729232788086
2021-05-03,THYAO.IS,12.621344566345215
2021-05-04,THYAO.IS,12.328278541564941
2021-05-05,THYAO.IS,12.308741569519043
2021-05-06,THYAO.IS,12.631113052368164
2021-05-07,THYAO.IS,12.689724922180176
2021-05-10,THYAO.IS,13.060941696166992
2021-05-11,THYAO.IS,13.041403770446777
2021-05-12,THYAO.IS,13.080479621887207
2021-05-17,THYAO.IS,13.051172256469727
2021-05-18,THYAO.IS,13.041403770446777
2021-05-20,THYAO.IS,13.26608657836914
2021-05-21,THYAO.IS,13.178167343139648
2021-05-24,THYAO.IS,13.15863037109375
2021-05-25,THYAO.IS,12.601805686950684
2021-05-26,THYAO.IS,12.74833869934082
2021-05-27,THYAO.IS,12.74833869934082
2021-05-28,THYAO.IS,12.679956436157227
2021-05-31,THYAO.IS,13.012097358703613
2021-06-01,THYAO.IS,13.178167343139648
2021-06-02,THYAO.IS,13.334468841552734
2021-06-03,THYAO.IS,13.666609764099121
2021-06-04,THYAO.IS,13.7154541015625
2021-06-07,THYAO.IS,13.949906349182129
2021-06-08,THYAO.IS,14.145282745361328
2021-06-09,THYAO.IS,14.223433494567871
2021-06-10,THYAO.IS,14.096439361572266
2021-06-11,THYAO.IS,14.252740859985352
2021-06-14,THYAO.IS,14.282047271728516
2021-06-15,THYAO.IS,14.155051231384277
2021-06-16,THYAO.IS,13.988981246948242
2021-06-17,THYAO.IS,14.321122169494629
2021-06-18,THYAO.IS,14.203895568847656
2021-06-21,THYAO.IS,14.252740859985352
2021-06-22,THYAO.IS,14.418810844421387
2021-06-23,THYAO.IS,14.223433494567871
2021-06-24,THYAO.IS,14.27227783203125
2021-06-25,THYAO.IS,13.949906349182129
2021-06-28,THYAO.IS,13.5396146774292
2021-06-29,THYAO.IS,13.080479621887207
2021-06-30,THYAO.IS,13.060941696166992
2021-07-01,THYAO.IS,13.432158470153809
2021-07-02,THYAO.IS,13.422388076782227
2021-07-05,THYAO.IS,13.793604850769043
2021-07-06,THYAO.IS,13.559152603149414
2021-07-07,THYAO.IS,13.52984619140625
2021-07-08,THYAO.IS,13.34423828125
2021-07-09,THYAO.IS,13.256318092346191
2021-07-12,THYAO.IS,12.933945655822754
2021-07-13,THYAO.IS,12.797183990478516
2021-07-14,THYAO.IS,12.777644157409668
2021-07-16,THYAO.IS,12.777644157409668
2021-07-19,THYAO.IS,12.435734748840332
2021-07-26,THYAO.IS,12.025444984436035
2021-07-27,THYAO.IS,12.259896278381348
2021-07-28,THYAO.IS,12.269665718078613
2021-07-29,THYAO.IS,12.484580039978027
2021-07-30,THYAO.IS,12.435734748840332
2021-08-02,THYAO.IS,12.57249927520752
2021-08-03,THYAO.IS,12.338047981262207
2021-08-04,THYAO.IS,12.338047981262207
2021-08-05,THYAO.IS,12.465043067932129
2021-08-06,THYAO.IS,12.533424377441406
2021-08-09,THYAO.IS,12.494348526000977
2021-08-10,THYAO.IS,12.338047981262207
2021-08-11,THYAO.IS,11.927755355834961
2021-08-12,THYAO.IS,12.142670631408691
2021-08-13,THYAO.IS,12.132902145385742
2021-08-16,THYAO.IS,12.318509101867676
2021-08-17,THYAO.IS,12.15243911743164
2021-08-18,THYAO.IS,11.917986869812012
2021-08-19,THYAO.IS,11.908217430114746
2021-08-20,THYAO.IS,11.976600646972656
2021-08-23,THYAO.IS,12.20128345489502
2021-08-24,THYAO.IS,12.513887405395508
2021-08-25,THYAO.IS,12.211051940917969
2021-08-26,THYAO.IS,12.494348526000977
2021-08-27,THYAO.IS,12.38689136505127
2021-08-31,THYAO.IS,12.38689136505127
2021-09-01,THYAO.IS,12.601805686950684
2021-09-02,THYAO.IS,12.601805686950684
2021-09-03,THYAO.IS,12.582267761230469
2021-09-06,THYAO.IS,12.650650024414062
2021-09-07,THYAO.IS,12.357584953308105
2021-09-08,THYAO.IS,12.132902145385742
2021-09-09,THYAO.IS,12.338047981262207
2021-09-10,THYAO.IS,12.12313175201416
2021-09-13,THYAO.IS,12.142670631408691
2021-09-14,THYAO.IS,12.15243911743164
2021-09-15,THYAO.IS,11.976600646972656
2021-09-16,THYAO.IS,12.181746482849121
2021-09-17,THYAO.IS,12.4259672164917
2021-09-20,THYAO.IS,12.513887405395508
2021-09-21,THYAO.IS,12.74833869934082
2021-09-22,THYAO.IS,12.885102272033691
2021-09-23,THYAO.IS,13.021865844726562
2021-09-24,THYAO.IS,13.30516242980957
2021-09-27,THYAO.IS,13.217242240905762
2021-09-28,THYAO.IS,13.461463928222656
2021-09-29,THYAO.IS,13.461463928222656
2021-09-30,THYAO.IS,13.627534866333008
2021-10-01,THYAO.IS,13.72522258758545
2021-10-04,THYAO.IS,13.549383163452148
2021-10-05,THYAO.IS,13.7154541015625
2021-10-06,THYAO.IS,13.393081665039062
2021-10-07,THYAO.IS,13.793604850769043
2021-10-08,THYAO.IS,13.764298439025879
2021-10-11,THYAO.IS,13.87175464630127
2021-10-12,THYAO.IS,13.67637825012207
2021-10-13,THYAO.IS,13.93036937713623
2021-10-14,THYAO.IS,13.969444274902344
2021-10-15,THYAO.IS,14.30158519744873
2021-10-18,THYAO.IS,14.23320198059082
2021-10-19,THYAO.IS,13.988981246948242
2021-10-20,THYAO.IS,13.481001853942871
2021-10-21,THYAO.IS,13.647072792053223
2021-10-22,THYAO.IS,13.813142776489258
2021-10-25,THYAO.IS,13.949906349182129
2021-10-26,THYAO.IS,14.360197067260742
2021-10-27,THYAO.IS,14.506730079650879
2021-10-28,THYAO.IS,14.623956680297852
2021-11-01,THYAO.IS,14.926790237426758
2021-11-02,THYAO.IS,15.131936073303223
2021-11-03,THYAO.IS,15.219855308532715
2021-11-04,THYAO.IS,16.577722549438477
2021-11-05,THYAO.IS,17.24200439453125
2021-11-08,THYAO.IS,17.63275909423828
2021-11-09,THYAO.IS,17.740215301513672
2021-11-10,THYAO.IS,17.710908889770508
2021-11-11,THYAO.IS,17.310386657714844
2021-11-12,THYAO.IS,17.4080753326416
2021-11-15,THYAO.IS,17.202930450439453
2021-11-16,THYAO.IS,17.251773834228516
2021-11-17,THYAO.IS,17.574146270751953
2021-11-18,THYAO.IS,17.58391571044922
2021-11-19,THYAO.IS,16.6949520111084
2021-11-22,THYAO.IS,17.22246742248535
2021-11-23,THYAO.IS,18.28727149963379
2021-11-24,THYAO.IS,18.531492233276367
2021-11-25,THYAO.IS,18.345884323120117
2021-11-26,THYAO.IS,16.597261428833008
2021-11-29,THYAO.IS,16.919633865356445
2021-11-30,THYAO.IS,16.821945190429688
2021-12-01,THYAO.IS,17.984437942504883
2021-12-02,THYAO.IS,17.828136444091797
2021-12-03,THYAO.IS,18.10166358947754
2021-12-06,THYAO.IS,18.257966995239258
2021-12-07,THYAO.IS,18.75617790222168
2021-12-08,THYAO.IS,19.908899307250977
2021-12-09,THYAO.IS,21.491451263427734
2021-12-10,THYAO.IS,21.72590446472168
2021-12-13,THYAO.IS,22.116657257080078
2021-12-14,THYAO.IS,22.05804443359375
2021-12-15,THYAO.IS,22.937238693237305
2021-12-16,THYAO.IS,24.539331436157227
2021-12-17,THYAO.IS,22.097122192382812
2021-12-20,THYAO.IS,21.62821388244629
2021-12-21,THYAO.IS,19.469301223754883
2021-12-22,THYAO.IS,18.443572998046875
2021-12-23,THYAO.IS,18.76594352722168
2021-12-24,THYAO.IS,20.631793975830078
2021-12-27,THYAO.IS,20.299654006958008
2021-12-28,THYAO.IS,20.0065860748291
2021-12-29,THYAO.IS,20.59271812438965
2021-12-30,THYAO.IS,19.67444610595703
2021-12-31,THYAO.IS,19.557222366333008
2022-01-03,THYAO.IS,21.33515167236328
2022-01-04,THYAO.IS,22.272958755493164
2022-01-05,THYAO.IS,23.347532272338867
2022-01-06,THYAO.IS,24.285341262817383
2022-01-07,THYAO.IS,24.363492965698242
2022-01-10,THYAO.IS,26.082807540893555
2022-01-11,THYAO.IS,26.27818489074707
2022-01-12,THYAO.IS,26.25864601135254
2022-01-13,THYAO.IS,28.114727020263672
2022-01-14,THYAO.IS,27.567670822143555
2022-01-17,THYAO.IS,27.626285552978516
2022-01-18,THYAO.IS,26.25864601135254
2022-01-19,THYAO.IS,26.766626358032227
2022-01-20,THYAO.IS,27.4504451751709
2022-01-21,THYAO.IS,26.864316940307617
2022-01-24,THYAO.IS,25.418527603149414
2022-01-25,THYAO.IS,25.51621437072754
2022-01-26,THYAO.IS,26.590787887573242
2022-01-27,THYAO.IS,27.977962493896484
2022-01-28,THYAO.IS,27.509057998657227
2022-01-31,THYAO.IS,28.05611228942871
2022-02-01,THYAO.IS,27.665359497070312
2022-02-02,THYAO.IS,27.157379150390625
2022-02-03,THYAO.IS,26.395410537719727
2022-02-04,THYAO.IS,26.043731689453125
2022-02-07,THYAO.IS,27.606748580932617
2022-02-08,THYAO.IS,28.114727020263672
2022-02-09,THYAO.IS,29.150224685668945
2022-02-10,THYAO.IS,29.111146926879883
2022-02-11,THYAO.IS,28.93531036376953
2022-02-14,THYAO.IS,27.938888549804688
2022-02-15,THYAO.IS,29.2674503326416
2022-02-16,THYAO.IS,28.915773391723633
2022-02-17,THYAO.IS,28.075651168823242
2022-02-18,THYAO.IS,28.720394134521484
2022-02-21,THYAO.IS,28.759469985961914
2022-02-22,THYAO.IS,28.21241569519043
2022-02-23,THYAO.IS,27.430908203125
2022-02-24,THYAO.IS,24.695632934570312
2022-02-25,THYAO.IS,26.66893768310547
2022-02-28,THYAO.IS,25.027774810791016
2022-03-01,THYAO.IS,24.676095962524414
2022-03-02,THYAO.IS,25.37944984436035
2022-03-03,THYAO.IS,25.340375900268555
2022-03-04,THYAO.IS,24.71516990661621
2022-03-07,THYAO.IS,25.301300048828125
2022-03-08,THYAO.IS,24.71516990661621
2022-03-09,THYAO.IS,25.535751342773438
2022-03-10,THYAO.IS,25.14499855041504
2022-03-11,THYAO.IS,25.809280395507812
2022-03-14,THYAO.IS,26.004657745361328
2022-03-15,THYAO.IS,27.02061653137207
2022-03-16,THYAO.IS,27.0596923828125
2022-03-17,THYAO.IS,27.215993881225586
2022-03-18,THYAO.IS,27.0792293548584
2022-03-21,THYAO.IS,27.274606704711914
2022-03-22,THYAO.IS,27.86073875427246
2022-03-23,THYAO.IS,27.4504451751709
2022-03-24,THYAO.IS,27.46998405456543
2022-03-25,THYAO.IS,27.509057998657227
2022-03-28,THYAO.IS,28.388254165649414
2022-03-29,THYAO.IS,30.908615112304688
2022-03-30,THYAO.IS,31.436134338378906
2022-03-31,THYAO.IS,31.5142822265625
2022-04-01,THYAO.IS,32.02226257324219
2022-04-04,THYAO.IS,32.686546325683594
2022-04-05,THYAO.IS,33.7025032043457
2022-04-06,THYAO.IS,33.81972885131836
2022-04-07,THYAO.IS,34.79661560058594
2022-04-08,THYAO.IS,34.50354766845703
2022-04-11,THYAO.IS,35.32413101196289
2022-04-12,THYAO.IS,36.37916946411133
2022-04-13,THYAO.IS,36.12517547607422
2022-04-14,THYAO.IS,36.496395111083984
2022-04-15,THYAO.IS,36.867610931396484
2022-04-18,THYAO.IS,36.76991653442383
2022-04-19,THYAO.IS,37.86402893066406
2022-04-20,THYAO.IS,37.96171951293945
2022-04-21,THYAO.IS,39.2512092590332
2022-04-22,THYAO.IS,38.821380615234375
2022-04-25,THYAO.IS,38.68461227416992
2022-04-26,THYAO.IS,38.196170806884766
2022-04-27,THYAO.IS,39.56380844116211
2022-04-28,THYAO.IS,39.56380844116211
2022-04-29,THYAO.IS,40.30624008178711
2022-05-05,THYAO.IS,41.693416595458984
2022-05-06,THYAO.IS,41.400352478027344
2022-05-09,THYAO.IS,41.322200775146484
2022-05-10,THYAO.IS,41.712955474853516
2022-05-11,THYAO.IS,41.22451400756836
2022-05-12,THYAO.IS,40.892372131347656
2022-05-13,THYAO.IS,41.49803924560547
2022-05-16,THYAO.IS,41.73249435424805
2022-05-17,THYAO.IS,41.1072883605957
2022-05-18,THYAO.IS,41.419891357421875
2022-05-20,THYAO.IS,41.869258880615234
2022-05-23,THYAO.IS,41.966941833496094
2022-05-24,THYAO.IS,41.1854362487793
2022-05-25,THYAO.IS,41.67387771606445
2022-05-26,THYAO.IS,43.43227005004883
2022-05-27,THYAO.IS,43.97932815551758
2022-05-30,THYAO.IS,48.37530517578125
2022-05-31,THYAO.IS,48.74652099609375
2022-06-01,THYAO.IS,48.12131118774414
2022-06-02,THYAO.IS,48.453453063964844
2022-06-03,THYAO.IS,46.87089920043945
2022-06-06,THYAO.IS,46.75367736816406
2022-06-07,THYAO.IS,47.339805603027344
2022-06-08,THYAO.IS,45.64002990722656
2022-06-09,THYAO.IS,47.22257995605469
2022-06-10,THYAO.IS,45.6204948425293
2022-06-13,THYAO.IS,45.91355895996094
2022-06-14,THYAO.IS,45.77679443359375
2022-06-15,THYAO.IS,47.32027053833008
2022-06-16,THYAO.IS,46.24570083618164
2022-06-17,THYAO.IS,47.066280364990234
2022-06-20,THYAO.IS,49.674560546875
2022-06-21,THYAO.IS,50.70029067993164
2022-06-22,THYAO.IS,50.84682083129883
2022-06-23,THYAO.IS,49.38149642944336
2022-06-24,THYAO.IS,49.08843231201172
2022-06-27,THYAO.IS,48.648834228515625
2022-06-28,THYAO.IS,46.92951583862305
2022-06-29,THYAO.IS,45.11251449584961
2022-06-30,THYAO.IS,45.718177795410156
2022-07-01,THYAO.IS,48.1603889465332
2022-07-04,THYAO.IS,46.57783889770508
2022-07-05,THYAO.IS,45.91355895996094
2022-07-06,THYAO.IS,47.30073165893555
2022-07-07,THYAO.IS,48.06270217895508
2022-07-08,THYAO.IS,48.39484405517578
2022-07-13,THYAO.IS,48.06270217895508
2022-07-14,THYAO.IS,46.831825256347656
2022-07-18,THYAO.IS,48.824668884277344
2022-07-19,THYAO.IS,49.91878128051758
2022-07-20,THYAO.IS,50.163002014160156
2022-07-21,THYAO.IS,50.407222747802734
2022-07-22,THYAO.IS,48.89305114746094
2022-07-25,THYAO.IS,48.39484405517578
2022-07-26,THYAO.IS,47.86732482910156
2022-07-27,THYAO.IS,48.551143646240234
2022-07-28,THYAO.IS,48.551143646240234
2022-07-29,THYAO.IS,49.23496627807617
2022-08-01,THYAO.IS,50.30953598022461
2022-08-02,THYAO.IS,51.13988494873047
2022-08-03,THYAO.IS,53.728633880615234
2022-08-04,THYAO.IS,54.02169418334961
2022-08-05,THYAO.IS,56.85466003417969
2022-08-08,THYAO.IS,57.391944885253906
2022-08-09,THYAO.IS,57.24541091918945
2022-08-10,THYAO.IS,58.759586334228516
2022-08-11,THYAO.IS,59.980690002441406
2022-08-12,THYAO.IS,60.957576751708984
2022-08-15,THYAO.IS,62.12982940673828
2022-08-16,THYAO.IS,66.2815933227539
2022-08-17,THYAO.IS,67.1119384765625
2022-08-18,THYAO.IS,68.03998565673828
2022-08-19,THYAO.IS,66.91657257080078
2022-08-22,THYAO.IS,66.18389892578125
2022-08-23,THYAO.IS,66.23274993896484
2022-08-24,THYAO.IS,67.06310272216797
2022-08-25,THYAO.IS,68.67495727539062
2022-08-26,THYAO.IS,68.08882904052734
2022-08-29,THYAO.IS,68.82148742675781
2022-08-31,THYAO.IS,71.41023254394531
2022-09-01,THYAO.IS,69.45646667480469
2022-09-02,THYAO.IS,70.1402816772461
2022-09-05,THYAO.IS,73.41284942626953
2022-09-06,THYAO.IS,71.94751739501953
2022-09-07,THYAO.IS,72.9732437133789
2022-09-08,THYAO.IS,71.31254577636719
2022-09-09,THYAO.IS,71.70330047607422
2022-09-12,THYAO.IS,73.21746826171875
2022-09-13,THYAO.IS,69.45646667480469
2022-09-14,THYAO.IS,72.5824966430664
2022-09-15,THYAO.IS,72.43596649169922
2022-09-16,THYAO.IS,72.2405776977539
2022-09-19,THYAO.IS,67.16078186035156
2022-09-20,THYAO.IS,70.77525329589844
2022-09-21,THYAO.IS,68.1376724243164
2022-09-22,THYAO.IS,69.65184783935547
2022-09-23,THYAO.IS,69.21224212646484
2022-09-26,THYAO.IS,67.79576873779297
2022-09-27,THYAO.IS,69.35877990722656
2022-09-28,THYAO.IS,67.35616302490234
2022-09-29,THYAO.IS,67.01425170898438
2022-09-30,THYAO.IS,68.968017578125
2022-10-03,THYAO.IS,75.85505676269531
2022-10-04,THYAO.IS,78.9322509765625
2022-10-05,THYAO.IS,82.83978271484375
2022-10-06,THYAO.IS,82.7420883178711
2022-10-07,THYAO.IS,82.25364685058594
2022-10-10,THYAO.IS,84.15857696533203
2022-10-11,THYAO.IS,82.54671478271484
2022-10-12,THYAO.IS,83.13284301757812
2022-10-13,THYAO.IS,85.96580505371094
2022-10-14,THYAO.IS,87.91957092285156
2022-10-17,THYAO.IS,96.17424774169922
2022-10-18,THYAO.IS,95.00198364257812
2022-10-19,THYAO.IS,95.14852142333984
2022-10-20,THYAO.IS,96.76038360595703
2022-10-21,THYAO.IS,95.68579864501953
2022-10-24,THYAO.IS,97.1999740600586
2022-10-25,THYAO.IS,98.17686462402344
2022-10-26,THYAO.IS,96.51615905761719
2022-10-27,THYAO.IS,97.10228729248047
2022-10-28,THYAO.IS,94.70891571044922
2022-10-31,THYAO.IS,98.95836639404297
2022-11-01,THYAO.IS,100.03294372558594
2022-11-02,THYAO.IS,98.46993255615234
2022-11-03,THYAO.IS,99.44681549072266
2022-11-04,THYAO.IS,101.79132843017578
2022-11-07,THYAO.IS,104.72197723388672
2022-11-08,THYAO.IS,110.38790893554688
2022-11-09,THYAO.IS,109.02027893066406
2022-11-10,THYAO.IS,110.77867126464844
2022-11-11,THYAO.IS,108.9225845336914
2022-11-14,THYAO.IS,107.16419219970703
2022-11-15,THYAO.IS,106.48037719726562
2022-11-16,THYAO.IS,102.18208312988281
2022-11-17,THYAO.IS,104.72197723388672
2022-11-18,THYAO.IS,104.13584899902344
2022-11-21,THYAO.IS,104.42891693115234
2022-11-22,THYAO.IS,108.6295166015625
2022-11-23,THYAO.IS,109.89947509765625
2022-11-24,THYAO.IS,109.02027893066406
2022-11-25,THYAO.IS,111.16942596435547
2022-11-28,THYAO.IS,112.43936920166016
2022-11-29,THYAO.IS,116.15152740478516
2022-11-30,THYAO.IS,117.22610473632812
2022-12-01,THYAO.IS,121.5243911743164
2022-12-02,THYAO.IS,125.33424377441406
2022-12-05,THYAO.IS,135.39614868164062
2022-12-06,THYAO.IS,132.4654998779297
2022-12-07,THYAO.IS,131.5863037109375
2022-12-08,THYAO.IS,132.27011108398438
2022-12-09,THYAO.IS,137.74066162109375
2022-12-12,THYAO.IS,142.5273895263672
2022-12-13,THYAO.IS,140.67132568359375
2022-12-14,THYAO.IS,133.83314514160156
2022-12-15,THYAO.IS,136.86148071289062
2022-12-16,THYAO.IS,135.98226928710938
2022-12-19,THYAO.IS,139.9875030517578
2022-12-20,THYAO.IS,142.5273895263672
2022-12-21,THYAO.IS,139.59674072265625
2022-12-22,THYAO.IS,138.81524658203125
2022-12-23,THYAO.IS,138.5221710205078
2022-12-26,THYAO.IS,141.64820861816406
2022-12-27,THYAO.IS,139.79214477539062
2022-12-28,THYAO.IS,136.86148071289062
2022-12-29,THYAO.IS,139.0106201171875
2022-12-30,THYAO.IS,137.64297485351562
2023-01-02,THYAO.IS,143.40660095214844
2023-01-03,THYAO.IS,143.99273681640625
2023-01-04,THYAO.IS,141.15977478027344
2023-01-05,THYAO.IS,138.5221710205078
2023-01-06,THYAO.IS,139.2060089111328
2023-01-09,THYAO.IS,135.2007598876953
2023-01-10,THYAO.IS,128.16720581054688
2023-01-11,THYAO.IS,122.4035873413086
2023-01-12,THYAO.IS,132.66087341308594
2023-01-13,THYAO.IS,131.5863037109375
2023-01-16,THYAO.IS,141.06207275390625
2023-01-17,THYAO.IS,143.99273681640625
2023-01-18,THYAO.IS,145.65342712402344
2023-01-19,THYAO.IS,151.0262908935547
2023-01-20,THYAO.IS,149.36558532714844
2023-01-23,THYAO.IS,147.70489501953125
2023-01-24,THYAO.IS,146.23956298828125
2023-01-25,THYAO.IS,148.29103088378906
2023-01-26,THYAO.IS,146.72799682617188
2023-01-27,THYAO.IS,146.33724975585938
2023-01-30,THYAO.IS,141.4528350830078
2023-01-31,THYAO.IS,134.41928100585938
2023-02-01,THYAO.IS,127.77645874023438
2023-02-02,THYAO.IS,131.48861694335938
2023-02-03,THYAO.IS,139.4013671875
2023-02-06,THYAO.IS,136.6660919189453
2023-02-07,THYAO.IS,124.25965881347656
2023-02-08,THYAO.IS,112.34168243408203
2023-02-15,THYAO.IS,136.6660919189453
2023-02-16,THYAO.IS,136.7637939453125
2023-02-17,THYAO.IS,138.0337371826172
2023-02-20,THYAO.IS,138.0337371826172
2023-02-21,THYAO.IS,134.32156372070312
2023-02-22,THYAO.IS,133.24700927734375
2023-02-23,THYAO.IS,133.4423828125
2023-02-24,THYAO.IS,131.87936401367188
2023-02-27,THYAO.IS,140.08518981933594
2023-02-28,THYAO.IS,140.2805633544922
2023-03-01,THYAO.IS,144.09042358398438
2023-03-02,THYAO.IS,138.71755981445312
2023-03-03,THYAO.IS,135.4938201904297
2023-03-06,THYAO.IS,139.10829162597656
2023-03-07,THYAO.IS,137.74066162109375
2023-03-08,THYAO.IS,136.86148071289062
2023-03-09,THYAO.IS,137.25222778320312
2023-03-10,THYAO.IS,135.4938201904297
2023-03-13,THYAO.IS,132.66087341308594
2023-03-14,THYAO.IS,129.2417755126953
2023-03-15,THYAO.IS,127.87413787841797
2023-03-16,THYAO.IS,129.1440887451172
2023-03-17,THYAO.IS,123.57585144042969
2023-03-20,THYAO.IS,123.18509674072266
2023-03-21,THYAO.IS,121.03595733642578
2023-03-22,THYAO.IS,124.94348907470703
2023-03-23,THYAO.IS,126.40880584716797
2023-03-24,THYAO.IS,125.43192291259766
2023-03-27,THYAO.IS,122.4035873413086
2023-03-28,THYAO.IS,116.63997650146484
2023-03-29,THYAO.IS,121.71976470947266
2023-03-30,THYAO.IS,119.08218383789062
2023-03-31,THYAO.IS,115.76077270507812
2023-04-03,THYAO.IS,118.00761413574219
2023-04-04,THYAO.IS,125.13887023925781
2023-04-05,THYAO.IS,122.4035873413086
2023-04-06,THYAO.IS,124.25965881347656
2023-04-07,THYAO.IS,124.45504760742188
2023-04-10,THYAO.IS,130.41403198242188
2023-04-11,THYAO.IS,129.92559814453125
2023-04-12,THYAO.IS,130.31634521484375
2023-04-13,THYAO.IS,133.9308319091797
2023-04-14,THYAO.IS,131.29322814941406
2023-04-17,THYAO.IS,132.5631866455078
2023-04-18,THYAO.IS,133.05162048339844
2023-04-19,THYAO.IS,131.5863037109375
2023-04-20,THYAO.IS,130.90248107910156
2023-04-24,THYAO.IS,133.14930725097656
2023-04-25,THYAO.IS,130.60940551757812
2023-04-26,THYAO.IS,126.99494171142578
2023-04-27,THYAO.IS,127.77645874023438
2023-04-28,THYAO.IS,124.8458023071289
2023-05-02,THYAO.IS,123.3804702758789
2023-05-03,THYAO.IS,126.21343231201172
2023-05-04,THYAO.IS,124.74810791015625
2023-05-05,THYAO.IS,122.59896850585938
2023-05-08,THYAO.IS,129.730224609375
2023-05-09,THYAO.IS,125.82268524169922
2023-05-10,THYAO.IS,123.8689193725586
2023-05-11,THYAO.IS,133.14930725097656
2023-05-12,THYAO.IS,129.5348358154297
2023-05-15,THYAO.IS,121.5243911743164
2023-05-16,THYAO.IS,132.75856018066406
2023-05-17,THYAO.IS,133.9308319091797
2023-05-18,THYAO.IS,129.5348358154297
2023-05-22,THYAO.IS,132.3677978515625
2023-05-23,THYAO.IS,131.29322814941406
2023-05-24,THYAO.IS,129.730224609375
2023-05-25,THYAO.IS,131.00018310546875
2023-05-26,THYAO.IS,139.0106201171875
2023-05-29,THYAO.IS,142.62509155273438
2023-05-30,THYAO.IS,143.6019744873047
2023-05-31,THYAO.IS,140.4759521484375
2023-06-01,THYAO.IS,143.6019744873047
2023-06-02,THYAO.IS,146.6303253173828
2023-06-05,THYAO.IS,160.69744873046875
2023-06-06,THYAO.IS,161.57664489746094
2023-06-07,THYAO.IS,168.51251220703125
2023-06-08,THYAO.IS,167.63333129882812
2023-06-09,THYAO.IS,172.81080627441406
2023-06-12,THYAO.IS,179.06288146972656
2023-06-13,THYAO.IS,173.6900177001953
2023-06-14,THYAO.IS,178.67210388183594
2023-06-15,THYAO.IS,178.76980590820312
2023-06-16,THYAO.IS,176.52297973632812
2023-06-19,THYAO.IS,169.97784423828125
2023-06-20,THYAO.IS,167.43795776367188
2023-06-21,THYAO.IS,165.4841766357422
2023-06-22,THYAO.IS,176.13221740722656
2023-06-23,THYAO.IS,180.4304962158203
2023-06-26,THYAO.IS,186.58486938476562
2023-06-27,THYAO.IS,189.22247314453125
2023-07-03,THYAO.IS,205.63412475585938
2023-07-04,THYAO.IS,203.2895965576172
2023-07-05,THYAO.IS,211.49542236328125
2023-07-06,THYAO.IS,211.59312438964844
2023-07-07,THYAO.IS,210.22547912597656
2023-07-10,THYAO.IS,209.6393585205078
2023-07-11,THYAO.IS,210.3231658935547
2023-07-12,THYAO.IS,206.02487182617188
2023-07-13,THYAO.IS,204.6572265625
2023-07-14,THYAO.IS,208.5647735595703
2023-07-17,THYAO.IS,213.7422637939453
2023-07-18,THYAO.IS,209.05322265625
2023-07-19,THYAO.IS,218.43130493164062
2023-07-20,THYAO.IS,219.9943084716797
2023-07-21,THYAO.IS,218.43130493164062
2023-07-24,THYAO.IS,216.67291259765625
2023-07-25,THYAO.IS,212.2769317626953
2023-07-26,THYAO.IS,218.9197540283203
2023-07-27,THYAO.IS,223.21803283691406
2023-07-28,THYAO.IS,229.56777954101562
2023-07-31,THYAO.IS,228.88397216796875
2023-08-01,THYAO.IS,225.66024780273438
2023-08-02,THYAO.IS,231.03311157226562
2023-08-03,THYAO.IS,229.56777954101562
2023-08-04,THYAO.IS,243.0487823486328
2023-08-07,THYAO.IS,260.7303771972656
2023-08-08,THYAO.IS,255.74827575683594
2023-08-09,THYAO.IS,253.98988342285156
2023-08-10,THYAO.IS,252.52456665039062
2023-08-11,THYAO.IS,259.5581359863281
2023-08-14,THYAO.IS,255.35751342773438
2023-08-15,THYAO.IS,253.6968536376953
2023-08-16,THYAO.IS,248.61703491210938
2023-08-17,THYAO.IS,256.0413513183594
2023-08-18,THYAO.IS,245.58868408203125
2023-08-21,THYAO.IS,253.0129852294922
2023-08-22,THYAO.IS,249.0077667236328
2023-08-23,THYAO.IS,234.15914916992188
2023-08-24,THYAO.IS,225.17181396484375
2023-08-25,THYAO.IS,232.49844360351562
2023-08-28,THYAO.IS,250.0823516845703
2023-08-29,THYAO.IS,242.16958618164062
2023-08-31,THYAO.IS,239.3366241455078
2023-09-01,THYAO.IS,248.1285858154297
2023-09-04,THYAO.IS,246.858642578125
2023-09-05,THYAO.IS,246.17481994628906
2023-09-06,THYAO.IS,239.3366241455078
2023-09-07,THYAO.IS,238.9458770751953
2023-09-08,THYAO.IS,237.67591857910156
2023-09-11,THYAO.IS,229.079345703125
2023-09-12,THYAO.IS,230.544677734375
2023-09-13,THYAO.IS,226.3440704345703
2023-09-14,THYAO.IS,232.98687744140625
2023-09-15,THYAO.IS,221.85040283203125
2023-09-18,THYAO.IS,213.05844116210938
2023-09-19,THYAO.IS,213.54689025878906
2023-09-20,THYAO.IS,218.13824462890625
2023-09-21,THYAO.IS,227.2232666015625
2023-09-22,THYAO.IS,220.87351989746094
2023-09-25,THYAO.IS,227.12557983398438
2023-09-26,THYAO.IS,222.24114990234375
2023-09-27,THYAO.IS,225.0740966796875
2023-09-28,THYAO.IS,237.57823181152344
2023-09-29,THYAO.IS,236.8944091796875
2023-10-02,THYAO.IS,247.54244995117188
2023-10-03,THYAO.IS,241.97421264648438
2023-10-04,THYAO.IS,232.98687744140625
2023-10-05,THYAO.IS,235.9175262451172
2023-10-06,THYAO.IS,232.88917541503906
2023-10-09,THYAO.IS,221.9480743408203
2023-10-10,THYAO.IS,232.59613037109375
2023-10-11,THYAO.IS,224.7810516357422
2023-10-12,THYAO.IS,219.89663696289062
2023-10-13,THYAO.IS,217.06365966796875
2023-10-16,THYAO.IS,217.8451690673828
2023-10-17,THYAO.IS,219.89663696289062
2023-10-18,THYAO.IS,211.49542236328125
2023-10-19,THYAO.IS,208.66246032714844
2023-10-20,THYAO.IS,202.31272888183594
2023-10-23,THYAO.IS,208.76014709472656
2023-10-24,THYAO.IS,212.96075439453125
2023-10-25,THYAO.IS,198.3074951171875
2023-10-26,THYAO.IS,209.2485809326172
2023-10-27,THYAO.IS,212.1792449951172
2023-10-30,THYAO.IS,213.83995056152344
2023-10-31,THYAO.IS,212.2769317626953
2023-11-01,THYAO.IS,213.05844116210938
2023-11-02,THYAO.IS,217.8451690673828
2023-11-03,THYAO.IS,220.48275756835938
2023-11-06,THYAO.IS,220.97120666503906
2023-11-07,THYAO.IS,220.77581787109375
2023-11-08,THYAO.IS,223.3157196044922
2023-11-09,THYAO.IS,224.8787384033203
2023-11-10,THYAO.IS,223.80416870117188
2023-11-13,THYAO.IS,226.83250427246094
2023-11-14,THYAO.IS,231.61924743652344
2023-11-15,THYAO.IS,230.15391540527344
2023-11-16,THYAO.IS,238.65281677246094
2023-11-17,THYAO.IS,248.372802734375
2023-11-20,THYAO.IS,248.86123657226562
2023-11-21,THYAO.IS,262.2934265136719
2023-11-22,THYAO.IS,255.94366455078125
2023-11-23,THYAO.IS,254.72256469726562
2023-11-24,THYAO.IS,253.74566650390625
2023-11-27,THYAO.IS,254.47833251953125
2023-11-28,THYAO.IS,254.96676635742188
2023-11-29,THYAO.IS,249.10546875
2023-11-30,THYAO.IS,245.19793701171875
2023-12-01,THYAO.IS,254.72256469726562
2023-12-04,THYAO.IS,255.94366455078125
2023-12-05,THYAO.IS,253.0129852294922
2023-12-06,THYAO.IS,245.44215393066406
2023-12-07,THYAO.IS,253.74566650390625
2023-12-08,THYAO.IS,248.1285858154297
2023-12-11,THYAO.IS,240.6065673828125
2023-12-12,THYAO.IS,243.24417114257812
2023-12-13,THYAO.IS,235.72215270996094
2023-12-14,THYAO.IS,246.41903686523438
2023-12-15,THYAO.IS,247.3959197998047
2023-12-18,THYAO.IS,240.0204315185547
2023-12-19,THYAO.IS,239.62969970703125
2023-12-20,THYAO.IS,236.3082733154297
2023-12-21,THYAO.IS,239.3366241455078
2023-12-22,THYAO.IS,227.614013671875
2023-12-25,THYAO.IS,220.97120666503906
2023-12-26,THYAO.IS,222.4365234375
2023-12-27,THYAO.IS,217.06365966796875
2023-12-28,THYAO.IS,223.70648193359375
2023-12-29,THYAO.IS,223.3157196044922
2024-01-02,THYAO.IS,230.93540954589844
2024-01-03,THYAO.IS,224.7810516357422
2024-01-04,THYAO.IS,227.90707397460938
2024-01-05,THYAO.IS,233.6707000732422
2024-01-08,THYAO.IS,236.9921112060547
2024-01-09,THYAO.IS,237.28517150878906
2024-01-10,THYAO.IS,244.12335205078125
2024-01-11,THYAO.IS,240.99732971191406
2024-01-12,THYAO.IS,245.19793701171875
2024-01-15,THYAO.IS,247.3959197998047
2024-01-16,THYAO.IS,244.0256805419922
2024-01-17,THYAO.IS,246.6632537841797
2024-01-18,THYAO.IS,244.95370483398438
2024-01-19,THYAO.IS,244.46527099609375
2024-01-22,THYAO.IS,244.46527099609375
2024-01-23,THYAO.IS,243.0487823486328
2024-01-24,THYAO.IS,245.19793701171875
2024-01-25,THYAO.IS,246.41903686523438
2024-01-26,THYAO.IS,253.98988342285156
2024-01-29,THYAO.IS,267.6662902832031
2024-01-30,THYAO.IS,265.7124938964844
2024-01-31,THYAO.IS,266.4451599121094
2024-02-01,THYAO.IS,268.15472412109375
2024-02-02,THYAO.IS,274.9928894042969
2024-02-05,THYAO.IS,282.5637512207031
2024-02-06,THYAO.IS,284.2732849121094
2024-02-07,THYAO.IS,279.38885498046875
2024-02-08,THYAO.IS,280.1215515136719
2024-02-09,THYAO.IS,287.9366149902344
2024-02-12,THYAO.IS,283.5406188964844
2024-02-13,THYAO.IS,274.7486877441406
2024-02-14,THYAO.IS,275.96978759765625
2024-02-15,THYAO.IS,277.43511962890625
2024-02-16,THYAO.IS,275.96978759765625
2024-02-19,THYAO.IS,272.062255859375
2024-02-20,THYAO.IS,274.7486877441406
2024-02-21,THYAO.IS,272.7948913574219
2024-02-22,THYAO.IS,278.4120178222656
2024-02-23,THYAO.IS,279.8773193359375
2024-02-26,THYAO.IS,278.9004211425781
2024-02-27,THYAO.IS,273.77178955078125
2024-02-28,THYAO.IS,269.6200256347656
2024-02-29,THYAO.IS,275.23712158203125
2024-03-01,THYAO.IS,271.3295593261719
2024-03-04,THYAO.IS,264.2471618652344
2024-03-05,THYAO.IS,259.1185302734375
2024-03-06,THYAO.IS,254.96676635742188
2024-03-07,THYAO.IS,266.4451599121094
2024-03-08,THYAO.IS,272.7948913574219
2024-03-11,THYAO.IS,274.26025390625
2024-03-12,THYAO.IS,269.131591796875
2024-03-13,THYAO.IS,265.7124938964844
2024-03-14,THYAO.IS,265.4682922363281
2024-03-15,THYAO.IS,264.0029602050781
2024-03-18,THYAO.IS,262.2934265136719
2024-03-19,THYAO.IS,271.8180236816406
2024-03-20,THYAO.IS,271.8180236816406
2024-03-21,THYAO.IS,278.9004211425781
2024-03-22,THYAO.IS,284.51751708984375
2024-03-25,THYAO.IS,279.1446533203125
2024-03-26,THYAO.IS,278.6562194824219
2024-03-27,THYAO.IS,276.2139892578125
2024-03-28,THYAO.IS,290.8672790527344
2024-03-29,THYAO.IS,290.8672790527344
2024-04-01,THYAO.IS,296.72857666015625
2024-04-02,THYAO.IS,290.13458251953125
2024-04-03,THYAO.IS,293.0652770996094
2024-04-04,THYAO.IS,283.2964172363281
2024-04-05,THYAO.IS,300.1476745605469
2024-04-08,THYAO.IS,302.8341064453125
2024-04-09,THYAO.IS,302.8341064453125
2024-04-15,THYAO.IS,291.59991455078125
2024-04-16,THYAO.IS,290.13458251953125
2024-04-17,THYAO.IS,288.425048828125
2024-04-18,THYAO.IS,289.4019470214844
2024-04-19,THYAO.IS,295.5074462890625
2024-04-22,THYAO.IS,295.751708984375
2024-04-24,THYAO.IS,302.5898742675781
2024-04-25,THYAO.IS,306.00897216796875
2024-04-26,THYAO.IS,309.67230224609375
2024-04-29,THYAO.IS,318.4642333984375
2024-04-30,THYAO.IS,318.4642333984375
2024-05-02,THYAO.IS,317.7315979003906
2024-05-03,THYAO.IS,317.48736572265625
2024-05-06,THYAO.IS,318.4642333984375
2024-05-07,THYAO.IS,322.37176513671875
2024-05-08,THYAO.IS,320.1737976074219
2024-05-09,THYAO.IS,317.7315979003906
2024-05-10,THYAO.IS,310.649169921875
2024-05-13,THYAO.IS,306.9858703613281
2024-05-14,THYAO.IS,303.07830810546875
2024-05-15,THYAO.IS,298.4381408691406
2024-05-16,THYAO.IS,299.9034423828125
2024-05-17,THYAO.IS,316.02203369140625
2024-05-20,THYAO.IS,316.02203369140625
2024-05-21,THYAO.IS,315.045166015625
2024-05-22,THYAO.IS,314.0682678222656
2024-05-23,THYAO.IS,310.16070556640625
2024-05-24,THYAO.IS,310.8934020996094
2024-05-27,THYAO.IS,307.718505859375
2024-05-28,THYAO.IS,304.7878723144531
2024-05-29,THYAO.IS,298.92657470703125
2024-05-30,THYAO.IS,298.92657470703125
2024-05-31,THYAO.IS,295.751708984375
2024-06-03,THYAO.IS,304.7878723144531
2024-06-04,THYAO.IS,298.92657470703125
2024-06-05,THYAO.IS,305.0320739746094
2024-06-06,THYAO.IS,298.4381408691406
2024-06-07,THYAO.IS,295.5074462890625
2024-06-10,THYAO.IS,292.8210144042969
2024-06-11,THYAO.IS,295.5074462890625
2024-06-12,THYAO.IS,297.9496765136719
2024-06-13,THYAO.IS,302.34564208984375
2024-06-14,THYAO.IS,304.54364013671875
2024-06-20,THYAO.IS,308.6954040527344
2024-06-21,THYAO.IS,308.6954040527344
2024-06-24,THYAO.IS,303.07830810546875
2024-06-25,THYAO.IS,298.6823425292969
2024-06-26,THYAO.IS,294.0421447753906
2024-06-27,THYAO.IS,298.6823425292969
2024-06-28,THYAO.IS,301.6130065917969
2024-07-01,THYAO.IS,288.9134826660156
2024-07-02,THYAO.IS,290.8672790527344
2024-07-03,THYAO.IS,296.2401428222656
2024-07-04,THYAO.IS,303.8110046386719
2024-07-05,THYAO.IS,300.88031005859375
2024-07-08,THYAO.IS,298.92657470703125
2024-07-09,THYAO.IS,303.5667419433594
2024-07-10,THYAO.IS,297.7054443359375
2024-07-11,THYAO.IS,302.8341064453125
2024-07-12,THYAO.IS,300.1476745605469
2024-07-16,THYAO.IS,300.3918762207031
2024-07-17,THYAO.IS,302.1014404296875
2024-07-18,THYAO.IS,309.1838684082031
2024-07-19,THYAO.IS,308.20697021484375
2024-07-22,THYAO.IS,302.5898742675781
2024-07-23,THYAO.IS,298.92657470703125
2024-07-24,THYAO.IS,297.9496765136719
2024-07-25,THYAO.IS,293.3094787597656
2024-07-26,THYAO.IS,294.53057861328125
2024-07-29,THYAO.IS,287.2039489746094
2024-07-30,THYAO.IS,286.71551513671875
2024-07-31,THYAO.IS,282.5637512207031
2024-08-01,THYAO.IS,290.623046875
2024-08-02,THYAO.IS,284.76171875
2024-08-05,THYAO.IS,270.596923828125
2024-08-06,THYAO.IS,273.0391540527344
2024-08-07,THYAO.IS,291.1114807128906
2024-08-08,THYAO.IS,295.0190124511719
2024-08-09,THYAO.IS,294.7748107910156
2024-08-12,THYAO.IS,293.3094787597656
2024-08-13,THYAO.IS,290.8672790527344
2024-08-14,THYAO.IS,285.0059814453125
2024-08-15,THYAO.IS,281.8310852050781
2024-08-16,THYAO.IS,286.71551513671875
2024-08-19,THYAO.IS,290.13458251953125
2024-08-20,THYAO.IS,292.8210144042969
2024-08-21,THYAO.IS,290.8672790527344
2024-08-22,THYAO.IS,287.6924133300781
2024-08-23,THYAO.IS,288.18084716796875
2024-08-26,THYAO.IS,282.0752868652344
2024-08-27,THYAO.IS,290.8672790527344
2024-08-28,THYAO.IS,295.26324462890625
2024-08-29,THYAO.IS,293.5537109375
2024-09-02,THYAO.IS,301.3687744140625
2024-09-03,THYAO.IS,295.751708984375
2024-09-04,THYAO.IS,294.0421447753906
2024-09-05,THYAO.IS,289.890380859375
2024-09-06,THYAO.IS,287.4481506347656
2024-09-09,THYAO.IS,282.3195495605469
2024-09-10,THYAO.IS,277.43511962890625
2024-09-11,THYAO.IS,273.527587890625
2024-09-12,THYAO.IS,279.63311767578125
2024-09-13,THYAO.IS,285.4944152832031
2024-09-16,THYAO.IS,279.63311767578125
2024-09-17,THYAO.IS,283.7848815917969
2024-09-18,THYAO.IS,284.76171875
2024-09-19,THYAO.IS,294.0421447753906
2024-09-20,THYAO.IS,292.5768127441406
2024-09-23,THYAO.IS,289.15771484375
2024-09-24,THYAO.IS,289.4019470214844
2024-09-25,THYAO.IS,284.51751708984375
2024-09-26,THYAO.IS,284.51751708984375
2024-09-27,THYAO.IS,285.4944152832031
2024-09-30,THYAO.IS,278.4120178222656
2024-10-01,THYAO.IS,271.3295593261719
2024-10-02,THYAO.IS,265.22406005859375
2024-10-03,THYAO.IS,262.5376281738281
2024-10-04,THYAO.IS,267.4220275878906
2024-10-07,THYAO.IS,264.2471618652344
2024-10-08,THYAO.IS,264.49139404296875
2024-10-09,THYAO.IS,264.0029602050781
2024-10-10,THYAO.IS,260.3396301269531
2024-10-11,THYAO.IS,258.6300964355469
2024-10-14,THYAO.IS,251.79190063476562
2024-10-15,THYAO.IS,261.8049621582031
2024-10-16,THYAO.IS,263.02606201171875
2024-10-17,THYAO.IS,267.1778259277344
2024-10-18,THYAO.IS,261.8049621582031
2024-10-21,THYAO.IS,263.270263671875
2024-10-22,THYAO.IS,268.39892578125
2024-10-23,THYAO.IS,261.56072998046875
2024-10-24,THYAO.IS,267.4220275878906
2024-10-25,THYAO.IS,269.6200256347656
2024-10-28,THYAO.IS,271.5738220214844
2024-10-30,THYAO.IS,271.0853576660156
2024-10-31,THYAO.IS,266.200927734375
2024-11-01,THYAO.IS,266.68939208984375
2024-11-04,THYAO.IS,262.2934265136719
2024-11-05,THYAO.IS,265.9566955566406
2024-11-06,THYAO.IS,270.8411560058594
2024-11-07,THYAO.IS,276.2139892578125
2024-11-08,THYAO.IS,283.5406188964844
2024-11-11,THYAO.IS,281.3426513671875
2024-11-12,THYAO.IS,279.8773193359375
2024-11-13,THYAO.IS,277.1908874511719
2024-11-14,THYAO.IS,279.8773193359375
2024-11-15,THYAO.IS,283.05218505859375
2024-11-18,THYAO.IS,282.0752868652344
2024-11-19,THYAO.IS,272.5506896972656
2024-11-20,THYAO.IS,264.735595703125
2024-11-21,THYAO.IS,273.2833557128906
2024-11-22,THYAO.IS,273.0391540527344
2024-11-25,THYAO.IS,289.4019470214844
2024-11-26,THYAO.IS,287.2039489746094
2024-11-27,THYAO.IS,285.7386169433594
2024-11-28,THYAO.IS,280.6099853515625
2024-11-29,THYAO.IS,278.4120178222656
2024-12-02,THYAO.IS,278.9004211425781
2024-12-03,THYAO.IS,280.3657531738281
2024-12-04,THYAO.IS,282.3195495605469
2024-12-05,THYAO.IS,286.71551513671875
2024-12-06,THYAO.IS,293.5537109375
2024-12-09,THYAO.IS,293.5537109375
2024-12-10,THYAO.IS,292.33258056640625
2024-12-11,THYAO.IS,294.2863464355469
2024-12-12,THYAO.IS,291.59991455078125
2024-12-13,THYAO.IS,292.33258056640625
2024-12-16,THYAO.IS,288.6692810058594
2024-12-17,THYAO.IS,290.8672790527344
2024-12-18,THYAO.IS,283.7848815917969
2024-12-19,THYAO.IS,282.8079833984375
2024-12-20,THYAO.IS,283.05218505859375
2024-12-23,THYAO.IS,279.38885498046875
2024-12-24,THYAO.IS,278.9004211425781
2024-12-25,THYAO.IS,281.58685302734375
2024-12-26,THYAO.IS,283.2964172363281
2024-12-27,THYAO.IS,284.0290832519531
2024-12-30,THYAO.IS,275.7255859375
2024-12-31,THYAO.IS,274.50445556640625
2015-03-11,EREGL.IS,0.8832296133041382
2015-03-12,EREGL.IS,0.8968878984451294
2015-03-13,EREGL.IS,0.8877823948860168
2015-03-16,EREGL.IS,0.8968878984451294
2015-03-17,EREGL.IS,0.9219280481338501
2015-03-18,EREGL.IS,0.9355862736701965
2015-03-19,EREGL.IS,0.9378625154495239
2015-03-20,EREGL.IS,0.9446916580200195
2015-03-23,EREGL.IS,0.951520562171936
2015-03-24,EREGL.IS,0.9196516871452332
2015-03-25,EREGL.IS,0.9264806509017944
2015-03-26,EREGL.IS,0.9105461239814758
2015-03-27,EREGL.IS,0.9128225445747375
2015-03-30,EREGL.IS,0.9219280481338501
2015-03-31,EREGL.IS,0.9219280481338501
2015-04-01,EREGL.IS,0.951520562171936
2015-04-02,EREGL.IS,0.9742844104766846
2015-04-03,EREGL.IS,0.9765605926513672
2015-04-06,EREGL.IS,0.9742844104766846
2015-04-07,EREGL.IS,0.9970479607582092
2015-04-08,EREGL.IS,0.9970479607582092
2015-04-09,EREGL.IS,1.0016006231307983
2015-04-10,EREGL.IS,0.9970479607582092
2015-04-13,EREGL.IS,0.9811133146286011
2015-04-14,EREGL.IS,0.9856660962104797
2015-04-15,EREGL.IS,0.9856660962104797
2015-04-16,EREGL.IS,1.0152587890625
2015-04-17,EREGL.IS,1.0129826068878174
2015-04-20,EREGL.IS,1.0220879316329956
2015-04-21,EREGL.IS,1.0425753593444824
2015-04-22,EREGL.IS,1.0311933755874634
2015-04-23,EREGL.IS,1.0311933755874634
2015-04-24,EREGL.IS,1.0380226373672485
2015-04-27,EREGL.IS,1.0539569854736328
2015-04-28,EREGL.IS,1.0676151514053345
2015-04-29,EREGL.IS,1.0425753593444824
2015-04-30,EREGL.IS,1.0243642330169678
2015-05-01,EREGL.IS,1.0243642330169678
2015-05-04,EREGL.IS,1.0380226373672485
2015-05-05,EREGL.IS,1.0494043827056885
2015-05-06,EREGL.IS,1.0380226373672485
2015-05-07,EREGL.IS,1.0516806840896606
2015-05-08,EREGL.IS,1.0698915719985962
2015-05-11,EREGL.IS,1.0698915719985962
2015-05-12,EREGL.IS,1.0744445323944092
2015-05-13,EREGL.IS,1.08582603931427
2015-05-14,EREGL.IS,1.1017608642578125
2015-05-15,EREGL.IS,1.113142490386963
2015-05-18,EREGL.IS,1.1154189109802246
2015-05-19,EREGL.IS,1.1154189109802246
2015-05-20,EREGL.IS,1.1199718713760376
2015-05-21,EREGL.IS,1.1108661890029907
2015-05-22,EREGL.IS,1.0994843244552612
2015-05-25,EREGL.IS,1.0926554203033447
2015-05-26,EREGL.IS,1.0653388500213623
2015-05-27,EREGL.IS,1.080238699913025
2015-05-28,EREGL.IS,1.0578892230987549
2015-05-29,EREGL.IS,1.0628557205200195
2015-06-01,EREGL.IS,1.0479557514190674
2015-06-02,EREGL.IS,1.0926551818847656
2015-06-03,EREGL.IS,1.1150048971176147
2015-06-04,EREGL.IS,1.137354850769043
2015-06-05,EREGL.IS,1.1075550317764282
2015-06-08,EREGL.IS,1.0951385498046875
2015-06-09,EREGL.IS,1.0603721141815186
2015-06-10,EREGL.IS,1.0603721141815186
2015-06-11,EREGL.IS,1.0653388500213623
2015-06-12,EREGL.IS,1.0678220987319946
2015-06-15,EREGL.IS,1.0479557514190674
2015-06-16,EREGL.IS,1.0628557205200195
2015-06-17,EREGL.IS,1.0752720832824707
2015-06-18,EREGL.IS,1.0976217985153198
2015-06-19,EREGL.IS,1.1125216484069824
2015-06-22,EREGL.IS,1.0852054357528687
2015-06-23,EREGL.IS,1.1025885343551636
2015-06-24,EREGL.IS,1.1174883842468262
2015-06-25,EREGL.IS,1.1001051664352417
2015-06-26,EREGL.IS,1.1025885343551636
2015-06-29,EREGL.IS,1.080238699913025
2015-06-30,EREGL.IS,1.0777555704116821
2015-07-01,EREGL.IS,1.0603721141815186
2015-07-02,EREGL.IS,1.0479557514190674
2015-07-03,EREGL.IS,1.0454723834991455
2015-07-06,EREGL.IS,1.055405616760254
2015-07-07,EREGL.IS,1.0429890155792236
2015-07-08,EREGL.IS,1.0454723834991455
2015-07-09,EREGL.IS,1.0628557205200195
2015-07-10,EREGL.IS,1.0603721141815186
2015-07-13,EREGL.IS,1.0529221296310425
2015-07-14,EREGL.IS,1.0305726528167725
2015-07-15,EREGL.IS,1.028089165687561
2015-07-16,EREGL.IS,1.0256060361862183
2015-07-17,EREGL.IS,1.0256060361862183
2015-07-20,EREGL.IS,1.005739688873291
2015-07-21,EREGL.IS,1.0355392694473267
2015-07-22,EREGL.IS,1.0131893157958984
2015-07-23,EREGL.IS,0.968489944934845
2015-07-24,EREGL.IS,0.9660066366195679
2015-07-27,EREGL.IS,1.0032564401626587
2015-07-28,EREGL.IS,0.9982895851135254
2015-07-29,EREGL.IS,1.020639419555664
2015-07-30,EREGL.IS,1.0256060361862183
2015-07-31,EREGL.IS,1.0330557823181152
2015-08-03,EREGL.IS,1.020639419555664
2015-08-04,EREGL.IS,1.0355392694473267
2015-08-05,EREGL.IS,1.023122787475586
2015-08-06,EREGL.IS,1.0107061862945557
2015-08-07,EREGL.IS,0.9883562922477722
2015-08-10,EREGL.IS,0.9560732841491699
2015-08-11,EREGL.IS,1.0007728338241577
2015-08-12,EREGL.IS,0.968489944934845
2015-08-13,EREGL.IS,0.9858731031417847
2015-08-14,EREGL.IS,0.9784231185913086
2015-08-17,EREGL.IS,0.9660066366195679
2015-08-18,EREGL.IS,0.968489944934845
2015-08-19,EREGL.IS,0.9560732841491699
2015-08-20,EREGL.IS,0.9511067867279053
2015-08-21,EREGL.IS,0.9411734938621521
2015-08-24,EREGL.IS,0.9113739132881165
2015-08-25,EREGL.IS,0.9262736439704895
2015-08-26,EREGL.IS,0.938690185546875
2015-08-27,EREGL.IS,0.9759396910667419
2015-08-28,EREGL.IS,0.963523268699646
2015-08-31,EREGL.IS,0.9833897948265076
2015-09-01,EREGL.IS,0.9660066366195679
2015-09-02,EREGL.IS,0.9461400508880615
2015-09-03,EREGL.IS,0.9610398411750793
2015-09-04,EREGL.IS,0.9362068772315979
2015-09-07,EREGL.IS,0.913857102394104
2015-09-08,EREGL.IS,0.9088905453681946
2015-09-09,EREGL.IS,0.9163404107093811
2015-09-10,EREGL.IS,0.9064071774482727
2015-09-11,EREGL.IS,0.9163404107093811
2015-09-14,EREGL.IS,0.9337236285209656
2015-09-15,EREGL.IS,0.9535900950431824
2015-09-16,EREGL.IS,0.9660066366195679
2015-09-17,EREGL.IS,0.9809065461158752
2015-09-18,EREGL.IS,0.9734565615653992
2015-09-21,EREGL.IS,0.9660066366195679
2015-09-22,EREGL.IS,0.9362068772315979
2015-09-23,EREGL.IS,0.9312402606010437
2015-09-24,EREGL.IS,0.9312402606010437
2015-09-25,EREGL.IS,0.9312402606010437
2015-09-28,EREGL.IS,0.9237902760505676
2015-09-29,EREGL.IS,0.9411734938621521
2015-09-30,EREGL.IS,0.9262736439704895
2015-10-01,EREGL.IS,0.9262736439704895
2015-10-02,EREGL.IS,0.9237902760505676
2015-10-05,EREGL.IS,0.9436569213867188
2015-10-06,EREGL.IS,0.9486233592033386
2015-10-07,EREGL.IS,0.9883562922477722
2015-10-08,EREGL.IS,0.9809065461158752
2015-10-09,EREGL.IS,1.0181559324264526
2015-10-12,EREGL.IS,1.0330557823181152
2015-10-13,EREGL.IS,0.9933229684829712
2015-10-14,EREGL.IS,1.005739688873291
2015-10-15,EREGL.IS,0.9958063960075378
2015-10-16,EREGL.IS,1.0131893157958984
2015-10-19,EREGL.IS,1.0181559324264526
2015-10-20,EREGL.IS,0.9958063960075378
2015-10-21,EREGL.IS,0.9833897948265076
2015-10-22,EREGL.IS,0.9858731031417847
2015-10-23,EREGL.IS,0.9883562922477722
2015-10-26,EREGL.IS,0.9908397197723389
2015-10-27,EREGL.IS,1.0007728338241577
2015-10-28,EREGL.IS,1.0131893157958984
2015-10-29,EREGL.IS,1.0131893157958984
2015-10-30,EREGL.IS,1.028089165687561
2015-11-02,EREGL.IS,1.0330557823181152
2015-11-03,EREGL.IS,1.0380223989486694
2015-11-04,EREGL.IS,1.0603721141815186
2015-11-05,EREGL.IS,1.0181559324264526
2015-11-06,EREGL.IS,0.9709732532501221
2015-11-09,EREGL.IS,0.968489944934845
2015-11-10,EREGL.IS,0.9660066366195679
2015-11-11,EREGL.IS,0.9709732532501221
2015-11-12,EREGL.IS,0.9734565615653992
2015-11-13,EREGL.IS,0.9610398411750793
2015-11-16,EREGL.IS,0.9535900950431824
2015-11-17,EREGL.IS,0.9486233592033386
2015-11-18,EREGL.IS,0.9337236285209656
2015-11-19,EREGL.IS,0.9486233592033386
2015-11-20,EREGL.IS,0.9585566520690918
2015-11-23,EREGL.IS,0.9362068772315979
2015-11-24,EREGL.IS,0.8964738249778748
2015-11-25,EREGL.IS,0.9014406800270081
2015-11-26,EREGL.IS,0.913857102394104
2015-11-27,EREGL.IS,0.9262736439704895
2015-11-30,EREGL.IS,0.9337236285209656
2015-12-01,EREGL.IS,0.938690185546875
2015-12-02,EREGL.IS,0.8989573121070862
2015-12-03,EREGL.IS,0.8939906358718872
2015-12-04,EREGL.IS,0.8691575527191162
2015-12-07,EREGL.IS,0.8567411303520203
2015-12-08,EREGL.IS,0.8343912959098816
2015-12-09,EREGL.IS,0.8443244099617004
2015-12-10,EREGL.IS,0.8294247388839722
2015-12-11,EREGL.IS,0.8219746351242065
2015-12-14,EREGL.IS,0.779758632183075
2015-12-15,EREGL.IS,0.8170081973075867
2015-12-16,EREGL.IS,0.8095582127571106
2015-12-17,EREGL.IS,0.8070749640464783
2015-12-18,EREGL.IS,0.7723086476325989
2015-12-21,EREGL.IS,0.7723086476325989
2015-12-22,EREGL.IS,0.7673419713973999
2015-12-23,EREGL.IS,0.7896917462348938
2015-12-24,EREGL.IS,0.7996249794960022
2015-12-25,EREGL.IS,0.7971417903900146
2015-12-28,EREGL.IS,0.7921750545501709
2015-12-29,EREGL.IS,0.7872085571289062
2015-12-30,EREGL.IS,0.7772753238677979
2015-12-31,EREGL.IS,0.7549253702163696
2016-01-01,EREGL.IS,0.7549253702163696
2016-01-04,EREGL.IS,0.7350590825080872
2016-01-05,EREGL.IS,0.7400255799293518
2016-01-06,EREGL.IS,0.7747918963432312
2016-01-07,EREGL.IS,0.7673419713973999
2016-01-08,EREGL.IS,0.7425090074539185
2016-01-11,EREGL.IS,0.7524421811103821
2016-01-12,EREGL.IS,0.7524421811103821
2016-01-13,EREGL.IS,0.7598919868469238
2016-01-14,EREGL.IS,0.7499588131904602
2016-01-15,EREGL.IS,0.7350590825080872
2016-01-18,EREGL.IS,0.7425090074539185
2016-01-19,EREGL.IS,0.7425090074539185
2016-01-20,EREGL.IS,0.7251258492469788
2016-01-21,EREGL.IS,0.7176757454872131
2016-01-22,EREGL.IS,0.7176757454872131
2016-01-25,EREGL.IS,0.7574086785316467
2016-01-26,EREGL.IS,0.7574086785316467
2016-01-27,EREGL.IS,0.7648586630821228
2016-01-28,EREGL.IS,0.7598919868469238
2016-01-29,EREGL.IS,0.7673419713973999
2016-02-01,EREGL.IS,0.7698253393173218
2016-02-02,EREGL.IS,0.7648586630821228
2016-02-03,EREGL.IS,0.7723086476325989
2016-02-04,EREGL.IS,0.7971417903900146
2016-02-05,EREGL.IS,0.81452476978302
2016-02-08,EREGL.IS,0.7996249794960022
2016-02-09,EREGL.IS,0.779758632183075
2016-02-10,EREGL.IS,0.7772753238677979
2016-02-11,EREGL.IS,0.7723086476325989
2016-02-12,EREGL.IS,0.7648586630821228
2016-02-15,EREGL.IS,0.779758632183075
2016-02-16,EREGL.IS,0.7747918963432312
2016-02-17,EREGL.IS,0.7921750545501709
2016-02-18,EREGL.IS,0.8070749640464783
2016-02-19,EREGL.IS,0.8021082878112793
2016-02-22,EREGL.IS,0.8095582127571106
2016-02-23,EREGL.IS,0.8368746042251587
2016-02-24,EREGL.IS,0.8269413709640503
2016-02-25,EREGL.IS,0.8368746042251587
2016-02-26,EREGL.IS,0.8368746042251587
2016-02-29,EREGL.IS,0.8567411303520203
2016-03-01,EREGL.IS,0.8666742444038391
2016-03-02,EREGL.IS,0.8641909956932068
2016-03-03,EREGL.IS,0.8617076873779297
2016-03-04,EREGL.IS,0.8790908455848694
2016-03-07,EREGL.IS,0.8939906358718872
2016-03-08,EREGL.IS,0.8915073871612549
2016-03-09,EREGL.IS,0.8840575218200684
2016-03-10,EREGL.IS,0.8989573121070862
2016-03-11,EREGL.IS,0.9064071774482727
2016-03-14,EREGL.IS,0.9213071465492249
2016-03-15,EREGL.IS,0.9113739132881165
2016-03-16,EREGL.IS,0.9088905453681946
2016-03-17,EREGL.IS,0.938690185546875
2016-03-18,EREGL.IS,0.9883562922477722
2016-03-21,EREGL.IS,0.9933229684829712
2016-03-22,EREGL.IS,0.9809065461158752
2016-03-23,EREGL.IS,0.9610398411750793
2016-03-24,EREGL.IS,1.0032564401626587
2016-03-25,EREGL.IS,0.9908397197723389
2016-03-28,EREGL.IS,1.0181559324264526
2016-03-29,EREGL.IS,1.0305726528167725
2016-03-30,EREGL.IS,1.0628557205200195
2016-03-31,EREGL.IS,1.0529221296310425
2016-04-01,EREGL.IS,1.0603721141815186
2016-04-04,EREGL.IS,1.0703054666519165
2016-04-05,EREGL.IS,1.0653388500213623
2016-04-06,EREGL.IS,1.0504391193389893
2016-04-07,EREGL.IS,1.0852054357528687
2016-04-08,EREGL.IS,1.1174883842468262
2016-04-11,EREGL.IS,1.1646710634231567
2016-04-12,EREGL.IS,1.1994374990463257
2016-04-13,EREGL.IS,1.2317205667495728
2016-04-14,EREGL.IS,1.2242707014083862
2016-04-15,EREGL.IS,1.1820542812347412
2016-04-18,EREGL.IS,1.1969542503356934
2016-04-19,EREGL.IS,1.1845375299453735
2016-04-20,EREGL.IS,1.211854100227356
2016-04-21,EREGL.IS,1.241653561592102
2016-04-22,EREGL.IS,1.2242707014083862
2016-04-25,EREGL.IS,1.236687183380127
2016-04-26,EREGL.IS,1.1845375299453735
2016-04-27,EREGL.IS,1.1572213172912598
2016-04-28,EREGL.IS,1.1696377992630005
2016-04-29,EREGL.IS,1.159704566001892
2016-05-02,EREGL.IS,1.1423214673995972
2016-05-03,EREGL.IS,1.1025885343551636
2016-05-04,EREGL.IS,1.137354850769043
2016-05-05,EREGL.IS,1.1621878147125244
2016-05-06,EREGL.IS,1.1646710634231567
2016-05-09,EREGL.IS,1.1323882341384888
2016-05-10,EREGL.IS,1.11003839969635
2016-05-11,EREGL.IS,1.1323882341384888
2016-05-12,EREGL.IS,1.0852054357528687
2016-05-13,EREGL.IS,1.0827220678329468
2016-05-16,EREGL.IS,1.0876885652542114
2016-05-17,EREGL.IS,1.0628557205200195
2016-05-18,EREGL.IS,1.0852054357528687
2016-05-19,EREGL.IS,1.0852054357528687
2016-05-20,EREGL.IS,1.0976217985153198
2016-05-23,EREGL.IS,1.0727887153625488
2016-05-24,EREGL.IS,1.0926551818847656
2016-05-25,EREGL.IS,1.105980396270752
2016-05-26,EREGL.IS,1.1193054914474487
2016-05-27,EREGL.IS,1.0979853868484497
2016-05-30,EREGL.IS,1.1086452007293701
2016-05-31,EREGL.IS,1.0979853868484497
2016-06-01,EREGL.IS,1.0553451776504517
2016-06-02,EREGL.IS,1.0500149726867676
2016-06-03,EREGL.IS,1.0766651630401611
2016-06-06,EREGL.IS,1.095320224761963
2016-06-07,EREGL.IS,1.111310362815857
2016-06-08,EREGL.IS,1.1246354579925537
2016-06-09,EREGL.IS,1.0873252153396606
2016-06-10,EREGL.IS,1.084660291671753
2016-06-13,EREGL.IS,1.0873252153396606
2016-06-14,EREGL.IS,1.0633400678634644
2016-06-15,EREGL.IS,1.0766651630401611
2016-06-16,EREGL.IS,1.0500149726867676
2016-06-17,EREGL.IS,1.0526801347732544
2016-06-20,EREGL.IS,1.0793300867080688
2016-06-21,EREGL.IS,1.0819952487945557
2016-06-22,EREGL.IS,1.0633400678634644
2016-06-23,EREGL.IS,1.0793300867080688
2016-06-24,EREGL.IS,1.0500149726867676
2016-06-27,EREGL.IS,1.0420200824737549
2016-06-28,EREGL.IS,1.0873252153396606
2016-06-29,EREGL.IS,1.095320224761963
2016-06-30,EREGL.IS,1.0819952487945557
2016-07-01,EREGL.IS,1.121970295906067
2016-07-04,EREGL.IS,1.121970295906067
2016-07-05,EREGL.IS,1.121970295906067
2016-07-06,EREGL.IS,1.121970295906067
2016-07-07,EREGL.IS,1.121970295906067
2016-07-08,EREGL.IS,1.127300500869751
2016-07-11,EREGL.IS,1.14862060546875
2016-07-12,EREGL.IS,1.1992558240890503
2016-07-13,EREGL.IS,1.180600643157959
2016-07-14,EREGL.IS,1.2312359809875488
2016-07-15,EREGL.IS,1.2632160186767578
2016-07-18,EREGL.IS,1.249890923500061
2016-07-19,EREGL.IS,1.2418960332870483
2016-07-20,EREGL.IS,1.217910885810852
2016-07-21,EREGL.IS,1.1406255960464478
2016-07-22,EREGL.IS,1.1193054914474487
2016-07-25,EREGL.IS,1.1885956525802612
2016-07-26,EREGL.IS,1.1832658052444458
2016-07-27,EREGL.IS,1.2312359809875488
2016-07-28,EREGL.IS,1.244560956954956
2016-07-29,EREGL.IS,1.2099158763885498
2016-08-01,EREGL.IS,1.2392308712005615
2016-08-02,EREGL.IS,1.207250952720642
2016-08-03,EREGL.IS,1.1885956525802612
2016-08-04,EREGL.IS,1.244560956954956
2016-08-05,EREGL.IS,1.2818710803985596
2016-08-08,EREGL.IS,1.3138513565063477
2016-08-09,EREGL.IS,1.3271762132644653
2016-08-10,EREGL.IS,1.3245112895965576
2016-08-11,EREGL.IS,1.3165162801742554
2016-08-12,EREGL.IS,1.3165162801742554
2016-08-15,EREGL.IS,1.3058563470840454
2016-08-16,EREGL.IS,1.2605512142181396
2016-08-17,EREGL.IS,1.292531132698059
2016-08-18,EREGL.IS,1.2792061567306519
2016-08-19,EREGL.IS,1.3058563470840454
2016-08-22,EREGL.IS,1.292531132698059
2016-08-23,EREGL.IS,1.2685461044311523
2016-08-24,EREGL.IS,1.249890923500061
2016-08-25,EREGL.IS,1.2472258806228638
2016-08-26,EREGL.IS,1.244560956954956
2016-08-29,EREGL.IS,1.2259058952331543
2016-08-30,EREGL.IS,1.2259058952331543
2016-08-31,EREGL.IS,1.1859307289123535
2016-09-01,EREGL.IS,1.2019208669662476
2016-09-02,EREGL.IS,1.2019208669662476
2016-09-05,EREGL.IS,1.2365659475326538
2016-09-06,EREGL.IS,1.2365659475326538
2016-09-07,EREGL.IS,1.2418960332870483
2016-09-08,EREGL.IS,1.212580919265747
2016-09-09,EREGL.IS,1.1726053953170776
2016-09-12,EREGL.IS,1.1726053953170776
2016-09-13,EREGL.IS,1.1726053953170776
2016-09-14,EREGL.IS,1.1726053953170776
2016-09-15,EREGL.IS,1.1726053953170776
2016-09-16,EREGL.IS,1.1352956295013428
2016-09-19,EREGL.IS,1.14862060546875
2016-09-20,EREGL.IS,1.1406255960464478
2016-09-21,EREGL.IS,1.1592804193496704
2016-09-22,EREGL.IS,1.1752705574035645
2016-09-23,EREGL.IS,1.1779357194900513
2016-09-26,EREGL.IS,1.1406255960464478
2016-09-27,EREGL.IS,1.1299653053283691
2016-09-28,EREGL.IS,1.1193054914474487
2016-09-29,EREGL.IS,1.116640329360962
2016-09-30,EREGL.IS,1.1006503105163574
2016-10-03,EREGL.IS,1.1193054914474487
2016-10-04,EREGL.IS,1.121970295906067
2016-10-05,EREGL.IS,1.1699405908584595
2016-10-06,EREGL.IS,1.137960433959961
2016-10-07,EREGL.IS,1.132630467414856
2016-10-10,EREGL.IS,1.127300500869751
2016-10-11,EREGL.IS,1.1086452007293701
2016-10-12,EREGL.IS,1.111310362815857
2016-10-13,EREGL.IS,1.1352956295013428
2016-10-14,EREGL.IS,1.1512855291366577
2016-10-17,EREGL.IS,1.1592804193496704
2016-10-18,EREGL.IS,1.1752705574035645
2016-10-19,EREGL.IS,1.180600643157959
2016-10-20,EREGL.IS,1.1646106243133545
2016-10-21,EREGL.IS,1.1193054914474487
2016-10-24,EREGL.IS,1.1299653053283691
2016-10-25,EREGL.IS,1.137960433959961
2016-10-26,EREGL.IS,1.1246354579925537
2016-10-27,EREGL.IS,1.1193054914474487
2016-10-28,EREGL.IS,1.1139752864837646
2016-10-31,EREGL.IS,1.1193054914474487
2016-11-01,EREGL.IS,1.0899903774261475
2016-11-02,EREGL.IS,1.105980396270752
2016-11-03,EREGL.IS,1.111310362815857
2016-11-04,EREGL.IS,1.0366899967193604
2016-11-07,EREGL.IS,1.0686702728271484
2016-11-08,EREGL.IS,1.0660051107406616
2016-11-09,EREGL.IS,1.0766651630401611
2016-11-10,EREGL.IS,1.111310362815857
2016-11-11,EREGL.IS,1.137960433959961
2016-11-14,EREGL.IS,1.1512855291366577
2016-11-15,EREGL.IS,1.1619457006454468
2016-11-16,EREGL.IS,1.1512855291366577
2016-11-17,EREGL.IS,1.1406255960464478
2016-11-18,EREGL.IS,1.1459555625915527
2016-11-21,EREGL.IS,1.1512855291366577
2016-11-22,EREGL.IS,1.1646106243133545
2016-11-23,EREGL.IS,1.1726053953170776
2016-11-24,EREGL.IS,1.1779357194900513
2016-11-25,EREGL.IS,1.1859307289123535
2016-11-28,EREGL.IS,1.2285709381103516
2016-11-29,EREGL.IS,1.2259058952331543
2016-11-30,EREGL.IS,1.2552210092544556
2016-12-01,EREGL.IS,1.2312359809875488
2016-12-02,EREGL.IS,1.2472258806228638
2016-12-05,EREGL.IS,1.265881061553955
2016-12-06,EREGL.IS,1.3378363847732544
2016-12-07,EREGL.IS,1.3431663513183594
2016-12-08,EREGL.IS,1.3671516180038452
2016-12-09,EREGL.IS,1.348496675491333
2016-12-12,EREGL.IS,1.375146746635437
2016-12-13,EREGL.IS,1.3778116703033447
2016-12-14,EREGL.IS,1.3511615991592407
2016-12-15,EREGL.IS,1.3698164224624634
2016-12-16,EREGL.IS,1.3858065605163574
2016-12-19,EREGL.IS,1.3431663513183594
2016-12-20,EREGL.IS,1.3458316326141357
2016-12-21,EREGL.IS,1.3538265228271484
2016-12-22,EREGL.IS,1.3778116703033447
2016-12-23,EREGL.IS,1.3564914464950562
2016-12-26,EREGL.IS,1.3538265228271484
2016-12-27,EREGL.IS,1.3644864559173584
2016-12-28,EREGL.IS,1.3724815845489502
2016-12-29,EREGL.IS,1.3538265228271484
2016-12-30,EREGL.IS,1.3698164224624634
2017-01-02,EREGL.IS,1.3591563701629639
2017-01-03,EREGL.IS,1.3271762132644653
2017-01-04,EREGL.IS,1.265881061553955
2017-01-05,EREGL.IS,1.289866328239441
2017-01-06,EREGL.IS,1.2818710803985596
2017-01-09,EREGL.IS,1.2845361232757568
2017-01-10,EREGL.IS,1.3245112895965576
2017-01-11,EREGL.IS,1.4124568700790405
2017-01-12,EREGL.IS,1.497737169265747
2017-01-13,EREGL.IS,1.503067135810852
2017-01-16,EREGL.IS,1.5083972215652466
2017-01-17,EREGL.IS,1.5004023313522339
2017-01-18,EREGL.IS,1.4737521409988403
2017-01-19,EREGL.IS,1.471087098121643
2017-01-20,EREGL.IS,1.4897421598434448
2017-01-23,EREGL.IS,1.4950722455978394
2017-01-24,EREGL.IS,1.5323824882507324
2017-01-25,EREGL.IS,1.4924070835113525
2017-01-26,EREGL.IS,1.503067135810852
2017-01-27,EREGL.IS,1.5163922309875488
2017-01-30,EREGL.IS,1.5537025928497314
2017-01-31,EREGL.IS,1.5483723878860474
2017-02-01,EREGL.IS,1.5856823921203613
2017-02-02,EREGL.IS,1.5723575353622437
2017-02-03,EREGL.IS,1.5776875019073486
2017-02-06,EREGL.IS,1.5776875019073486
2017-02-07,EREGL.IS,1.527052402496338
2017-02-08,EREGL.IS,1.5243873596191406
2017-02-09,EREGL.IS,1.5243873596191406
2017-02-10,EREGL.IS,1.527052402496338
2017-02-13,EREGL.IS,1.564362645149231
2017-02-14,EREGL.IS,1.591012716293335
2017-02-15,EREGL.IS,1.5723575353622437
2017-02-16,EREGL.IS,1.5750224590301514
2017-02-17,EREGL.IS,1.5776875019073486
2017-02-20,EREGL.IS,1.5537025928497314
2017-02-21,EREGL.IS,1.5696923732757568
2017-02-22,EREGL.IS,1.5750224590301514
2017-02-23,EREGL.IS,1.6256579160690308
2017-02-24,EREGL.IS,1.5856823921203613
2017-02-27,EREGL.IS,1.5830178260803223
2017-02-28,EREGL.IS,1.5830178260803223
2017-03-01,EREGL.IS,1.5856823921203613
2017-03-02,EREGL.IS,1.6203279495239258
2017-03-03,EREGL.IS,1.6096675395965576
2017-03-06,EREGL.IS,1.6096675395965576
2017-03-07,EREGL.IS,1.5936776399612427
2017-03-08,EREGL.IS,1.5590324401855469
2017-03-09,EREGL.IS,1.5723575353622437
2017-03-10,EREGL.IS,1.5696923732757568
2017-03-13,EREGL.IS,1.5803524255752563
2017-03-14,EREGL.IS,1.5590324401855469
2017-03-15,EREGL.IS,1.5990076065063477
2017-03-16,EREGL.IS,1.649643063545227
2017-03-17,EREGL.IS,1.6549729108810425
2017-03-20,EREGL.IS,1.6309877634048462
2017-03-21,EREGL.IS,1.6283228397369385
2017-03-22,EREGL.IS,1.612332820892334
2017-03-23,EREGL.IS,1.5856823921203613
2017-03-24,EREGL.IS,1.591012716293335
2017-03-27,EREGL.IS,1.5616974830627441
2017-03-28,EREGL.IS,1.5750224590301514
2017-03-29,EREGL.IS,1.5776875019073486
2017-03-30,EREGL.IS,1.5856823921203613
2017-03-31,EREGL.IS,1.5723575353622437
2017-04-03,EREGL.IS,1.5616974830627441
2017-04-04,EREGL.IS,1.5963428020477295
2017-04-05,EREGL.IS,1.5963428020477295
2017-04-06,EREGL.IS,1.590620994567871
2017-04-07,EREGL.IS,1.5820386409759521
2017-04-10,EREGL.IS,1.6249510049819946
2017-04-11,EREGL.IS,1.6020642518997192
2017-04-12,EREGL.IS,1.5992034673690796
2017-04-13,EREGL.IS,1.564873456954956
2017-04-14,EREGL.IS,1.562012791633606
2017-04-17,EREGL.IS,1.590620994567871
2017-04-18,EREGL.IS,1.6278116703033447
2017-04-19,EREGL.IS,1.6363942623138428
2017-04-20,EREGL.IS,1.6592811346054077
2017-04-21,EREGL.IS,1.6707243919372559
2017-04-24,EREGL.IS,1.7222191095352173
2017-04-25,EREGL.IS,1.7737141847610474
2017-04-26,EREGL.IS,1.8137656450271606
2017-04-27,EREGL.IS,1.8423740863800049
2017-04-28,EREGL.IS,1.8624000549316406
2017-05-01,EREGL.IS,1.8624000549316406
2017-05-02,EREGL.IS,1.8337916135787964
2017-05-03,EREGL.IS,1.8109047412872314
2017-05-04,EREGL.IS,1.808044195175171
2017-05-05,EREGL.IS,1.808044195175171
2017-05-08,EREGL.IS,1.802322506904602
2017-05-09,EREGL.IS,1.885286569595337
2017-05-10,EREGL.IS,1.879564642906189
2017-05-11,EREGL.IS,1.8767037391662598
2017-05-12,EREGL.IS,1.8452346324920654
2017-05-15,EREGL.IS,1.8423740863800049
2017-05-16,EREGL.IS,1.8395130634307861
2017-05-17,EREGL.IS,1.8309307098388672
2017-05-18,EREGL.IS,1.8337916135787964
2017-05-19,EREGL.IS,1.8337916135787964
2017-05-22,EREGL.IS,1.8824254274368286
2017-05-23,EREGL.IS,1.8738431930541992
2017-05-24,EREGL.IS,1.8566783666610718
2017-05-25,EREGL.IS,1.8738431930541992
2017-05-26,EREGL.IS,1.8538172245025635
2017-05-29,EREGL.IS,1.8538172245025635
2017-05-30,EREGL.IS,1.8538172245025635
2017-05-31,EREGL.IS,1.8280699253082275
2017-06-01,EREGL.IS,1.8166264295578003
2017-06-02,EREGL.IS,1.8824254274368286
2017-06-05,EREGL.IS,1.8595389127731323
2017-06-06,EREGL.IS,1.8480955362319946
2017-06-07,EREGL.IS,1.8252090215682983
2017-06-08,EREGL.IS,1.8337916135787964
2017-06-09,EREGL.IS,1.8423740863800049
2017-06-12,EREGL.IS,1.8767037391662598
2017-06-13,EREGL.IS,1.8423740863800049
2017-06-14,EREGL.IS,1.8252090215682983
2017-06-15,EREGL.IS,1.8423740863800049
2017-06-16,EREGL.IS,1.8137656450271606
2017-06-19,EREGL.IS,1.8166264295578003
2017-06-20,EREGL.IS,1.8166264295578003
2017-06-21,EREGL.IS,1.8681215047836304
2017-06-22,EREGL.IS,1.8480955362319946
2017-06-23,EREGL.IS,1.8566783666610718
2017-06-26,EREGL.IS,1.8566783666610718
2017-06-27,EREGL.IS,1.8566783666610718
2017-06-28,EREGL.IS,1.9482247829437256
2017-06-29,EREGL.IS,1.9968587160110474
2017-06-30,EREGL.IS,2.0168848037719727
2017-07-03,EREGL.IS,2.0254669189453125
2017-07-04,EREGL.IS,2.0111629962921143
2017-07-05,EREGL.IS,2.0454928874969482
2017-07-06,EREGL.IS,2.019745349884033
2017-07-07,EREGL.IS,2.019745349884033
2017-07-10,EREGL.IS,2.088405132293701
2017-07-11,EREGL.IS,2.1198742389678955
2017-07-12,EREGL.IS,2.1570651531219482
2017-07-13,EREGL.IS,2.1799519062042236
2017-07-14,EREGL.IS,2.1713693141937256
2017-07-17,EREGL.IS,2.177091121673584
2017-07-18,EREGL.IS,2.177091121673584
2017-07-19,EREGL.IS,2.2142815589904785
2017-07-20,EREGL.IS,2.188534736633301
2017-07-21,EREGL.IS,2.2686374187469482
2017-07-24,EREGL.IS,2.245750904083252
2017-07-25,EREGL.IS,2.262915849685669
2017-07-26,EREGL.IS,2.262915849685669
2017-07-27,EREGL.IS,2.2829415798187256
2017-07-28,EREGL.IS,2.2571940422058105
2017-07-31,EREGL.IS,2.2428901195526123
2017-08-01,EREGL.IS,2.2343075275421143
2017-08-02,EREGL.IS,2.245750904083252
2017-08-03,EREGL.IS,2.30582857131958
2017-08-04,EREGL.IS,2.3430190086364746
2017-08-07,EREGL.IS,2.357323408126831
2017-08-08,EREGL.IS,2.3287150859832764
2017-08-09,EREGL.IS,2.297245979309082
2017-08-10,EREGL.IS,2.2314469814300537
2017-08-11,EREGL.IS,2.2228643894195557
2017-08-14,EREGL.IS,2.288663387298584
2017-08-15,EREGL.IS,2.188534736633301
2017-08-16,EREGL.IS,2.2428901195526123
2017-08-17,EREGL.IS,2.220003366470337
2017-08-18,EREGL.IS,2.2343075275421143
2017-08-21,EREGL.IS,2.3115499019622803
2017-08-22,EREGL.IS,2.3372974395751953
2017-08-23,EREGL.IS,2.340158462524414
2017-08-24,EREGL.IS,2.3001067638397217
2017-08-25,EREGL.IS,2.2943851947784424
2017-08-28,EREGL.IS,2.3172714710235596
2017-08-29,EREGL.IS,2.322993278503418
2017-08-30,EREGL.IS,2.322993278503418
2017-08-31,EREGL.IS,2.3516016006469727
2017-09-01,EREGL.IS,2.3516016006469727
2017-09-04,EREGL.IS,2.3516016006469727
2017-09-05,EREGL.IS,2.322993278503418
2017-09-06,EREGL.IS,2.331575870513916
2017-09-07,EREGL.IS,2.331575870513916
2017-09-08,EREGL.IS,2.3029673099517822
2017-09-11,EREGL.IS,2.3172714710235596
2017-09-12,EREGL.IS,2.2943851947784424
2017-09-13,EREGL.IS,2.2343075275421143
2017-09-14,EREGL.IS,2.2829415798187256
2017-09-15,EREGL.IS,2.245750904083252
2017-09-18,EREGL.IS,2.211421012878418
2017-09-19,EREGL.IS,2.1399002075195312
2017-09-20,EREGL.IS,2.168508768081665
2017-09-21,EREGL.IS,2.15134334564209
2017-09-22,EREGL.IS,2.1198742389678955
2017-09-25,EREGL.IS,2.1456217765808105
2017-09-26,EREGL.IS,2.2486116886138916
2017-09-27,EREGL.IS,2.2314469814300537
2017-09-28,EREGL.IS,2.1971170902252197
2017-09-29,EREGL.IS,2.211421012878418
2017-10-02,EREGL.IS,2.2657768726348877
2017-10-03,EREGL.IS,2.3458797931671143
2017-10-04,EREGL.IS,2.3029673099517822
2017-10-05,EREGL.IS,2.3287150859832764
2017-10-06,EREGL.IS,2.3201324939727783
2017-10-09,EREGL.IS,2.3029673099517822
2017-10-10,EREGL.IS,2.3372974395751953
2017-10-11,EREGL.IS,2.3115499019622803
2017-10-12,EREGL.IS,2.4202616214752197
2017-10-13,EREGL.IS,2.4288439750671387
2017-10-16,EREGL.IS,2.4231221675872803
2017-10-17,EREGL.IS,2.4145398139953613
2017-10-18,EREGL.IS,2.391653060913086
2017-10-19,EREGL.IS,2.4202616214752197
2017-10-20,EREGL.IS,2.42598295211792
2017-10-23,EREGL.IS,2.4059574604034424
2017-10-24,EREGL.IS,2.4660348892211914
2017-10-25,EREGL.IS,2.4975037574768066
2017-10-26,EREGL.IS,2.451730728149414
2017-10-27,EREGL.IS,2.434565782546997
2017-10-30,EREGL.IS,2.4488699436187744
2017-10-31,EREGL.IS,2.546138048171997
2017-11-01,EREGL.IS,2.6376845836639404
2017-11-02,EREGL.IS,2.640544891357422
2017-11-03,EREGL.IS,2.623380184173584
2017-11-06,EREGL.IS,2.7235093116760254
2017-11-07,EREGL.IS,2.746396064758301
2017-11-08,EREGL.IS,2.7206485271453857
2017-11-09,EREGL.IS,2.8093338012695312
2017-11-10,EREGL.IS,2.763561248779297
2017-11-13,EREGL.IS,2.70062255859375
2017-11-14,EREGL.IS,2.6777358055114746
2017-11-15,EREGL.IS,2.5575811862945557
2017-11-16,EREGL.IS,2.52897310256958
2017-11-17,EREGL.IS,2.517529249191284
2017-11-20,EREGL.IS,2.5060861110687256
2017-11-21,EREGL.IS,2.5661635398864746
2017-11-22,EREGL.IS,2.5747463703155518
2017-11-23,EREGL.IS,2.617658853530884
2017-11-24,EREGL.IS,2.6720144748687744
2017-11-27,EREGL.IS,2.600493907928467
2017-11-28,EREGL.IS,2.468895673751831
2017-11-29,EREGL.IS,2.4545912742614746
2017-11-30,EREGL.IS,2.4631736278533936
2017-12-01,EREGL.IS,2.4030966758728027
2017-12-04,EREGL.IS,2.5346946716308594
2017-12-05,EREGL.IS,2.5404164791107178
2017-12-06,EREGL.IS,2.4831998348236084
2017-12-07,EREGL.IS,2.563303232192993
2017-12-08,EREGL.IS,2.5575811862945557
2017-12-11,EREGL.IS,2.6634318828582764
2017-12-12,EREGL.IS,2.589050531387329
2017-12-13,EREGL.IS,2.58332896232605
2017-12-14,EREGL.IS,2.649127960205078
2017-12-15,EREGL.IS,2.6691536903381348
2017-12-18,EREGL.IS,2.7063446044921875
2017-12-19,EREGL.IS,2.6863186359405518
2017-12-20,EREGL.IS,2.752117395401001
2017-12-21,EREGL.IS,2.709205389022827
2017-12-22,EREGL.IS,2.7578392028808594
2017-12-25,EREGL.IS,2.795030117034912
2017-12-26,EREGL.IS,2.7549781799316406
2017-12-27,EREGL.IS,2.7721433639526367
2017-12-28,EREGL.IS,2.8264992237091064
2017-12-29,EREGL.IS,2.866550922393799
2018-01-01,EREGL.IS,2.866550922393799
2018-01-02,EREGL.IS,2.9380714893341064
2018-01-03,EREGL.IS,2.9123239517211914
2018-01-04,EREGL.IS,2.8608293533325195
2018-01-05,EREGL.IS,2.8922982215881348
2018-01-08,EREGL.IS,2.846525192260742
2018-01-09,EREGL.IS,2.8350815773010254
2018-01-10,EREGL.IS,2.7750041484832764
2018-01-11,EREGL.IS,2.80361270904541
2018-01-12,EREGL.IS,2.8608293533325195
2018-01-15,EREGL.IS,2.80361270904541
2018-01-16,EREGL.IS,2.8608293533325195
2018-01-17,EREGL.IS,2.906602382659912
2018-01-18,EREGL.IS,2.8751332759857178
2018-01-19,EREGL.IS,2.829360246658325
2018-01-22,EREGL.IS,2.900881052017212
2018-01-23,EREGL.IS,2.8694114685058594
2018-01-24,EREGL.IS,2.880854845046997
2018-01-25,EREGL.IS,2.8522467613220215
2018-01-26,EREGL.IS,2.880854845046997
2018-01-29,EREGL.IS,2.86368989944458
2018-01-30,EREGL.IS,2.840803623199463
2018-01-31,EREGL.IS,2.846525192260742
2018-02-01,EREGL.IS,2.9294888973236084
2018-02-02,EREGL.IS,2.872272253036499
2018-02-05,EREGL.IS,2.80361270904541
2018-02-06,EREGL.IS,2.820777654647827
2018-02-07,EREGL.IS,2.786447286605835
2018-02-08,EREGL.IS,2.7549781799316406
2018-02-09,EREGL.IS,2.7721433639526367
2018-02-12,EREGL.IS,2.760699987411499
2018-02-13,EREGL.IS,2.8350815773010254
2018-02-14,EREGL.IS,2.8522467613220215
2018-02-15,EREGL.IS,2.943793296813965
2018-02-16,EREGL.IS,2.9609580039978027
2018-02-19,EREGL.IS,2.9266278743743896
2018-02-20,EREGL.IS,2.9209065437316895
2018-02-21,EREGL.IS,3.0038704872131348
2018-02-22,EREGL.IS,2.9838449954986572
2018-02-23,EREGL.IS,3.081113338470459
2018-02-26,EREGL.IS,3.081113338470459
2018-02-27,EREGL.IS,3.112582206726074
2018-02-28,EREGL.IS,3.269927740097046
2018-03-01,EREGL.IS,3.181241989135742
2018-03-02,EREGL.IS,3.0496435165405273
2018-03-05,EREGL.IS,3.0839741230010986
2018-03-06,EREGL.IS,3.0839741230010986
2018-03-07,EREGL.IS,3.001009702682495
2018-03-08,EREGL.IS,3.038200616836548
2018-03-09,EREGL.IS,3.1011388301849365
2018-03-12,EREGL.IS,3.103999376296997
2018-03-13,EREGL.IS,3.115443229675293
2018-03-14,EREGL.IS,3.1097207069396973
2018-03-15,EREGL.IS,3.1612162590026855
2018-03-16,EREGL.IS,3.1354687213897705
2018-03-19,EREGL.IS,3.081113338470459
2018-03-20,EREGL.IS,3.129746913909912
2018-03-21,EREGL.IS,3.181241989135742
2018-03-22,EREGL.IS,3.172659397125244
2018-03-23,EREGL.IS,3.0954172611236572
2018-03-26,EREGL.IS,3.046782970428467
2018-03-27,EREGL.IS,3.052504777908325
2018-03-28,EREGL.IS,2.958097457885742
2018-03-29,EREGL.IS,2.97526216506958
2018-03-30,EREGL.IS,3.0038704872131348
2018-04-02,EREGL.IS,2.969540596008301
2018-04-03,EREGL.IS,3.0238962173461914
2018-04-04,EREGL.IS,3.0324790477752686
2018-04-05,EREGL.IS,3.0668089389801025
2018-04-06,EREGL.IS,3.0496435165405273
2018-04-09,EREGL.IS,2.97526216506958
2018-04-10,EREGL.IS,2.9380714893341064
2018-04-11,EREGL.IS,2.9838449954986572
2018-04-12,EREGL.IS,3.052504777908325
2018-04-13,EREGL.IS,3.098278045654297
2018-04-16,EREGL.IS,3.0839741230010986
2018-04-17,EREGL.IS,3.035339593887329
2018-04-18,EREGL.IS,3.1411900520324707
2018-04-19,EREGL.IS,3.206989288330078
2018-04-20,EREGL.IS,3.252762794494629
2018-04-23,EREGL.IS,3.252762794494629
2018-04-24,EREGL.IS,3.235597610473633
2018-04-25,EREGL.IS,3.149773120880127
2018-04-26,EREGL.IS,3.1697986125946045
2018-04-27,EREGL.IS,3.046782970428467
2018-04-30,EREGL.IS,2.906602382659912
2018-05-01,EREGL.IS,2.906602382659912
2018-05-02,EREGL.IS,3.0668089389801025
2018-05-03,EREGL.IS,3.0553653240203857
2018-05-04,EREGL.IS,3.001009702682495
2018-05-07,EREGL.IS,2.829360246658325
2018-05-08,EREGL.IS,2.9495153427124023
2018-05-09,EREGL.IS,3.0181751251220703
2018-05-10,EREGL.IS,3.0238962173461914
2018-05-11,EREGL.IS,3.0610873699188232
2018-05-14,EREGL.IS,3.1669373512268066
2018-05-15,EREGL.IS,3.215571880340576
2018-05-16,EREGL.IS,3.3242833614349365
2018-05-17,EREGL.IS,3.3099794387817383
2018-05-18,EREGL.IS,3.2899537086486816
2018-05-21,EREGL.IS,3.3414487838745117
2018-05-22,EREGL.IS,3.4101083278656006
2018-05-23,EREGL.IS,3.295675277709961
2018-05-24,EREGL.IS,3.235597610473633
2018-05-25,EREGL.IS,3.4101083278656006
2018-05-28,EREGL.IS,3.535984992980957
2018-05-29,EREGL.IS,3.6434147357940674
2018-05-30,EREGL.IS,3.5636096000671387
2018-05-31,EREGL.IS,3.4684574604034424
2018-06-01,EREGL.IS,3.477665662765503
2018-06-04,EREGL.IS,3.453110456466675
2018-06-05,EREGL.IS,3.450040578842163
2018-06-06,EREGL.IS,3.379443645477295
2018-06-07,EREGL.IS,3.407069206237793
2018-06-08,EREGL.IS,3.1553757190704346
2018-06-11,EREGL.IS,3.2720139026641846
2018-06-12,EREGL.IS,3.2535972595214844
2018-06-13,EREGL.IS,3.2044858932495117
2018-06-14,EREGL.IS,3.2474584579467773
2018-06-15,EREGL.IS,3.2474584579467773
2018-06-18,EREGL.IS,3.158444404602051
2018-06-19,EREGL.IS,3.342611074447632
2018-06-20,EREGL.IS,3.210624933242798
2018-06-21,EREGL.IS,3.2044858932495117
2018-06-22,EREGL.IS,3.235180139541626
2018-06-25,EREGL.IS,3.152305841445923
2018-06-26,EREGL.IS,3.2014167308807373
2018-06-27,EREGL.IS,3.164583921432495
2018-06-28,EREGL.IS,3.1400279998779297
2018-06-29,EREGL.IS,3.1277501583099365
2018-07-02,EREGL.IS,3.1338891983032227
2018-07-03,EREGL.IS,3.2413198947906494
2018-07-04,EREGL.IS,3.2198331356048584
2018-07-05,EREGL.IS,3.293499708175659
2018-07-06,EREGL.IS,3.268944263458252
2018-07-09,EREGL.IS,3.268944263458252
2018-07-10,EREGL.IS,3.354888439178467
2018-07-11,EREGL.IS,3.333402156829834
2018-07-12,EREGL.IS,3.1031947135925293
2018-07-13,EREGL.IS,3.072500705718994
2018-07-16,EREGL.IS,3.1093337535858154
2018-07-17,EREGL.IS,3.2474584579467773
2018-07-18,EREGL.IS,3.3886520862579346
2018-07-19,EREGL.IS,3.453110456466675
2018-07-20,EREGL.IS,3.4408328533172607
2018-07-23,EREGL.IS,3.453110456466675
2018-07-24,EREGL.IS,3.3119163513183594
2018-07-25,EREGL.IS,3.3640964031219482
2018-07-26,EREGL.IS,3.327263832092285
2018-07-27,EREGL.IS,3.3579580783843994
2018-07-30,EREGL.IS,3.373305082321167
2018-07-31,EREGL.IS,3.3947908878326416
2018-08-01,EREGL.IS,3.5820260047912598
2018-08-02,EREGL.IS,3.6955952644348145
2018-08-03,EREGL.IS,3.6249985694885254
2018-08-06,EREGL.IS,3.606581687927246
2018-08-07,EREGL.IS,3.704803228378296
2018-08-08,EREGL.IS,3.7017343044281006
2018-08-09,EREGL.IS,3.738567352294922
2018-08-10,EREGL.IS,3.618859052658081
2018-08-13,EREGL.IS,3.477665662765503
2018-08-14,EREGL.IS,3.4469707012176514
2018-08-15,EREGL.IS,3.477665662765503
2018-08-16,EREGL.IS,3.216763734817505
2018-08-17,EREGL.IS,3.4684574604034424
2018-08-20,EREGL.IS,3.4346935749053955
2018-08-21,EREGL.IS,3.4346935749053955
2018-08-22,EREGL.IS,3.4346935749053955
2018-08-23,EREGL.IS,3.4346935749053955
2018-08-24,EREGL.IS,3.4346935749053955
2018-08-27,EREGL.IS,3.542123794555664
2018-08-28,EREGL.IS,3.6833174228668213
2018-08-29,EREGL.IS,3.5574707984924316
2018-08-30,EREGL.IS,3.5574707984924316
2018-08-31,EREGL.IS,3.6219289302825928
2018-09-03,EREGL.IS,3.7293589115142822
2018-09-04,EREGL.IS,3.5820260047912598
2018-09-05,EREGL.IS,3.5114293098449707
2018-09-06,EREGL.IS,3.483804702758789
2018-09-07,EREGL.IS,3.4930131435394287
2018-09-10,EREGL.IS,3.459249258041382
2018-09-11,EREGL.IS,3.477665662765503
2018-09-12,EREGL.IS,3.450040578842163
2018-09-13,EREGL.IS,3.483804702758789
2018-09-14,EREGL.IS,3.3947908878326416
2018-09-17,EREGL.IS,3.4224159717559814
2018-09-18,EREGL.IS,3.3886520862579346
2018-09-19,EREGL.IS,3.4285547733306885
2018-09-20,EREGL.IS,3.407069206237793
2018-09-21,EREGL.IS,3.4991514682769775
2018-09-24,EREGL.IS,3.4868738651275635
2018-09-25,EREGL.IS,3.450040578842163
2018-09-26,EREGL.IS,3.3825132846832275
2018-09-27,EREGL.IS,3.453110456466675
2018-09-28,EREGL.IS,3.4101381301879883
2018-10-01,EREGL.IS,3.3917219638824463
2018-10-02,EREGL.IS,3.419346809387207
2018-10-03,EREGL.IS,3.3702354431152344
2018-10-04,EREGL.IS,3.379443645477295
2018-10-05,EREGL.IS,3.407069206237793
2018-10-08,EREGL.IS,3.3825132846832275
2018-10-09,EREGL.IS,3.4346935749053955
2018-10-10,EREGL.IS,3.302708148956299
2018-10-11,EREGL.IS,3.256666898727417
2018-10-12,EREGL.IS,3.342611074447632
2018-10-15,EREGL.IS,3.373305082321167
2018-10-16,EREGL.IS,3.3395416736602783
2018-10-17,EREGL.IS,3.262805461883545
2018-10-18,EREGL.IS,3.1676528453826904
2018-10-19,EREGL.IS,3.1277501583099365
2018-10-22,EREGL.IS,3.0387370586395264
2018-10-23,EREGL.IS,3.026459217071533
2018-10-24,EREGL.IS,2.8545711040496826
2018-10-25,EREGL.IS,2.9527931213378906
2018-10-26,EREGL.IS,2.774765729904175
2018-10-29,EREGL.IS,2.774765729904175
2018-10-30,EREGL.IS,2.676544189453125
2018-10-31,EREGL.IS,2.7410025596618652
2018-11-01,EREGL.IS,2.694960594177246
2018-11-02,EREGL.IS,2.857640504837036
2018-11-05,EREGL.IS,2.9067513942718506
2018-11-06,EREGL.IS,2.857640504837036
2018-11-07,EREGL.IS,2.8085293769836426
2018-11-08,EREGL.IS,2.76248836517334
2018-11-09,EREGL.IS,2.793182611465454
2018-11-12,EREGL.IS,2.676544189453125
2018-11-13,EREGL.IS,2.7103078365325928
2018-11-14,EREGL.IS,2.76248836517334
2018-11-15,EREGL.IS,2.719515800476074
2018-11-16,EREGL.IS,2.716446876525879
2018-11-19,EREGL.IS,2.6857519149780273
2018-11-20,EREGL.IS,2.5230724811553955
2018-11-21,EREGL.IS,2.5353500843048096
2018-11-22,EREGL.IS,2.5230724811553955
2018-11-23,EREGL.IS,2.492377996444702
2018-11-26,EREGL.IS,2.461683988571167
2018-11-27,EREGL.IS,2.3788092136383057
2018-11-28,EREGL.IS,2.384948253631592
2018-11-29,EREGL.IS,2.317420721054077
2018-11-30,EREGL.IS,2.3419759273529053
2018-12-03,EREGL.IS,2.501586437225342
2018-12-04,EREGL.IS,2.4309897422790527
2018-12-05,EREGL.IS,2.526141881942749
2018-12-06,EREGL.IS,2.3941564559936523
2018-12-07,EREGL.IS,2.403364658355713
2018-12-10,EREGL.IS,2.286726236343384
2018-12-11,EREGL.IS,2.2836568355560303
2018-12-12,EREGL.IS,2.2683098316192627
2018-12-13,EREGL.IS,2.3726704120635986
2018-12-14,EREGL.IS,2.3143513202667236
2018-12-17,EREGL.IS,2.299003839492798
2018-12-18,EREGL.IS,2.2959346771240234
2018-12-19,EREGL.IS,2.3542537689208984
2018-12-20,EREGL.IS,2.292865037918091
2018-12-21,EREGL.IS,2.2744483947753906
2018-12-24,EREGL.IS,2.2805871963500977
2018-12-25,EREGL.IS,2.2498929500579834
2018-12-26,EREGL.IS,2.228407144546509
2018-12-27,EREGL.IS,2.1977126598358154
2018-12-28,EREGL.IS,2.1854350566864014
2018-12-31,EREGL.IS,2.2191989421844482
2019-01-01,EREGL.IS,2.2191989421844482
2019-01-02,EREGL.IS,2.1578104496002197
2019-01-03,EREGL.IS,2.170088052749634
2019-01-04,EREGL.IS,2.2314765453338623
2019-01-07,EREGL.IS,2.246824026107788
2019-01-08,EREGL.IS,2.2775180339813232
2019-01-09,EREGL.IS,2.345045566558838
2019-01-10,EREGL.IS,2.305142879486084
2019-01-11,EREGL.IS,2.271379232406616
2019-01-14,EREGL.IS,2.2897958755493164
2019-01-15,EREGL.IS,2.292865037918091
2019-01-16,EREGL.IS,2.2683098316192627
2019-01-17,EREGL.IS,2.2744483947753906
2019-01-18,EREGL.IS,2.415642499923706
2019-01-21,EREGL.IS,2.501586437225342
2019-01-22,EREGL.IS,2.5875306129455566
2019-01-23,EREGL.IS,2.5752527713775635
2019-01-24,EREGL.IS,2.602877616882324
2019-01-25,EREGL.IS,2.5936694145202637
2019-01-28,EREGL.IS,2.526141881942749
2019-01-29,EREGL.IS,2.6458497047424316
2019-01-30,EREGL.IS,2.596738815307617
2019-01-31,EREGL.IS,2.6059470176696777
2019-02-01,EREGL.IS,2.5537664890289307
2019-02-04,EREGL.IS,2.5506975650787354
2019-02-05,EREGL.IS,2.5353500843048096
2019-02-06,EREGL.IS,2.520003080368042
2019-02-07,EREGL.IS,2.6397111415863037
2019-02-08,EREGL.IS,2.5506975650787354
2019-02-11,EREGL.IS,2.6090166568756104
2019-02-12,EREGL.IS,2.618224859237671
2019-02-13,EREGL.IS,2.602877616882324
2019-02-14,EREGL.IS,2.6581273078918457
2019-02-15,EREGL.IS,2.6397111415863037
2019-02-18,EREGL.IS,2.70723819732666
2019-02-19,EREGL.IS,2.7716965675354004
2019-02-20,EREGL.IS,2.70723819732666
2019-02-21,EREGL.IS,2.7041690349578857
2019-02-22,EREGL.IS,2.839223861694336
2019-02-25,EREGL.IS,2.799321174621582
2019-02-26,EREGL.IS,2.897542953491211
2019-02-27,EREGL.IS,2.9067513942718506
2019-02-28,EREGL.IS,2.8699183464050293
2019-03-01,EREGL.IS,2.76248836517334
2019-03-04,EREGL.IS,2.7839741706848145
2019-03-05,EREGL.IS,2.728724479675293
2019-03-06,EREGL.IS,2.7594187259674072
2019-03-07,EREGL.IS,2.7379326820373535
2019-03-08,EREGL.IS,2.691891670227051
2019-03-11,EREGL.IS,2.728724479675293
2019-03-12,EREGL.IS,2.7410025596618652
2019-03-13,EREGL.IS,2.7440714836120605
2019-03-14,EREGL.IS,2.8177382946014404
2019-03-15,EREGL.IS,2.8668487071990967
2019-03-18,EREGL.IS,2.9006121158599854
2019-03-19,EREGL.IS,2.971209764480591
2019-03-20,EREGL.IS,2.8422935009002686
2019-03-21,EREGL.IS,2.7410025596618652
2019-03-22,EREGL.IS,2.694960594177246
2019-03-25,EREGL.IS,2.833085060119629
2019-03-26,EREGL.IS,2.8085293769836426
2019-03-27,EREGL.IS,2.624363660812378
2019-03-28,EREGL.IS,2.8177382946014404
2019-03-29,EREGL.IS,2.8177382946014404
2019-04-01,EREGL.IS,2.7778351306915283
2019-04-02,EREGL.IS,2.7778351306915283
2019-04-03,EREGL.IS,2.7778351306915283
2019-04-04,EREGL.IS,2.851501941680908
2019-04-05,EREGL.IS,2.8729875087738037
2019-04-08,EREGL.IS,2.851501941680908
2019-04-09,EREGL.IS,2.949723482131958
2019-04-10,EREGL.IS,2.937445878982544
2019-04-11,EREGL.IS,2.8821961879730225
2019-04-12,EREGL.IS,2.888334274291992
2019-04-15,EREGL.IS,2.8238766193389893
2019-04-16,EREGL.IS,2.8300156593322754
2019-04-17,EREGL.IS,2.8361544609069824
2019-04-18,EREGL.IS,2.839223861694336
2019-04-19,EREGL.IS,2.8484323024749756
2019-04-22,EREGL.IS,2.839223861694336
2019-04-23,EREGL.IS,2.839223861694336
2019-04-24,EREGL.IS,2.7901129722595215
2019-04-25,EREGL.IS,2.7010996341705322
2019-04-26,EREGL.IS,2.68882155418396
2019-04-29,EREGL.IS,2.7778351306915283
2019-04-30,EREGL.IS,2.8177382946014404
2019-05-01,EREGL.IS,2.8177382946014404
2019-05-02,EREGL.IS,2.768627166748047
2019-05-03,EREGL.IS,2.768627166748047
2019-05-06,EREGL.IS,2.7256548404693604
2019-05-07,EREGL.IS,2.7379326820373535
2019-05-08,EREGL.IS,2.7125141620635986
2019-05-09,EREGL.IS,2.6762020587921143
2019-05-10,EREGL.IS,2.7415640354156494
2019-05-13,EREGL.IS,2.687095880508423
2019-05-14,EREGL.IS,2.770613431930542
2019-05-15,EREGL.IS,2.745195150375366
2019-05-16,EREGL.IS,2.774244785308838
2019-05-17,EREGL.IS,2.705251693725586
2019-05-20,EREGL.IS,2.7125141620635986
2019-05-21,EREGL.IS,2.643521308898926
2019-05-22,EREGL.IS,2.5817906856536865
2019-05-23,EREGL.IS,2.636258840560913
2019-05-24,EREGL.IS,2.6507835388183594
2019-05-27,EREGL.IS,2.596315383911133
2019-05-28,EREGL.IS,2.618102788925171
2019-05-29,EREGL.IS,2.6217339038848877
2019-05-30,EREGL.IS,2.661677360534668
2019-05-31,EREGL.IS,2.632627487182617
2019-06-03,EREGL.IS,2.6471524238586426
2019-06-04,EREGL.IS,2.6471524238586426
2019-06-05,EREGL.IS,2.6471524238586426
2019-06-06,EREGL.IS,2.6471524238586426
2019-06-07,EREGL.IS,2.708883047103882
2019-06-10,EREGL.IS,2.774244785308838
2019-06-11,EREGL.IS,2.7996633052825928
2019-06-12,EREGL.IS,2.766982316970825
2019-06-13,EREGL.IS,2.723407745361328
2019-06-14,EREGL.IS,2.6725709438323975
2019-06-17,EREGL.IS,2.6653084754943848
2019-06-18,EREGL.IS,2.705251693725586
2019-06-19,EREGL.IS,2.6907267570495605
2019-06-20,EREGL.IS,2.727039337158203
2019-06-21,EREGL.IS,2.7379326820373535
2019-06-24,EREGL.IS,2.7633512020111084
2019-06-25,EREGL.IS,2.7887697219848633
2019-06-26,EREGL.IS,2.7851386070251465
2019-06-27,EREGL.IS,2.839606761932373
2019-06-28,EREGL.IS,2.8505001068115234
2019-07-01,EREGL.IS,2.886812210083008
2019-07-02,EREGL.IS,2.8541314601898193
2019-07-03,EREGL.IS,2.8287129402160645
2019-07-04,EREGL.IS,2.8323440551757812
2019-07-05,EREGL.IS,2.7560887336730957
2019-07-08,EREGL.IS,2.745195150375366
2019-07-09,EREGL.IS,2.6507835388183594
2019-07-10,EREGL.IS,2.618102788925171
2019-07-11,EREGL.IS,2.705251693725586
2019-07-12,EREGL.IS,2.6253652572631836
2019-07-15,EREGL.IS,2.6253652572631836
2019-07-16,EREGL.IS,2.6907267570495605
2019-07-17,EREGL.IS,2.6907267570495605
2019-07-18,EREGL.IS,2.7197763919830322
2019-07-19,EREGL.IS,2.814188241958618
2019-07-22,EREGL.IS,2.7815070152282715
2019-07-23,EREGL.IS,2.7851386070251465
2019-07-24,EREGL.IS,2.8069257736206055
2019-07-25,EREGL.IS,2.7851386070251465
2019-07-26,EREGL.IS,2.796032190322876
2019-07-29,EREGL.IS,2.7815070152282715
2019-07-30,EREGL.IS,2.730670213699341
2019-07-31,EREGL.IS,2.687095880508423
2019-08-01,EREGL.IS,2.6653084754943848
2019-08-02,EREGL.IS,2.618102788925171
2019-08-05,EREGL.IS,2.574528455734253
2019-08-06,EREGL.IS,2.574528455734253
2019-08-07,EREGL.IS,2.4438047409057617
2019-08-08,EREGL.IS,2.4546985626220703
2019-08-09,EREGL.IS,2.4474358558654785
2019-08-12,EREGL.IS,2.4474358558654785
2019-08-13,EREGL.IS,2.4474358558654785
2019-08-14,EREGL.IS,2.4474358558654785
2019-08-15,EREGL.IS,2.320343017578125
2019-08-16,EREGL.IS,2.258612871170044
2019-08-19,EREGL.IS,2.233194351196289
2019-08-20,EREGL.IS,2.2658751010894775
2019-08-21,EREGL.IS,2.229562997817993
2019-08-22,EREGL.IS,2.254981517791748
2019-08-23,EREGL.IS,2.323974609375
2019-08-26,EREGL.IS,2.3384995460510254
2019-08-27,EREGL.IS,2.320343017578125
2019-08-28,EREGL.IS,2.305818557739258
2019-08-29,EREGL.IS,2.323974609375
2019-08-30,EREGL.IS,2.323974609375
2019-09-02,EREGL.IS,2.342130661010742
2019-09-03,EREGL.IS,2.3566553592681885
2019-09-04,EREGL.IS,2.3602867126464844
2019-09-05,EREGL.IS,2.41475510597229
2019-09-06,EREGL.IS,2.396599054336548
2019-09-09,EREGL.IS,2.480116605758667
2019-09-10,EREGL.IS,2.501904010772705
2019-09-11,EREGL.IS,2.5091664791107178
2019-09-12,EREGL.IS,2.5600032806396484
2019-09-13,EREGL.IS,2.570896625518799
2019-09-16,EREGL.IS,2.5309534072875977
2019-09-17,EREGL.IS,2.545478582382202
2019-09-18,EREGL.IS,2.5781593322753906
2019-09-19,EREGL.IS,2.5127975940704346
2019-09-20,EREGL.IS,2.4655921459198
2019-09-23,EREGL.IS,2.3784430027008057
2019-09-24,EREGL.IS,2.4256484508514404
2019-09-25,EREGL.IS,2.432910919189453
2019-09-26,EREGL.IS,2.4038610458374023
2019-09-27,EREGL.IS,2.47648549079895
2019-09-30,EREGL.IS,2.4946413040161133
2019-10-01,EREGL.IS,2.4728543758392334
2019-10-02,EREGL.IS,2.436542272567749
2019-10-03,EREGL.IS,2.4074926376342773
2019-10-04,EREGL.IS,2.4220173358917236
2019-10-07,EREGL.IS,2.4074926376342773
2019-10-08,EREGL.IS,2.4002299308776855
2019-10-09,EREGL.IS,2.389336347579956
2019-10-10,EREGL.IS,2.432910919189453
2019-10-11,EREGL.IS,2.505535125732422
2019-10-14,EREGL.IS,2.4256484508514404
2019-10-15,EREGL.IS,2.4292798042297363
2019-10-16,EREGL.IS,2.4292798042297363
2019-10-17,EREGL.IS,2.389336347579956
2019-10-18,EREGL.IS,2.4002299308776855
2019-10-21,EREGL.IS,2.3639183044433594
2019-10-22,EREGL.IS,2.345762014389038
2019-10-23,EREGL.IS,2.396599054336548
2019-10-24,EREGL.IS,2.389336347579956
2019-10-25,EREGL.IS,2.392967462539673
2019-10-28,EREGL.IS,2.371180534362793
2019-10-30,EREGL.IS,2.396599054336548
2019-10-31,EREGL.IS,2.3857052326202393
2019-11-01,EREGL.IS,2.3566553592681885
2019-11-04,EREGL.IS,2.4292798042297363
2019-11-05,EREGL.IS,2.4982728958129883
2019-11-06,EREGL.IS,2.5164287090301514
2019-11-07,EREGL.IS,2.6253652572631836
2019-11-08,EREGL.IS,2.632627487182617
2019-11-11,EREGL.IS,2.636258840560913
2019-11-12,EREGL.IS,2.6725709438323975
2019-11-13,EREGL.IS,2.658046245574951
2019-11-14,EREGL.IS,2.618102788925171
2019-11-15,EREGL.IS,2.6689398288726807
2019-11-18,EREGL.IS,2.7343015670776367
2019-11-19,EREGL.IS,2.7597200870513916
2019-11-20,EREGL.IS,2.723407745361328
2019-11-21,EREGL.IS,2.7125141620635986
2019-11-22,EREGL.IS,2.7633512020111084
2019-11-25,EREGL.IS,2.796032190322876
2019-11-26,EREGL.IS,2.8759186267852783
2019-11-27,EREGL.IS,2.835975170135498
2019-11-28,EREGL.IS,2.8541314601898193
2019-11-29,EREGL.IS,2.9231245517730713
2019-12-02,EREGL.IS,2.995748281478882
2019-12-03,EREGL.IS,2.9231245517730713
2019-12-04,EREGL.IS,2.9666988849639893
2019-12-05,EREGL.IS,2.952174186706543
2019-12-06,EREGL.IS,2.9630675315856934
2019-12-09,EREGL.IS,3.0247981548309326
2019-12-10,EREGL.IS,3.0247981548309326
2019-12-11,EREGL.IS,3.0066421031951904
2019-12-12,EREGL.IS,3.1373655796051025
2019-12-13,EREGL.IS,3.130103349685669
2019-12-16,EREGL.IS,3.1373655796051025
2019-12-17,EREGL.IS,3.1409966945648193
2019-12-18,EREGL.IS,3.101053476333618
2019-12-19,EREGL.IS,3.1155779361724854
2019-12-20,EREGL.IS,3.1773087978363037
2019-12-23,EREGL.IS,3.1918342113494873
2019-12-24,EREGL.IS,3.199096202850342
2019-12-25,EREGL.IS,3.1845717430114746
2019-12-26,EREGL.IS,3.195465087890625
2019-12-27,EREGL.IS,3.242670774459839
2019-12-30,EREGL.IS,3.28261399269104
2019-12-31,EREGL.IS,3.2935078144073486
2020-01-02,EREGL.IS,3.3044016361236572
2020-01-03,EREGL.IS,3.2535645961761475
2020-01-06,EREGL.IS,3.220883369445801
2020-01-07,EREGL.IS,3.242670774459839
2020-01-08,EREGL.IS,3.239039659500122
2020-01-09,EREGL.IS,3.3625011444091797
2020-01-10,EREGL.IS,3.3625011444091797
2020-01-13,EREGL.IS,3.4678056240081787
2020-01-14,EREGL.IS,3.4750685691833496
2020-01-15,EREGL.IS,3.3915507793426514
2020-01-16,EREGL.IS,3.3661322593688965
2020-01-17,EREGL.IS,3.4351251125335693
2020-01-20,EREGL.IS,3.5404295921325684
2020-01-21,EREGL.IS,3.5731112957000732
2020-01-22,EREGL.IS,3.5259056091308594
2020-01-23,EREGL.IS,3.5222742557525635
2020-01-24,EREGL.IS,3.5004868507385254
2020-01-27,EREGL.IS,3.42423152923584
2020-01-28,EREGL.IS,3.3915507793426514
2020-01-29,EREGL.IS,3.4278626441955566
2020-01-30,EREGL.IS,3.416969060897827
2020-01-31,EREGL.IS,3.377025604248047
2020-02-03,EREGL.IS,3.3370819091796875
2020-02-04,EREGL.IS,3.4060757160186768
2020-02-05,EREGL.IS,3.4351251125335693
2020-02-06,EREGL.IS,3.4205996990203857
2020-02-07,EREGL.IS,3.355238676071167
2020-02-10,EREGL.IS,3.2935078144073486
2020-02-11,EREGL.IS,3.351607322692871
2020-02-12,EREGL.IS,3.308032512664795
2020-02-13,EREGL.IS,3.2971386909484863
2020-02-14,EREGL.IS,3.28261399269104
2020-02-17,EREGL.IS,3.2789828777313232
2020-02-18,EREGL.IS,3.239039659500122
2020-02-19,EREGL.IS,3.1882026195526123
2020-02-20,EREGL.IS,3.199096202850342
2020-02-21,EREGL.IS,3.2535645961761475
2020-02-24,EREGL.IS,3.1373655796051025
2020-02-25,EREGL.IS,3.151890993118286
2020-02-26,EREGL.IS,3.239039659500122
2020-02-27,EREGL.IS,3.1155779361724854
2020-02-28,EREGL.IS,3.0211668014526367
2020-03-02,EREGL.IS,3.0066421031951904
2020-03-03,EREGL.IS,3.061110019683838
2020-03-04,EREGL.IS,3.0284295082092285
2020-03-05,EREGL.IS,3.1627843379974365
2020-03-06,EREGL.IS,3.2354087829589844
2020-03-09,EREGL.IS,3.108316421508789
2020-03-10,EREGL.IS,3.1155779361724854
2020-03-11,EREGL.IS,3.1155779361724854
2020-03-12,EREGL.IS,2.9376490116119385
2020-03-13,EREGL.IS,2.944911479949951
2020-03-16,EREGL.IS,2.7125141620635986
2020-03-17,EREGL.IS,2.679833173751831
2020-03-18,EREGL.IS,2.748826503753662
2020-03-19,EREGL.IS,2.766982316970825
2020-03-20,EREGL.IS,2.7887697219848633
2020-03-23,EREGL.IS,2.7560887336730957
2020-03-24,EREGL.IS,2.9194929599761963
2020-03-25,EREGL.IS,2.8069257736206055
2020-03-26,EREGL.IS,2.777876138687134
2020-03-27,EREGL.IS,2.6762020587921143
2020-03-30,EREGL.IS,2.705251693725586
2020-03-31,EREGL.IS,2.7415640354156494
2020-04-01,EREGL.IS,2.7597200870513916
2020-04-02,EREGL.IS,2.748826503753662
2020-04-03,EREGL.IS,2.7633512020111084
2020-04-06,EREGL.IS,2.8505001068115234
2020-04-07,EREGL.IS,2.7996633052825928
2020-04-08,EREGL.IS,2.745195150375366
2020-04-09,EREGL.IS,2.7851386070251465
2020-04-10,EREGL.IS,2.770613431930542
2020-04-13,EREGL.IS,2.766982316970825
2020-04-14,EREGL.IS,2.8323440551757812
2020-04-15,EREGL.IS,2.883181095123291
2020-04-16,EREGL.IS,2.912230968475342
2020-04-17,EREGL.IS,2.9921176433563232
2020-04-20,EREGL.IS,3.0247981548309326
2020-04-21,EREGL.IS,2.973961114883423
2020-04-22,EREGL.IS,2.9412806034088135
2020-04-24,EREGL.IS,2.8940746784210205
2020-04-27,EREGL.IS,2.9376490116119385
2020-04-28,EREGL.IS,2.8904433250427246
2020-04-29,EREGL.IS,2.9630675315856934
2020-04-30,EREGL.IS,2.9558050632476807
2020-05-04,EREGL.IS,2.8287129402160645
2020-05-05,EREGL.IS,2.817819356918335
2020-05-06,EREGL.IS,2.90496826171875
2020-05-07,EREGL.IS,2.908599615097046
2020-05-08,EREGL.IS,2.9231245517730713
2020-05-11,EREGL.IS,2.879549980163574
2020-05-12,EREGL.IS,2.926755666732788
2020-05-13,EREGL.IS,2.9412806034088135
2020-05-14,EREGL.IS,2.901336908340454
2020-05-15,EREGL.IS,2.886812210083008
2020-05-18,EREGL.IS,2.901336908340454
2020-05-20,EREGL.IS,2.901336908340454
2020-05-21,EREGL.IS,2.9666988849639893
2020-05-22,EREGL.IS,2.926755666732788
2020-05-27,EREGL.IS,2.9558050632476807
2020-05-28,EREGL.IS,2.952174186706543
2020-05-29,EREGL.IS,2.9376490116119385
2020-06-01,EREGL.IS,2.952174186706543
2020-06-02,EREGL.IS,2.995748281478882
2020-06-03,EREGL.IS,3.064741611480713
2020-06-04,EREGL.IS,3.082897186279297
2020-06-05,EREGL.IS,3.148259162902832
2020-06-08,EREGL.IS,3.1591525077819824
2020-06-09,EREGL.IS,3.130103349685669
2020-06-10,EREGL.IS,3.130103349685669
2020-06-11,EREGL.IS,3.1155779361724854
2020-06-12,EREGL.IS,3.0901601314544678
2020-06-15,EREGL.IS,3.039322853088379
2020-06-16,EREGL.IS,3.0538482666015625
2020-06-17,EREGL.IS,3.0066421031951904
2020-06-18,EREGL.IS,3.0284295082092285
2020-06-19,EREGL.IS,2.995748281478882
2020-06-22,EREGL.IS,3.0756354331970215
2020-06-23,EREGL.IS,3.0683727264404297
2020-06-24,EREGL.IS,3.0465855598449707
2020-06-25,EREGL.IS,3.07926607131958
2020-06-26,EREGL.IS,3.07926607131958
2020-06-29,EREGL.IS,3.086529016494751
2020-06-30,EREGL.IS,3.126471757888794
2020-07-01,EREGL.IS,3.0538482666015625
2020-07-02,EREGL.IS,3.173677921295166
2020-07-03,EREGL.IS,3.0937914848327637
2020-07-06,EREGL.IS,3.1409966945648193
2020-07-07,EREGL.IS,3.0974225997924805
2020-07-08,EREGL.IS,3.1373655796051025
2020-07-09,EREGL.IS,3.1555213928222656
2020-07-10,EREGL.IS,3.126471757888794
2020-07-13,EREGL.IS,3.224514961242676
2020-07-14,EREGL.IS,3.224514961242676
2020-07-16,EREGL.IS,3.260826587677002
2020-07-17,EREGL.IS,3.2496469020843506
2020-07-20,EREGL.IS,3.2049272060394287
2020-07-21,EREGL.IS,3.1378469467163086
2020-07-22,EREGL.IS,3.1117608547210693
2020-07-23,EREGL.IS,3.108034133911133
2020-07-24,EREGL.IS,3.1154868602752686
2020-07-27,EREGL.IS,3.156480550765991
2020-07-28,EREGL.IS,3.0148673057556152
2020-07-29,EREGL.IS,2.944060802459717
2020-07-30,EREGL.IS,2.847167730331421
2020-08-04,EREGL.IS,2.8881611824035645
2020-08-05,EREGL.IS,2.9776008129119873
2020-08-06,EREGL.IS,2.9664206504821777
2020-08-07,EREGL.IS,3.0521340370178223
2020-08-10,EREGL.IS,3.141573667526245
2020-08-11,EREGL.IS,3.1751139163970947
2020-08-12,EREGL.IS,3.201200246810913
2020-08-13,EREGL.IS,3.208653450012207
2020-08-14,EREGL.IS,3.1937472820281982
2020-08-17,EREGL.IS,3.1825671195983887
2020-08-18,EREGL.IS,3.1788406372070312
2020-08-19,EREGL.IS,3.2794604301452637
2020-08-20,EREGL.IS,3.350266456604004
2020-08-21,EREGL.IS,3.3241801261901855
2020-08-24,EREGL.IS,3.335360050201416
2020-08-25,EREGL.IS,3.2794604301452637
2020-08-26,EREGL.IS,3.2720067501068115
2020-08-27,EREGL.IS,3.2980940341949463
2020-08-28,EREGL.IS,3.305546760559082
2020-08-31,EREGL.IS,3.2869133949279785
2020-09-01,EREGL.IS,3.1974735260009766
2020-09-02,EREGL.IS,3.2272868156433105
2020-09-03,EREGL.IS,3.2496469020843506
2020-09-04,EREGL.IS,3.2720067501068115
2020-09-07,EREGL.IS,3.327906847000122
2020-09-08,EREGL.IS,3.3241801261901855
2020-09-09,EREGL.IS,3.3689000606536865
2020-09-10,EREGL.IS,3.365173578262329
2020-09-11,EREGL.IS,3.4061665534973145
2020-09-14,EREGL.IS,3.4210734367370605
2020-09-15,EREGL.IS,3.4136199951171875
2020-09-16,EREGL.IS,3.3987133502960205
2020-09-17,EREGL.IS,3.4657931327819824
2020-09-18,EREGL.IS,3.432253360748291
2020-09-21,EREGL.IS,3.3838062286376953
2020-09-22,EREGL.IS,3.4508867263793945
2020-09-23,EREGL.IS,3.3987133502960205
2020-09-24,EREGL.IS,3.4583396911621094
2020-09-25,EREGL.IS,3.4210734367370605
2020-09-28,EREGL.IS,3.4359798431396484
2020-09-29,EREGL.IS,3.4657931327819824
2020-09-30,EREGL.IS,3.5254201889038086
2020-10-01,EREGL.IS,3.5477797985076904
2020-10-02,EREGL.IS,3.5850467681884766
2020-10-05,EREGL.IS,3.6223132610321045
2020-10-06,EREGL.IS,3.603679656982422
2020-10-07,EREGL.IS,3.566413164138794
2020-10-08,EREGL.IS,3.551506280899048
2020-10-09,EREGL.IS,3.6111326217651367
2020-10-12,EREGL.IS,3.626039743423462
2020-10-13,EREGL.IS,3.5850467681884766
2020-10-14,EREGL.IS,3.6558525562286377
2020-10-15,EREGL.IS,3.626039743423462
2020-10-16,EREGL.IS,3.6223132610321045
2020-10-19,EREGL.IS,3.5999526977539062
2020-10-20,EREGL.IS,3.6297659873962402
2020-10-21,EREGL.IS,3.689392566680908
2020-10-22,EREGL.IS,3.6670329570770264
2020-10-23,EREGL.IS,3.760199546813965
2020-10-26,EREGL.IS,3.737839460372925
2020-10-27,EREGL.IS,3.603679656982422
2020-10-28,EREGL.IS,3.462066888809204
2020-10-30,EREGL.IS,3.5254201889038086
2020-11-02,EREGL.IS,3.6670329570770264
2020-11-03,EREGL.IS,3.75647234916687
2020-11-04,EREGL.IS,3.853365898132324
2020-11-05,EREGL.IS,3.790012836456299
2020-11-06,EREGL.IS,3.9316258430480957
2020-11-09,EREGL.IS,4.099325180053711
2020-11-10,EREGL.IS,4.349011421203613
2020-11-11,EREGL.IS,4.3191986083984375
2020-11-12,EREGL.IS,4.196218490600586
2020-11-13,EREGL.IS,4.110505104064941
2020-11-16,EREGL.IS,4.073238849639893
2020-11-17,EREGL.IS,4.054605960845947
2020-11-18,EREGL.IS,4.438451290130615
2020-11-19,EREGL.IS,4.285658836364746
2020-11-20,EREGL.IS,4.22603178024292
2020-11-23,EREGL.IS,4.211124897003174
2020-11-24,EREGL.IS,4.29683780670166
2020-11-25,EREGL.IS,4.34155797958374
2020-11-26,EREGL.IS,4.423544406890869
2020-11-27,EREGL.IS,4.4086384773254395
2020-11-30,EREGL.IS,4.158951759338379
2020-12-01,EREGL.IS,4.207398414611816
2020-12-02,EREGL.IS,4.349011421203613
2020-12-03,EREGL.IS,4.337831497192383
2020-12-04,EREGL.IS,4.34155797958374
2020-12-07,EREGL.IS,4.546524524688721
2020-12-08,EREGL.IS,5.012356758117676
2020-12-09,EREGL.IS,5.075710296630859
2020-12-10,EREGL.IS,5.016083717346191
2020-12-11,EREGL.IS,5.284402847290039
2020-12-14,EREGL.IS,5.310490131378174
2020-12-15,EREGL.IS,5.310490131378174
2020-12-16,EREGL.IS,5.366389274597168
2020-12-17,EREGL.IS,5.336575984954834
2020-12-18,EREGL.IS,5.20241641998291
2020-12-21,EREGL.IS,5.004904270172119
2020-12-22,EREGL.IS,5.299309730529785
2020-12-23,EREGL.IS,5.2955827713012695
2020-12-24,EREGL.IS,5.347756385803223
2020-12-25,EREGL.IS,5.299309730529785
2020-12-28,EREGL.IS,5.299309730529785
2020-12-29,EREGL.IS,5.552722454071045
2020-12-30,EREGL.IS,5.679429054260254
2020-12-31,EREGL.IS,5.582535266876221
2021-01-04,EREGL.IS,5.515456199645996
2021-01-05,EREGL.IS,5.366389274597168
2021-01-06,EREGL.IS,5.467009544372559
2021-01-07,EREGL.IS,5.437196254730225
2021-01-08,EREGL.IS,5.6086225509643555
2021-01-11,EREGL.IS,5.534089088439941
2021-01-12,EREGL.IS,5.645888328552246
2021-01-13,EREGL.IS,5.70924186706543
2021-01-14,EREGL.IS,5.653342247009277
2021-01-15,EREGL.IS,5.671975612640381
2021-01-18,EREGL.IS,5.9402947425842285
2021-01-19,EREGL.IS,5.854581832885742
2021-01-20,EREGL.IS,5.839675426483154
2021-01-21,EREGL.IS,5.679429054260254
2021-01-22,EREGL.IS,5.530362606048584
2021-01-25,EREGL.IS,5.522909164428711
2021-01-26,EREGL.IS,5.589989185333252
2021-01-27,EREGL.IS,5.403656005859375
2021-01-28,EREGL.IS,5.474462509155273
2021-01-29,EREGL.IS,5.347756385803223
2021-02-01,EREGL.IS,5.332850456237793
2021-02-02,EREGL.IS,5.448376178741455
2021-02-03,EREGL.IS,5.455829620361328
2021-02-04,EREGL.IS,5.515456199645996
2021-02-05,EREGL.IS,5.440922260284424
2021-02-08,EREGL.IS,5.575082302093506
2021-02-09,EREGL.IS,5.582535266876221
2021-02-10,EREGL.IS,5.6086225509643555
2021-02-11,EREGL.IS,5.701788902282715
2021-02-12,EREGL.IS,5.630981922149658
2021-02-15,EREGL.IS,5.657068729400635
2021-02-16,EREGL.IS,5.485642910003662
2021-02-17,EREGL.IS,5.485642910003662
2021-02-18,EREGL.IS,5.4819159507751465
2021-02-19,EREGL.IS,5.500548839569092
2021-02-22,EREGL.IS,5.433469772338867
2021-02-23,EREGL.IS,5.381295680999756
2021-02-24,EREGL.IS,5.373842716217041
2021-02-25,EREGL.IS,5.537815570831299
2021-02-26,EREGL.IS,5.437196254730225
2021-03-01,EREGL.IS,5.627255916595459
2021-03-02,EREGL.IS,5.627255916595459
2021-03-03,EREGL.IS,5.776322364807129
2021-03-04,EREGL.IS,5.873215198516846
2021-03-05,EREGL.IS,5.891848564147949
2021-03-08,EREGL.IS,5.962655067443848
2021-03-09,EREGL.IS,6.111721515655518
2021-03-10,EREGL.IS,6.2607879638671875
2021-03-11,EREGL.IS,6.171347618103027
2021-03-12,EREGL.IS,6.2607879638671875
2021-03-15,EREGL.IS,6.242154121398926
2021-03-16,EREGL.IS,6.2607879638671875
2021-03-17,EREGL.IS,6.312961101531982
2021-03-18,EREGL.IS,6.2607879638671875
2021-03-19,EREGL.IS,6.089361667633057
2021-03-22,EREGL.IS,5.4819159507751465
2021-03-23,EREGL.IS,5.739055633544922
2021-03-24,EREGL.IS,6.077892780303955
2021-03-25,EREGL.IS,5.811058044433594
2021-03-26,EREGL.IS,5.844942092895508
2021-03-29,EREGL.IS,6.188014984130859
2021-03-30,EREGL.IS,6.306607723236084
2021-03-31,EREGL.IS,6.463319778442383
2021-04-01,EREGL.IS,6.467555522918701
2021-04-02,EREGL.IS,6.41672945022583
2021-04-05,EREGL.IS,6.543793678283691
2021-04-06,EREGL.IS,6.526852130889893
2021-04-07,EREGL.IS,6.620032787322998
2021-04-08,EREGL.IS,6.708977222442627
2021-04-09,EREGL.IS,6.908043384552002
2021-04-12,EREGL.IS,6.946163177490234
2021-04-13,EREGL.IS,7.238409996032715
2021-04-14,EREGL.IS,7.420534610748291
2021-04-15,EREGL.IS,7.636544227600098
2021-04-16,EREGL.IS,7.767843246459961
2021-04-19,EREGL.IS,7.691604137420654
2021-04-20,EREGL.IS,7.721253395080566
2021-04-21,EREGL.IS,7.556069850921631
2021-04-22,EREGL.IS,7.619601726531982
2021-04-26,EREGL.IS,8.182918548583984
2021-04-27,EREGL.IS,8.237980842590332
2021-04-28,EREGL.IS,8.021971702575684
2021-04-29,EREGL.IS,8.157505989074707
2021-04-30,EREGL.IS,8.064326286315918
2021-05-03,EREGL.IS,8.030441284179688
2021-05-04,EREGL.IS,8.3226900100708
2021-05-05,EREGL.IS,8.233745574951172
2021-05-06,EREGL.IS,8.386220932006836
2021-05-07,EREGL.IS,8.360808372497559
2021-05-10,EREGL.IS,8.657291412353516
2021-05-11,EREGL.IS,8.513285636901855
2021-05-12,EREGL.IS,8.466695785522461
2021-05-17,EREGL.IS,8.229509353637695
2021-05-18,EREGL.IS,8.195626258850098
2021-05-20,EREGL.IS,7.865258693695068
2021-05-21,EREGL.IS,7.92455530166626
2021-05-24,EREGL.IS,8.144800186157227
2021-05-25,EREGL.IS,7.8271403312683105
2021-05-26,EREGL.IS,8.081267356872559
2021-05-27,EREGL.IS,7.9880876541137695
2021-05-28,EREGL.IS,8.13632869720459
2021-05-31,EREGL.IS,8.144800186157227
2021-06-01,EREGL.IS,8.221037864685059
2021-06-02,EREGL.IS,8.144800186157227
2021-06-03,EREGL.IS,8.072796821594238
2021-06-04,EREGL.IS,8.009264945983887
2021-06-07,EREGL.IS,8.093975067138672
2021-06-08,EREGL.IS,8.055855751037598
2021-06-09,EREGL.IS,8.055855751037598
2021-06-10,EREGL.IS,8.072796821594238
2021-06-11,EREGL.IS,8.13209342956543
2021-06-14,EREGL.IS,8.229509353637695
2021-06-15,EREGL.IS,8.077032089233398
2021-06-16,EREGL.IS,8.017736434936523
2021-06-17,EREGL.IS,7.92455530166626
2021-06-18,EREGL.IS,7.53489351272583
2021-06-21,EREGL.IS,7.704311847686768
2021-06-22,EREGL.IS,7.71278190612793
2021-06-23,EREGL.IS,7.615365982055664
2021-06-24,EREGL.IS,7.71701717376709
2021-06-25,EREGL.IS,7.683134078979492
2021-06-28,EREGL.IS,7.695840358734131
2021-06-29,EREGL.IS,7.738194942474365
2021-06-30,EREGL.IS,7.623837947845459
2021-07-01,EREGL.IS,7.636544227600098
2021-07-02,EREGL.IS,7.695840358734131
2021-07-05,EREGL.IS,7.71701717376709
2021-07-06,EREGL.IS,7.6323089599609375
2021-07-07,EREGL.IS,7.636544227600098
2021-07-08,EREGL.IS,7.437476634979248
2021-07-09,EREGL.IS,7.645015239715576
2021-07-12,EREGL.IS,7.704311847686768
2021-07-13,EREGL.IS,7.589954376220703
2021-07-14,EREGL.IS,7.704311847686768
2021-07-16,EREGL.IS,7.666192054748535
2021-07-19,EREGL.IS,7.589954376220703
2021-07-26,EREGL.IS,7.640779495239258
2021-07-27,EREGL.IS,7.8271403312683105
2021-07-28,EREGL.IS,7.933026313781738
2021-07-29,EREGL.IS,8.470931053161621
2021-07-30,EREGL.IS,8.470931053161621
2021-08-02,EREGL.IS,8.343867301940918
2021-08-03,EREGL.IS,8.496343612670898
2021-08-04,EREGL.IS,8.43704605102539
2021-08-05,EREGL.IS,8.631877899169922
2021-08-06,EREGL.IS,8.809767723083496
2021-08-09,EREGL.IS,8.69117546081543
2021-08-10,EREGL.IS,8.348101615905762
2021-08-11,EREGL.IS,8.077032089233398
2021-08-12,EREGL.IS,8.373516082763672
2021-08-13,EREGL.IS,8.360808372497559
2021-08-16,EREGL.IS,8.276100158691406
2021-08-17,EREGL.IS,8.229509353637695
2021-08-18,EREGL.IS,8.055855751037598
2021-08-19,EREGL.IS,7.85678768157959
2021-08-20,EREGL.IS,7.894906997680664
2021-08-23,EREGL.IS,7.894906997680664
2021-08-24,EREGL.IS,7.8906707763671875
2021-08-25,EREGL.IS,7.861023426055908
2021-08-26,EREGL.IS,7.79325532913208
2021-08-27,EREGL.IS,7.92455530166626
2021-08-31,EREGL.IS,7.954204559326172
2021-09-01,EREGL.IS,7.831374645233154
2021-09-02,EREGL.IS,7.797491550445557
2021-09-03,EREGL.IS,7.670428276062012
2021-09-06,EREGL.IS,7.729724884033203
2021-09-07,EREGL.IS,7.649250507354736
2021-09-08,EREGL.IS,7.594189643859863
2021-09-09,EREGL.IS,7.6534857749938965
2021-09-10,EREGL.IS,7.594189643859863
2021-09-13,EREGL.IS,7.649250507354736
2021-09-14,EREGL.IS,7.526422023773193
2021-09-15,EREGL.IS,7.361237525939941
2021-09-16,EREGL.IS,7.246881484985352
2021-09-17,EREGL.IS,7.217233180999756
2021-09-20,EREGL.IS,6.984282970428467
2021-09-21,EREGL.IS,6.802156925201416
2021-09-22,EREGL.IS,7.1579365730285645
2021-09-23,EREGL.IS,7.179113864898682
2021-09-24,EREGL.IS,7.140994071960449
2021-09-27,EREGL.IS,7.132523059844971
2021-09-28,EREGL.IS,7.0351080894470215
2021-09-29,EREGL.IS,6.97581148147583
2021-09-30,EREGL.IS,7.05204963684082
2021-10-01,EREGL.IS,7.060521125793457
2021-10-04,EREGL.IS,6.916514873504639
2021-10-05,EREGL.IS,6.840275764465332
2021-10-06,EREGL.IS,6.840275764465332
2021-10-07,EREGL.IS,7.183348655700684
2021-10-08,EREGL.IS,7.2299394607543945
2021-10-11,EREGL.IS,7.437476634979248
2021-10-12,EREGL.IS,7.4671244621276855
2021-10-13,EREGL.IS,7.361237525939941
2021-10-14,EREGL.IS,7.433241367340088
2021-10-15,EREGL.IS,7.5518341064453125
2021-10-18,EREGL.IS,7.708547115325928
2021-10-19,EREGL.IS,7.670428276062012
2021-10-20,EREGL.IS,7.725488662719727
2021-10-21,EREGL.IS,7.983852386474609
2021-10-22,EREGL.IS,8.195626258850098
2021-10-25,EREGL.IS,8.314217567443848
2021-10-26,EREGL.IS,8.470931053161621
2021-10-27,EREGL.IS,8.373516082763672
2021-10-28,EREGL.IS,8.339631080627441
2021-11-01,EREGL.IS,8.343867301940918
2021-11-02,EREGL.IS,8.085502624511719
2021-11-03,EREGL.IS,8.026206970214844
2021-11-04,EREGL.IS,8.00502872467041
2021-11-05,EREGL.IS,7.962674617767334
2021-11-08,EREGL.IS,8.276100158691406
2021-11-09,EREGL.IS,8.314217567443848
2021-11-10,EREGL.IS,8.195626258850098
2021-11-11,EREGL.IS,8.233745574951172
2021-11-12,EREGL.IS,8.288805961608887
2021-11-15,EREGL.IS,8.538697242736816
2021-11-16,EREGL.IS,8.259156227111816
2021-11-17,EREGL.IS,8.53022575378418
2021-11-18,EREGL.IS,8.902949333190918
2021-11-19,EREGL.IS,8.996129035949707
2021-11-22,EREGL.IS,9.13166332244873
2021-11-23,EREGL.IS,9.7754545211792
2021-11-24,EREGL.IS,9.741571426391602
2021-11-25,EREGL.IS,9.809337615966797
2021-11-26,EREGL.IS,9.521326065063477
2021-11-29,EREGL.IS,9.673802375793457
2021-11-30,EREGL.IS,9.54673957824707
2021-12-01,EREGL.IS,9.716157913208008
2021-12-02,EREGL.IS,9.910989761352539
2021-12-03,EREGL.IS,10.08040714263916
2021-12-06,EREGL.IS,10.021111488342285
2021-12-07,EREGL.IS,10.775022506713867
2021-12-08,EREGL.IS,10.724198341369629
2021-12-09,EREGL.IS,11.181628227233887
2021-12-10,EREGL.IS,11.317163467407227
2021-12-13,EREGL.IS,12.14731502532959
2021-12-14,EREGL.IS,12.765691757202148
2021-12-15,EREGL.IS,13.112998962402344
2021-12-16,EREGL.IS,14.23116397857666
2021-12-17,EREGL.IS,13.087587356567383
2021-12-20,EREGL.IS,13.29089069366455
2021-12-21,EREGL.IS,11.9694242477417
2021-12-22,EREGL.IS,10.775022506713867
2021-12-23,EREGL.IS,11.17315673828125
2021-12-24,EREGL.IS,12.02025032043457
2021-12-27,EREGL.IS,12.16425609588623
2021-12-28,EREGL.IS,11.783064842224121
2021-12-29,EREGL.IS,12.401443481445312
2021-12-30,EREGL.IS,12.01177978515625
2021-12-31,EREGL.IS,11.927070617675781
2022-01-03,EREGL.IS,12.384500503540039
2022-01-04,EREGL.IS,12.799575805664062
2022-01-05,EREGL.IS,13.070646286010742
2022-01-06,EREGL.IS,12.791106224060059
2022-01-07,EREGL.IS,12.968996047973633
2022-01-10,EREGL.IS,12.918169975280762
2022-01-11,EREGL.IS,13.451837539672852
2022-01-12,EREGL.IS,13.37559986114502
2022-01-13,EREGL.IS,13.392541885375977
2022-01-14,EREGL.IS,13.333244323730469
2022-01-17,EREGL.IS,12.943581581115723
2022-01-18,EREGL.IS,12.248966217041016
2022-01-19,EREGL.IS,12.42685604095459
2022-01-20,EREGL.IS,12.138842582702637
2022-01-21,EREGL.IS,12.172727584838867
2022-01-24,EREGL.IS,11.418814659118652
2022-01-25,EREGL.IS,11.554349899291992
2022-01-26,EREGL.IS,11.520464897155762
2022-01-27,EREGL.IS,11.774593353271484
2022-01-28,EREGL.IS,11.554349899291992
2022-01-31,EREGL.IS,11.554349899291992
2022-02-01,EREGL.IS,11.689884185791016
2022-02-02,EREGL.IS,11.562820434570312
2022-02-03,EREGL.IS,11.393401145935059
2022-02-04,EREGL.IS,11.30022144317627
2022-02-07,EREGL.IS,12.172727584838867
2022-02-08,EREGL.IS,12.045663833618164
2022-02-09,EREGL.IS,12.536977767944336
2022-02-10,EREGL.IS,12.477680206298828
2022-02-11,EREGL.IS,12.316732406616211
2022-02-14,EREGL.IS,11.833889961242676
2022-02-15,EREGL.IS,12.096488952636719
2022-02-16,EREGL.IS,11.935542106628418
2022-02-17,EREGL.IS,11.876245498657227
2022-02-18,EREGL.IS,12.003308296203613
2022-02-21,EREGL.IS,12.223552703857422
2022-02-22,EREGL.IS,12.028721809387207
2022-02-23,EREGL.IS,12.884284973144531
2022-02-24,EREGL.IS,12.316732406616211
2022-02-25,EREGL.IS,13.197710037231445
2022-02-28,EREGL.IS,13.163825988769531
2022-03-01,EREGL.IS,14.053274154663086
2022-03-02,EREGL.IS,14.60388469696045
2022-03-03,EREGL.IS,14.968134880065918
2022-03-04,EREGL.IS,14.400583267211914
2022-03-07,EREGL.IS,14.646240234375
2022-03-08,EREGL.IS,14.586941719055176
2022-03-09,EREGL.IS,14.341286659240723
2022-03-10,EREGL.IS,14.663180351257324
2022-03-11,EREGL.IS,14.392108917236328
2022-03-14,EREGL.IS,14.570001602172852
2022-03-15,EREGL.IS,14.493762969970703
2022-03-16,EREGL.IS,14.51917552947998
2022-03-17,EREGL.IS,15.146023750305176
2022-03-18,EREGL.IS,15.315442085266113
2022-03-21,EREGL.IS,15.366268157958984
2022-03-22,EREGL.IS,16.317306518554688
2022-03-23,EREGL.IS,16.17247772216797
2022-03-24,EREGL.IS,16.1821346282959
2022-03-25,EREGL.IS,16.027652740478516
2022-03-28,EREGL.IS,15.786271095275879
2022-03-29,EREGL.IS,15.699374198913574
2022-03-30,EREGL.IS,15.747648239135742
2022-03-31,EREGL.IS,15.660752296447754
2022-04-01,EREGL.IS,16.085580825805664
2022-04-04,EREGL.IS,16.597307205200195
2022-04-05,EREGL.IS,16.703514099121094
2022-04-06,EREGL.IS,16.230409622192383
2022-04-07,EREGL.IS,16.442825317382812
2022-04-08,EREGL.IS,16.42351531982422
2022-04-11,EREGL.IS,16.5876522064209
2022-04-12,EREGL.IS,16.61661720275879
2022-04-13,EREGL.IS,16.973861694335938
2022-04-14,EREGL.IS,16.91592788696289
2022-04-15,EREGL.IS,17.041446685791016
2022-04-18,EREGL.IS,16.983518600463867
2022-04-19,EREGL.IS,17.321449279785156
2022-04-20,EREGL.IS,17.224895477294922
2022-04-21,EREGL.IS,17.62076187133789
2022-04-22,EREGL.IS,16.877309799194336
2022-04-25,EREGL.IS,16.65523910522461
2022-04-26,EREGL.IS,15.969720840454102
2022-04-27,EREGL.IS,16.5779972076416
2022-04-28,EREGL.IS,16.008338928222656
2022-04-29,EREGL.IS,16.201444625854492
2022-05-05,EREGL.IS,16.17247772216797
2022-05-06,EREGL.IS,15.902132987976074
2022-05-09,EREGL.IS,16.1821346282959
2022-05-10,EREGL.IS,16.51041030883789
2022-05-11,EREGL.IS,16.4814453125
2022-05-12,EREGL.IS,15.544890403747559
2022-05-13,EREGL.IS,15.757304191589355
2022-05-16,EREGL.IS,15.293854713439941
2022-05-17,EREGL.IS,15.313164710998535
2022-05-18,EREGL.IS,15.400060653686523
2022-05-20,EREGL.IS,14.975232124328613
2022-05-23,EREGL.IS,15.17799186706543
2022-05-24,EREGL.IS,15.255233764648438
2022-05-25,EREGL.IS,15.58350944519043
2022-05-26,EREGL.IS,15.651095390319824
2022-05-27,EREGL.IS,15.873167037963867
2022-05-30,EREGL.IS,16.771102905273438
2022-05-31,EREGL.IS,16.51041030883789
2022-06-01,EREGL.IS,16.529722213745117
2022-06-02,EREGL.IS,16.742136001586914
2022-06-03,EREGL.IS,16.66489601135254
2022-06-06,EREGL.IS,16.896617889404297
2022-06-07,EREGL.IS,16.751792907714844
2022-06-08,EREGL.IS,16.471790313720703
2022-06-09,EREGL.IS,16.37523651123047
2022-06-10,EREGL.IS,16.046960830688477
2022-06-13,EREGL.IS,15.033164024353027
2022-06-14,EREGL.IS,14.685575485229492
2022-06-15,EREGL.IS,14.463504791259766
2022-06-16,EREGL.IS,14.096607208251953
2022-06-17,EREGL.IS,13.92281436920166
2022-06-20,EREGL.IS,13.47867488861084
2022-06-21,EREGL.IS,13.855228424072266
2022-06-22,EREGL.IS,13.613846778869629
2022-06-23,EREGL.IS,13.314536094665527
2022-06-24,EREGL.IS,13.44970989227295
2022-06-27,EREGL.IS,13.102120399475098
2022-06-28,EREGL.IS,13.30488109588623
2022-06-29,EREGL.IS,12.812464714050293
2022-06-30,EREGL.IS,13.102120399475098
2022-07-01,EREGL.IS,13.06350040435791
2022-07-04,EREGL.IS,12.532463073730469
2022-07-05,EREGL.IS,12.590394973754883
2022-07-06,EREGL.IS,12.87039566040039
2022-07-07,EREGL.IS,12.657980918884277
2022-07-08,EREGL.IS,12.802810668945312
2022-07-13,EREGL.IS,12.542119979858398
2022-07-14,EREGL.IS,12.532463073730469
2022-07-18,EREGL.IS,13.189017295837402
2022-07-19,EREGL.IS,13.372467994689941
2022-07-20,EREGL.IS,13.633157730102539
2022-07-21,EREGL.IS,13.420742988586426
2022-07-22,EREGL.IS,13.584880828857422
2022-07-25,EREGL.IS,13.729710578918457
2022-07-26,EREGL.IS,13.314536094665527
2022-07-27,EREGL.IS,13.140741348266602
2022-07-28,EREGL.IS,13.121432304382324
2022-07-29,EREGL.IS,13.333847999572754
2022-08-01,EREGL.IS,13.536606788635254
2022-08-02,EREGL.IS,13.372467994689941
2022-08-03,EREGL.IS,13.353156089782715
2022-08-04,EREGL.IS,13.440053939819336
2022-08-05,EREGL.IS,13.314536094665527
2022-08-08,EREGL.IS,13.855228424072266
2022-08-09,EREGL.IS,13.729710578918457
2022-08-10,EREGL.IS,13.74902057647705
2022-08-11,EREGL.IS,13.816608428955078
2022-08-12,EREGL.IS,13.604192733764648
2022-08-15,EREGL.IS,13.440053939819336
2022-08-16,EREGL.IS,13.401432991027832
2022-08-17,EREGL.IS,13.488329887390137
2022-08-18,EREGL.IS,14.231781005859375
2022-08-19,EREGL.IS,14.34764289855957
2022-08-22,EREGL.IS,14.212471008300781
2022-08-23,EREGL.IS,14.231781005859375
2022-08-24,EREGL.IS,13.835916519165039
2022-08-25,EREGL.IS,14.038676261901855
2022-08-26,EREGL.IS,14.241436958312988
2022-08-29,EREGL.IS,14.096607208251953
2022-08-31,EREGL.IS,13.893848419189453
2022-09-01,EREGL.IS,13.469018936157227
2022-09-02,EREGL.IS,13.604192733764648
2022-09-05,EREGL.IS,14.955921173095703
2022-09-06,EREGL.IS,15.342130661010742
2022-09-07,EREGL.IS,14.840059280395508
2022-09-08,EREGL.IS,14.9173002243042
2022-09-09,EREGL.IS,15.67040729522705
2022-09-12,EREGL.IS,16.124204635620117
2022-09-13,EREGL.IS,14.724197387695312
2022-09-14,EREGL.IS,15.052473068237305
2022-09-15,EREGL.IS,14.57936954498291
2022-09-16,EREGL.IS,14.955921173095703
2022-09-19,EREGL.IS,14.260746955871582
2022-09-20,EREGL.IS,14.743507385253906
2022-09-21,EREGL.IS,14.492471694946289
2022-09-22,EREGL.IS,14.926957130432129
2022-09-23,EREGL.IS,14.550402641296387
2022-09-26,EREGL.IS,14.260746955871582
2022-09-27,EREGL.IS,14.270401954650879
2022-09-28,EREGL.IS,13.864882469177246
2022-09-29,EREGL.IS,13.932469367980957
2022-09-30,EREGL.IS,13.990400314331055
2022-10-03,EREGL.IS,15.081439018249512
2022-10-04,EREGL.IS,15.081439018249512
2022-10-05,EREGL.IS,14.7628173828125
2022-10-06,EREGL.IS,14.637299537658691
2022-10-07,EREGL.IS,14.58902359008789
2022-10-10,EREGL.IS,14.753162384033203
2022-10-11,EREGL.IS,14.58902359008789
2022-10-12,EREGL.IS,14.202815055847168
2022-10-13,EREGL.IS,14.115918159484863
2022-10-14,EREGL.IS,14.193160057067871
2022-10-17,EREGL.IS,14.656610488891602
2022-10-18,EREGL.IS,14.511781692504883
2022-10-19,EREGL.IS,14.357298851013184
2022-10-20,EREGL.IS,14.405574798583984
2022-10-21,EREGL.IS,14.260746955871582
2022-10-24,EREGL.IS,14.7145414352417
2022-10-25,EREGL.IS,14.58902359008789
2022-10-26,EREGL.IS,14.869025230407715
2022-10-27,EREGL.IS,14.54074764251709
2022-10-28,EREGL.IS,14.309021949768066
2022-10-31,EREGL.IS,14.33798885345459
2022-11-01,EREGL.IS,14.328333854675293
2022-11-02,EREGL.IS,14.782129287719727
2022-11-03,EREGL.IS,14.617990493774414
2022-11-04,EREGL.IS,16.075925827026367
2022-11-07,EREGL.IS,17.67868995666504
2022-11-08,EREGL.IS,17.253862380981445
2022-11-09,EREGL.IS,16.65523910522461
2022-11-10,EREGL.IS,18.122831344604492
2022-11-11,EREGL.IS,17.62076187133789
2022-11-14,EREGL.IS,18.02627944946289
2022-11-15,EREGL.IS,18.151796340942383
2022-11-16,EREGL.IS,17.881452560424805
2022-11-17,EREGL.IS,17.8911075592041
2022-11-18,EREGL.IS,17.813865661621094
2022-11-21,EREGL.IS,18.2000732421875
2022-11-22,EREGL.IS,19.64835548400879
2022-11-23,EREGL.IS,20.005596160888672
2022-11-24,EREGL.IS,20.024906158447266
2022-11-25,EREGL.IS,20.2180118560791
2022-11-28,EREGL.IS,20.2276668548584
2022-11-29,EREGL.IS,20.208356857299805
2022-11-30,EREGL.IS,20.59456443786621
2022-12-01,EREGL.IS,20.50766944885254
2022-12-02,EREGL.IS,19.995941162109375
2022-12-05,EREGL.IS,20.488359451293945
2022-12-06,EREGL.IS,20.555946350097656
2022-12-07,EREGL.IS,19.64835548400879
2022-12-08,EREGL.IS,19.387662887573242
2022-12-09,EREGL.IS,19.551801681518555
2022-12-12,EREGL.IS,20.005596160888672
2022-12-13,EREGL.IS,20.83594512939453
2022-12-14,EREGL.IS,19.802837371826172
2022-12-15,EREGL.IS,19.84145736694336
2022-12-16,EREGL.IS,19.97663116455078
2022-12-19,EREGL.IS,20.034563064575195
2022-12-20,EREGL.IS,20.246976852416992
2022-12-21,EREGL.IS,20.333873748779297
2022-12-22,EREGL.IS,19.97663116455078
2022-12-23,EREGL.IS,19.860769271850586
2022-12-26,EREGL.IS,20.024906158447266
2022-12-27,EREGL.IS,19.638700485229492
2022-12-28,EREGL.IS,19.580768585205078
2022-12-29,EREGL.IS,19.98628807067871
2022-12-30,EREGL.IS,19.918699264526367
2023-01-02,EREGL.IS,20.652494430541992
2023-01-03,EREGL.IS,20.391807556152344
2023-01-04,EREGL.IS,20.720083236694336
2023-01-05,EREGL.IS,20.150426864624023
2023-01-06,EREGL.IS,20.102148056030273
2023-01-09,EREGL.IS,19.223526000976562
2023-01-10,EREGL.IS,18.277315139770508
2023-01-11,EREGL.IS,17.78489875793457
2023-01-12,EREGL.IS,19.107664108276367
2023-01-13,EREGL.IS,19.484216690063477
2023-01-16,EREGL.IS,19.802837371826172
2023-01-17,EREGL.IS,19.74490737915039
2023-01-18,EREGL.IS,19.590423583984375
2023-01-19,EREGL.IS,19.484216690063477
2023-01-20,EREGL.IS,19.793182373046875
2023-01-23,EREGL.IS,19.175249099731445
2023-01-24,EREGL.IS,18.87593650817871
2023-01-25,EREGL.IS,18.67317771911621
2023-01-26,EREGL.IS,18.837316513061523
2023-01-27,EREGL.IS,18.87593650817871
2023-01-30,EREGL.IS,18.904905319213867
2023-01-31,EREGL.IS,18.393177032470703
2023-02-01,EREGL.IS,17.53386116027832
2023-02-02,EREGL.IS,18.103519439697266
2023-02-03,EREGL.IS,18.953176498413086
2023-02-06,EREGL.IS,19.339387893676758
2023-02-07,EREGL.IS,18.14214324951172
2023-02-08,EREGL.IS,17.20558738708496
2023-02-15,EREGL.IS,19.94766616821289
2023-02-16,EREGL.IS,21.48284339904785
2023-02-17,EREGL.IS,21.791810989379883
2023-02-20,EREGL.IS,23.809751510620117
2023-02-21,EREGL.IS,24.07044219970703
2023-02-22,EREGL.IS,21.965606689453125
2023-02-23,EREGL.IS,21.42491340637207
2023-02-24,EREGL.IS,21.357328414916992
2023-02-27,EREGL.IS,21.260774612426758
2023-02-28,EREGL.IS,21.28973960876465
2023-03-01,EREGL.IS,21.926982879638672
2023-03-02,EREGL.IS,21.07732582092285
2023-03-03,EREGL.IS,21.231809616088867
2023-03-06,EREGL.IS,21.434568405151367
2023-03-07,EREGL.IS,21.39594841003418
2023-03-08,EREGL.IS,20.76835823059082
2023-03-09,EREGL.IS,20.749048233032227
2023-03-10,EREGL.IS,19.677318572998047
2023-03-13,EREGL.IS,19.271799087524414
2023-03-14,EREGL.IS,19.136627197265625
2023-03-15,EREGL.IS,18.624902725219727
2023-03-16,EREGL.IS,19.175249099731445
2023-03-17,EREGL.IS,18.34490203857422
2023-03-20,EREGL.IS,17.871793746948242
2023-03-21,EREGL.IS,17.871793746948242
2023-03-22,EREGL.IS,17.910415649414062
2023-03-23,EREGL.IS,17.910415649414062
2023-03-24,EREGL.IS,17.910415649414062
2023-03-27,EREGL.IS,18.045589447021484
2023-03-28,EREGL.IS,17.282827377319336
2023-03-29,EREGL.IS,17.53386116027832
2023-03-30,EREGL.IS,17.340757369995117
2023-03-31,EREGL.IS,17.089725494384766
2023-04-03,EREGL.IS,17.041446685791016
2023-04-04,EREGL.IS,17.36006736755371
2023-04-05,EREGL.IS,17.09937858581543
2023-04-06,EREGL.IS,16.819377899169922
2023-04-07,EREGL.IS,16.82903289794922
2023-04-10,EREGL.IS,17.321449279785156
2023-04-11,EREGL.IS,17.47593116760254
2023-04-12,EREGL.IS,17.504898071289062
2023-04-13,EREGL.IS,17.524208068847656
2023-04-14,EREGL.IS,17.23455047607422
2023-04-17,EREGL.IS,16.964204788208008
2023-04-18,EREGL.IS,16.751792907714844
2023-04-19,EREGL.IS,16.819377899169922
2023-04-20,EREGL.IS,16.635929107666016
2023-04-24,EREGL.IS,16.471790313720703
2023-04-25,EREGL.IS,16.491100311279297
2023-04-26,EREGL.IS,15.88282299041748
2023-04-27,EREGL.IS,15.747648239135742
2023-04-28,EREGL.IS,15.998684883117676
2023-05-02,EREGL.IS,15.564201354980469
2023-05-03,EREGL.IS,15.110404014587402
2023-05-04,EREGL.IS,14.926957130432129
2023-05-05,EREGL.IS,14.463504791259766
2023-05-08,EREGL.IS,14.782129287719727
2023-05-09,EREGL.IS,14.52143669128418
2023-05-10,EREGL.IS,14.202815055847168
2023-05-11,EREGL.IS,15.013853073120117
2023-05-12,EREGL.IS,14.869025230407715
2023-05-15,EREGL.IS,14.627643585205078
2023-05-16,EREGL.IS,15.776615142822266
2023-05-17,EREGL.IS,15.766959190368652
2023-05-18,EREGL.IS,15.013853073120117
2023-05-22,EREGL.IS,15.052473068237305
2023-05-23,EREGL.IS,14.965577125549316
2023-05-24,EREGL.IS,14.955921173095703
2023-05-25,EREGL.IS,14.984888076782227
2023-05-26,EREGL.IS,15.42902660369873
2023-05-29,EREGL.IS,16.191789627075195
2023-05-30,EREGL.IS,16.500755310058594
2023-05-31,EREGL.IS,15.950407981872559
2023-06-01,EREGL.IS,16.085580825805664
2023-06-02,EREGL.IS,16.491100311279297
2023-06-05,EREGL.IS,16.944894790649414
2023-06-06,EREGL.IS,16.944894790649414
2023-06-07,EREGL.IS,17.64006996154785
2023-06-08,EREGL.IS,17.62076187133789
2023-06-09,EREGL.IS,17.929725646972656
2023-06-12,EREGL.IS,18.315933227539062
2023-06-13,EREGL.IS,18.055246353149414
2023-06-14,EREGL.IS,17.524208068847656
2023-06-15,EREGL.IS,17.669034957885742
2023-06-16,EREGL.IS,17.775243759155273
2023-06-19,EREGL.IS,17.263517379760742
2023-06-20,EREGL.IS,16.896617889404297
2023-06-21,EREGL.IS,16.46213150024414
2023-06-22,EREGL.IS,17.118688583374023
2023-06-23,EREGL.IS,17.418001174926758
2023-06-26,EREGL.IS,17.78489875793457
2023-06-27,EREGL.IS,17.72696876525879
2023-07-03,EREGL.IS,18.68283462524414
2023-07-04,EREGL.IS,18.422142028808594
2023-07-05,EREGL.IS,18.68283462524414
2023-07-06,EREGL.IS,18.538005828857422
2023-07-07,EREGL.IS,18.827659606933594
2023-07-10,EREGL.IS,19.020767211914062
2023-07-11,EREGL.IS,19.001455307006836
2023-07-12,EREGL.IS,18.7117977142334
2023-07-13,EREGL.IS,18.721452713012695
2023-07-14,EREGL.IS,18.64421272277832
2023-07-17,EREGL.IS,18.731109619140625
2023-07-18,EREGL.IS,18.045589447021484
2023-07-19,EREGL.IS,18.19041633605957
2023-07-20,EREGL.IS,18.19041633605957
2023-07-21,EREGL.IS,17.95869255065918
2023-07-24,EREGL.IS,18.325590133666992
2023-07-25,EREGL.IS,17.8911075592041
2023-07-26,EREGL.IS,18.2000732421875
2023-07-27,EREGL.IS,18.306278228759766
2023-07-28,EREGL.IS,18.566970825195312
2023-07-31,EREGL.IS,20.131114959716797
2023-08-01,EREGL.IS,19.677318572998047
2023-08-02,EREGL.IS,19.76421546936035
2023-08-03,EREGL.IS,19.50352668762207
2023-08-04,EREGL.IS,19.860769271850586
2023-08-07,EREGL.IS,19.783525466918945
2023-08-08,EREGL.IS,19.783525466918945
2023-08-09,EREGL.IS,20.1214599609375
2023-08-10,EREGL.IS,19.281455993652344
2023-08-11,EREGL.IS,19.8124942779541
2023-08-14,EREGL.IS,20.546289443969727
2023-08-15,EREGL.IS,20.06352996826172
2023-08-16,EREGL.IS,20.111804962158203
2023-08-17,EREGL.IS,20.642839431762695
2023-08-18,EREGL.IS,20.2276668548584
2023-08-21,EREGL.IS,21.724224090576172
2023-08-22,EREGL.IS,21.521467208862305
2023-08-23,EREGL.IS,21.53112030029297
2023-08-24,EREGL.IS,20.575254440307617
2023-08-25,EREGL.IS,21.154565811157227
2023-08-28,EREGL.IS,21.144912719726562
2023-08-29,EREGL.IS,20.83594512939453
2023-08-31,EREGL.IS,20.76835823059082
2023-09-01,EREGL.IS,21.270429611206055
2023-09-04,EREGL.IS,21.28973960876465
2023-09-05,EREGL.IS,22.206987380981445
2023-09-06,EREGL.IS,22.429054260253906
2023-09-07,EREGL.IS,23.317333221435547
2023-09-08,EREGL.IS,22.931127548217773
2023-09-11,EREGL.IS,22.361469268798828
2023-09-12,EREGL.IS,22.013877868652344
2023-09-13,EREGL.IS,21.202842712402344
2023-09-14,EREGL.IS,21.251121520996094
2023-09-15,EREGL.IS,21.241464614868164
2023-09-18,EREGL.IS,20.391807556152344
2023-09-19,EREGL.IS,20.43042755126953
2023-09-20,EREGL.IS,19.793182373046875
2023-09-21,EREGL.IS,20.150426864624023
2023-09-22,EREGL.IS,20.893877029418945
2023-09-25,EREGL.IS,22.361469268798828
2023-09-26,EREGL.IS,21.569744110107422
2023-09-27,EREGL.IS,21.434568405151367
2023-09-28,EREGL.IS,21.540775299072266
2023-09-29,EREGL.IS,21.49249839782715
2023-10-02,EREGL.IS,21.61801528930664
2023-10-03,EREGL.IS,21.589052200317383
2023-10-04,EREGL.IS,21.058013916015625
2023-10-05,EREGL.IS,21.366979598999023
2023-10-06,EREGL.IS,21.69525718688965
2023-10-09,EREGL.IS,20.893877029418945
2023-10-10,EREGL.IS,21.762847900390625
2023-10-11,EREGL.IS,21.299394607543945
2023-10-12,EREGL.IS,20.95180892944336
2023-10-13,EREGL.IS,20.42076873779297
2023-10-16,EREGL.IS,19.677318572998047
2023-10-17,EREGL.IS,20.32421875
2023-10-18,EREGL.IS,19.600078582763672
2023-10-19,EREGL.IS,19.059385299682617
2023-10-20,EREGL.IS,18.364212036132812
2023-10-23,EREGL.IS,18.67317771911621
2023-10-24,EREGL.IS,20.179391860961914
2023-10-25,EREGL.IS,18.393177032470703
2023-10-26,EREGL.IS,18.91455841064453
2023-10-27,EREGL.IS,18.566970825195312
2023-10-30,EREGL.IS,18.538005828857422
2023-10-31,EREGL.IS,18.277315139770508
2023-11-01,EREGL.IS,17.968347549438477
2023-11-02,EREGL.IS,18.045589447021484
2023-11-03,EREGL.IS,18.055246353149414
2023-11-06,EREGL.IS,18.306278228759766
2023-11-07,EREGL.IS,18.286970138549805
2023-11-08,EREGL.IS,18.132488250732422
2023-11-09,EREGL.IS,18.113176345825195
2023-11-10,EREGL.IS,18.47041893005371
2023-11-13,EREGL.IS,17.95869255065918
2023-11-14,EREGL.IS,18.422142028808594
2023-11-15,EREGL.IS,18.480073928833008
2023-11-16,EREGL.IS,18.489727020263672
2023-11-17,EREGL.IS,18.480073928833008
2023-11-20,EREGL.IS,19.11731719970703
2023-11-21,EREGL.IS,19.84145736694336
2023-11-22,EREGL.IS,19.667665481567383
2023-11-23,EREGL.IS,18.99180030822754
2023-11-24,EREGL.IS,19.532493591308594
2023-11-27,EREGL.IS,19.928356170654297
2023-11-28,EREGL.IS,19.8221492767334
2023-11-29,EREGL.IS,19.899389266967773
2023-11-30,EREGL.IS,19.77387046813965
2023-12-01,EREGL.IS,19.600078582763672
2023-12-04,EREGL.IS,19.320077896118164
2023-12-05,EREGL.IS,19.310422897338867
2023-12-06,EREGL.IS,18.731109619140625
2023-12-07,EREGL.IS,19.26214599609375
2023-12-08,EREGL.IS,18.99180030822754
2023-12-11,EREGL.IS,18.58628273010254
2023-12-12,EREGL.IS,18.538005828857422
2023-12-13,EREGL.IS,18.22903823852539
2023-12-14,EREGL.IS,18.91455841064453
2023-12-15,EREGL.IS,20.2276668548584
2023-12-18,EREGL.IS,20.179391860961914
2023-12-19,EREGL.IS,20.88422203063965
2023-12-20,EREGL.IS,20.314563751220703
2023-12-21,EREGL.IS,20.816635131835938
2023-12-22,EREGL.IS,20.275943756103516
2023-12-25,EREGL.IS,19.60973358154297
2023-12-26,EREGL.IS,19.580768585205078
2023-12-27,EREGL.IS,19.85111427307129
2023-12-28,EREGL.IS,20.024906158447266
2023-12-29,EREGL.IS,19.793182373046875
2024-01-02,EREGL.IS,20.401460647583008
2024-01-03,EREGL.IS,19.94766616821289
2024-01-04,EREGL.IS,20.43042755126953
2024-01-05,EREGL.IS,20.575254440307617
2024-01-08,EREGL.IS,20.922842025756836
2024-01-09,EREGL.IS,20.71042823791504
2024-01-10,EREGL.IS,21.7435359954834
2024-01-11,EREGL.IS,21.19318962097168
2024-01-12,EREGL.IS,21.144912719726562
2024-01-15,EREGL.IS,21.270429611206055
2024-01-16,EREGL.IS,21.38629150390625
2024-01-17,EREGL.IS,20.97111701965332
2024-01-18,EREGL.IS,20.5269775390625
2024-01-19,EREGL.IS,20.35318374633789
2024-01-22,EREGL.IS,20.295255661010742
2024-01-23,EREGL.IS,20.440082550048828
2024-01-24,EREGL.IS,20.459392547607422
2024-01-25,EREGL.IS,20.67180633544922
2024-01-26,EREGL.IS,20.903532028198242
2024-01-29,EREGL.IS,21.106290817260742
2024-01-30,EREGL.IS,20.922842025756836
2024-01-31,EREGL.IS,20.826290130615234
2024-02-01,EREGL.IS,21.106290817260742
2024-02-02,EREGL.IS,20.980772018432617
2024-02-05,EREGL.IS,21.009740829467773
2024-02-06,EREGL.IS,21.3380184173584
2024-02-07,EREGL.IS,21.7338809967041
2024-02-08,EREGL.IS,21.955949783325195
2024-02-09,EREGL.IS,22.380779266357422
2024-02-12,EREGL.IS,22.40009117126465
2024-02-13,EREGL.IS,22.264915466308594
2024-02-14,EREGL.IS,22.496641159057617
2024-02-15,EREGL.IS,22.728368759155273
2024-02-16,EREGL.IS,23.71319580078125
2024-02-19,EREGL.IS,23.326990127563477
2024-02-20,EREGL.IS,23.954578399658203
2024-02-21,EREGL.IS,23.481473922729492
2024-02-22,EREGL.IS,23.259403228759766
2024-02-23,EREGL.IS,22.4483642578125
2024-02-26,EREGL.IS,22.00422477722168
2024-02-27,EREGL.IS,22.670434951782227
2024-02-28,EREGL.IS,22.641469955444336
2024-02-29,EREGL.IS,21.975261688232422
2024-03-01,EREGL.IS,22.17801856994629
2024-03-04,EREGL.IS,22.21664047241211
2024-03-05,EREGL.IS,21.917329788208008
2024-03-06,EREGL.IS,21.37663459777832
2024-03-07,EREGL.IS,22.0428466796875
2024-03-08,EREGL.IS,22.158710479736328
2024-03-11,EREGL.IS,22.100778579711914
2024-03-12,EREGL.IS,21.859397888183594
2024-03-13,EREGL.IS,21.46353530883789
2024-03-14,EREGL.IS,21.405603408813477
2024-03-15,EREGL.IS,21.434568405151367
2024-03-18,EREGL.IS,21.28008460998535
2024-03-19,EREGL.IS,21.366979598999023
2024-03-20,EREGL.IS,21.135257720947266
2024-03-21,EREGL.IS,21.164220809936523
2024-03-22,EREGL.IS,20.903532028198242
2024-03-25,EREGL.IS,20.739391326904297
2024-03-26,EREGL.IS,20.333873748779297
2024-03-27,EREGL.IS,20.18904685974121
2024-03-28,EREGL.IS,20.333873748779297
2024-03-29,EREGL.IS,20.43042755126953
2024-04-01,EREGL.IS,19.938011169433594
2024-04-02,EREGL.IS,18.779386520385742
2024-04-03,EREGL.IS,18.480073928833008
2024-04-04,EREGL.IS,19.030420303344727
2024-04-05,EREGL.IS,19.97663116455078
2024-04-08,EREGL.IS,20.246976852416992
2024-04-09,EREGL.IS,20.246976852416992
2024-04-15,EREGL.IS,19.94766616821289
2024-04-16,EREGL.IS,19.801063537597656
2024-04-17,EREGL.IS,19.605594635009766
2024-04-18,EREGL.IS,19.76197052001953
2024-04-19,EREGL.IS,20.143136978149414
2024-04-22,EREGL.IS,20.319059371948242
2024-04-24,EREGL.IS,20.37769889831543
2024-04-25,EREGL.IS,20.328832626342773
2024-04-26,EREGL.IS,20.915239334106445
2024-04-29,EREGL.IS,21.443008422851562
2024-04-30,EREGL.IS,21.04229736328125
2024-05-02,EREGL.IS,21.80462646484375
2024-05-03,EREGL.IS,21.589611053466797
2024-05-06,EREGL.IS,21.482101440429688
2024-05-07,EREGL.IS,22.215112686157227
2024-05-08,EREGL.IS,22.09783172607422
2024-05-09,EREGL.IS,22.234661102294922
2024-05-10,EREGL.IS,22.889482498168945
2024-05-13,EREGL.IS,22.635372161865234
2024-05-14,EREGL.IS,22.73310661315918
2024-05-15,EREGL.IS,21.95122718811035
2024-05-16,EREGL.IS,22.283525466918945
2024-05-17,EREGL.IS,22.89925765991211
2024-05-20,EREGL.IS,23.436798095703125
2024-05-21,EREGL.IS,23.42702293395996
2024-05-22,EREGL.IS,23.612720489501953
2024-05-23,EREGL.IS,23.7104549407959
2024-05-24,EREGL.IS,24.15026092529297
2024-05-27,EREGL.IS,24.03297996520996
2024-05-28,EREGL.IS,24.15026092529297
2024-05-29,EREGL.IS,23.739776611328125
2024-05-30,EREGL.IS,23.91569709777832
2024-05-31,EREGL.IS,23.42702293395996
2024-06-03,EREGL.IS,24.238222122192383
2024-06-04,EREGL.IS,24.023204803466797
2024-06-05,EREGL.IS,23.78864288330078
2024-06-06,EREGL.IS,23.72022819519043
2024-06-07,EREGL.IS,23.42702293395996
2024-06-10,EREGL.IS,22.694013595581055
2024-06-11,EREGL.IS,22.586505889892578
2024-06-12,EREGL.IS,23.35860824584961
2024-06-13,EREGL.IS,24.15026092529297
2024-06-14,EREGL.IS,25.21556854248047
2024-06-20,EREGL.IS,26.31508445739746
2024-06-21,EREGL.IS,25.6798095703125
2024-06-24,EREGL.IS,26.046314239501953
2024-06-25,EREGL.IS,25.655376434326172
2024-06-26,EREGL.IS,25.435474395751953
2024-06-27,EREGL.IS,25.89971351623535
2024-06-28,EREGL.IS,26.021881103515625
2024-07-01,EREGL.IS,25.28887176513672
2024-07-02,EREGL.IS,25.068967819213867
2024-07-03,EREGL.IS,26.82819366455078
2024-07-04,EREGL.IS,26.852628707885742
2024-07-05,EREGL.IS,26.87706184387207
2024-07-08,EREGL.IS,26.730459213256836
2024-07-09,EREGL.IS,26.681591033935547
2024-07-10,EREGL.IS,26.87706184387207
2024-07-11,EREGL.IS,26.950363159179688
2024-07-12,EREGL.IS,26.999229431152344
2024-07-16,EREGL.IS,27.8055419921875
2024-07-17,EREGL.IS,27.707807540893555
2024-07-18,EREGL.IS,27.316869735717773
2024-07-19,EREGL.IS,28.123180389404297
2024-07-22,EREGL.IS,29.0272274017334
2024-07-23,EREGL.IS,28.514118194580078
2024-07-24,EREGL.IS,28.172046661376953
2024-07-25,EREGL.IS,27.683374404907227
2024-07-26,EREGL.IS,27.487903594970703
2024-07-29,EREGL.IS,27.170265197753906
2024-07-30,EREGL.IS,27.316869735717773
2024-07-31,EREGL.IS,27.390169143676758
2024-08-01,EREGL.IS,27.976577758789062
2024-08-02,EREGL.IS,26.9014949798584
2024-08-05,EREGL.IS,24.482559204101562
2024-08-06,EREGL.IS,24.140487670898438
2024-08-07,EREGL.IS,24.62916374206543
2024-08-08,EREGL.IS,25.508773803710938
2024-08-09,EREGL.IS,24.726896286010742
2024-08-12,EREGL.IS,24.101394653320312
2024-08-13,EREGL.IS,24.140487670898438
2024-08-14,EREGL.IS,24.062301635742188
2024-08-15,EREGL.IS,24.365278244018555
2024-08-16,EREGL.IS,23.759323120117188
2024-08-19,EREGL.IS,24.081846237182617
2024-08-20,EREGL.IS,23.945018768310547
2024-08-21,EREGL.IS,23.90592384338379
2024-08-22,EREGL.IS,24.140487670898438
2024-08-23,EREGL.IS,23.573625564575195
2024-08-26,EREGL.IS,22.869935989379883
2024-08-27,EREGL.IS,23.16314125061035
2024-08-28,EREGL.IS,23.2413272857666
2024-08-29,EREGL.IS,23.622493743896484
2024-09-02,EREGL.IS,24.09162139892578
2024-09-03,EREGL.IS,23.681133270263672
2024-09-04,EREGL.IS,23.29019546508789
2024-09-05,EREGL.IS,23.47589111328125
2024-09-06,EREGL.IS,23.10449981689453
2024-09-09,EREGL.IS,22.830842971801758
2024-09-10,EREGL.IS,22.73310661315918
2024-09-11,EREGL.IS,23.16314125061035
2024-09-12,EREGL.IS,22.869935989379883
2024-09-13,EREGL.IS,23.18268585205078
2024-09-16,EREGL.IS,23.270647048950195
2024-09-17,EREGL.IS,23.60294532775879
2024-09-18,EREGL.IS,23.573625564575195
2024-09-19,EREGL.IS,24.15026092529297
2024-09-20,EREGL.IS,24.287090301513672
2024-09-23,EREGL.IS,24.11116600036621
2024-09-24,EREGL.IS,24.995668411254883
2024-09-25,EREGL.IS,25.117835998535156
2024-09-26,EREGL.IS,25.02010154724121
2024-09-27,EREGL.IS,25.70424461364746
2024-09-30,EREGL.IS,26.14405059814453
2024-10-01,EREGL.IS,25.753110885620117
2024-10-02,EREGL.IS,24.995668411254883
2024-10-03,EREGL.IS,24.433691024780273
2024-10-04,EREGL.IS,24.506994247436523
2024-10-07,EREGL.IS,24.26754379272461
2024-10-08,EREGL.IS,23.28042221069336
2024-10-09,EREGL.IS,23.2413272857666
2024-10-10,EREGL.IS,23.212007522583008
2024-10-11,EREGL.IS,23.90592384338379
2024-10-14,EREGL.IS,23.593172073364258
2024-10-15,EREGL.IS,23.671361923217773
2024-10-16,EREGL.IS,24.1600341796875
2024-10-17,EREGL.IS,23.954792022705078
2024-10-18,EREGL.IS,23.48566436767578
2024-10-21,EREGL.IS,23.221782684326172
2024-10-22,EREGL.IS,23.221782684326172
2024-10-23,EREGL.IS,22.576732635498047
2024-10-24,EREGL.IS,22.791748046875
2024-10-25,EREGL.IS,23.16314125061035
2024-10-28,EREGL.IS,23.387929916381836
2024-10-30,EREGL.IS,23.378156661987305
2024-10-31,EREGL.IS,23.260873794555664
2024-11-01,EREGL.IS,23.42702293395996
2024-11-04,EREGL.IS,22.9383487701416
2024-11-05,EREGL.IS,23.33906364440918
2024-11-06,EREGL.IS,23.827735900878906
2024-11-07,EREGL.IS,24.199129104614258
2024-11-08,EREGL.IS,24.97123146057129
2024-11-11,EREGL.IS,24.897933959960938
2024-11-12,EREGL.IS,24.580293655395508
2024-11-13,EREGL.IS,24.458126068115234
2024-11-14,EREGL.IS,24.97123146057129
2024-11-15,EREGL.IS,24.580293655395508
2024-11-18,EREGL.IS,24.678028106689453
2024-11-19,EREGL.IS,24.208904266357422
2024-11-20,EREGL.IS,23.446571350097656
2024-11-21,EREGL.IS,24.335956573486328
2024-11-22,EREGL.IS,24.482559204101562
2024-11-25,EREGL.IS,24.77576446533203
2024-11-26,EREGL.IS,24.482559204101562
2024-11-27,EREGL.IS,24.140487670898438
2024-11-28,EREGL.IS,24.648706436157227
2024-11-29,EREGL.IS,25.19602394104004
2024-12-02,EREGL.IS,25.45013427734375
2024-12-03,EREGL.IS,25.411039352416992
2024-12-04,EREGL.IS,25.508773803710938
2024-12-05,EREGL.IS,25.33285140991211
2024-12-06,EREGL.IS,25.33285140991211
2024-12-09,EREGL.IS,26.38838768005371
2024-12-10,EREGL.IS,25.567415237426758
2024-12-11,EREGL.IS,25.469680786132812
2024-12-12,EREGL.IS,25.72378921508789
2024-12-13,EREGL.IS,25.95835304260254
2024-12-16,EREGL.IS,25.469680786132812
2024-12-17,EREGL.IS,25.567415237426758
2024-12-18,EREGL.IS,25.19602394104004
2024-12-19,EREGL.IS,24.726896286010742
2024-12-20,EREGL.IS,24.53142738342285
2024-12-23,EREGL.IS,24.39459800720215
2024-12-24,EREGL.IS,24.296865463256836
2024-12-25,EREGL.IS,24.492332458496094
2024-12-26,EREGL.IS,24.21867561340332
2024-12-27,EREGL.IS,24.375051498413086
2024-12-30,EREGL.IS,24.042753219604492
2024-12-31,EREGL.IS,23.8472843170166
2015-03-11,AKBNK.IS,4.449032783508301
2015-03-12,AKBNK.IS,4.467043876647949
2015-03-13,AKBNK.IS,4.449032783508301
2015-03-16,AKBNK.IS,4.5691142082214355
2015-03-17,AKBNK.IS,4.66517972946167
2015-03-18,AKBNK.IS,4.605139255523682
2015-03-19,AKBNK.IS,4.839298725128174
2015-03-20,AKBNK.IS,4.893336296081543
2015-03-23,AKBNK.IS,4.953376770019531
2015-03-24,AKBNK.IS,4.785261631011963
2015-03-25,AKBNK.IS,4.80927848815918
2015-03-26,AKBNK.IS,4.767249584197998
2015-03-27,AKBNK.IS,4.707209587097168
2015-03-30,AKBNK.IS,4.818748474121094
2015-03-31,AKBNK.IS,4.818748474121094
2015-04-01,AKBNK.IS,4.702560901641846
2015-04-02,AKBNK.IS,4.727022171020508
2015-04-03,AKBNK.IS,4.873785018920898
2015-04-06,AKBNK.IS,4.977743625640869
2015-04-07,AKBNK.IS,4.849324703216553
2015-04-08,AKBNK.IS,4.904360771179199
2015-04-09,AKBNK.IS,4.941051959991455
2015-04-10,AKBNK.IS,4.843209743499756
2015-04-13,AKBNK.IS,4.7331366539001465
2015-04-14,AKBNK.IS,4.824864387512207
2015-04-15,AKBNK.IS,4.696444988250732
2015-04-16,AKBNK.IS,4.739251613616943
2015-04-17,AKBNK.IS,4.7331366539001465
2015-04-20,AKBNK.IS,4.6781005859375
2015-04-21,AKBNK.IS,4.830978870391846
2015-04-22,AKBNK.IS,4.751482009887695
2015-04-23,AKBNK.IS,4.751482009887695
2015-04-24,AKBNK.IS,4.830978870391846
2015-04-27,AKBNK.IS,4.934937000274658
2015-04-28,AKBNK.IS,4.959397792816162
2015-04-29,AKBNK.IS,4.965512752532959
2015-04-30,AKBNK.IS,4.763712406158447
2015-05-01,AKBNK.IS,4.763712406158447
2015-05-04,AKBNK.IS,4.763712406158447
2015-05-05,AKBNK.IS,4.708675861358643
2015-05-06,AKBNK.IS,4.66586971282959
2015-05-07,AKBNK.IS,4.671984672546387
2015-05-08,AKBNK.IS,4.824864387512207
2015-05-11,AKBNK.IS,4.8921308517456055
2015-05-12,AKBNK.IS,4.886015892028809
2015-05-13,AKBNK.IS,5.045010566711426
2015-05-14,AKBNK.IS,5.118392467498779
2015-05-15,AKBNK.IS,5.136736869812012
2015-05-18,AKBNK.IS,5.2651567459106445
2015-05-19,AKBNK.IS,5.2651567459106445
2015-05-20,AKBNK.IS,5.161197662353516
2015-05-21,AKBNK.IS,5.07558536529541
2015-05-22,AKBNK.IS,4.983859062194824
2015-05-25,AKBNK.IS,4.904360771179199
2015-05-26,AKBNK.IS,4.861555099487305
2015-05-27,AKBNK.IS,4.947167873382568
2015-05-28,AKBNK.IS,4.928822040557861
2015-05-29,AKBNK.IS,4.849324703216553
2015-06-01,AKBNK.IS,4.66586971282959
2015-06-02,AKBNK.IS,4.782058238983154
2015-06-03,AKBNK.IS,4.886015892028809
2015-06-04,AKBNK.IS,4.788172721862793
2015-06-05,AKBNK.IS,4.745367527008057
2015-06-08,AKBNK.IS,4.494645118713379
2015-06-09,AKBNK.IS,4.568027496337891
2015-06-10,AKBNK.IS,4.739251613616943
2015-06-11,AKBNK.IS,4.843209743499756
2015-06-12,AKBNK.IS,4.86767053604126
2015-06-15,AKBNK.IS,4.690330505371094
2015-06-16,AKBNK.IS,4.769827842712402
2015-06-17,AKBNK.IS,4.800403594970703
2015-06-18,AKBNK.IS,4.86767053604126
2015-06-19,AKBNK.IS,4.904360771179199
2015-06-22,AKBNK.IS,4.989974021911621
2015-06-23,AKBNK.IS,4.886015892028809
2015-06-24,AKBNK.IS,4.965512752532959
2015-06-25,AKBNK.IS,4.861555099487305
2015-06-26,AKBNK.IS,4.85543966293335
2015-06-29,AKBNK.IS,4.751482009887695
2015-06-30,AKBNK.IS,4.739251613616943
2015-07-01,AKBNK.IS,4.653639316558838
2015-07-02,AKBNK.IS,4.690330505371094
2015-07-03,AKBNK.IS,4.635293960571289
2015-07-06,AKBNK.IS,4.751482009887695
2015-07-07,AKBNK.IS,4.659754753112793
2015-07-08,AKBNK.IS,4.519105911254883
2015-07-09,AKBNK.IS,4.708675861358643
2015-07-10,AKBNK.IS,4.751482009887695
2015-07-13,AKBNK.IS,4.782058238983154
2015-07-14,AKBNK.IS,4.739251613616943
2015-07-15,AKBNK.IS,4.714791297912598
2015-07-16,AKBNK.IS,4.708675861358643
2015-07-17,AKBNK.IS,4.708675861358643
2015-07-20,AKBNK.IS,4.5924882888793945
2015-07-21,AKBNK.IS,4.555797576904297
2015-07-22,AKBNK.IS,4.543566703796387
2015-07-23,AKBNK.IS,4.421263694763184
2015-07-24,AKBNK.IS,4.48853063583374
2015-07-27,AKBNK.IS,4.39680290222168
2015-07-28,AKBNK.IS,4.390688419342041
2015-07-29,AKBNK.IS,4.409033298492432
2015-07-30,AKBNK.IS,4.457954406738281
2015-07-31,AKBNK.IS,4.537451267242432
2015-08-03,AKBNK.IS,4.40291690826416
2015-08-04,AKBNK.IS,4.40291690826416
2015-08-05,AKBNK.IS,4.390688419342041
2015-08-06,AKBNK.IS,4.457954406738281
2015-08-07,AKBNK.IS,4.457954406738281
2015-08-10,AKBNK.IS,4.409033298492432
2015-08-11,AKBNK.IS,4.5924882888793945
2015-08-12,AKBNK.IS,4.445724010467529
2015-08-13,AKBNK.IS,4.335650444030762
2015-08-14,AKBNK.IS,4.329535961151123
2015-08-17,AKBNK.IS,4.280613899230957
2015-08-18,AKBNK.IS,4.133850574493408
2015-08-19,AKBNK.IS,4.133850574493408
2015-08-20,AKBNK.IS,4.066583633422852
2015-08-21,AKBNK.IS,3.9993178844451904
2015-08-24,AKBNK.IS,3.8831286430358887
2015-08-25,AKBNK.IS,4.042123794555664
2015-08-26,AKBNK.IS,4.072699069976807
2015-08-27,AKBNK.IS,4.139966011047363
2015-08-28,AKBNK.IS,4.176657199859619
2015-08-31,AKBNK.IS,4.170541286468506
2015-09-01,AKBNK.IS,4.048238754272461
2015-09-02,AKBNK.IS,4.0971598625183105
2015-09-03,AKBNK.IS,4.0971598625183105
2015-09-04,AKBNK.IS,4.011547565460205
2015-09-07,AKBNK.IS,3.962625503540039
2015-09-08,AKBNK.IS,3.9870872497558594
2015-09-09,AKBNK.IS,3.980970859527588
2015-09-10,AKBNK.IS,3.9687411785125732
2015-09-11,AKBNK.IS,3.9137048721313477
2015-09-14,AKBNK.IS,3.846437692642212
2015-09-15,AKBNK.IS,4.02989387512207
2015-09-16,AKBNK.IS,4.146080493927002
2015-09-17,AKBNK.IS,4.19500207901001
2015-09-18,AKBNK.IS,4.170541286468506
2015-09-21,AKBNK.IS,4.225578308105469
2015-09-22,AKBNK.IS,4.188887119293213
2015-09-23,AKBNK.IS,4.152196407318115
2015-09-24,AKBNK.IS,4.152196407318115
2015-09-25,AKBNK.IS,4.152196407318115
2015-09-28,AKBNK.IS,4.0543532371521
2015-09-29,AKBNK.IS,4.146080493927002
2015-09-30,AKBNK.IS,4.146080493927002
2015-10-01,AKBNK.IS,4.201116561889648
2015-10-02,AKBNK.IS,4.1216206550598145
2015-10-05,AKBNK.IS,4.353996276855469
2015-10-06,AKBNK.IS,4.353996276855469
2015-10-07,AKBNK.IS,4.500761032104492
2015-10-08,AKBNK.IS,4.48853063583374
2015-10-09,AKBNK.IS,4.5863728523254395
2015-10-12,AKBNK.IS,4.549680709838867
2015-10-13,AKBNK.IS,4.457954406738281
2015-10-14,AKBNK.IS,4.5863728523254395
2015-10-15,AKBNK.IS,4.580257892608643
2015-10-16,AKBNK.IS,4.531336307525635
2015-10-19,AKBNK.IS,4.568027496337891
2015-10-20,AKBNK.IS,4.610833644866943
2015-10-21,AKBNK.IS,4.5863728523254395
2015-10-22,AKBNK.IS,4.598603248596191
2015-10-23,AKBNK.IS,4.568027496337891
2015-10-26,AKBNK.IS,4.464069843292236
2015-10-27,AKBNK.IS,4.464069843292236
2015-10-28,AKBNK.IS,4.525221824645996
2015-10-29,AKBNK.IS,4.525221824645996
2015-10-30,AKBNK.IS,4.580257892608643
2015-11-02,AKBNK.IS,4.928822040557861
2015-11-03,AKBNK.IS,4.85543966293335
2015-11-04,AKBNK.IS,4.904360771179199
2015-11-05,AKBNK.IS,4.837094306945801
2015-11-06,AKBNK.IS,4.800403594970703
2015-11-09,AKBNK.IS,4.720906734466553
2015-11-10,AKBNK.IS,4.6781005859375
2015-11-11,AKBNK.IS,4.714791297912598
2015-11-12,AKBNK.IS,4.745367527008057
2015-11-13,AKBNK.IS,4.727022171020508
2015-11-16,AKBNK.IS,4.6781005859375
2015-11-17,AKBNK.IS,4.6781005859375
2015-11-18,AKBNK.IS,4.629179000854492
2015-11-19,AKBNK.IS,4.5924882888793945
2015-11-20,AKBNK.IS,4.5741424560546875
2015-11-23,AKBNK.IS,4.506875514984131
2015-11-24,AKBNK.IS,4.329535961151123
2015-11-25,AKBNK.IS,4.335650444030762
2015-11-26,AKBNK.IS,4.201116561889648
2015-11-27,AKBNK.IS,4.2194623947143555
2015-11-30,AKBNK.IS,4.2378082275390625
2015-12-01,AKBNK.IS,4.360111713409424
2015-12-02,AKBNK.IS,4.341766357421875
2015-12-03,AKBNK.IS,4.280613899230957
2015-12-04,AKBNK.IS,4.213347434997559
2015-12-07,AKBNK.IS,4.225578308105469
2015-12-08,AKBNK.IS,4.164426326751709
2015-12-09,AKBNK.IS,4.28672981262207
2015-12-10,AKBNK.IS,4.158310890197754
2015-12-11,AKBNK.IS,3.962625503540039
2015-12-14,AKBNK.IS,3.9442803859710693
2015-12-15,AKBNK.IS,4.109390735626221
2015-12-16,AKBNK.IS,4.188887119293213
2015-12-17,AKBNK.IS,4.2194623947143555
2015-12-18,AKBNK.IS,4.139966011047363
2015-12-21,AKBNK.IS,4.20723295211792
2015-12-22,AKBNK.IS,4.201116561889648
2015-12-23,AKBNK.IS,4.311190605163574
2015-12-24,AKBNK.IS,4.353996276855469
2015-12-25,AKBNK.IS,4.366226673126221
2015-12-28,AKBNK.IS,4.347881317138672
2015-12-29,AKBNK.IS,4.329535961151123
2015-12-30,AKBNK.IS,4.2378082275390625
2015-12-31,AKBNK.IS,4.0971598625183105
2016-01-01,AKBNK.IS,4.0971598625183105
2016-01-04,AKBNK.IS,4.023777008056641
2016-01-05,AKBNK.IS,3.9993178844451904
2016-01-06,AKBNK.IS,4.060468673706055
2016-01-07,AKBNK.IS,4.084929943084717
2016-01-08,AKBNK.IS,4.103275299072266
2016-01-11,AKBNK.IS,4.139966011047363
2016-01-12,AKBNK.IS,4.182771682739258
2016-01-13,AKBNK.IS,4.274499893188477
2016-01-14,AKBNK.IS,4.292844772338867
2016-01-15,AKBNK.IS,4.225578308105469
2016-01-18,AKBNK.IS,4.225578308105469
2016-01-19,AKBNK.IS,4.201116561889648
2016-01-20,AKBNK.IS,4.066583633422852
2016-01-21,AKBNK.IS,4.005432605743408
2016-01-22,AKBNK.IS,4.005432605743408
2016-01-25,AKBNK.IS,4.158310890197754
2016-01-26,AKBNK.IS,4.311190605163574
2016-01-27,AKBNK.IS,4.280613899230957
2016-01-28,AKBNK.IS,4.268383979797363
2016-01-29,AKBNK.IS,4.39680290222168
2016-02-01,AKBNK.IS,4.39680290222168
2016-02-02,AKBNK.IS,4.2989606857299805
2016-02-03,AKBNK.IS,4.427378177642822
2016-02-04,AKBNK.IS,4.555797576904297
2016-02-05,AKBNK.IS,4.48853063583374
2016-02-08,AKBNK.IS,4.353996276855469
2016-02-09,AKBNK.IS,4.40291690826416
2016-02-10,AKBNK.IS,4.378457546234131
2016-02-11,AKBNK.IS,4.360111713409424
2016-02-12,AKBNK.IS,4.378457546234131
2016-02-15,AKBNK.IS,4.353996276855469
2016-02-16,AKBNK.IS,4.305075168609619
2016-02-17,AKBNK.IS,4.41514778137207
2016-02-18,AKBNK.IS,4.427378177642822
2016-02-19,AKBNK.IS,4.366226673126221
2016-02-22,AKBNK.IS,4.506875514984131
2016-02-23,AKBNK.IS,4.5924882888793945
2016-02-24,AKBNK.IS,4.47629976272583
2016-02-25,AKBNK.IS,4.531336307525635
2016-02-26,AKBNK.IS,4.555797576904297
2016-02-29,AKBNK.IS,4.519105911254883
2016-03-01,AKBNK.IS,4.525221824645996
2016-03-02,AKBNK.IS,4.604718208312988
2016-03-03,AKBNK.IS,4.5863728523254395
2016-03-04,AKBNK.IS,4.598603248596191
2016-03-07,AKBNK.IS,4.5924882888793945
2016-03-08,AKBNK.IS,4.6842145919799805
2016-03-09,AKBNK.IS,4.812634468078613
2016-03-10,AKBNK.IS,4.861555099487305
2016-03-11,AKBNK.IS,4.861555099487305
2016-03-14,AKBNK.IS,4.916592121124268
2016-03-15,AKBNK.IS,4.75759744644165
2016-03-16,AKBNK.IS,4.727022171020508
2016-03-17,AKBNK.IS,4.953282356262207
2016-03-18,AKBNK.IS,5.020549297332764
2016-03-21,AKBNK.IS,4.983859062194824
2016-03-22,AKBNK.IS,4.812634468078613
2016-03-23,AKBNK.IS,4.812634468078613
2016-03-24,AKBNK.IS,4.934937000274658
2016-03-25,AKBNK.IS,4.904360771179199
2016-03-28,AKBNK.IS,4.861555099487305
2016-03-29,AKBNK.IS,4.849324703216553
2016-03-30,AKBNK.IS,4.986452102661133
2016-03-31,AKBNK.IS,4.998918056488037
2016-04-01,AKBNK.IS,4.905423164367676
2016-04-04,AKBNK.IS,5.030083656311035
2016-04-05,AKBNK.IS,4.973986625671387
2016-04-06,AKBNK.IS,4.88672399520874
2016-04-07,AKBNK.IS,4.892956256866455
2016-04-08,AKBNK.IS,4.961520195007324
2016-04-11,AKBNK.IS,5.061248779296875
2016-04-12,AKBNK.IS,5.061248779296875
2016-04-13,AKBNK.IS,5.25447416305542
2016-04-14,AKBNK.IS,5.273173809051514
2016-04-15,AKBNK.IS,5.291872501373291
2016-04-18,AKBNK.IS,5.428999423980713
2016-04-19,AKBNK.IS,5.416533946990967
2016-04-20,AKBNK.IS,5.304338455200195
2016-04-21,AKBNK.IS,5.323037624359131
2016-04-22,AKBNK.IS,5.291872501373291
2016-04-25,AKBNK.IS,5.204608917236328
2016-04-26,AKBNK.IS,5.341737270355225
2016-04-27,AKBNK.IS,5.335503578186035
2016-04-28,AKBNK.IS,5.372901916503906
2016-04-29,AKBNK.IS,5.36043643951416
2016-05-02,AKBNK.IS,5.235774517059326
2016-05-03,AKBNK.IS,5.023850917816162
2016-05-04,AKBNK.IS,4.849325180053711
2016-05-05,AKBNK.IS,4.762061595916748
2016-05-06,AKBNK.IS,4.755828857421875
2016-05-09,AKBNK.IS,4.830625534057617
2016-05-10,AKBNK.IS,4.774527549743652
2016-05-11,AKBNK.IS,4.818160057067871
2016-05-12,AKBNK.IS,4.799460411071777
2016-05-13,AKBNK.IS,4.793227195739746
2016-05-16,AKBNK.IS,4.674798965454102
2016-05-17,AKBNK.IS,4.7433624267578125
2016-05-18,AKBNK.IS,4.805693626403809
2016-05-19,AKBNK.IS,4.805693626403809
2016-05-20,AKBNK.IS,4.674798965454102
2016-05-23,AKBNK.IS,4.774527549743652
2016-05-24,AKBNK.IS,5.017617225646973
2016-05-25,AKBNK.IS,4.942821025848389
2016-05-26,AKBNK.IS,4.917888641357422
2016-05-27,AKBNK.IS,4.955286979675293
2016-05-30,AKBNK.IS,4.986452102661133
2016-05-31,AKBNK.IS,4.967752933502197
2016-06-01,AKBNK.IS,4.924121379852295
2016-06-02,AKBNK.IS,4.855557918548584
2016-06-03,AKBNK.IS,4.986452102661133
2016-06-06,AKBNK.IS,5.030083656311035
2016-06-07,AKBNK.IS,4.917888641357422
2016-06-08,AKBNK.IS,5.017617225646973
2016-06-09,AKBNK.IS,4.936587810516357
2016-06-10,AKBNK.IS,4.892956256866455
2016-06-13,AKBNK.IS,4.880489826202393
2016-06-14,AKBNK.IS,4.855557918548584
2016-06-15,AKBNK.IS,4.892956256866455
2016-06-16,AKBNK.IS,4.793227195739746
2016-06-17,AKBNK.IS,4.942821025848389
2016-06-20,AKBNK.IS,5.111114025115967
2016-06-21,AKBNK.IS,5.129812240600586
2016-06-22,AKBNK.IS,5.098647117614746
2016-06-23,AKBNK.IS,5.223308563232422
2016-06-24,AKBNK.IS,5.092414379119873
2016-06-27,AKBNK.IS,5.055016040802002
2016-06-28,AKBNK.IS,5.11734676361084
2016-06-29,AKBNK.IS,5.073715686798096
2016-06-30,AKBNK.IS,5.129812240600586
2016-07-01,AKBNK.IS,5.223308563232422
2016-07-04,AKBNK.IS,5.25447416305542
2016-07-05,AKBNK.IS,5.25447416305542
2016-07-06,AKBNK.IS,5.25447416305542
2016-07-07,AKBNK.IS,5.25447416305542
2016-07-08,AKBNK.IS,5.185909748077393
2016-07-11,AKBNK.IS,5.229541778564453
2016-07-12,AKBNK.IS,5.503796100616455
2016-07-13,AKBNK.IS,5.503796100616455
2016-07-14,AKBNK.IS,5.5100297927856445
2016-07-15,AKBNK.IS,5.559894561767578
2016-07-18,AKBNK.IS,5.123579502105713
2016-07-19,AKBNK.IS,4.967752933502197
2016-07-20,AKBNK.IS,4.805693626403809
2016-07-21,AKBNK.IS,4.624934196472168
2016-07-22,AKBNK.IS,4.637399673461914
2016-07-25,AKBNK.IS,4.7682952880859375
2016-07-26,AKBNK.IS,4.656100273132324
2016-07-27,AKBNK.IS,4.7682952880859375
2016-07-28,AKBNK.IS,4.737130165100098
2016-07-29,AKBNK.IS,4.799460411071777
2016-08-01,AKBNK.IS,4.8680243492126465
2016-08-02,AKBNK.IS,4.7682952880859375
2016-08-03,AKBNK.IS,4.687265396118164
2016-08-04,AKBNK.IS,4.836859226226807
2016-08-05,AKBNK.IS,4.81192684173584
2016-08-08,AKBNK.IS,4.998918056488037
2016-08-09,AKBNK.IS,5.048782825469971
2016-08-10,AKBNK.IS,5.017617225646973
2016-08-11,AKBNK.IS,5.098647117614746
2016-08-12,AKBNK.IS,5.061248779296875
2016-08-15,AKBNK.IS,5.086181640625
2016-08-16,AKBNK.IS,4.98021936416626
2016-08-17,AKBNK.IS,5.036316394805908
2016-08-18,AKBNK.IS,5.067481994628906
2016-08-19,AKBNK.IS,5.111114025115967
2016-08-22,AKBNK.IS,5.067481994628906
2016-08-23,AKBNK.IS,5.005151748657227
2016-08-24,AKBNK.IS,4.836859226226807
2016-08-25,AKBNK.IS,4.880489826202393
2016-08-26,AKBNK.IS,4.98021936416626
2016-08-29,AKBNK.IS,4.88672399520874
2016-08-30,AKBNK.IS,4.88672399520874
2016-08-31,AKBNK.IS,4.874257564544678
2016-09-01,AKBNK.IS,4.917888641357422
2016-09-02,AKBNK.IS,4.998918056488037
2016-09-05,AKBNK.IS,5.1048808097839355
2016-09-06,AKBNK.IS,5.123579502105713
2016-09-07,AKBNK.IS,5.092414379119873
2016-09-08,AKBNK.IS,5.136045932769775
2016-09-09,AKBNK.IS,5.017617225646973
2016-09-12,AKBNK.IS,5.017617225646973
2016-09-13,AKBNK.IS,5.017617225646973
2016-09-14,AKBNK.IS,5.017617225646973
2016-09-15,AKBNK.IS,5.017617225646973
2016-09-16,AKBNK.IS,5.005151748657227
2016-09-19,AKBNK.IS,5.1609787940979
2016-09-20,AKBNK.IS,5.111114025115967
2016-09-21,AKBNK.IS,5.142279624938965
2016-09-22,AKBNK.IS,5.248241424560547
2016-09-23,AKBNK.IS,5.235774517059326
2016-09-26,AKBNK.IS,4.961520195007324
2016-09-27,AKBNK.IS,5.067481994628906
2016-09-28,AKBNK.IS,5.179678440093994
2016-09-29,AKBNK.IS,5.067481994628906
2016-09-30,AKBNK.IS,5.011384963989258
2016-10-03,AKBNK.IS,5.098647117614746
2016-10-04,AKBNK.IS,5.042550563812256
2016-10-05,AKBNK.IS,5.067481994628906
2016-10-06,AKBNK.IS,5.067481994628906
2016-10-07,AKBNK.IS,5.048782825469971
2016-10-10,AKBNK.IS,5.061248779296875
2016-10-11,AKBNK.IS,5.067481994628906
2016-10-12,AKBNK.IS,5.055016040802002
2016-10-13,AKBNK.IS,4.949053764343262
2016-10-14,AKBNK.IS,5.017617225646973
2016-10-17,AKBNK.IS,5.017617225646973
2016-10-18,AKBNK.IS,5.179678440093994
2016-10-19,AKBNK.IS,5.235774517059326
2016-10-20,AKBNK.IS,5.248241424560547
2016-10-21,AKBNK.IS,5.217076301574707
2016-10-24,AKBNK.IS,5.260706901550293
2016-10-25,AKBNK.IS,5.173443794250488
2016-10-26,AKBNK.IS,5.19214391708374
2016-10-27,AKBNK.IS,5.1048808097839355
2016-10-28,AKBNK.IS,5.1048808097839355
2016-10-31,AKBNK.IS,5.154745101928711
2016-11-01,AKBNK.IS,5.073715686798096
2016-11-02,AKBNK.IS,5.042550563812256
2016-11-03,AKBNK.IS,4.961520195007324
2016-11-04,AKBNK.IS,4.799460411071777
2016-11-07,AKBNK.IS,4.880489826202393
2016-11-08,AKBNK.IS,4.924121379852295
2016-11-09,AKBNK.IS,4.930354595184326
2016-11-10,AKBNK.IS,4.949053764343262
2016-11-11,AKBNK.IS,4.824392795562744
2016-11-14,AKBNK.IS,4.818160057067871
2016-11-15,AKBNK.IS,4.917888641357422
2016-11-16,AKBNK.IS,4.849325180053711
2016-11-17,AKBNK.IS,4.849325180053711
2016-11-18,AKBNK.IS,4.911654949188232
2016-11-21,AKBNK.IS,4.874257564544678
2016-11-22,AKBNK.IS,4.967752933502197
2016-11-23,AKBNK.IS,4.855557918548584
2016-11-24,AKBNK.IS,4.762061595916748
2016-11-25,AKBNK.IS,4.780761241912842
2016-11-28,AKBNK.IS,4.836859226226807
2016-11-29,AKBNK.IS,4.7682952880859375
2016-11-30,AKBNK.IS,4.705964088439941
2016-12-01,AKBNK.IS,4.649866580963135
2016-12-02,AKBNK.IS,4.631167888641357
2016-12-05,AKBNK.IS,4.593769073486328
2016-12-06,AKBNK.IS,4.724663734436035
2016-12-07,AKBNK.IS,4.793227195739746
2016-12-08,AKBNK.IS,4.762061595916748
2016-12-09,AKBNK.IS,4.724663734436035
2016-12-12,AKBNK.IS,4.755828857421875
2016-12-13,AKBNK.IS,4.8680243492126465
2016-12-14,AKBNK.IS,4.911654949188232
2016-12-15,AKBNK.IS,4.961520195007324
2016-12-16,AKBNK.IS,4.892956256866455
2016-12-19,AKBNK.IS,4.855557918548584
2016-12-20,AKBNK.IS,4.892956256866455
2016-12-21,AKBNK.IS,4.8680243492126465
2016-12-22,AKBNK.IS,4.849325180053711
2016-12-23,AKBNK.IS,4.81192684173584
2016-12-26,AKBNK.IS,4.818160057067871
2016-12-27,AKBNK.IS,4.780761241912842
2016-12-28,AKBNK.IS,4.855557918548584
2016-12-29,AKBNK.IS,4.8430914878845215
2016-12-30,AKBNK.IS,4.874257564544678
2017-01-02,AKBNK.IS,4.8430914878845215
2017-01-03,AKBNK.IS,4.7433624267578125
2017-01-04,AKBNK.IS,4.674798965454102
2017-01-05,AKBNK.IS,4.674798965454102
2017-01-06,AKBNK.IS,4.7682952880859375
2017-01-09,AKBNK.IS,4.774527549743652
2017-01-10,AKBNK.IS,4.656100273132324
2017-01-11,AKBNK.IS,4.631167888641357
2017-01-12,AKBNK.IS,4.892956256866455
2017-01-13,AKBNK.IS,4.861791133880615
2017-01-16,AKBNK.IS,4.818160057067871
2017-01-17,AKBNK.IS,4.880489826202393
2017-01-18,AKBNK.IS,4.911654949188232
2017-01-19,AKBNK.IS,4.849325180053711
2017-01-20,AKBNK.IS,4.936587810516357
2017-01-23,AKBNK.IS,4.88672399520874
2017-01-24,AKBNK.IS,4.967752933502197
2017-01-25,AKBNK.IS,4.899188995361328
2017-01-26,AKBNK.IS,5.005151748657227
2017-01-27,AKBNK.IS,4.936587810516357
2017-01-30,AKBNK.IS,5.198376178741455
2017-01-31,AKBNK.IS,5.235774517059326
2017-02-01,AKBNK.IS,5.266939640045166
2017-02-02,AKBNK.IS,5.397834777832031
2017-02-03,AKBNK.IS,5.491330623626709
2017-02-06,AKBNK.IS,5.379135608673096
2017-02-07,AKBNK.IS,5.4103007316589355
2017-02-08,AKBNK.IS,5.491330623626709
2017-02-09,AKBNK.IS,5.528728485107422
2017-02-10,AKBNK.IS,5.379135608673096
2017-02-13,AKBNK.IS,5.528728485107422
2017-02-14,AKBNK.IS,5.553661823272705
2017-02-15,AKBNK.IS,5.472631454467773
2017-02-16,AKBNK.IS,5.516263008117676
2017-02-17,AKBNK.IS,5.597291946411133
2017-02-20,AKBNK.IS,5.572360515594482
2017-02-21,AKBNK.IS,5.584826469421387
2017-02-22,AKBNK.IS,5.478864669799805
2017-02-23,AKBNK.IS,5.49756383895874
2017-02-24,AKBNK.IS,5.466398239135742
2017-02-27,AKBNK.IS,5.447698593139648
2017-02-28,AKBNK.IS,5.416533946990967
2017-03-01,AKBNK.IS,5.572360515594482
2017-03-02,AKBNK.IS,5.615992069244385
2017-03-03,AKBNK.IS,5.603525638580322
2017-03-06,AKBNK.IS,5.7718186378479
2017-03-07,AKBNK.IS,5.690788745880127
2017-03-08,AKBNK.IS,5.566127300262451
2017-03-09,AKBNK.IS,5.478864669799805
2017-03-10,AKBNK.IS,5.528728485107422
2017-03-13,AKBNK.IS,5.5349626541137695
2017-03-14,AKBNK.IS,5.460165023803711
2017-03-15,AKBNK.IS,5.5100297927856445
2017-03-16,AKBNK.IS,5.559894561767578
2017-03-17,AKBNK.IS,5.553661823272705
2017-03-20,AKBNK.IS,5.578593730926514
2017-03-21,AKBNK.IS,5.522495746612549
2017-03-22,AKBNK.IS,5.472631454467773
2017-03-23,AKBNK.IS,5.435233116149902
2017-03-24,AKBNK.IS,5.541194438934326
2017-03-27,AKBNK.IS,5.491330623626709
2017-03-28,AKBNK.IS,5.522495746612549
2017-03-29,AKBNK.IS,5.472631454467773
2017-03-30,AKBNK.IS,5.469433307647705
2017-03-31,AKBNK.IS,5.456638813018799
2017-04-03,AKBNK.IS,5.4182562828063965
2017-04-04,AKBNK.IS,5.456638813018799
2017-04-05,AKBNK.IS,5.533401966094971
2017-04-06,AKBNK.IS,5.501418113708496
2017-04-07,AKBNK.IS,5.475829601287842
2017-04-10,AKBNK.IS,5.8020758628845215
2017-04-11,AKBNK.IS,5.7764892578125
2017-04-12,AKBNK.IS,5.821268081665039
2017-04-13,AKBNK.IS,5.72531270980835
2017-04-14,AKBNK.IS,5.814870357513428
2017-04-17,AKBNK.IS,5.814870357513428
2017-04-18,AKBNK.IS,5.923619270324707
2017-04-19,AKBNK.IS,5.834062099456787
2017-04-20,AKBNK.IS,5.93001651763916
2017-04-21,AKBNK.IS,5.955604553222656
2017-04-24,AKBNK.IS,6.147515296936035
2017-04-25,AKBNK.IS,6.205088138580322
2017-04-26,AKBNK.IS,6.115530014038086
2017-04-27,AKBNK.IS,6.038765907287598
2017-04-28,AKBNK.IS,6.0835442543029785
2017-05-01,AKBNK.IS,6.0835442543029785
2017-05-02,AKBNK.IS,6.032369613647461
2017-05-03,AKBNK.IS,6.013177394866943
2017-05-04,AKBNK.IS,5.93001651763916
2017-05-05,AKBNK.IS,5.949208736419678
2017-05-08,AKBNK.IS,5.910825729370117
2017-05-09,AKBNK.IS,6.000383377075195
2017-05-10,AKBNK.IS,6.032369613647461
2017-05-11,AKBNK.IS,5.91722297668457
2017-05-12,AKBNK.IS,5.878840923309326
2017-05-15,AKBNK.IS,5.904428958892822
2017-05-16,AKBNK.IS,5.949208736419678
2017-05-17,AKBNK.IS,5.968398571014404
2017-05-18,AKBNK.IS,5.91722297668457
2017-05-19,AKBNK.IS,5.91722297668457
2017-05-22,AKBNK.IS,5.981192588806152
2017-05-23,AKBNK.IS,6.0835442543029785
2017-05-24,AKBNK.IS,6.192293167114258
2017-05-25,AKBNK.IS,6.185896873474121
2017-05-26,AKBNK.IS,6.115530014038086
2017-05-29,AKBNK.IS,6.160308837890625
2017-05-30,AKBNK.IS,6.077147960662842
2017-05-31,AKBNK.IS,6.096338748931885
2017-06-01,AKBNK.IS,6.096338748931885
2017-06-02,AKBNK.IS,6.17949914932251
2017-06-05,AKBNK.IS,6.147515296936035
2017-06-06,AKBNK.IS,6.160308837890625
2017-06-07,AKBNK.IS,6.115530014038086
2017-06-08,AKBNK.IS,6.0835442543029785
2017-06-09,AKBNK.IS,6.147515296936035
2017-06-12,AKBNK.IS,6.262660026550293
2017-06-13,AKBNK.IS,6.269057273864746
2017-06-14,AKBNK.IS,6.30743932723999
2017-06-15,AKBNK.IS,6.243469715118408
2017-06-16,AKBNK.IS,6.237071990966797
2017-06-19,AKBNK.IS,6.40339469909668
2017-06-20,AKBNK.IS,6.377806186676025
2017-06-21,AKBNK.IS,6.384204387664795
2017-06-22,AKBNK.IS,6.4353790283203125
2017-06-23,AKBNK.IS,6.358615398406982
2017-06-26,AKBNK.IS,6.358615398406982
2017-06-27,AKBNK.IS,6.358615398406982
2017-06-28,AKBNK.IS,6.384204387664795
2017-06-29,AKBNK.IS,6.326630592346191
2017-06-30,AKBNK.IS,6.269057273864746
2017-07-03,AKBNK.IS,6.288249492645264
2017-07-04,AKBNK.IS,6.390599727630615
2017-07-05,AKBNK.IS,6.30743932723999
2017-07-06,AKBNK.IS,6.352218151092529
2017-07-07,AKBNK.IS,6.30743932723999
2017-07-10,AKBNK.IS,6.339424133300781
2017-07-11,AKBNK.IS,6.55692195892334
2017-07-12,AKBNK.IS,6.640084266662598
2017-07-13,AKBNK.IS,6.537731647491455
2017-07-14,AKBNK.IS,6.640084266662598
2017-07-17,AKBNK.IS,6.729640483856201
2017-07-18,AKBNK.IS,6.640084266662598
2017-07-19,AKBNK.IS,6.780817031860352
2017-07-20,AKBNK.IS,6.691259384155273
2017-07-21,AKBNK.IS,6.6656718254089355
2017-07-24,AKBNK.IS,6.652877330780029
2017-07-25,AKBNK.IS,6.633686065673828
2017-07-26,AKBNK.IS,6.6720685958862305
2017-07-27,AKBNK.IS,6.736039638519287
2017-07-28,AKBNK.IS,6.659275054931641
2017-07-31,AKBNK.IS,6.691259384155273
2017-08-01,AKBNK.IS,6.601701259613037
2017-08-02,AKBNK.IS,6.646481037139893
2017-08-03,AKBNK.IS,6.633686065673828
2017-08-04,AKBNK.IS,6.755229473114014
2017-08-07,AKBNK.IS,6.800008296966553
2017-08-08,AKBNK.IS,6.7872138023376465
2017-08-09,AKBNK.IS,6.6656718254089355
2017-08-10,AKBNK.IS,6.608099460601807
2017-08-11,AKBNK.IS,6.505745887756348
2017-08-14,AKBNK.IS,6.697657108306885
2017-08-15,AKBNK.IS,6.537731647491455
2017-08-16,AKBNK.IS,6.537731647491455
2017-08-17,AKBNK.IS,6.4929518699646
2017-08-18,AKBNK.IS,6.467364311218262
2017-08-21,AKBNK.IS,6.524937629699707
2017-08-22,AKBNK.IS,6.524937629699707
2017-08-23,AKBNK.IS,6.55692195892334
2017-08-24,AKBNK.IS,6.614495754241943
2017-08-25,AKBNK.IS,6.68486213684082
2017-08-28,AKBNK.IS,6.716846942901611
2017-08-29,AKBNK.IS,6.691259384155273
2017-08-30,AKBNK.IS,6.691259384155273
2017-08-31,AKBNK.IS,6.614495754241943
2017-09-01,AKBNK.IS,6.614495754241943
2017-09-04,AKBNK.IS,6.614495754241943
2017-09-05,AKBNK.IS,6.614495754241943
2017-09-06,AKBNK.IS,6.563319206237793
2017-09-07,AKBNK.IS,6.4929518699646
2017-09-08,AKBNK.IS,6.416188716888428
2017-09-11,AKBNK.IS,6.486555576324463
2017-09-12,AKBNK.IS,6.518539905548096
2017-09-13,AKBNK.IS,6.448173522949219
2017-09-14,AKBNK.IS,6.524937629699707
2017-09-15,AKBNK.IS,6.544128894805908
2017-09-18,AKBNK.IS,6.505745887756348
2017-09-19,AKBNK.IS,6.339424133300781
2017-09-20,AKBNK.IS,6.301042556762695
2017-09-21,AKBNK.IS,6.211484432220459
2017-09-22,AKBNK.IS,6.352218151092529
2017-09-25,AKBNK.IS,6.269057273864746
2017-09-26,AKBNK.IS,6.339424133300781
2017-09-27,AKBNK.IS,5.974795818328857
2017-09-28,AKBNK.IS,6.045162677764893
2017-09-29,AKBNK.IS,6.013177394866943
2017-10-02,AKBNK.IS,6.051559925079346
2017-10-03,AKBNK.IS,6.045162677764893
2017-10-04,AKBNK.IS,6.153911590576172
2017-10-05,AKBNK.IS,6.08994197845459
2017-10-06,AKBNK.IS,6.051559925079346
2017-10-09,AKBNK.IS,5.878840923309326
2017-10-10,AKBNK.IS,6.057957172393799
2017-10-11,AKBNK.IS,6.032369613647461
2017-10-12,AKBNK.IS,6.198690891265869
2017-10-13,AKBNK.IS,6.205088138580322
2017-10-16,AKBNK.IS,6.160308837890625
2017-10-17,AKBNK.IS,6.147515296936035
2017-10-18,AKBNK.IS,6.134720802307129
2017-10-19,AKBNK.IS,6.294644832611084
2017-10-20,AKBNK.IS,6.262660026550293
2017-10-23,AKBNK.IS,6.08994197845459
2017-10-24,AKBNK.IS,6.0835442543029785
2017-10-25,AKBNK.IS,6.275454998016357
2017-10-26,AKBNK.IS,6.160308837890625
2017-10-27,AKBNK.IS,6.134720802307129
2017-10-30,AKBNK.IS,6.205088138580322
2017-10-31,AKBNK.IS,6.40339469909668
2017-11-01,AKBNK.IS,6.652877330780029
2017-11-02,AKBNK.IS,6.627289772033691
2017-11-03,AKBNK.IS,6.384204387664795
2017-11-06,AKBNK.IS,6.595304489135742
2017-11-07,AKBNK.IS,6.428982257843018
2017-11-08,AKBNK.IS,6.288249492645264
2017-11-09,AKBNK.IS,6.166705131530762
2017-11-10,AKBNK.IS,6.166705131530762
2017-11-13,AKBNK.IS,6.262660026550293
2017-11-14,AKBNK.IS,6.3330278396606445
2017-11-15,AKBNK.IS,6.160308837890625
2017-11-16,AKBNK.IS,6.141117095947266
2017-11-17,AKBNK.IS,6.115530014038086
2017-11-20,AKBNK.IS,5.814870357513428
2017-11-21,AKBNK.IS,5.795679569244385
2017-11-22,AKBNK.IS,5.942810535430908
2017-11-23,AKBNK.IS,5.750900745391846
2017-11-24,AKBNK.IS,5.674136161804199
2017-11-27,AKBNK.IS,5.693328380584717
2017-11-28,AKBNK.IS,5.597373008728027
2017-11-29,AKBNK.IS,5.6997246742248535
2017-11-30,AKBNK.IS,5.750900745391846
2017-12-01,AKBNK.IS,5.642151832580566
2017-12-04,AKBNK.IS,5.750900745391846
2017-12-05,AKBNK.IS,5.808473587036133
2017-12-06,AKBNK.IS,5.6869306564331055
2017-12-07,AKBNK.IS,5.706121921539307
2017-12-08,AKBNK.IS,5.846855640411377
2017-12-11,AKBNK.IS,5.981192588806152
2017-12-12,AKBNK.IS,5.981192588806152
2017-12-13,AKBNK.IS,5.942810535430908
2017-12-14,AKBNK.IS,6.051559925079346
2017-12-15,AKBNK.IS,5.981192588806152
2017-12-18,AKBNK.IS,6.038765907287598
2017-12-19,AKBNK.IS,5.9939866065979
2017-12-20,AKBNK.IS,5.9939866065979
2017-12-21,AKBNK.IS,6.013177394866943
2017-12-22,AKBNK.IS,5.981192588806152
2017-12-25,AKBNK.IS,6.00678014755249
2017-12-26,AKBNK.IS,6.0195746421813965
2017-12-27,AKBNK.IS,6.013177394866943
2017-12-28,AKBNK.IS,6.224278450012207
2017-12-29,AKBNK.IS,6.301042556762695
2018-01-01,AKBNK.IS,6.301042556762695
2018-01-02,AKBNK.IS,6.454570293426514
2018-01-03,AKBNK.IS,6.358615398406982
2018-01-04,AKBNK.IS,6.294644832611084
2018-01-05,AKBNK.IS,6.428982257843018
2018-01-08,AKBNK.IS,6.358615398406982
2018-01-09,AKBNK.IS,6.275454998016357
2018-01-10,AKBNK.IS,6.160308837890625
2018-01-11,AKBNK.IS,6.198690891265869
2018-01-12,AKBNK.IS,6.269057273864746
2018-01-15,AKBNK.IS,6.128323554992676
2018-01-16,AKBNK.IS,6.294644832611084
2018-01-17,AKBNK.IS,6.460967540740967
2018-01-18,AKBNK.IS,6.4929518699646
2018-01-19,AKBNK.IS,6.40339469909668
2018-01-22,AKBNK.IS,6.537731647491455
2018-01-23,AKBNK.IS,6.614495754241943
2018-01-24,AKBNK.IS,6.889565944671631
2018-01-25,AKBNK.IS,6.812802314758301
2018-01-26,AKBNK.IS,7.087873458862305
2018-01-29,AKBNK.IS,7.087873458862305
2018-01-30,AKBNK.IS,6.902360916137695
2018-01-31,AKBNK.IS,6.98552131652832
2018-02-01,AKBNK.IS,6.768023490905762
2018-02-02,AKBNK.IS,6.812802314758301
2018-02-05,AKBNK.IS,6.780817031860352
2018-02-06,AKBNK.IS,6.710451602935791
2018-02-07,AKBNK.IS,6.652877330780029
2018-02-08,AKBNK.IS,6.4929518699646
2018-02-09,AKBNK.IS,6.55692195892334
2018-02-12,AKBNK.IS,6.646481037139893
2018-02-13,AKBNK.IS,6.614495754241943
2018-02-14,AKBNK.IS,6.4929518699646
2018-02-15,AKBNK.IS,6.755229473114014
2018-02-16,AKBNK.IS,6.761626243591309
2018-02-19,AKBNK.IS,6.6656718254089355
2018-02-20,AKBNK.IS,6.544128894805908
2018-02-21,AKBNK.IS,6.716846942901611
2018-02-22,AKBNK.IS,6.723244667053223
2018-02-23,AKBNK.IS,6.736039638519287
2018-02-26,AKBNK.IS,6.800008296966553
2018-02-27,AKBNK.IS,6.889565944671631
2018-02-28,AKBNK.IS,6.812802314758301
2018-03-01,AKBNK.IS,6.736039638519287
2018-03-02,AKBNK.IS,6.6720685958862305
2018-03-05,AKBNK.IS,6.646481037139893
2018-03-06,AKBNK.IS,6.742435932159424
2018-03-07,AKBNK.IS,6.761626243591309
2018-03-08,AKBNK.IS,6.736039638519287
2018-03-09,AKBNK.IS,6.646481037139893
2018-03-12,AKBNK.IS,6.780817031860352
2018-03-13,AKBNK.IS,6.691259384155273
2018-03-14,AKBNK.IS,6.588907241821289
2018-03-15,AKBNK.IS,6.505745887756348
2018-03-16,AKBNK.IS,6.460967540740967
2018-03-19,AKBNK.IS,6.30743932723999
2018-03-20,AKBNK.IS,6.4353790283203125
2018-03-21,AKBNK.IS,6.4929518699646
2018-03-22,AKBNK.IS,6.448173522949219
2018-03-23,AKBNK.IS,6.339424133300781
2018-03-26,AKBNK.IS,6.262660026550293
2018-03-27,AKBNK.IS,6.217881679534912
2018-03-28,AKBNK.IS,6.24456787109375
2018-03-29,AKBNK.IS,6.3579840660095215
2018-03-30,AKBNK.IS,6.398013114929199
2018-04-02,AKBNK.IS,6.317955493927002
2018-04-03,AKBNK.IS,6.331296920776367
2018-04-04,AKBNK.IS,6.398013114929199
2018-04-05,AKBNK.IS,6.504757404327393
2018-04-06,AKBNK.IS,6.424699306488037
2018-04-09,AKBNK.IS,6.344641208648682
2018-04-10,AKBNK.IS,6.13782262802124
2018-04-11,AKBNK.IS,6.004392147064209
2018-04-12,AKBNK.IS,6.124478816986084
2018-04-13,AKBNK.IS,6.117808818817139
2018-04-16,AKBNK.IS,6.117808818817139
2018-04-17,AKBNK.IS,6.084450721740723
2018-04-18,AKBNK.IS,6.3246259689331055
2018-04-19,AKBNK.IS,6.23122501373291
2018-04-20,AKBNK.IS,6.13782262802124
2018-04-23,AKBNK.IS,6.13782262802124
2018-04-24,AKBNK.IS,6.23122501373291
2018-04-25,AKBNK.IS,5.991048336029053
2018-04-26,AKBNK.IS,5.850946426391602
2018-04-27,AKBNK.IS,5.877633094787598
2018-04-30,AKBNK.IS,5.637455940246582
2018-05-01,AKBNK.IS,5.637455940246582
2018-05-02,AKBNK.IS,5.644128799438477
2018-05-03,AKBNK.IS,5.437311172485352
2018-05-04,AKBNK.IS,5.557398319244385
2018-05-07,AKBNK.IS,5.45065450668335
2018-05-08,AKBNK.IS,5.443982124328613
2018-05-09,AKBNK.IS,5.557398319244385
2018-05-10,AKBNK.IS,5.797574043273926
2018-05-11,AKBNK.IS,5.677486419677734
2018-05-14,AKBNK.IS,5.710844039916992
2018-05-15,AKBNK.IS,5.584084987640381
2018-05-16,AKBNK.IS,5.6307854652404785
2018-05-17,AKBNK.IS,5.590755939483643
2018-05-18,AKBNK.IS,5.684157371520996
2018-05-21,AKBNK.IS,5.657471656799316
2018-05-22,AKBNK.IS,5.710844039916992
2018-05-23,AKBNK.IS,5.65079927444458
2018-05-24,AKBNK.IS,5.697501182556152
2018-05-25,AKBNK.IS,5.75754451751709
2018-05-28,AKBNK.IS,5.870960712432861
2018-05-29,AKBNK.IS,5.73085880279541
2018-05-30,AKBNK.IS,5.604099273681641
2018-05-31,AKBNK.IS,5.3906097412109375
2018-06-01,AKBNK.IS,5.163776874542236
2018-06-04,AKBNK.IS,5.143763065338135
2018-06-05,AKBNK.IS,5.050360679626465
2018-06-06,AKBNK.IS,4.976973533630371
2018-06-07,AKBNK.IS,5.103733539581299
2018-06-08,AKBNK.IS,4.9436163902282715
2018-06-11,AKBNK.IS,4.976973533630371
2018-06-12,AKBNK.IS,4.930273056030273
2018-06-13,AKBNK.IS,4.8769001960754395
2018-06-14,AKBNK.IS,4.83687162399292
2018-06-15,AKBNK.IS,4.83687162399292
2018-06-18,AKBNK.IS,4.8035125732421875
2018-06-19,AKBNK.IS,4.8635573387146
2018-06-20,AKBNK.IS,4.8568854331970215
2018-06-21,AKBNK.IS,4.843542575836182
2018-06-22,AKBNK.IS,4.923602104187012
2018-06-25,AKBNK.IS,4.710111618041992
2018-06-26,AKBNK.IS,4.823528289794922
2018-06-27,AKBNK.IS,4.996988773345947
2018-06-28,AKBNK.IS,4.983644962310791
2018-06-29,AKBNK.IS,5.030346393585205
2018-07-02,AKBNK.IS,5.010332107543945
2018-07-03,AKBNK.IS,4.936944484710693
2018-07-04,AKBNK.IS,4.996988773345947
2018-07-05,AKBNK.IS,5.0770463943481445
2018-07-06,AKBNK.IS,5.0770463943481445
2018-07-09,AKBNK.IS,5.1237473487854
2018-07-10,AKBNK.IS,4.830199718475342
2018-07-11,AKBNK.IS,4.469936847686768
2018-07-12,AKBNK.IS,4.4098920822143555
2018-07-13,AKBNK.IS,4.363192081451416
2018-07-16,AKBNK.IS,4.336504936218262
2018-07-17,AKBNK.IS,4.443249702453613
2018-07-18,AKBNK.IS,4.416563510894775
2018-07-19,AKBNK.IS,4.396549224853516
2018-07-20,AKBNK.IS,4.4232354164123535
2018-07-23,AKBNK.IS,4.570009708404541
2018-07-24,AKBNK.IS,4.35651969909668
2018-07-25,AKBNK.IS,4.676753997802734
2018-07-26,AKBNK.IS,4.6634111404418945
2018-07-27,AKBNK.IS,4.71678352355957
2018-07-30,AKBNK.IS,4.770155429840088
2018-07-31,AKBNK.IS,4.816856384277344
2018-08-01,AKBNK.IS,4.72345495223999
2018-08-02,AKBNK.IS,4.503293514251709
2018-08-03,AKBNK.IS,4.5966949462890625
2018-08-06,AKBNK.IS,4.456593036651611
2018-08-07,AKBNK.IS,4.636724948883057
2018-08-08,AKBNK.IS,4.763484477996826
2018-08-09,AKBNK.IS,4.756812572479248
2018-08-10,AKBNK.IS,4.483279705047607
2018-08-13,AKBNK.IS,4.109673023223877
2018-08-14,AKBNK.IS,4.129688262939453
2018-08-15,AKBNK.IS,3.8694968223571777
2018-08-16,AKBNK.IS,3.776095151901245
2018-08-17,AKBNK.IS,3.8694968223571777
2018-08-20,AKBNK.IS,3.9628984928131104
2018-08-21,AKBNK.IS,3.9628984928131104
2018-08-22,AKBNK.IS,3.9628984928131104
2018-08-23,AKBNK.IS,3.9628984928131104
2018-08-24,AKBNK.IS,3.9628984928131104
2018-08-27,AKBNK.IS,3.9161972999572754
2018-08-28,AKBNK.IS,4.042957782745361
2018-08-29,AKBNK.IS,3.9895851612091064
2018-08-30,AKBNK.IS,3.9895851612091064
2018-08-31,AKBNK.IS,3.8628251552581787
2018-09-03,AKBNK.IS,3.9295403957366943
2018-09-04,AKBNK.IS,3.882840156555176
2018-09-05,AKBNK.IS,3.782766342163086
2018-09-06,AKBNK.IS,3.756080389022827
2018-09-07,AKBNK.IS,3.816124200820923
2018-09-10,AKBNK.IS,3.716050863265991
2018-09-11,AKBNK.IS,3.716050863265991
2018-09-12,AKBNK.IS,3.602635383605957
2018-09-13,AKBNK.IS,3.796109437942505
2018-09-14,AKBNK.IS,3.9095265865325928
2018-09-17,AKBNK.IS,3.882840156555176
2018-09-18,AKBNK.IS,3.8961832523345947
2018-09-19,AKBNK.IS,4.20974588394165
2018-09-20,AKBNK.IS,4.076315402984619
2018-09-21,AKBNK.IS,4.2164177894592285
2018-09-24,AKBNK.IS,4.489950180053711
2018-09-25,AKBNK.IS,4.4098920822143555
2018-09-26,AKBNK.IS,4.429906368255615
2018-09-27,AKBNK.IS,4.6233811378479
2018-09-28,AKBNK.IS,4.616710662841797
2018-10-01,AKBNK.IS,4.443249702453613
2018-10-02,AKBNK.IS,4.34317684173584
2018-10-03,AKBNK.IS,4.243103504180908
2018-10-04,AKBNK.IS,3.9228692054748535
2018-10-05,AKBNK.IS,4.022942066192627
2018-10-08,AKBNK.IS,4.263118743896484
2018-10-09,AKBNK.IS,4.283132553100586
2018-10-10,AKBNK.IS,4.243103504180908
2018-10-11,AKBNK.IS,4.263118743896484
2018-10-12,AKBNK.IS,4.396549224853516
2018-10-15,AKBNK.IS,4.72345495223999
2018-10-16,AKBNK.IS,4.6634111404418945
2018-10-17,AKBNK.IS,4.896915435791016
2018-10-18,AKBNK.IS,4.796841621398926
2018-10-19,AKBNK.IS,4.736798286437988
2018-10-22,AKBNK.IS,4.71678352355957
2018-10-23,AKBNK.IS,4.5966949462890625
2018-10-24,AKBNK.IS,4.570009708404541
2018-10-25,AKBNK.IS,4.496622085571289
2018-10-26,AKBNK.IS,4.269789695739746
2018-10-29,AKBNK.IS,4.269789695739746
2018-10-30,AKBNK.IS,4.429906368255615
2018-10-31,AKBNK.IS,4.329833030700684
2018-11-01,AKBNK.IS,4.6700825691223145
2018-11-02,AKBNK.IS,4.703441143035889
2018-11-05,AKBNK.IS,4.936944484710693
2018-11-06,AKBNK.IS,4.8568854331970215
2018-11-07,AKBNK.IS,4.930273056030273
2018-11-08,AKBNK.IS,4.8702287673950195
2018-11-09,AKBNK.IS,4.823528289794922
2018-11-12,AKBNK.IS,4.703441143035889
2018-11-13,AKBNK.IS,4.790170669555664
2018-11-14,AKBNK.IS,4.83687162399292
2018-11-15,AKBNK.IS,4.816856384277344
2018-11-16,AKBNK.IS,4.910258769989014
2018-11-19,AKBNK.IS,4.983644962310791
2018-11-20,AKBNK.IS,4.83687162399292
2018-11-21,AKBNK.IS,4.8769001960754395
2018-11-22,AKBNK.IS,4.8769001960754395
2018-11-23,AKBNK.IS,4.936944484710693
2018-11-26,AKBNK.IS,5.017002582550049
2018-11-27,AKBNK.IS,4.983644962310791
2018-11-28,AKBNK.IS,4.9569597244262695
2018-11-29,AKBNK.IS,5.010332107543945
2018-11-30,AKBNK.IS,5.103733539581299
2018-12-03,AKBNK.IS,5.057032585144043
2018-12-04,AKBNK.IS,4.883572101593018
2018-12-05,AKBNK.IS,4.656739711761475
2018-12-06,AKBNK.IS,4.443249702453613
2018-12-07,AKBNK.IS,4.590023517608643
2018-12-10,AKBNK.IS,4.496622085571289
2018-12-11,AKBNK.IS,4.463263988494873
2018-12-12,AKBNK.IS,4.303147315979004
2018-12-13,AKBNK.IS,4.269789695739746
2018-12-14,AKBNK.IS,4.2164177894592285
2018-12-17,AKBNK.IS,4.276461601257324
2018-12-18,AKBNK.IS,4.436578750610352
2018-12-19,AKBNK.IS,4.503293514251709
2018-12-20,AKBNK.IS,4.523307800292969
2018-12-21,AKBNK.IS,4.5766801834106445
2018-12-24,AKBNK.IS,4.570009708404541
2018-12-25,AKBNK.IS,4.496622085571289
2018-12-26,AKBNK.IS,4.536651134490967
2018-12-27,AKBNK.IS,4.563337326049805
2018-12-28,AKBNK.IS,4.5833516120910645
2018-12-31,AKBNK.IS,4.5833516120910645
2019-01-01,AKBNK.IS,4.5833516120910645
2019-01-02,AKBNK.IS,4.363192081451416
2019-01-03,AKBNK.IS,4.310522079467773
2019-01-04,AKBNK.IS,4.559504985809326
2019-01-07,AKBNK.IS,4.621750831604004
2019-01-08,AKBNK.IS,4.551723480224609
2019-01-09,AKBNK.IS,4.435013294219971
2019-01-10,AKBNK.IS,4.4661359786987305
2019-01-11,AKBNK.IS,4.575066089630127
2019-01-14,AKBNK.IS,4.660654067993164
2019-01-15,AKBNK.IS,4.676215648651123
2019-01-16,AKBNK.IS,5.057471752166748
2019-01-17,AKBNK.IS,5.158620834350586
2019-01-18,AKBNK.IS,5.096374988555908
2019-01-21,AKBNK.IS,5.010787010192871
2019-01-22,AKBNK.IS,5.119716644287109
2019-01-23,AKBNK.IS,5.057471752166748
2019-01-24,AKBNK.IS,5.0496907234191895
2019-01-25,AKBNK.IS,5.080812931060791
2019-01-28,AKBNK.IS,5.065252304077148
2019-01-29,AKBNK.IS,5.32201623916626
2019-01-30,AKBNK.IS,5.493192195892334
2019-01-31,AKBNK.IS,5.516534328460693
2019-02-01,AKBNK.IS,5.36091947555542
2019-02-04,AKBNK.IS,5.32201623916626
2019-02-05,AKBNK.IS,5.446507930755615
2019-02-06,AKBNK.IS,5.275331974029541
2019-02-07,AKBNK.IS,5.267550945281982
2019-02-08,AKBNK.IS,5.251989364624023
2019-02-11,AKBNK.IS,5.399823188781738
2019-02-12,AKBNK.IS,5.275331974029541
2019-02-13,AKBNK.IS,5.143058776855469
2019-02-14,AKBNK.IS,5.2208662033081055
2019-02-15,AKBNK.IS,5.228646755218506
2019-02-18,AKBNK.IS,5.174181938171387
2019-02-19,AKBNK.IS,5.158620834350586
2019-02-20,AKBNK.IS,5.104155540466309
2019-02-21,AKBNK.IS,5.2208662033081055
2019-02-22,AKBNK.IS,5.174181938171387
2019-02-25,AKBNK.IS,5.3375773429870605
2019-02-26,AKBNK.IS,5.345357894897461
2019-02-27,AKBNK.IS,5.267550945281982
2019-02-28,AKBNK.IS,5.376481056213379
2019-03-01,AKBNK.IS,5.197524070739746
2019-03-04,AKBNK.IS,5.2986741065979
2019-03-05,AKBNK.IS,5.290892601013184
2019-03-06,AKBNK.IS,5.228646755218506
2019-03-07,AKBNK.IS,5.065252304077148
2019-03-08,AKBNK.IS,4.956322193145752
2019-03-11,AKBNK.IS,4.917418956756592
2019-03-12,AKBNK.IS,5.041910648345947
2019-03-13,AKBNK.IS,5.158620834350586
2019-03-14,AKBNK.IS,5.096374988555908
2019-03-15,AKBNK.IS,5.2208662033081055
2019-03-18,AKBNK.IS,5.3687005043029785
2019-03-19,AKBNK.IS,5.32201623916626
2019-03-20,AKBNK.IS,5.197524070739746
2019-03-21,AKBNK.IS,5.275331974029541
2019-03-22,AKBNK.IS,5.0185675621032715
2019-03-25,AKBNK.IS,4.738461494445801
2019-03-26,AKBNK.IS,4.699557781219482
2019-03-27,AKBNK.IS,4.271618366241455
2019-03-28,AKBNK.IS,4.629530906677246
2019-03-29,AKBNK.IS,4.878514289855957
2019-04-01,AKBNK.IS,4.738461494445801
2019-04-02,AKBNK.IS,4.792926788330078
2019-04-03,AKBNK.IS,4.699557781219482
2019-04-04,AKBNK.IS,4.878514289855957
2019-04-05,AKBNK.IS,5.135278224945068
2019-04-08,AKBNK.IS,5.0030059814453125
2019-04-09,AKBNK.IS,4.971883296966553
2019-04-10,AKBNK.IS,4.901857376098633
2019-04-11,AKBNK.IS,4.925199508666992
2019-04-12,AKBNK.IS,4.824049472808838
2019-04-15,AKBNK.IS,4.792926788330078
2019-04-16,AKBNK.IS,4.901857376098633
2019-04-17,AKBNK.IS,5.08859395980835
2019-04-18,AKBNK.IS,4.909637451171875
2019-04-19,AKBNK.IS,4.862953186035156
2019-04-22,AKBNK.IS,4.76180362701416
2019-04-23,AKBNK.IS,4.76180362701416
2019-04-24,AKBNK.IS,4.948540687561035
2019-04-25,AKBNK.IS,4.769584655761719
2019-04-26,AKBNK.IS,4.816269397735596
2019-04-29,AKBNK.IS,4.715119361877441
2019-04-30,AKBNK.IS,4.769584655761719
2019-05-01,AKBNK.IS,4.769584655761719
2019-05-02,AKBNK.IS,4.668435096740723
2019-05-03,AKBNK.IS,4.660654067993164
2019-05-06,AKBNK.IS,4.613969802856445
2019-05-07,AKBNK.IS,4.543943405151367
2019-05-08,AKBNK.IS,4.520601272583008
2019-05-09,AKBNK.IS,4.411670684814453
2019-05-10,AKBNK.IS,4.388329029083252
2019-05-13,AKBNK.IS,4.263836860656738
2019-05-14,AKBNK.IS,4.435013294219971
2019-05-15,AKBNK.IS,4.489477634429932
2019-05-16,AKBNK.IS,4.49725866317749
2019-05-17,AKBNK.IS,4.49725866317749
2019-05-20,AKBNK.IS,4.473917007446289
2019-05-21,AKBNK.IS,4.388329029083252
2019-05-22,AKBNK.IS,4.294960021972656
2019-05-23,AKBNK.IS,4.326082706451416
2019-05-24,AKBNK.IS,4.4661359786987305
2019-05-27,AKBNK.IS,4.380548477172852
2019-05-28,AKBNK.IS,4.473917007446289
2019-05-29,AKBNK.IS,4.458355903625488
2019-05-30,AKBNK.IS,4.598408222198486
2019-05-31,AKBNK.IS,4.6373114585876465
2019-06-03,AKBNK.IS,4.621750831604004
2019-06-04,AKBNK.IS,4.621750831604004
2019-06-05,AKBNK.IS,4.621750831604004
2019-06-06,AKBNK.IS,4.621750831604004
2019-06-07,AKBNK.IS,4.940760135650635
2019-06-10,AKBNK.IS,5.0030059814453125
2019-06-11,AKBNK.IS,5.010787010192871
2019-06-12,AKBNK.IS,4.894076347351074
2019-06-13,AKBNK.IS,4.754023551940918
2019-06-14,AKBNK.IS,4.738461494445801
2019-06-17,AKBNK.IS,4.847391605377197
2019-06-18,AKBNK.IS,4.9641032218933105
2019-06-19,AKBNK.IS,5.119716644287109
2019-06-20,AKBNK.IS,5.189743995666504
2019-06-21,AKBNK.IS,5.236428260803223
2019-06-24,AKBNK.IS,5.3842620849609375
2019-06-25,AKBNK.IS,5.3375773429870605
2019-06-26,AKBNK.IS,5.236428260803223
2019-06-27,AKBNK.IS,5.2053046226501465
2019-06-28,AKBNK.IS,5.2986741065979
2019-07-01,AKBNK.IS,5.672148704528809
2019-07-02,AKBNK.IS,5.656586647033691
2019-07-03,AKBNK.IS,5.578780651092529
2019-07-04,AKBNK.IS,5.563218593597412
2019-07-05,AKBNK.IS,5.843325138092041
2019-07-08,AKBNK.IS,5.835543632507324
2019-07-09,AKBNK.IS,5.734394073486328
2019-07-10,AKBNK.IS,5.874447345733643
2019-07-11,AKBNK.IS,5.8044209480285645
2019-07-12,AKBNK.IS,5.672148704528809
2019-07-15,AKBNK.IS,5.672148704528809
2019-07-16,AKBNK.IS,5.594341278076172
2019-07-17,AKBNK.IS,5.749955654144287
2019-07-18,AKBNK.IS,5.89000940322876
2019-07-19,AKBNK.IS,5.866666316986084
2019-07-22,AKBNK.IS,5.851104736328125
2019-07-23,AKBNK.IS,5.9911580085754395
2019-07-24,AKBNK.IS,5.944474220275879
2019-07-25,AKBNK.IS,5.835543632507324
2019-07-26,AKBNK.IS,5.89000940322876
2019-07-29,AKBNK.IS,5.9911580085754395
2019-07-30,AKBNK.IS,5.882228374481201
2019-07-31,AKBNK.IS,5.874447345733643
2019-08-01,AKBNK.IS,5.8044209480285645
2019-08-02,AKBNK.IS,5.66436767578125
2019-08-05,AKBNK.IS,5.648806571960449
2019-08-06,AKBNK.IS,5.781078815460205
2019-08-07,AKBNK.IS,5.749955654144287
2019-08-08,AKBNK.IS,5.851104736328125
2019-08-09,AKBNK.IS,5.9211320877075195
2019-08-12,AKBNK.IS,5.9211320877075195
2019-08-13,AKBNK.IS,5.9211320877075195
2019-08-14,AKBNK.IS,5.9211320877075195
2019-08-15,AKBNK.IS,5.5865607261657715
2019-08-16,AKBNK.IS,5.415384769439697
2019-08-19,AKBNK.IS,5.2986741065979
2019-08-20,AKBNK.IS,5.32201623916626
2019-08-21,AKBNK.IS,5.2986741065979
2019-08-22,AKBNK.IS,5.251989364624023
2019-08-23,AKBNK.IS,5.430946350097656
2019-08-26,AKBNK.IS,5.376481056213379
2019-08-27,AKBNK.IS,5.345357894897461
2019-08-28,AKBNK.IS,5.36091947555542
2019-08-29,AKBNK.IS,5.3687005043029785
2019-08-30,AKBNK.IS,5.3687005043029785
2019-09-02,AKBNK.IS,5.5865607261657715
2019-09-03,AKBNK.IS,5.66436767578125
2019-09-04,AKBNK.IS,5.679929256439209
2019-09-05,AKBNK.IS,5.672148704528809
2019-09-06,AKBNK.IS,5.547657012939453
2019-09-09,AKBNK.IS,5.695490837097168
2019-09-10,AKBNK.IS,5.703271389007568
2019-09-11,AKBNK.IS,5.749955654144287
2019-09-12,AKBNK.IS,5.882228374481201
2019-09-13,AKBNK.IS,5.96003532409668
2019-09-16,AKBNK.IS,5.835543632507324
2019-09-17,AKBNK.IS,5.8044209480285645
2019-09-18,AKBNK.IS,5.913350582122803
2019-09-19,AKBNK.IS,5.757736682891846
2019-09-20,AKBNK.IS,5.718832969665527
2019-09-23,AKBNK.IS,5.726613521575928
2019-09-24,AKBNK.IS,5.9055705070495605
2019-09-25,AKBNK.IS,5.975596904754639
2019-09-26,AKBNK.IS,5.975596904754639
2019-09-27,AKBNK.IS,6.426878929138184
2019-09-30,AKBNK.IS,6.325729846954346
2019-10-01,AKBNK.IS,6.19345760345459
2019-10-02,AKBNK.IS,6.131211757659912
2019-10-03,AKBNK.IS,6.053404331207275
2019-10-04,AKBNK.IS,6.1234307289123535
2019-10-07,AKBNK.IS,6.022281169891357
2019-10-08,AKBNK.IS,6.037843227386475
2019-10-09,AKBNK.IS,5.8044209480285645
2019-10-10,AKBNK.IS,5.656586647033691
2019-10-11,AKBNK.IS,5.625463962554932
2019-10-14,AKBNK.IS,5.158620834350586
2019-10-15,AKBNK.IS,5.236428260803223
2019-10-16,AKBNK.IS,5.189743995666504
2019-10-17,AKBNK.IS,5.3531389236450195
2019-10-18,AKBNK.IS,5.648806571960449
2019-10-21,AKBNK.IS,5.500973224639893
2019-10-22,AKBNK.IS,5.508753776550293
2019-10-23,AKBNK.IS,5.602121829986572
2019-10-24,AKBNK.IS,5.602121829986572
2019-10-25,AKBNK.IS,5.563218593597412
2019-10-28,AKBNK.IS,5.524314880371094
2019-10-30,AKBNK.IS,5.407603740692139
2019-10-31,AKBNK.IS,5.3842620849609375
2019-11-01,AKBNK.IS,5.3920416831970215
2019-11-04,AKBNK.IS,5.508753776550293
2019-11-05,AKBNK.IS,5.485411167144775
2019-11-06,AKBNK.IS,5.563218593597412
2019-11-07,AKBNK.IS,5.711051940917969
2019-11-08,AKBNK.IS,5.718832969665527
2019-11-11,AKBNK.IS,5.711051940917969
2019-11-12,AKBNK.IS,5.819982528686523
2019-11-13,AKBNK.IS,5.9522552490234375
2019-11-14,AKBNK.IS,5.858885765075684
2019-11-15,AKBNK.IS,5.967816352844238
2019-11-18,AKBNK.IS,6.053404331207275
2019-11-19,AKBNK.IS,6.053404331207275
2019-11-20,AKBNK.IS,6.037843227386475
2019-11-21,AKBNK.IS,6.053404331207275
2019-11-22,AKBNK.IS,6.068965911865234
2019-11-25,AKBNK.IS,5.983377456665039
2019-11-26,AKBNK.IS,6.068965911865234
2019-11-27,AKBNK.IS,6.022281169891357
2019-11-28,AKBNK.IS,6.084527015686035
2019-11-29,AKBNK.IS,6.030062198638916
2019-12-02,AKBNK.IS,6.045623302459717
2019-12-03,AKBNK.IS,5.975596904754639
2019-12-04,AKBNK.IS,5.9911580085754395
2019-12-05,AKBNK.IS,6.045623302459717
2019-12-06,AKBNK.IS,6.037843227386475
2019-12-09,AKBNK.IS,5.983377456665039
2019-12-10,AKBNK.IS,5.99893856048584
2019-12-11,AKBNK.IS,5.9522552490234375
2019-12-12,AKBNK.IS,6.138991832733154
2019-12-13,AKBNK.IS,6.22458028793335
2019-12-16,AKBNK.IS,6.3568525314331055
2019-12-17,AKBNK.IS,6.411317348480225
2019-12-18,AKBNK.IS,6.333510398864746
2019-12-19,AKBNK.IS,6.310166835784912
2019-12-20,AKBNK.IS,6.333510398864746
2019-12-23,AKBNK.IS,6.3568525314331055
2019-12-24,AKBNK.IS,6.395756244659424
2019-12-25,AKBNK.IS,6.403536796569824
2019-12-26,AKBNK.IS,6.4346604347229
2019-12-27,AKBNK.IS,6.403536796569824
2019-12-30,AKBNK.IS,6.426878929138184
2019-12-31,AKBNK.IS,6.317948341369629
2020-01-02,AKBNK.IS,6.364633560180664
2020-01-03,AKBNK.IS,6.19345760345459
2020-01-06,AKBNK.IS,5.99893856048584
2020-01-07,AKBNK.IS,6.061184883117676
2020-01-08,AKBNK.IS,6.19345760345459
2020-01-09,AKBNK.IS,6.621397018432617
2020-01-10,AKBNK.IS,6.745889186859131
2020-01-13,AKBNK.IS,6.80813455581665
2020-01-14,AKBNK.IS,6.885941982269287
2020-01-15,AKBNK.IS,6.870380401611328
2020-01-16,AKBNK.IS,6.8470377922058105
2020-01-17,AKBNK.IS,6.854819297790527
2020-01-20,AKBNK.IS,6.917064666748047
2020-01-21,AKBNK.IS,6.9326252937316895
2020-01-22,AKBNK.IS,6.769230842590332
2020-01-23,AKBNK.IS,6.8470377922058105
2020-01-24,AKBNK.IS,6.80813455581665
2020-01-27,AKBNK.IS,6.644739627838135
2020-01-28,AKBNK.IS,6.582493305206299
2020-01-29,AKBNK.IS,6.442440032958984
2020-01-30,AKBNK.IS,6.551370620727539
2020-01-31,AKBNK.IS,6.4891252517700195
2020-02-03,AKBNK.IS,6.473562717437744
2020-02-04,AKBNK.IS,6.706984996795654
2020-02-05,AKBNK.IS,6.738108158111572
2020-02-06,AKBNK.IS,6.722546577453613
2020-02-07,AKBNK.IS,6.535808563232422
2020-02-10,AKBNK.IS,6.4346604347229
2020-02-11,AKBNK.IS,6.504685401916504
2020-02-12,AKBNK.IS,6.325729846954346
2020-02-13,AKBNK.IS,6.333510398864746
2020-02-14,AKBNK.IS,6.302387237548828
2020-02-17,AKBNK.IS,6.302387237548828
2020-02-18,AKBNK.IS,6.2790446281433105
2020-02-19,AKBNK.IS,6.170114994049072
2020-02-20,AKBNK.IS,5.967816352844238
2020-02-21,AKBNK.IS,5.975596904754639
2020-02-24,AKBNK.IS,5.851104736328125
2020-02-25,AKBNK.IS,5.819982528686523
2020-02-26,AKBNK.IS,5.9055705070495605
2020-02-27,AKBNK.IS,5.641026496887207
2020-02-28,AKBNK.IS,5.251989364624023
2020-03-02,AKBNK.IS,5.3531389236450195
2020-03-03,AKBNK.IS,5.563218593597412
2020-03-04,AKBNK.IS,5.788858890533447
2020-03-05,AKBNK.IS,5.812201499938965
2020-03-06,AKBNK.IS,5.695490837097168
2020-03-09,AKBNK.IS,5.407603740692139
2020-03-10,AKBNK.IS,5.345357894897461
2020-03-11,AKBNK.IS,5.345357894897461
2020-03-12,AKBNK.IS,4.909637451171875
2020-03-13,AKBNK.IS,5.0030059814453125
2020-03-16,AKBNK.IS,4.738461494445801
2020-03-17,AKBNK.IS,4.722899913787842
2020-03-18,AKBNK.IS,4.598408222198486
2020-03-19,AKBNK.IS,4.419451713562012
2020-03-20,AKBNK.IS,4.333864212036133
2020-03-23,AKBNK.IS,4.209372520446777
2020-03-24,AKBNK.IS,4.4661359786987305
2020-03-25,AKBNK.IS,4.341644763946533
2020-03-26,AKBNK.IS,4.45057487487793
2020-03-27,AKBNK.IS,4.310522079467773
2020-03-30,AKBNK.IS,4.2793989181518555
2020-03-31,AKBNK.IS,4.372767925262451
2020-04-01,AKBNK.IS,4.240494728088379
2020-04-02,AKBNK.IS,4.232714653015137
2020-04-03,AKBNK.IS,4.201591968536377
2020-04-06,AKBNK.IS,4.333864212036133
2020-04-07,AKBNK.IS,4.349425315856934
2020-04-08,AKBNK.IS,4.388329029083252
2020-04-09,AKBNK.IS,4.668435096740723
2020-04-10,AKBNK.IS,4.754023551940918
2020-04-13,AKBNK.IS,4.683996200561523
2020-04-14,AKBNK.IS,4.699557781219482
2020-04-15,AKBNK.IS,4.435013294219971
2020-04-16,AKBNK.IS,4.411670684814453
2020-04-17,AKBNK.IS,4.505039691925049
2020-04-20,AKBNK.IS,4.505039691925049
2020-04-21,AKBNK.IS,4.419451713562012
2020-04-22,AKBNK.IS,4.427232265472412
2020-04-24,AKBNK.IS,4.4661359786987305
2020-04-27,AKBNK.IS,4.699557781219482
2020-04-28,AKBNK.IS,4.606188774108887
2020-04-29,AKBNK.IS,4.660654067993164
2020-04-30,AKBNK.IS,4.5828471183776855
2020-05-04,AKBNK.IS,4.458355903625488
2020-05-05,AKBNK.IS,4.45057487487793
2020-05-06,AKBNK.IS,4.435013294219971
2020-05-07,AKBNK.IS,4.419451713562012
2020-05-08,AKBNK.IS,4.333864212036133
2020-05-11,AKBNK.IS,4.333864212036133
2020-05-12,AKBNK.IS,4.364986896514893
2020-05-13,AKBNK.IS,4.341644763946533
2020-05-14,AKBNK.IS,4.224933624267578
2020-05-15,AKBNK.IS,4.224933624267578
2020-05-18,AKBNK.IS,4.263836860656738
2020-05-20,AKBNK.IS,4.287179946899414
2020-05-21,AKBNK.IS,4.2793989181518555
2020-05-22,AKBNK.IS,4.287179946899414
2020-05-27,AKBNK.IS,4.357206344604492
2020-05-28,AKBNK.IS,4.403890609741211
2020-05-29,AKBNK.IS,4.419451713562012
2020-06-01,AKBNK.IS,4.512820720672607
2020-06-02,AKBNK.IS,4.505039691925049
2020-06-03,AKBNK.IS,4.551723480224609
2020-06-04,AKBNK.IS,4.528382301330566
2020-06-05,AKBNK.IS,4.606188774108887
2020-06-08,AKBNK.IS,4.575066089630127
2020-06-09,AKBNK.IS,4.551723480224609
2020-06-10,AKBNK.IS,4.559504985809326
2020-06-11,AKBNK.IS,4.512820720672607
2020-06-12,AKBNK.IS,4.528382301330566
2020-06-15,AKBNK.IS,4.4816975593566895
2020-06-16,AKBNK.IS,4.551723480224609
2020-06-17,AKBNK.IS,4.536162376403809
2020-06-18,AKBNK.IS,4.536162376403809
2020-06-19,AKBNK.IS,4.652873516082764
2020-06-22,AKBNK.IS,4.792926788330078
2020-06-23,AKBNK.IS,4.769584655761719
2020-06-24,AKBNK.IS,4.645092964172363
2020-06-25,AKBNK.IS,4.590628147125244
2020-06-26,AKBNK.IS,4.590628147125244
2020-06-29,AKBNK.IS,4.754023551940918
2020-06-30,AKBNK.IS,4.754023551940918
2020-07-01,AKBNK.IS,4.629530906677246
2020-07-02,AKBNK.IS,4.660654067993164
2020-07-03,AKBNK.IS,4.590628147125244
2020-07-06,AKBNK.IS,4.746242046356201
2020-07-07,AKBNK.IS,4.683996200561523
2020-07-08,AKBNK.IS,4.606188774108887
2020-07-09,AKBNK.IS,4.512820720672607
2020-07-10,AKBNK.IS,4.458355903625488
2020-07-13,AKBNK.IS,4.551723480224609
2020-07-14,AKBNK.IS,4.505039691925049
2020-07-16,AKBNK.IS,4.551723480224609
2020-07-17,AKBNK.IS,4.528382301330566
2020-07-20,AKBNK.IS,4.520601272583008
2020-07-21,AKBNK.IS,4.528382301330566
2020-07-22,AKBNK.IS,4.512820720672607
2020-07-23,AKBNK.IS,4.520601272583008
2020-07-24,AKBNK.IS,4.489477634429932
2020-07-27,AKBNK.IS,4.45057487487793
2020-07-28,AKBNK.IS,4.2793989181518555
2020-07-29,AKBNK.IS,4.139346122741699
2020-07-30,AKBNK.IS,4.0771002769470215
2020-08-04,AKBNK.IS,3.9448275566101074
2020-08-05,AKBNK.IS,3.905923843383789
2020-08-06,AKBNK.IS,3.672502279281616
2020-08-07,AKBNK.IS,3.7036256790161133
2020-08-10,AKBNK.IS,3.6958444118499756
2020-08-11,AKBNK.IS,3.9526078701019287
2020-08-12,AKBNK.IS,3.9448275566101074
2020-08-13,AKBNK.IS,3.905923843383789
2020-08-14,AKBNK.IS,3.835897445678711
2020-08-17,AKBNK.IS,3.890362024307251
2020-08-18,AKBNK.IS,3.921485185623169
2020-08-19,AKBNK.IS,4.0148539543151855
2020-08-20,AKBNK.IS,3.9603888988494873
2020-08-21,AKBNK.IS,3.937047004699707
2020-08-24,AKBNK.IS,3.890362024307251
2020-08-25,AKBNK.IS,3.804774761199951
2020-08-26,AKBNK.IS,3.8592398166656494
2020-08-27,AKBNK.IS,3.9137048721313477
2020-08-28,AKBNK.IS,3.890362024307251
2020-08-31,AKBNK.IS,3.8125557899475098
2020-09-01,AKBNK.IS,3.8436779975891113
2020-09-02,AKBNK.IS,3.835897445678711
2020-09-03,AKBNK.IS,3.804774761199951
2020-09-04,AKBNK.IS,3.820335865020752
2020-09-07,AKBNK.IS,3.8436779975891113
2020-09-08,AKBNK.IS,3.8125557899475098
2020-09-09,AKBNK.IS,3.8125557899475098
2020-09-10,AKBNK.IS,3.8436779975891113
2020-09-11,AKBNK.IS,3.8281171321868896
2020-09-14,AKBNK.IS,3.8125557899475098
2020-09-15,AKBNK.IS,3.796994209289551
2020-09-16,AKBNK.IS,3.804774761199951
2020-09-17,AKBNK.IS,3.781432628631592
2020-09-18,AKBNK.IS,3.773651599884033
2020-09-21,AKBNK.IS,3.680283308029175
2020-09-22,AKBNK.IS,3.680283308029175
2020-09-23,AKBNK.IS,3.719186544418335
2020-09-24,AKBNK.IS,3.921485185623169
2020-09-25,AKBNK.IS,3.9837310314178467
2020-09-28,AKBNK.IS,3.905923843383789
2020-09-29,AKBNK.IS,3.882581949234009
2020-09-30,AKBNK.IS,4.007073402404785
2020-10-01,AKBNK.IS,4.022634506225586
2020-10-02,AKBNK.IS,4.0148539543151855
2020-10-05,AKBNK.IS,4.030415058135986
2020-10-06,AKBNK.IS,3.9992926120758057
2020-10-07,AKBNK.IS,3.9448275566101074
2020-10-08,AKBNK.IS,3.937047004699707
2020-10-09,AKBNK.IS,4.007073402404785
2020-10-12,AKBNK.IS,4.038196086883545
2020-10-13,AKBNK.IS,4.0148539543151855
2020-10-14,AKBNK.IS,4.0148539543151855
2020-10-15,AKBNK.IS,3.9681692123413086
2020-10-16,AKBNK.IS,4.045976638793945
2020-10-19,AKBNK.IS,4.209372520446777
2020-10-20,AKBNK.IS,4.201591968536377
2020-10-21,AKBNK.IS,4.217153072357178
2020-10-22,AKBNK.IS,3.9992926120758057
2020-10-23,AKBNK.IS,3.9448275566101074
2020-10-26,AKBNK.IS,3.789213180541992
2020-10-27,AKBNK.IS,3.8592398166656494
2020-10-28,AKBNK.IS,3.804774761199951
2020-10-30,AKBNK.IS,3.719186544418335
2020-11-02,AKBNK.IS,3.7425289154052734
2020-11-03,AKBNK.IS,3.921485185623169
2020-11-04,AKBNK.IS,3.8981428146362305
2020-11-05,AKBNK.IS,3.8981428146362305
2020-11-06,AKBNK.IS,3.8981428146362305
2020-11-09,AKBNK.IS,4.186030387878418
2020-11-10,AKBNK.IS,4.3961100578308105
2020-11-11,AKBNK.IS,4.839611053466797
2020-11-12,AKBNK.IS,4.870733737945557
2020-11-13,AKBNK.IS,4.909637451171875
2020-11-16,AKBNK.IS,4.917418956756592
2020-11-17,AKBNK.IS,4.668435096740723
2020-11-18,AKBNK.IS,4.878514289855957
2020-11-19,AKBNK.IS,5.0496907234191895
2020-11-20,AKBNK.IS,5.080812931060791
2020-11-23,AKBNK.IS,4.862953186035156
2020-11-24,AKBNK.IS,4.894076347351074
2020-11-25,AKBNK.IS,4.901857376098633
2020-11-26,AKBNK.IS,5.010787010192871
2020-11-27,AKBNK.IS,4.956322193145752
2020-11-30,AKBNK.IS,4.7306809425354
2020-12-01,AKBNK.IS,4.909637451171875
2020-12-02,AKBNK.IS,4.855172634124756
2020-12-03,AKBNK.IS,4.855172634124756
2020-12-04,AKBNK.IS,4.808487415313721
2020-12-07,AKBNK.IS,4.707338809967041
2020-12-08,AKBNK.IS,4.715119361877441
2020-12-09,AKBNK.IS,4.839611053466797
2020-12-10,AKBNK.IS,4.878514289855957
2020-12-11,AKBNK.IS,4.901857376098633
2020-12-14,AKBNK.IS,4.956322193145752
2020-12-15,AKBNK.IS,4.956322193145752
2020-12-16,AKBNK.IS,4.940760135650635
2020-12-17,AKBNK.IS,4.979664325714111
2020-12-18,AKBNK.IS,5.0341291427612305
2020-12-21,AKBNK.IS,4.917418956756592
2020-12-22,AKBNK.IS,5.0496907234191895
2020-12-23,AKBNK.IS,5.0341291427612305
2020-12-24,AKBNK.IS,5.104155540466309
2020-12-25,AKBNK.IS,5.073032379150391
2020-12-28,AKBNK.IS,5.096374988555908
2020-12-29,AKBNK.IS,5.150839805603027
2020-12-30,AKBNK.IS,5.376481056213379
2020-12-31,AKBNK.IS,5.454288005828857
2021-01-04,AKBNK.IS,5.524314880371094
2021-01-05,AKBNK.IS,5.454288005828857
2021-01-06,AKBNK.IS,5.718832969665527
2021-01-07,AKBNK.IS,5.858885765075684
2021-01-08,AKBNK.IS,5.851104736328125
2021-01-11,AKBNK.IS,5.687709331512451
2021-01-12,AKBNK.IS,5.66436767578125
2021-01-13,AKBNK.IS,5.641026496887207
2021-01-14,AKBNK.IS,5.5398759841918945
2021-01-15,AKBNK.IS,5.3842620849609375
2021-01-18,AKBNK.IS,5.438727378845215
2021-01-19,AKBNK.IS,5.462068557739258
2021-01-20,AKBNK.IS,5.3842620849609375
2021-01-21,AKBNK.IS,5.3842620849609375
2021-01-22,AKBNK.IS,5.228646755218506
2021-01-25,AKBNK.IS,5.104155540466309
2021-01-26,AKBNK.IS,5.143058776855469
2021-01-27,AKBNK.IS,4.932979583740234
2021-01-28,AKBNK.IS,5.065252304077148
2021-01-29,AKBNK.IS,4.9641032218933105
2021-02-01,AKBNK.IS,5.0496907234191895
2021-02-02,AKBNK.IS,5.096374988555908
2021-02-03,AKBNK.IS,5.267550945281982
2021-02-04,AKBNK.IS,5.197524070739746
2021-02-05,AKBNK.IS,5.143058776855469
2021-02-08,AKBNK.IS,5.189743995666504
2021-02-09,AKBNK.IS,5.314235210418701
2021-02-10,AKBNK.IS,5.306454658508301
2021-02-11,AKBNK.IS,5.213085651397705
2021-02-12,AKBNK.IS,5.166401386260986
2021-02-15,AKBNK.IS,5.213085651397705
2021-02-16,AKBNK.IS,5.065252304077148
2021-02-17,AKBNK.IS,4.98744535446167
2021-02-18,AKBNK.IS,4.917418956756592
2021-02-19,AKBNK.IS,5.010787010192871
2021-02-22,AKBNK.IS,4.901857376098633
2021-02-23,AKBNK.IS,4.855172634124756
2021-02-24,AKBNK.IS,4.676215648651123
2021-02-25,AKBNK.IS,4.808487415313721
2021-02-26,AKBNK.IS,4.715119361877441
2021-03-01,AKBNK.IS,4.901857376098633
2021-03-02,AKBNK.IS,4.901857376098633
2021-03-03,AKBNK.IS,4.847391605377197
2021-03-04,AKBNK.IS,4.940760135650635
2021-03-05,AKBNK.IS,4.917418956756592
2021-03-08,AKBNK.IS,4.76180362701416
2021-03-09,AKBNK.IS,4.769584655761719
2021-03-10,AKBNK.IS,4.824049472808838
2021-03-11,AKBNK.IS,4.746242046356201
2021-03-12,AKBNK.IS,4.769584655761719
2021-03-15,AKBNK.IS,4.707338809967041
2021-03-16,AKBNK.IS,4.738461494445801
2021-03-17,AKBNK.IS,4.660654067993164
2021-03-18,AKBNK.IS,4.746242046356201
2021-03-19,AKBNK.IS,4.606188774108887
2021-03-22,AKBNK.IS,4.147126197814941
2021-03-23,AKBNK.IS,3.734748125076294
2021-03-24,AKBNK.IS,3.820335865020752
2021-03-25,AKBNK.IS,3.773651599884033
2021-03-26,AKBNK.IS,3.765991687774658
2021-03-29,AKBNK.IS,3.7979073524475098
2021-03-30,AKBNK.IS,3.765991687774658
2021-03-31,AKBNK.IS,3.742055654525757
2021-04-01,AKBNK.IS,3.9016315937042236
2021-04-02,AKBNK.IS,3.9016315937042236
2021-04-05,AKBNK.IS,3.9016315937042236
2021-04-06,AKBNK.IS,3.84578013420105
2021-04-07,AKBNK.IS,3.869716167449951
2021-04-08,AKBNK.IS,3.829822301864624
2021-04-09,AKBNK.IS,3.7979073524475098
2021-04-12,AKBNK.IS,3.7500338554382324
2021-04-13,AKBNK.IS,3.7979073524475098
2021-04-14,AKBNK.IS,3.94152569770813
2021-04-15,AKBNK.IS,4.029292106628418
2021-04-16,AKBNK.IS,3.9654622077941895
2021-04-19,AKBNK.IS,3.829822301864624
2021-04-20,AKBNK.IS,3.8936526775360107
2021-04-21,AKBNK.IS,3.8936526775360107
2021-04-22,AKBNK.IS,3.885674238204956
2021-04-26,AKBNK.IS,3.9096102714538574
2021-04-27,AKBNK.IS,3.869716167449951
2021-04-28,AKBNK.IS,3.869716167449951
2021-04-29,AKBNK.IS,3.8936526775360107
2021-04-30,AKBNK.IS,3.8936526775360107
2021-05-03,AKBNK.IS,3.981419086456299
2021-05-04,AKBNK.IS,3.94152569770813
2021-05-05,AKBNK.IS,3.94152569770813
2021-05-06,AKBNK.IS,3.989398241043091
2021-05-07,AKBNK.IS,4.109080791473389
2021-05-10,AKBNK.IS,4.117059230804443
2021-05-11,AKBNK.IS,4.021313190460205
2021-05-12,AKBNK.IS,4.013335227966309
2021-05-17,AKBNK.IS,4.101101398468018
2021-05-18,AKBNK.IS,4.148974418640137
2021-05-20,AKBNK.IS,4.228762149810791
2021-05-21,AKBNK.IS,4.18088960647583
2021-05-24,AKBNK.IS,4.15695333480835
2021-05-25,AKBNK.IS,4.069186210632324
2021-05-26,AKBNK.IS,4.172910690307617
2021-05-27,AKBNK.IS,4.117059230804443
2021-05-28,AKBNK.IS,4.140995025634766
2021-05-31,AKBNK.IS,4.148974418640137
2021-06-01,AKBNK.IS,4.236741065979004
2021-06-02,AKBNK.IS,4.2048258781433105
2021-06-03,AKBNK.IS,4.196846961975098
2021-06-04,AKBNK.IS,4.212804794311523
2021-06-07,AKBNK.IS,4.292592525482178
2021-06-08,AKBNK.IS,4.3085503578186035
2021-06-09,AKBNK.IS,4.348443984985352
2021-06-10,AKBNK.IS,4.404296398162842
2021-06-11,AKBNK.IS,4.396317005157471
2021-06-14,AKBNK.IS,4.372380256652832
2021-06-15,AKBNK.IS,4.388338088989258
2021-06-16,AKBNK.IS,4.332486629486084
2021-06-17,AKBNK.IS,4.196846961975098
2021-06-18,AKBNK.IS,4.196846961975098
2021-06-21,AKBNK.IS,4.228762149810791
2021-06-22,AKBNK.IS,4.284613132476807
2021-06-23,AKBNK.IS,4.260677814483643
2021-06-24,AKBNK.IS,4.300571441650391
2021-06-25,AKBNK.IS,4.260677814483643
2021-06-28,AKBNK.IS,4.25269889831543
2021-06-29,AKBNK.IS,4.244719505310059
2021-06-30,AKBNK.IS,4.212804794311523
2021-07-01,AKBNK.IS,4.292592525482178
2021-07-02,AKBNK.IS,4.25269889831543
2021-07-05,AKBNK.IS,4.340465545654297
2021-07-06,AKBNK.IS,4.284613132476807
2021-07-07,AKBNK.IS,4.292592525482178
2021-07-08,AKBNK.IS,4.244719505310059
2021-07-09,AKBNK.IS,4.244719505310059
2021-07-12,AKBNK.IS,4.220783233642578
2021-07-13,AKBNK.IS,4.18088960647583
2021-07-14,AKBNK.IS,4.220783233642578
2021-07-16,AKBNK.IS,4.18088960647583
2021-07-19,AKBNK.IS,4.117059230804443
2021-07-26,AKBNK.IS,4.093122482299805
2021-07-27,AKBNK.IS,4.101101398468018
2021-07-28,AKBNK.IS,4.069186210632324
2021-07-29,AKBNK.IS,4.15695333480835
2021-07-30,AKBNK.IS,4.196846961975098
2021-08-02,AKBNK.IS,4.228762149810791
2021-08-03,AKBNK.IS,4.268656253814697
2021-08-04,AKBNK.IS,4.324507713317871
2021-08-05,AKBNK.IS,4.404296398162842
2021-08-06,AKBNK.IS,4.332486629486084
2021-08-09,AKBNK.IS,4.316529273986816
2021-08-10,AKBNK.IS,4.380359172821045
2021-08-11,AKBNK.IS,4.27663516998291
2021-08-12,AKBNK.IS,4.380359172821045
2021-08-13,AKBNK.IS,4.372380256652832
2021-08-16,AKBNK.IS,4.5000410079956055
2021-08-17,AKBNK.IS,4.523977756500244
2021-08-18,AKBNK.IS,4.484084129333496
2021-08-19,AKBNK.IS,4.44419002532959
2021-08-20,AKBNK.IS,4.460147380828857
2021-08-23,AKBNK.IS,4.547914028167725
2021-08-24,AKBNK.IS,4.555893421173096
2021-08-25,AKBNK.IS,4.547914028167725
2021-08-26,AKBNK.IS,4.5399346351623535
2021-08-27,AKBNK.IS,4.571850776672363
2021-08-31,AKBNK.IS,4.6995110511779785
2021-09-01,AKBNK.IS,4.691532135009766
2021-09-02,AKBNK.IS,4.715468883514404
2021-09-03,AKBNK.IS,4.6995110511779785
2021-09-06,AKBNK.IS,4.715468883514404
2021-09-07,AKBNK.IS,4.651638507843018
2021-09-08,AKBNK.IS,4.5000410079956055
2021-09-09,AKBNK.IS,4.57982873916626
2021-09-10,AKBNK.IS,4.5000410079956055
2021-09-13,AKBNK.IS,4.508020401000977
2021-09-14,AKBNK.IS,4.508020401000977
2021-09-15,AKBNK.IS,4.4362101554870605
2021-09-16,AKBNK.IS,4.420253753662109
2021-09-17,AKBNK.IS,4.428232192993164
2021-09-20,AKBNK.IS,4.268656253814697
2021-09-21,AKBNK.IS,4.292592525482178
2021-09-22,AKBNK.IS,4.372380256652832
2021-09-23,AKBNK.IS,4.228762149810791
2021-09-24,AKBNK.IS,4.101101398468018
2021-09-27,AKBNK.IS,4.140995025634766
2021-09-28,AKBNK.IS,4.125037670135498
2021-09-29,AKBNK.IS,4.18088960647583
2021-09-30,AKBNK.IS,4.25269889831543
2021-10-01,AKBNK.IS,4.228762149810791
2021-10-04,AKBNK.IS,4.212804794311523
2021-10-05,AKBNK.IS,4.2048258781433105
2021-10-06,AKBNK.IS,4.164931774139404
2021-10-07,AKBNK.IS,4.212804794311523
2021-10-08,AKBNK.IS,4.196846961975098
2021-10-11,AKBNK.IS,4.244719505310059
2021-10-12,AKBNK.IS,4.236741065979004
2021-10-13,AKBNK.IS,4.188868045806885
2021-10-14,AKBNK.IS,4.188868045806885
2021-10-15,AKBNK.IS,4.101101398468018
2021-10-18,AKBNK.IS,4.053228855133057
2021-10-19,AKBNK.IS,4.172910690307617
2021-10-20,AKBNK.IS,4.228762149810791
2021-10-21,AKBNK.IS,4.244719505310059
2021-10-22,AKBNK.IS,4.348443984985352
2021-10-25,AKBNK.IS,4.420253753662109
2021-10-26,AKBNK.IS,4.4521684646606445
2021-10-27,AKBNK.IS,4.6117448806762695
2021-10-28,AKBNK.IS,4.675575256347656
2021-11-01,AKBNK.IS,4.7473835945129395
2021-11-02,AKBNK.IS,4.8431291580200195
2021-11-03,AKBNK.IS,4.9468536376953125
2021-11-04,AKBNK.IS,5.042599678039551
2021-11-05,AKBNK.IS,5.0505781173706055
2021-11-08,AKBNK.IS,5.082493305206299
2021-11-09,AKBNK.IS,5.026642322540283
2021-11-10,AKBNK.IS,5.1064300537109375
2021-11-11,AKBNK.IS,5.026642322540283
2021-11-12,AKBNK.IS,5.058557033538818
2021-11-15,AKBNK.IS,5.561221599578857
2021-11-16,AKBNK.IS,5.609094142913818
2021-11-17,AKBNK.IS,5.672924518585205
2021-11-18,AKBNK.IS,5.784627914428711
2021-11-19,AKBNK.IS,5.768669605255127
2021-11-22,AKBNK.IS,5.736754894256592
2021-11-23,AKBNK.IS,5.505369186401367
2021-11-24,AKBNK.IS,5.56920051574707
2021-11-25,AKBNK.IS,5.4574971199035645
2021-11-26,AKBNK.IS,5.273984432220459
2021-11-29,AKBNK.IS,5.266005992889404
2021-11-30,AKBNK.IS,5.202175140380859
2021-12-01,AKBNK.IS,5.369730472564697
2021-12-02,AKBNK.IS,5.433560371398926
2021-12-03,AKBNK.IS,5.489412307739258
2021-12-06,AKBNK.IS,5.736754894256592
2021-12-07,AKBNK.IS,5.752712249755859
2021-12-08,AKBNK.IS,5.912288188934326
2021-12-09,AKBNK.IS,5.920266628265381
2021-12-10,AKBNK.IS,5.8005852699279785
2021-12-13,AKBNK.IS,5.992076396942139
2021-12-14,AKBNK.IS,6.311228275299072
2021-12-15,AKBNK.IS,6.279313087463379
2021-12-16,AKBNK.IS,6.5585713386535645
2021-12-17,AKBNK.IS,5.9043097496032715
2021-12-20,AKBNK.IS,5.848457336425781
2021-12-21,AKBNK.IS,5.784627914428711
2021-12-22,AKBNK.IS,6.055906772613525
2021-12-23,AKBNK.IS,6.079843044281006
2021-12-24,AKBNK.IS,6.079843044281006
2021-12-27,AKBNK.IS,6.247397422790527
2021-12-28,AKBNK.IS,5.872394561767578
2021-12-29,AKBNK.IS,5.864416122436523
2021-12-30,AKBNK.IS,5.856436252593994
2021-12-31,AKBNK.IS,5.7447333335876465
2022-01-03,AKBNK.IS,5.848457336425781
2022-01-04,AKBNK.IS,5.8005852699279785
2022-01-05,AKBNK.IS,5.856436252593994
2022-01-06,AKBNK.IS,5.840478897094727
2022-01-07,AKBNK.IS,6.079843044281006
2022-01-10,AKBNK.IS,6.047927379608154
2022-01-11,AKBNK.IS,6.071864604949951
2022-01-12,AKBNK.IS,6.0878214836120605
2022-01-13,AKBNK.IS,6.031970500946045
2022-01-14,AKBNK.IS,5.992076396942139
2022-01-17,AKBNK.IS,6.183567523956299
2022-01-18,AKBNK.IS,5.912288188934326
2022-01-19,AKBNK.IS,6.287292003631592
2022-01-20,AKBNK.IS,6.25537633895874
2022-01-21,AKBNK.IS,6.319206714630127
2022-01-24,AKBNK.IS,6.047927379608154
2022-01-25,AKBNK.IS,6.143672943115234
2022-01-26,AKBNK.IS,6.143672943115234
2022-01-27,AKBNK.IS,6.191546440124512
2022-01-28,AKBNK.IS,6.167609691619873
2022-01-31,AKBNK.IS,6.414952754974365
2022-02-01,AKBNK.IS,6.383037090301514
2022-02-02,AKBNK.IS,6.478782653808594
2022-02-03,AKBNK.IS,6.199524879455566
2022-02-04,AKBNK.IS,6.23144006729126
2022-02-07,AKBNK.IS,6.25537633895874
2022-02-08,AKBNK.IS,6.319206714630127
2022-02-09,AKBNK.IS,6.486762046813965
2022-02-10,AKBNK.IS,6.414952754974365
2022-02-11,AKBNK.IS,6.478782653808594
2022-02-14,AKBNK.IS,6.367079734802246
2022-02-15,AKBNK.IS,6.4468674659729
2022-02-16,AKBNK.IS,6.335164546966553
2022-02-17,AKBNK.IS,6.25537633895874
2022-02-18,AKBNK.IS,6.343143463134766
2022-02-21,AKBNK.IS,6.319206714630127
2022-02-22,AKBNK.IS,6.295269966125488
2022-02-23,AKBNK.IS,6.191546440124512
2022-02-24,AKBNK.IS,5.577178955078125
2022-02-25,AKBNK.IS,5.720797538757324
2022-02-28,AKBNK.IS,5.609094142913818
2022-03-01,AKBNK.IS,5.617072582244873
2022-03-02,AKBNK.IS,5.641009330749512
2022-03-03,AKBNK.IS,5.696860313415527
2022-03-04,AKBNK.IS,5.6011152267456055
2022-03-07,AKBNK.IS,5.529305934906006
2022-03-08,AKBNK.IS,5.505369186401367
2022-03-09,AKBNK.IS,5.664945602416992
2022-03-10,AKBNK.IS,5.58515739440918
2022-03-11,AKBNK.IS,5.656966686248779
2022-03-14,AKBNK.IS,5.712818622589111
2022-03-15,AKBNK.IS,5.720797538757324
2022-03-16,AKBNK.IS,5.77664852142334
2022-03-17,AKBNK.IS,5.9043097496032715
2022-03-18,AKBNK.IS,5.9043097496032715
2022-03-21,AKBNK.IS,5.992076396942139
2022-03-22,AKBNK.IS,6.06388521194458
2022-03-23,AKBNK.IS,6.047927379608154
2022-03-24,AKBNK.IS,5.920266628265381
2022-03-25,AKBNK.IS,5.8005852699279785
2022-03-28,AKBNK.IS,5.760691165924072
2022-03-29,AKBNK.IS,5.856436252593994
2022-03-30,AKBNK.IS,6.023716449737549
2022-03-31,AKBNK.IS,5.98251485824585
2022-04-01,AKBNK.IS,6.023716449737549
2022-04-04,AKBNK.IS,6.361571788787842
2022-04-05,AKBNK.IS,6.328610420227051
2022-04-06,AKBNK.IS,6.336850643157959
2022-04-07,AKBNK.IS,6.6252641677856445
2022-04-08,AKBNK.IS,7.004321575164795
2022-04-11,AKBNK.IS,7.53994607925415
2022-04-12,AKBNK.IS,7.506983757019043
2022-04-13,AKBNK.IS,7.40809965133667
2022-04-14,AKBNK.IS,7.614109039306641
2022-04-15,AKBNK.IS,7.7459540367126465
2022-04-18,AKBNK.IS,7.861320972442627
2022-04-19,AKBNK.IS,7.729474067687988
2022-04-20,AKBNK.IS,7.803638935089111
2022-04-21,AKBNK.IS,7.8530802726745605
2022-04-22,AKBNK.IS,7.5317063331604
2022-04-25,AKBNK.IS,7.712993621826172
2022-04-26,AKBNK.IS,7.441061973571777
2022-04-27,AKBNK.IS,7.53994607925415
2022-04-28,AKBNK.IS,7.391618728637695
2022-04-29,AKBNK.IS,7.3504180908203125
2022-05-05,AKBNK.IS,7.235052108764648
2022-05-06,AKBNK.IS,7.185610294342041
2022-05-09,AKBNK.IS,7.136167526245117
2022-05-10,AKBNK.IS,7.185610294342041
2022-05-11,AKBNK.IS,6.979600429534912
2022-05-12,AKBNK.IS,6.814793586730957
2022-05-13,AKBNK.IS,6.798312187194824
2022-05-16,AKBNK.IS,6.5675811767578125
2022-05-17,AKBNK.IS,6.468696594238281
2022-05-18,AKBNK.IS,6.68294620513916
2022-05-20,AKBNK.IS,6.6252641677856445
2022-05-23,AKBNK.IS,6.724148750305176
2022-05-24,AKBNK.IS,6.641745090484619
2022-05-25,AKBNK.IS,6.732388973236084
2022-05-26,AKBNK.IS,6.7488694190979
2022-05-27,AKBNK.IS,6.641745090484619
2022-05-30,AKBNK.IS,6.78183126449585
2022-05-31,AKBNK.IS,6.888955593109131
2022-06-01,AKBNK.IS,6.971360206604004
2022-06-02,AKBNK.IS,7.276254177093506
2022-06-03,AKBNK.IS,7.21857213973999
2022-06-06,AKBNK.IS,7.498744964599609
2022-06-07,AKBNK.IS,7.309215545654297
2022-06-08,AKBNK.IS,6.814793586730957
2022-06-09,AKBNK.IS,6.897195816040039
2022-06-10,AKBNK.IS,7.020802974700928
2022-06-13,AKBNK.IS,6.987840175628662
2022-06-14,AKBNK.IS,6.946638584136963
2022-06-15,AKBNK.IS,7.136167526245117
2022-06-16,AKBNK.IS,6.979600429534912
2022-06-17,AKBNK.IS,7.498744964599609
2022-06-20,AKBNK.IS,7.457542419433594
2022-06-21,AKBNK.IS,7.523464679718018
2022-06-22,AKBNK.IS,7.490504264831543
2022-06-23,AKBNK.IS,7.268013954162598
2022-06-24,AKBNK.IS,7.226812362670898
2022-06-27,AKBNK.IS,7.078484535217285
2022-06-28,AKBNK.IS,6.84775447845459
2022-06-29,AKBNK.IS,6.608783721923828
2022-06-30,AKBNK.IS,6.608783721923828
2022-07-01,AKBNK.IS,6.724148750305176
2022-07-04,AKBNK.IS,6.551100730895996
2022-07-05,AKBNK.IS,6.427495002746582
2022-07-06,AKBNK.IS,6.518139362335205
2022-07-07,AKBNK.IS,6.641745090484619
2022-07-08,AKBNK.IS,6.666465759277344
2022-07-13,AKBNK.IS,6.5593414306640625
2022-07-14,AKBNK.IS,6.518139362335205
2022-07-18,AKBNK.IS,6.814793586730957
2022-07-19,AKBNK.IS,7.004321575164795
2022-07-20,AKBNK.IS,7.053764343261719
2022-07-21,AKBNK.IS,7.070244312286377
2022-07-22,AKBNK.IS,7.119686603546143
2022-07-25,AKBNK.IS,7.375138282775879
2022-07-26,AKBNK.IS,7.177369117736816
2022-07-27,AKBNK.IS,7.276254177093506
2022-07-28,AKBNK.IS,7.012561798095703
2022-07-29,AKBNK.IS,7.111446380615234
2022-08-01,AKBNK.IS,7.2927350997924805
2022-08-02,AKBNK.IS,7.243292331695557
2022-08-03,AKBNK.IS,7.3256964683532715
2022-08-04,AKBNK.IS,7.506983757019043
2022-08-05,AKBNK.IS,7.721234321594238
2022-08-08,AKBNK.IS,7.647070407867432
2022-08-09,AKBNK.IS,7.811878681182861
2022-08-10,AKBNK.IS,8.075570106506348
2022-08-11,AKBNK.IS,8.298060417175293
2022-08-12,AKBNK.IS,8.240377426147461
2022-08-15,AKBNK.IS,8.421667098999023
2022-08-16,AKBNK.IS,8.7183198928833
2022-08-17,AKBNK.IS,9.319869041442871
2022-08-18,AKBNK.IS,9.09737777709961
2022-08-19,AKBNK.IS,8.734801292419434
2022-08-22,AKBNK.IS,8.866647720336914
2022-08-23,AKBNK.IS,9.459953308105469
2022-08-24,AKBNK.IS,9.12209701538086
2022-08-25,AKBNK.IS,9.871973037719727
2022-08-26,AKBNK.IS,9.871973037719727
2022-08-29,AKBNK.IS,9.797810554504395
2022-08-31,AKBNK.IS,9.657723426818848
2022-09-01,AKBNK.IS,9.764848709106445
2022-09-02,AKBNK.IS,10.737212181091309
2022-09-05,AKBNK.IS,11.693096160888672
2022-09-06,AKBNK.IS,12.830268859863281
2022-09-07,AKBNK.IS,12.929152488708496
2022-09-08,AKBNK.IS,12.484172821044922
2022-09-09,AKBNK.IS,13.118682861328125
2022-09-12,AKBNK.IS,14.428902626037598
2022-09-13,AKBNK.IS,12.986837387084961
2022-09-14,AKBNK.IS,11.693096160888672
2022-09-15,AKBNK.IS,10.531203269958496
2022-09-16,AKBNK.IS,10.04502010345459
2022-09-19,AKBNK.IS,9.113858222961426
2022-09-20,AKBNK.IS,9.789569854736328
2022-09-21,AKBNK.IS,9.492916107177734
2022-09-22,AKBNK.IS,9.575319290161133
2022-09-23,AKBNK.IS,9.295145988464355
2022-09-26,AKBNK.IS,9.352829933166504
2022-09-27,AKBNK.IS,9.740126609802246
2022-09-28,AKBNK.IS,9.41051197052002
2022-09-29,AKBNK.IS,9.278666496276855
2022-09-30,AKBNK.IS,9.303386688232422
2022-10-03,AKBNK.IS,10.226308822631836
2022-10-04,AKBNK.IS,10.201589584350586
2022-10-05,AKBNK.IS,10.193347930908203
2022-10-06,AKBNK.IS,10.630086898803711
2022-10-07,AKBNK.IS,10.597126007080078
2022-10-10,AKBNK.IS,10.539443016052246
2022-10-11,AKBNK.IS,10.761934280395508
2022-10-12,AKBNK.IS,10.654809951782227
2022-10-13,AKBNK.IS,10.720731735229492
2022-10-14,AKBNK.IS,11.124510765075684
2022-10-17,AKBNK.IS,12.23696231842041
2022-10-18,AKBNK.IS,12.434730529785156
2022-10-19,AKBNK.IS,12.945633888244629
2022-10-20,AKBNK.IS,12.978595733642578
2022-10-21,AKBNK.IS,12.813788414001465
2022-10-24,AKBNK.IS,12.7396240234375
2022-10-25,AKBNK.IS,12.789067268371582
2022-10-26,AKBNK.IS,13.003316879272461
2022-10-27,AKBNK.IS,12.55009651184082
2022-10-28,AKBNK.IS,12.096875190734863
2022-10-31,AKBNK.IS,12.047432899475098
2022-11-01,AKBNK.IS,11.989749908447266
2022-11-02,AKBNK.IS,11.90734577178955
2022-11-03,AKBNK.IS,11.693096160888672
2022-11-04,AKBNK.IS,12.006230354309082
2022-11-07,AKBNK.IS,12.55833625793457
2022-11-08,AKBNK.IS,12.533616065979004
2022-11-09,AKBNK.IS,12.311124801635742
2022-11-10,AKBNK.IS,12.714903831481934
2022-11-11,AKBNK.IS,12.344085693359375
2022-11-14,AKBNK.IS,12.55009651184082
2022-11-15,AKBNK.IS,13.34117317199707
2022-11-16,AKBNK.IS,13.736709594726562
2022-11-17,AKBNK.IS,13.07748031616211
2022-11-18,AKBNK.IS,13.39061450958252
2022-11-21,AKBNK.IS,13.621345520019531
2022-11-22,AKBNK.IS,13.983922004699707
2022-11-23,AKBNK.IS,14.527786254882812
2022-11-24,AKBNK.IS,14.17345142364502
2022-11-25,AKBNK.IS,13.860315322875977
2022-11-28,AKBNK.IS,14.412421226501465
2022-11-29,AKBNK.IS,14.519547462463379
2022-11-30,AKBNK.IS,14.264094352722168
2022-12-01,AKBNK.IS,14.3629789352417
2022-12-02,AKBNK.IS,13.893277168273926
2022-12-05,AKBNK.IS,13.415335655212402
2022-12-06,AKBNK.IS,13.374133110046387
2022-12-07,AKBNK.IS,12.978595733642578
2022-12-08,AKBNK.IS,13.34941291809082
2022-12-09,AKBNK.IS,13.736709594726562
2022-12-12,AKBNK.IS,14.470104217529297
2022-12-13,AKBNK.IS,14.387700080871582
2022-12-14,AKBNK.IS,14.247613906860352
2022-12-15,AKBNK.IS,15.244699478149414
2022-12-16,AKBNK.IS,15.46718978881836
2022-12-19,AKBNK.IS,16.89277458190918
2022-12-20,AKBNK.IS,16.480754852294922
2022-12-21,AKBNK.IS,16.439556121826172
2022-12-22,AKBNK.IS,16.35715103149414
2022-12-23,AKBNK.IS,16.250024795532227
2022-12-26,AKBNK.IS,16.414833068847656
2022-12-27,AKBNK.IS,16.17586326599121
2022-12-28,AKBNK.IS,15.76384162902832
2022-12-29,AKBNK.IS,16.25826644897461
2022-12-30,AKBNK.IS,16.109939575195312
2023-01-02,AKBNK.IS,16.497236251831055
2023-01-03,AKBNK.IS,16.134660720825195
2023-01-04,AKBNK.IS,16.192344665527344
2023-01-05,AKBNK.IS,15.714400291442871
2023-01-06,AKBNK.IS,15.409506797790527
2023-01-09,AKBNK.IS,14.67611312866211
2023-01-10,AKBNK.IS,14.033366203308105
2023-01-11,AKBNK.IS,13.267009735107422
2023-01-12,AKBNK.IS,13.720229148864746
2023-01-13,AKBNK.IS,13.637825965881348
2023-01-16,AKBNK.IS,14.231133460998535
2023-01-17,AKBNK.IS,14.43714427947998
2023-01-18,AKBNK.IS,14.305296897888184
2023-01-19,AKBNK.IS,14.494826316833496
2023-01-20,AKBNK.IS,15.417747497558594
2023-01-23,AKBNK.IS,15.30238151550293
2023-01-24,AKBNK.IS,15.08813190460205
2023-01-25,AKBNK.IS,14.618431091308594
2023-01-26,AKBNK.IS,14.049844741821289
2023-01-27,AKBNK.IS,13.720229148864746
2023-01-30,AKBNK.IS,14.033366203308105
2023-01-31,AKBNK.IS,13.992162704467773
2023-02-01,AKBNK.IS,12.813788414001465
2023-02-02,AKBNK.IS,12.410009384155273
2023-02-03,AKBNK.IS,13.604865074157715
2023-02-06,AKBNK.IS,13.34941291809082
2023-02-07,AKBNK.IS,12.113356590270996
2023-02-08,AKBNK.IS,11.28931713104248
2023-02-15,AKBNK.IS,13.324691772460938
2023-02-16,AKBNK.IS,13.267009735107422
2023-02-17,AKBNK.IS,13.17636489868164
2023-02-20,AKBNK.IS,13.17636489868164
2023-02-21,AKBNK.IS,13.102201461791992
2023-02-22,AKBNK.IS,13.234046936035156
2023-02-23,AKBNK.IS,13.275249481201172
2023-02-24,AKBNK.IS,13.151643753051758
2023-02-27,AKBNK.IS,14.272335052490234
2023-02-28,AKBNK.IS,14.420661926269531
2023-03-01,AKBNK.IS,14.511306762695312
2023-03-02,AKBNK.IS,14.618431091308594
2023-03-03,AKBNK.IS,14.346497535705566
2023-03-06,AKBNK.IS,15.45071029663086
2023-03-07,AKBNK.IS,15.343584060668945
2023-03-08,AKBNK.IS,16.423072814941406
2023-03-09,AKBNK.IS,16.324188232421875
2023-03-10,AKBNK.IS,16.08521842956543
2023-03-13,AKBNK.IS,15.409506797790527
2023-03-14,AKBNK.IS,15.285900115966797
2023-03-15,AKBNK.IS,15.327104568481445
2023-03-16,AKBNK.IS,15.55783462524414
2023-03-17,AKBNK.IS,15.005728721618652
2023-03-20,AKBNK.IS,14.95628547668457
2023-03-21,AKBNK.IS,14.494826316833496
2023-03-22,AKBNK.IS,14.774998664855957
2023-03-23,AKBNK.IS,15.08813190460205
2023-03-24,AKBNK.IS,14.832680702209473
2023-03-27,AKBNK.IS,15.121094703674316
2023-03-28,AKBNK.IS,14.651392936706543
2023-03-29,AKBNK.IS,15.368306159973145
2023-03-30,AKBNK.IS,15.168481826782227
2023-03-31,AKBNK.IS,15.386470794677734
2023-04-03,AKBNK.IS,15.459135055541992
2023-04-04,AKBNK.IS,15.767953872680664
2023-04-05,AKBNK.IS,15.313807487487793
2023-04-06,AKBNK.IS,15.123065948486328
2023-04-07,AKBNK.IS,15.286559104919434
2023-04-10,AKBNK.IS,15.686209678649902
2023-04-11,AKBNK.IS,16.213016510009766
2023-04-12,AKBNK.IS,16.612667083740234
2023-04-13,AKBNK.IS,16.213016510009766
2023-04-14,AKBNK.IS,15.958696365356445
2023-04-17,AKBNK.IS,16.240264892578125
2023-04-18,AKBNK.IS,16.322011947631836
2023-04-19,AKBNK.IS,16.785240173339844
2023-04-20,AKBNK.IS,16.076772689819336
2023-04-24,AKBNK.IS,16.058609008789062
2023-04-25,AKBNK.IS,15.668042182922363
2023-04-26,AKBNK.IS,15.313807487487793
2023-04-27,AKBNK.IS,15.440969467163086
2023-04-28,AKBNK.IS,14.57809066772461
2023-05-02,AKBNK.IS,14.232940673828125
2023-05-03,AKBNK.IS,14.096696853637695
2023-05-04,AKBNK.IS,14.114861488342285
2023-05-05,AKBNK.IS,13.842374801635742
2023-05-08,AKBNK.IS,14.977740287780762
2023-05-09,AKBNK.IS,15.17756462097168
2023-05-10,AKBNK.IS,15.268393516540527
2023-05-11,AKBNK.IS,16.794322967529297
2023-05-12,AKBNK.IS,17.520959854125977
2023-05-15,AKBNK.IS,15.77703857421875
2023-05-16,AKBNK.IS,14.323770523071289
2023-05-17,AKBNK.IS,14.151193618774414
2023-05-18,AKBNK.IS,13.606217384338379
2023-05-22,AKBNK.IS,13.115739822387695
2023-05-23,AKBNK.IS,13.079407691955566
2023-05-24,AKBNK.IS,12.670677185058594
2023-05-25,AKBNK.IS,12.988578796386719
2023-05-26,AKBNK.IS,13.179320335388184
2023-05-29,AKBNK.IS,13.5244722366333
2023-05-30,AKBNK.IS,14.868744850158691
2023-05-31,AKBNK.IS,14.351017951965332
2023-06-01,AKBNK.IS,14.841495513916016
2023-06-02,AKBNK.IS,15.94052791595459
2023-06-05,AKBNK.IS,16.503671646118164
2023-06-06,AKBNK.IS,16.38559341430664
2023-06-07,AKBNK.IS,16.703495025634766
2023-06-08,AKBNK.IS,16.939651489257812
2023-06-09,AKBNK.IS,16.767074584960938
2023-06-12,AKBNK.IS,16.421924591064453
2023-06-13,AKBNK.IS,16.376510620117188
2023-06-14,AKBNK.IS,16.68532943725586
2023-06-15,AKBNK.IS,17.466461181640625
2023-06-16,AKBNK.IS,17.157642364501953
2023-06-19,AKBNK.IS,16.812490463256836
2023-06-20,AKBNK.IS,17.293886184692383
2023-06-21,AKBNK.IS,17.53912353515625
2023-06-22,AKBNK.IS,17.430130004882812
2023-06-23,AKBNK.IS,17.97510528564453
2023-06-26,AKBNK.IS,18.54732894897461
2023-06-27,AKBNK.IS,18.347503662109375
2023-07-03,AKBNK.IS,18.801651000976562
2023-07-04,AKBNK.IS,19.164968490600586
2023-07-05,AKBNK.IS,18.946977615356445
2023-07-06,AKBNK.IS,18.583660125732422
2023-07-07,AKBNK.IS,18.402000427246094
2023-07-10,AKBNK.IS,18.619991302490234
2023-07-11,AKBNK.IS,19.87343406677246
2023-07-12,AKBNK.IS,20.981552124023438
2023-07-13,AKBNK.IS,22.198665618896484
2023-07-14,AKBNK.IS,22.489316940307617
2023-07-17,AKBNK.IS,22.99795913696289
2023-07-18,AKBNK.IS,21.363035202026367
2023-07-19,AKBNK.IS,22.725473403930664
2023-07-20,AKBNK.IS,22.4348201751709
2023-07-21,AKBNK.IS,21.762680053710938
2023-07-24,AKBNK.IS,22.52564811706543
2023-07-25,AKBNK.IS,22.61647605895996
2023-07-26,AKBNK.IS,22.707307815551758
2023-07-27,AKBNK.IS,24.015249252319336
2023-07-28,AKBNK.IS,25.940826416015625
2023-07-31,AKBNK.IS,25.377687454223633
2023-08-01,AKBNK.IS,24.578388214111328
2023-08-02,AKBNK.IS,25.468515396118164
2023-08-03,AKBNK.IS,24.778213500976562
2023-08-04,AKBNK.IS,25.704669952392578
2023-08-07,AKBNK.IS,25.541179656982422
2023-08-08,AKBNK.IS,25.5775089263916
2023-08-09,AKBNK.IS,28.1207275390625
2023-08-10,AKBNK.IS,27.848241806030273
2023-08-11,AKBNK.IS,28.048065185546875
2023-08-14,AKBNK.IS,27.43042755126953
2023-08-15,AKBNK.IS,27.575756072998047
2023-08-16,AKBNK.IS,27.0489444732666
2023-08-17,AKBNK.IS,27.394094467163086
2023-08-18,AKBNK.IS,26.03165626525879
2023-08-21,AKBNK.IS,25.741003036499023
2023-08-22,AKBNK.IS,24.978038787841797
2023-08-23,AKBNK.IS,25.123363494873047
2023-08-24,AKBNK.IS,27.630250930786133
2023-08-25,AKBNK.IS,27.194271087646484
2023-08-28,AKBNK.IS,27.067110061645508
2023-08-29,AKBNK.IS,27.43042755126953
2023-08-31,AKBNK.IS,26.140653610229492
2023-09-01,AKBNK.IS,26.685626983642578
2023-09-04,AKBNK.IS,27.448593139648438
2023-09-05,AKBNK.IS,28.66570472717285
2023-09-06,AKBNK.IS,28.520376205444336
2023-09-07,AKBNK.IS,29.628494262695312
2023-09-08,AKBNK.IS,29.337839126586914
2023-09-11,AKBNK.IS,27.81191062927246
2023-09-12,AKBNK.IS,26.90361785888672
2023-09-13,AKBNK.IS,26.467636108398438
2023-09-14,AKBNK.IS,26.158815383911133
2023-09-15,AKBNK.IS,25.831832885742188
2023-09-18,AKBNK.IS,25.92266273498535
2023-09-19,AKBNK.IS,26.322309494018555
2023-09-20,AKBNK.IS,26.885452270507812
2023-09-21,AKBNK.IS,28.338722229003906
2023-09-22,AKBNK.IS,27.975400924682617
2023-09-25,AKBNK.IS,29.26517677307129
2023-09-26,AKBNK.IS,28.774700164794922
2023-09-27,AKBNK.IS,28.66570472717285
2023-09-28,AKBNK.IS,29.1016845703125
2023-09-29,AKBNK.IS,30.391460418701172
2023-10-02,AKBNK.IS,31.317916870117188
2023-10-03,AKBNK.IS,30.79111099243164
2023-10-04,AKBNK.IS,30.373291015625
2023-10-05,AKBNK.IS,31.0635986328125
2023-10-06,AKBNK.IS,30.573118209838867
2023-10-09,AKBNK.IS,29.30150604248047
2023-10-10,AKBNK.IS,30.100805282592773
2023-10-11,AKBNK.IS,30.264299392700195
2023-10-12,AKBNK.IS,29.900981903076172
2023-10-13,AKBNK.IS,28.702035903930664
2023-10-16,AKBNK.IS,28.73836898803711
2023-10-17,AKBNK.IS,29.26517677307129
2023-10-18,AKBNK.IS,28.429548263549805
2023-10-19,AKBNK.IS,28.08439826965332
2023-10-20,AKBNK.IS,27.176105499267578
2023-10-23,AKBNK.IS,27.70291519165039
2023-10-24,AKBNK.IS,28.756532669067383
2023-10-25,AKBNK.IS,26.885452270507812
2023-10-26,AKBNK.IS,27.975400924682617
2023-10-27,AKBNK.IS,28.08439826965332
2023-10-30,AKBNK.IS,27.448593139648438
2023-10-31,AKBNK.IS,26.758289337158203
2023-11-01,AKBNK.IS,26.9399471282959
2023-11-02,AKBNK.IS,27.266935348510742
2023-11-03,AKBNK.IS,27.248767852783203
2023-11-06,AKBNK.IS,27.75741195678711
2023-11-07,AKBNK.IS,27.466758728027344
2023-11-08,AKBNK.IS,27.067110061645508
2023-11-09,AKBNK.IS,26.667461395263672
2023-11-10,AKBNK.IS,26.322309494018555
2023-11-13,AKBNK.IS,25.43218421936035
2023-11-14,AKBNK.IS,25.940826416015625
2023-11-15,AKBNK.IS,25.977157592773438
2023-11-16,AKBNK.IS,27.230602264404297
2023-11-17,AKBNK.IS,27.321430206298828
2023-11-20,AKBNK.IS,27.648418426513672
2023-11-21,AKBNK.IS,28.102561950683594
2023-11-22,AKBNK.IS,28.048065185546875
2023-11-23,AKBNK.IS,28.574874877929688
2023-11-24,AKBNK.IS,28.93819236755371
2023-11-27,AKBNK.IS,31.15442657470703
2023-11-28,AKBNK.IS,30.70027732849121
2023-11-29,AKBNK.IS,30.80927276611328
2023-11-30,AKBNK.IS,30.554950714111328
2023-12-01,AKBNK.IS,31.663066864013672
2023-12-04,AKBNK.IS,32.89834976196289
2023-12-05,AKBNK.IS,33.20716857910156
2023-12-06,AKBNK.IS,33.152671813964844
2023-12-07,AKBNK.IS,32.58952713012695
2023-12-08,AKBNK.IS,31.753896713256836
2023-12-11,AKBNK.IS,31.69940185546875
2023-12-12,AKBNK.IS,33.824806213378906
2023-12-13,AKBNK.IS,33.40699005126953
2023-12-14,AKBNK.IS,34.82392501831055
2023-12-15,AKBNK.IS,35.514225006103516
2023-12-18,AKBNK.IS,35.78671646118164
2023-12-19,AKBNK.IS,35.31440353393555
2023-12-20,AKBNK.IS,36.277191162109375
2023-12-21,AKBNK.IS,35.514225006103516
2023-12-22,AKBNK.IS,35.5687255859375
2023-12-25,AKBNK.IS,34.55144119262695
2023-12-26,AKBNK.IS,34.22445297241211
2023-12-27,AKBNK.IS,32.58952713012695
2023-12-28,AKBNK.IS,32.73485565185547
2023-12-29,AKBNK.IS,33.170833587646484
2024-01-02,AKBNK.IS,33.18899917602539
2024-01-03,AKBNK.IS,32.09904861450195
2024-01-04,AKBNK.IS,32.97100830078125
2024-01-05,AKBNK.IS,33.40699005126953
2024-01-08,AKBNK.IS,36.73133850097656
2024-01-09,AKBNK.IS,36.186363220214844
2024-01-10,AKBNK.IS,37.00382995605469
2024-01-11,AKBNK.IS,37.348976135253906
2024-01-12,AKBNK.IS,39.292720794677734
2024-01-15,AKBNK.IS,39.220062255859375
2024-01-16,AKBNK.IS,37.96661376953125
2024-01-17,AKBNK.IS,38.148277282714844
2024-01-18,AKBNK.IS,37.25815200805664
2024-01-19,AKBNK.IS,37.167320251464844
2024-01-22,AKBNK.IS,36.38618850708008
2024-01-23,AKBNK.IS,34.66043472290039
2024-01-24,AKBNK.IS,36.69500732421875
2024-01-25,AKBNK.IS,36.6405143737793
2024-01-26,AKBNK.IS,36.622344970703125
2024-01-29,AKBNK.IS,36.02287292480469
2024-01-30,AKBNK.IS,36.02287292480469
2024-01-31,AKBNK.IS,35.913875579833984
2024-02-01,AKBNK.IS,36.404354095458984
2024-02-02,AKBNK.IS,35.65955352783203
2024-02-05,AKBNK.IS,36.531517028808594
2024-02-06,AKBNK.IS,37.27631378173828
2024-02-07,AKBNK.IS,36.73133850097656
2024-02-08,AKBNK.IS,36.676841735839844
2024-02-09,AKBNK.IS,36.56784439086914
2024-02-12,AKBNK.IS,37.385311126708984
2024-02-13,AKBNK.IS,36.80400085449219
2024-02-14,AKBNK.IS,37.23998260498047
2024-02-15,AKBNK.IS,38.0211181640625
2024-02-16,AKBNK.IS,37.67596435546875
2024-02-19,AKBNK.IS,37.73046112060547
2024-02-20,AKBNK.IS,39.147396087646484
2024-02-21,AKBNK.IS,39.510711669921875
2024-02-22,AKBNK.IS,38.457096099853516
2024-02-23,AKBNK.IS,38.96574401855469
2024-02-26,AKBNK.IS,37.839454650878906
2024-02-27,AKBNK.IS,37.78495788574219
2024-02-28,AKBNK.IS,36.74950408935547
2024-02-29,AKBNK.IS,37.76679229736328
2024-03-01,AKBNK.IS,36.60417938232422
2024-03-04,AKBNK.IS,35.441566467285156
2024-03-05,AKBNK.IS,35.76854705810547
2024-03-06,AKBNK.IS,35.150909423828125
2024-03-07,AKBNK.IS,37.203651428222656
2024-03-08,AKBNK.IS,38.00294876098633
2024-03-11,AKBNK.IS,38.874908447265625
2024-03-12,AKBNK.IS,39.765037536621094
2024-03-13,AKBNK.IS,37.96661376953125
2024-03-14,AKBNK.IS,36.840335845947266
2024-03-15,AKBNK.IS,36.077369689941406
2024-03-18,AKBNK.IS,36.4588508605957
2024-03-19,AKBNK.IS,38.43893051147461
2024-03-20,AKBNK.IS,38.729583740234375
2024-03-21,AKBNK.IS,40.90948486328125
2024-03-22,AKBNK.IS,41.617950439453125
2024-03-25,AKBNK.IS,41.78144454956055
2024-03-26,AKBNK.IS,41.96863555908203
2024-03-27,AKBNK.IS,42.082374572753906
2024-03-28,AKBNK.IS,44.338138580322266
2024-03-29,AKBNK.IS,44.338138580322266
2024-04-01,AKBNK.IS,45.30489730834961
2024-04-02,AKBNK.IS,46.72659683227539
2024-04-03,AKBNK.IS,46.66973114013672
2024-04-04,AKBNK.IS,49.6647834777832
2024-04-05,AKBNK.IS,52.74513626098633
2024-04-08,AKBNK.IS,52.60296630859375
2024-04-09,AKBNK.IS,52.60296630859375
2024-04-15,AKBNK.IS,55.35158920288086
2024-04-16,AKBNK.IS,52.934696197509766
2024-04-17,AKBNK.IS,53.1242561340332
2024-04-18,AKBNK.IS,55.49375915527344
2024-04-19,AKBNK.IS,59.23757553100586
2024-04-22,AKBNK.IS,56.72590255737305
2024-04-24,AKBNK.IS,57.152408599853516
2024-04-25,AKBNK.IS,54.45117950439453
2024-04-26,AKBNK.IS,55.96765899658203
2024-04-29,AKBNK.IS,57.199798583984375
2024-04-30,AKBNK.IS,56.34678268432617
2024-05-02,AKBNK.IS,55.11463928222656
2024-05-03,AKBNK.IS,56.91545867919922
2024-05-06,AKBNK.IS,57.10502243041992
2024-05-07,AKBNK.IS,58.384552001953125
2024-05-08,AKBNK.IS,56.86806869506836
2024-05-09,AKBNK.IS,56.29939270019531
2024-05-10,AKBNK.IS,54.78290557861328
2024-05-13,AKBNK.IS,53.076866149902344
2024-05-14,AKBNK.IS,54.498565673828125
2024-05-15,AKBNK.IS,54.21422576904297
2024-05-16,AKBNK.IS,56.062442779541016
2024-05-17,AKBNK.IS,59.616695404052734
2024-05-20,AKBNK.IS,61.1331787109375
2024-05-21,AKBNK.IS,63.834407806396484
2024-05-22,AKBNK.IS,62.79182815551758
2024-05-23,AKBNK.IS,63.076171875
2024-05-24,AKBNK.IS,63.028778076171875
2024-05-27,AKBNK.IS,64.45048522949219
2024-05-28,AKBNK.IS,66.15652465820312
2024-05-29,AKBNK.IS,62.55487823486328
2024-05-30,AKBNK.IS,62.27053451538086
2024-05-31,AKBNK.IS,62.93400192260742
2024-06-03,AKBNK.IS,63.3131217956543
2024-06-04,AKBNK.IS,60.18537521362305
2024-06-05,AKBNK.IS,59.09540557861328
2024-06-06,AKBNK.IS,57.958045959472656
2024-06-07,AKBNK.IS,56.204612731933594
2024-06-10,AKBNK.IS,56.34678268432617
2024-06-11,AKBNK.IS,57.43674850463867
2024-06-12,AKBNK.IS,58.9532356262207
2024-06-13,AKBNK.IS,58.289772033691406
2024-06-14,AKBNK.IS,57.91065216064453
2024-06-20,AKBNK.IS,60.4697151184082
2024-06-21,AKBNK.IS,62.55487823486328
2024-06-24,AKBNK.IS,63.64485168457031
2024-06-25,AKBNK.IS,61.796634674072266
2024-06-26,AKBNK.IS,61.41752243041992
2024-06-27,AKBNK.IS,63.36050796508789
2024-06-28,AKBNK.IS,60.706668853759766
2024-07-01,AKBNK.IS,58.716285705566406
2024-07-02,AKBNK.IS,59.4271354675293
2024-07-03,AKBNK.IS,62.79182815551758
2024-07-04,AKBNK.IS,63.73963165283203
2024-07-05,AKBNK.IS,63.26572799682617
2024-07-08,AKBNK.IS,64.1661376953125
2024-07-09,AKBNK.IS,61.22795486450195
2024-07-10,AKBNK.IS,60.65927505493164
2024-07-11,AKBNK.IS,63.21833801269531
2024-07-12,AKBNK.IS,63.21833801269531
2024-07-16,AKBNK.IS,64.73482513427734
2024-07-17,AKBNK.IS,64.30831146240234
2024-07-18,AKBNK.IS,64.6400375366211
2024-07-19,AKBNK.IS,65.16133117675781
2024-07-22,AKBNK.IS,65.68263244628906
2024-07-23,AKBNK.IS,65.68263244628906
2024-07-24,AKBNK.IS,63.97658157348633
2024-07-25,AKBNK.IS,62.12836837768555
2024-07-26,AKBNK.IS,62.223148345947266
2024-07-29,AKBNK.IS,61.27534866333008
2024-07-30,AKBNK.IS,59.47452163696289
2024-07-31,AKBNK.IS,58.66889572143555
2024-08-01,AKBNK.IS,59.90103530883789
2024-08-02,AKBNK.IS,57.05763244628906
2024-08-05,AKBNK.IS,53.92988967895508
2024-08-06,AKBNK.IS,52.74513626098633
2024-08-07,AKBNK.IS,52.79252624511719
2024-08-08,AKBNK.IS,52.934696197509766
2024-08-09,AKBNK.IS,50.186073303222656
2024-08-12,AKBNK.IS,51.370826721191406
2024-08-13,AKBNK.IS,52.83991622924805
2024-08-14,AKBNK.IS,53.26642990112305
2024-08-15,AKBNK.IS,55.30419921875
2024-08-16,AKBNK.IS,53.88249969482422
2024-08-19,AKBNK.IS,57.10502243041992
2024-08-20,AKBNK.IS,56.773292541503906
2024-08-21,AKBNK.IS,56.062442779541016
2024-08-22,AKBNK.IS,56.44156265258789
2024-08-23,AKBNK.IS,55.0672492980957
2024-08-26,AKBNK.IS,55.44636917114258
2024-08-27,AKBNK.IS,56.01504898071289
2024-08-28,AKBNK.IS,55.63593292236328
2024-08-29,AKBNK.IS,55.25680923461914
2024-09-02,AKBNK.IS,58.24238586425781
2024-09-03,AKBNK.IS,57.76848220825195
2024-09-04,AKBNK.IS,57.91065216064453
2024-09-05,AKBNK.IS,57.43674850463867
2024-09-06,AKBNK.IS,56.53634262084961
2024-09-09,AKBNK.IS,55.019859313964844
2024-09-10,AKBNK.IS,53.503379821777344
2024-09-11,AKBNK.IS,52.41340637207031
2024-09-12,AKBNK.IS,53.83510971069336
2024-09-13,AKBNK.IS,53.645545959472656
2024-09-16,AKBNK.IS,53.26642990112305
2024-09-17,AKBNK.IS,54.83029556274414
2024-09-18,AKBNK.IS,55.49375915527344
2024-09-19,AKBNK.IS,58.14760208129883
2024-09-20,AKBNK.IS,57.0102424621582
2024-09-23,AKBNK.IS,58.05282211303711
2024-09-24,AKBNK.IS,60.51710510253906
2024-09-25,AKBNK.IS,60.56449890136719
2024-09-26,AKBNK.IS,59.806251525878906
2024-09-27,AKBNK.IS,60.232765197753906
2024-09-30,AKBNK.IS,58.384552001953125
2024-10-01,AKBNK.IS,54.64073944091797
2024-10-02,AKBNK.IS,50.09129333496094
2024-10-03,AKBNK.IS,48.85914993286133
2024-10-04,AKBNK.IS,51.51299285888672
2024-10-07,AKBNK.IS,52.74513626098633
2024-10-08,AKBNK.IS,53.1242561340332
2024-10-09,AKBNK.IS,54.21422576904297
2024-10-10,AKBNK.IS,52.83991622924805
2024-10-11,AKBNK.IS,52.65035629272461
2024-10-14,AKBNK.IS,51.08648681640625
2024-10-15,AKBNK.IS,51.51299285888672
2024-10-16,AKBNK.IS,51.6551628112793
2024-10-17,AKBNK.IS,50.47041320800781
2024-10-18,AKBNK.IS,47.532230377197266
2024-10-21,AKBNK.IS,45.930442810058594
2024-10-22,AKBNK.IS,47.29528045654297
2024-10-23,AKBNK.IS,46.555992126464844
2024-10-24,AKBNK.IS,47.08676528930664
2024-10-25,AKBNK.IS,47.37110137939453
2024-10-28,AKBNK.IS,47.35214614868164
2024-10-30,AKBNK.IS,48.33786392211914
2024-10-31,AKBNK.IS,47.958740234375
2024-11-01,AKBNK.IS,47.31423568725586
2024-11-04,AKBNK.IS,44.50874328613281
2024-11-05,AKBNK.IS,43.97797393798828
2024-11-06,AKBNK.IS,44.982643127441406
2024-11-07,AKBNK.IS,45.87358093261719
2024-11-08,AKBNK.IS,48.52742385864258
2024-11-11,AKBNK.IS,49.80695343017578
2024-11-12,AKBNK.IS,50.233463287353516
2024-11-13,AKBNK.IS,51.08648681640625
2024-11-14,AKBNK.IS,52.50818634033203
2024-11-15,AKBNK.IS,51.98689270019531
2024-11-18,AKBNK.IS,52.17645263671875
2024-11-19,AKBNK.IS,50.75475311279297
2024-11-20,AKBNK.IS,49.475223541259766
2024-11-21,AKBNK.IS,53.92988967895508
2024-11-22,AKBNK.IS,57.43674850463867
2024-11-25,AKBNK.IS,56.48895263671875
2024-11-26,AKBNK.IS,56.109832763671875
2024-11-27,AKBNK.IS,56.34678268432617
2024-11-28,AKBNK.IS,56.58373260498047
2024-11-29,AKBNK.IS,57.673702239990234
2024-12-02,AKBNK.IS,57.81587219238281
2024-12-03,AKBNK.IS,60.09059524536133
2024-12-04,AKBNK.IS,59.47452163696289
2024-12-05,AKBNK.IS,60.13798522949219
2024-12-06,AKBNK.IS,61.891422271728516
2024-12-09,AKBNK.IS,62.8866081237793
2024-12-10,AKBNK.IS,61.74925231933594
2024-12-11,AKBNK.IS,60.56449890136719
2024-12-12,AKBNK.IS,60.327545166015625
2024-12-13,AKBNK.IS,60.232765197753906
2024-12-16,AKBNK.IS,59.4271354675293
2024-12-17,AKBNK.IS,59.4271354675293
2024-12-18,AKBNK.IS,59.616695404052734
2024-12-19,AKBNK.IS,57.958045959472656
2024-12-20,AKBNK.IS,57.531532287597656
2024-12-23,AKBNK.IS,56.204612731933594
2024-12-24,AKBNK.IS,57.10502243041992
2024-12-25,AKBNK.IS,61.65447235107422
2024-12-26,AKBNK.IS,62.223148345947266
2024-12-27,AKBNK.IS,62.79182815551758
2024-12-30,AKBNK.IS,62.223148345947266
2024-12-31,AKBNK.IS,61.464908599853516
2015-03-11,GARAN.IS,5.91061544418335
2015-03-12,GARAN.IS,5.889302730560303
2015-03-13,GARAN.IS,5.704596042633057
2015-03-16,GARAN.IS,5.946135997772217
2015-03-17,GARAN.IS,6.137947082519531
2015-03-18,GARAN.IS,6.081114292144775
2015-03-19,GARAN.IS,6.443423271179199
2015-03-20,GARAN.IS,6.422111511230469
2015-03-23,GARAN.IS,6.507359504699707
2015-03-24,GARAN.IS,6.280029296875
2015-03-25,GARAN.IS,6.301340103149414
2015-03-26,GARAN.IS,6.1308417320251465
2015-03-27,GARAN.IS,6.088218688964844
2015-03-30,GARAN.IS,6.301340103149414
2015-03-31,GARAN.IS,6.301340103149414
2015-04-01,GARAN.IS,6.102426052093506
2015-04-02,GARAN.IS,6.074010372161865
2015-04-03,GARAN.IS,6.2374043464660645
2015-04-06,GARAN.IS,6.351069450378418
2015-04-07,GARAN.IS,6.208987712860107
2015-04-08,GARAN.IS,6.251612186431885
2015-04-09,GARAN.IS,6.258717060089111
2015-04-10,GARAN.IS,6.109530925750732
2015-04-13,GARAN.IS,5.995863914489746
2015-04-14,GARAN.IS,6.074010372161865
2015-04-15,GARAN.IS,5.931927680969238
2015-04-16,GARAN.IS,6.03848934173584
2015-04-17,GARAN.IS,6.088218688964844
2015-04-20,GARAN.IS,6.002969264984131
2015-04-21,GARAN.IS,6.15925931930542
2015-04-22,GARAN.IS,6.0313849449157715
2015-04-23,GARAN.IS,6.0313849449157715
2015-04-24,GARAN.IS,6.16636323928833
2015-04-27,GARAN.IS,6.321513652801514
2015-04-28,GARAN.IS,6.307081699371338
2015-04-29,GARAN.IS,6.343163967132568
2015-04-30,GARAN.IS,6.1411051750183105
2015-05-01,GARAN.IS,6.1411051750183105
2015-05-04,GARAN.IS,6.191620349884033
2015-05-05,GARAN.IS,6.119457721710205
2015-05-06,GARAN.IS,6.047293663024902
2015-05-07,GARAN.IS,6.068941593170166
2015-05-08,GARAN.IS,6.191620349884033
2015-05-11,GARAN.IS,6.249350070953369
2015-05-12,GARAN.IS,6.234918117523193
2015-05-13,GARAN.IS,6.343163967132568
2015-05-14,GARAN.IS,6.473058223724365
2015-05-15,GARAN.IS,6.523571968078613
2015-05-18,GARAN.IS,6.696763515472412
2015-05-19,GARAN.IS,6.696763515472412
2015-05-20,GARAN.IS,6.5596537590026855
2015-05-21,GARAN.IS,6.4153265953063965
2015-05-22,GARAN.IS,6.285433292388916
2015-05-25,GARAN.IS,6.126674175262451
2015-05-26,GARAN.IS,6.061725616455078
2015-05-27,GARAN.IS,6.2132697105407715
2015-05-28,GARAN.IS,6.126674175262451
2015-05-29,GARAN.IS,6.083375453948975
2015-06-01,GARAN.IS,5.859668254852295
2015-06-02,GARAN.IS,6.03286075592041
2015-06-03,GARAN.IS,6.169971942901611
2015-06-04,GARAN.IS,6.105024337768555
2015-06-05,GARAN.IS,6.083375453948975
2015-06-08,GARAN.IS,5.628746032714844
2015-06-09,GARAN.IS,5.744207859039307
2015-06-10,GARAN.IS,5.8885345458984375
2015-06-11,GARAN.IS,6.040077209472656
2015-06-12,GARAN.IS,6.061725616455078
2015-06-15,GARAN.IS,5.895750045776367
2015-06-16,GARAN.IS,5.98956298828125
2015-06-17,GARAN.IS,6.061725616455078
2015-06-18,GARAN.IS,6.112240791320801
2015-06-19,GARAN.IS,6.148322105407715
2015-06-22,GARAN.IS,6.292649269104004
2015-06-23,GARAN.IS,6.169971942901611
2015-06-24,GARAN.IS,6.263783931732178
2015-06-25,GARAN.IS,6.177187919616699
2015-06-26,GARAN.IS,6.227701187133789
2015-06-29,GARAN.IS,6.047293663024902
2015-06-30,GARAN.IS,6.03286075592041
2015-07-01,GARAN.IS,5.953481197357178
2015-07-02,GARAN.IS,6.025644779205322
2015-07-03,GARAN.IS,5.953481197357178
2015-07-06,GARAN.IS,6.097807884216309
2015-07-07,GARAN.IS,6.003994941711426
2015-07-08,GARAN.IS,5.830803394317627
2015-07-09,GARAN.IS,5.98956298828125
2015-07-10,GARAN.IS,6.07615852355957
2015-07-13,GARAN.IS,6.155538082122803
2015-07-14,GARAN.IS,6.105024337768555
2015-07-15,GARAN.IS,6.054510116577148
2015-07-16,GARAN.IS,6.07615852355957
2015-07-17,GARAN.IS,6.07615852355957
2015-07-20,GARAN.IS,5.9029669761657715
2015-07-21,GARAN.IS,5.895750045776367
2015-07-22,GARAN.IS,5.881317615509033
2015-07-23,GARAN.IS,5.7009100914001465
2015-07-24,GARAN.IS,5.758640289306641
2015-07-27,GARAN.IS,5.599881172180176
2015-07-28,GARAN.IS,5.6431779861450195
2015-07-29,GARAN.IS,5.664827346801758
2015-07-30,GARAN.IS,5.672044277191162
2015-07-31,GARAN.IS,5.9173994064331055
2015-08-03,GARAN.IS,5.758640289306641
2015-08-04,GARAN.IS,5.70812463760376
2015-08-05,GARAN.IS,5.67926025390625
2015-08-06,GARAN.IS,5.801937103271484
2015-08-07,GARAN.IS,5.736990928649902
2015-08-10,GARAN.IS,5.6215291023254395
2015-08-11,GARAN.IS,5.816370964050293
2015-08-12,GARAN.IS,5.628746032714844
2015-08-13,GARAN.IS,5.4555535316467285
2015-08-14,GARAN.IS,5.462770462036133
2015-08-17,GARAN.IS,5.4699859619140625
2015-08-18,GARAN.IS,5.311226844787598
2015-08-19,GARAN.IS,5.311226844787598
2015-08-20,GARAN.IS,5.289577484130859
2015-08-21,GARAN.IS,5.217413902282715
2015-08-24,GARAN.IS,5.087520599365234
2015-08-25,GARAN.IS,5.296794414520264
2015-08-26,GARAN.IS,5.2534966468811035
2015-08-27,GARAN.IS,5.340092658996582
2015-08-28,GARAN.IS,5.2823615074157715
2015-08-31,GARAN.IS,5.32565975189209
2015-09-01,GARAN.IS,5.174116134643555
2015-09-02,GARAN.IS,5.152467250823975
2015-09-03,GARAN.IS,5.217413902282715
2015-09-04,GARAN.IS,5.138033866882324
2015-09-07,GARAN.IS,5.094736576080322
2015-09-08,GARAN.IS,5.130817890167236
2015-09-09,GARAN.IS,5.094736576080322
2015-09-10,GARAN.IS,5.008140563964844
2015-09-11,GARAN.IS,4.907111644744873
2015-09-14,GARAN.IS,4.834948539733887
2015-09-15,GARAN.IS,5.0442214012146
2015-09-16,GARAN.IS,5.116385459899902
2015-09-17,GARAN.IS,5.116385459899902
2015-09-18,GARAN.IS,5.051438808441162
2015-09-21,GARAN.IS,5.181332588195801
2015-09-22,GARAN.IS,5.123601913452148
2015-09-23,GARAN.IS,5.087520599365234
2015-09-24,GARAN.IS,5.087520599365234
2015-09-25,GARAN.IS,5.087520599365234
2015-09-28,GARAN.IS,4.972058296203613
2015-09-29,GARAN.IS,5.109169960021973
2015-09-30,GARAN.IS,5.073087692260742
2015-10-01,GARAN.IS,5.166899681091309
2015-10-02,GARAN.IS,5.101953506469727
2015-10-05,GARAN.IS,5.296794414520264
2015-10-06,GARAN.IS,5.318443298339844
2015-10-07,GARAN.IS,5.549366474151611
2015-10-08,GARAN.IS,5.506068229675293
2015-10-09,GARAN.IS,5.527717113494873
2015-10-12,GARAN.IS,5.4699859619140625
2015-10-13,GARAN.IS,5.383389949798584
2015-10-14,GARAN.IS,5.491634845733643
2015-10-15,GARAN.IS,5.405038833618164
2015-10-16,GARAN.IS,5.3617401123046875
2015-10-19,GARAN.IS,5.448336601257324
2015-10-20,GARAN.IS,5.513284683227539
2015-10-21,GARAN.IS,5.4555535316467285
2015-10-22,GARAN.IS,5.542149543762207
2015-10-23,GARAN.IS,5.571013927459717
2015-10-26,GARAN.IS,5.448336601257324
2015-10-27,GARAN.IS,5.448336601257324
2015-10-28,GARAN.IS,5.390606880187988
2015-10-29,GARAN.IS,5.390606880187988
2015-10-30,GARAN.IS,5.462770462036133
2015-11-02,GARAN.IS,5.975130081176758
2015-11-03,GARAN.IS,5.895750045776367
2015-11-04,GARAN.IS,5.96791410446167
2015-11-05,GARAN.IS,5.823586463928223
2015-11-06,GARAN.IS,5.736990928649902
2015-11-09,GARAN.IS,5.751423358917236
2015-11-10,GARAN.IS,5.729773998260498
2015-11-11,GARAN.IS,5.809154033660889
2015-11-12,GARAN.IS,5.838020324707031
2015-11-13,GARAN.IS,5.809154033660889
2015-11-16,GARAN.IS,5.751423358917236
2015-11-17,GARAN.IS,5.801937103271484
2015-11-18,GARAN.IS,5.729773998260498
2015-11-19,GARAN.IS,5.744207859039307
2015-11-20,GARAN.IS,5.758640289306641
2015-11-23,GARAN.IS,5.592663764953613
2015-11-24,GARAN.IS,5.37617301940918
2015-11-25,GARAN.IS,5.419471740722656
2015-11-26,GARAN.IS,5.224630355834961
2015-11-27,GARAN.IS,5.304010391235352
2015-11-30,GARAN.IS,5.2823615074157715
2015-12-01,GARAN.IS,5.304010391235352
2015-12-02,GARAN.IS,5.4699859619140625
2015-12-03,GARAN.IS,5.390606880187988
2015-12-04,GARAN.IS,5.318443298339844
2015-12-07,GARAN.IS,5.289577484130859
2015-12-08,GARAN.IS,5.275145053863525
2015-12-09,GARAN.IS,5.433905124664307
2015-12-10,GARAN.IS,5.217413902282715
2015-12-11,GARAN.IS,4.943193435668945
2015-12-14,GARAN.IS,4.928760528564453
2015-12-15,GARAN.IS,5.224630355834961
2015-12-16,GARAN.IS,5.311226844787598
2015-12-17,GARAN.IS,5.289577484130859
2015-12-18,GARAN.IS,5.267929553985596
2015-12-21,GARAN.IS,5.3617401123046875
2015-12-22,GARAN.IS,5.296794414520264
2015-12-23,GARAN.IS,5.318443298339844
2015-12-24,GARAN.IS,5.304010391235352
2015-12-25,GARAN.IS,5.289577484130859
2015-12-28,GARAN.IS,5.318443298339844
2015-12-29,GARAN.IS,5.2823615074157715
2015-12-30,GARAN.IS,5.224630355834961
2015-12-31,GARAN.IS,5.138033866882324
2016-01-01,GARAN.IS,5.138033866882324
2016-01-04,GARAN.IS,5.037005424499512
2016-01-05,GARAN.IS,5.01535701751709
2016-01-06,GARAN.IS,5.123601913452148
2016-01-07,GARAN.IS,5.145251274108887
2016-01-08,GARAN.IS,5.058655261993408
2016-01-11,GARAN.IS,5.123601913452148
2016-01-12,GARAN.IS,5.145251274108887
2016-01-13,GARAN.IS,5.174116134643555
2016-01-14,GARAN.IS,5.195765018463135
2016-01-15,GARAN.IS,5.210197448730469
2016-01-18,GARAN.IS,5.181332588195801
2016-01-19,GARAN.IS,5.174116134643555
2016-01-20,GARAN.IS,5.065871238708496
2016-01-21,GARAN.IS,5.0009236335754395
2016-01-22,GARAN.IS,5.0009236335754395
2016-01-25,GARAN.IS,5.130817890167236
2016-01-26,GARAN.IS,5.347308158874512
2016-01-27,GARAN.IS,5.267929553985596
2016-01-28,GARAN.IS,5.311226844787598
2016-01-29,GARAN.IS,5.3617401123046875
2016-02-01,GARAN.IS,5.340092658996582
2016-02-02,GARAN.IS,5.217413902282715
2016-02-03,GARAN.IS,5.2823615074157715
2016-02-04,GARAN.IS,5.37617301940918
2016-02-05,GARAN.IS,5.340092658996582
2016-02-08,GARAN.IS,5.087520599365234
2016-02-09,GARAN.IS,5.08030366897583
2016-02-10,GARAN.IS,5.116385459899902
2016-02-11,GARAN.IS,5.087520599365234
2016-02-12,GARAN.IS,5.0442214012146
2016-02-15,GARAN.IS,5.029789447784424
2016-02-16,GARAN.IS,5.051438808441162
2016-02-17,GARAN.IS,5.188549041748047
2016-02-18,GARAN.IS,5.202981472015381
2016-02-19,GARAN.IS,5.138033866882324
2016-02-22,GARAN.IS,5.354524612426758
2016-02-23,GARAN.IS,5.419471740722656
2016-02-24,GARAN.IS,5.260712146759033
2016-02-25,GARAN.IS,5.311226844787598
2016-02-26,GARAN.IS,5.296794414520264
2016-02-29,GARAN.IS,5.311226844787598
2016-03-01,GARAN.IS,5.296794414520264
2016-03-02,GARAN.IS,5.397822380065918
2016-03-03,GARAN.IS,5.390606880187988
2016-03-04,GARAN.IS,5.397822380065918
2016-03-07,GARAN.IS,5.405038833618164
2016-03-08,GARAN.IS,5.41225528717041
2016-03-09,GARAN.IS,5.520501136779785
2016-03-10,GARAN.IS,5.491634845733643
2016-03-11,GARAN.IS,5.556582450866699
2016-03-14,GARAN.IS,5.549366474151611
2016-03-15,GARAN.IS,5.448336601257324
2016-03-16,GARAN.IS,5.4555535316467285
2016-03-17,GARAN.IS,5.585447311401367
2016-03-18,GARAN.IS,5.67926025390625
2016-03-21,GARAN.IS,5.672044277191162
2016-03-22,GARAN.IS,5.585447311401367
2016-03-23,GARAN.IS,5.6070966720581055
2016-03-24,GARAN.IS,5.758640289306641
2016-03-25,GARAN.IS,5.744207859039307
2016-03-28,GARAN.IS,5.758640289306641
2016-03-29,GARAN.IS,5.7009100914001465
2016-03-30,GARAN.IS,5.852451801300049
2016-03-31,GARAN.IS,5.946264266967773
2016-04-01,GARAN.IS,5.823586463928223
2016-04-04,GARAN.IS,6.047293663024902
2016-04-05,GARAN.IS,5.98956298828125
2016-04-06,GARAN.IS,5.859668254852295
2016-04-07,GARAN.IS,5.809154033660889
2016-04-08,GARAN.IS,5.9173994064331055
2016-04-11,GARAN.IS,5.98956298828125
2016-04-12,GARAN.IS,5.895750045776367
2016-04-13,GARAN.IS,6.018427848815918
2016-04-14,GARAN.IS,6.018427848815918
2016-04-15,GARAN.IS,6.1411051750183105
2016-04-18,GARAN.IS,6.307081699371338
2016-04-19,GARAN.IS,6.357596397399902
2016-04-20,GARAN.IS,6.307081699371338
2016-04-21,GARAN.IS,6.242133617401123
2016-04-22,GARAN.IS,6.097807884216309
2016-04-25,GARAN.IS,6.094141960144043
2016-04-26,GARAN.IS,6.240810871124268
2016-04-27,GARAN.IS,6.240810871124268
2016-04-28,GARAN.IS,6.321479320526123
2016-04-29,GARAN.IS,6.321479320526123
2016-05-02,GARAN.IS,6.218810558319092
2016-05-03,GARAN.IS,5.9694719314575195
2016-05-04,GARAN.IS,5.8154683113098145
2016-05-05,GARAN.IS,5.573462009429932
2016-05-06,GARAN.IS,5.4707932472229
2016-05-09,GARAN.IS,5.54412841796875
2016-05-10,GARAN.IS,5.536794662475586
2016-05-11,GARAN.IS,5.558794975280762
2016-05-12,GARAN.IS,5.507461071014404
2016-05-13,GARAN.IS,5.507461071014404
2016-05-16,GARAN.IS,5.382791042327881
2016-05-17,GARAN.IS,5.4781270027160645
2016-05-18,GARAN.IS,5.463459491729736
2016-05-19,GARAN.IS,5.463459491729736
2016-05-20,GARAN.IS,5.3167901039123535
2016-05-23,GARAN.IS,5.419458389282227
2016-05-24,GARAN.IS,5.6541314125061035
2016-05-25,GARAN.IS,5.551461219787598
2016-05-26,GARAN.IS,5.536794662475586
2016-05-27,GARAN.IS,5.529460906982422
2016-05-30,GARAN.IS,5.551461219787598
2016-05-31,GARAN.IS,5.54412841796875
2016-06-01,GARAN.IS,5.426792621612549
2016-06-02,GARAN.IS,5.375458240509033
2016-06-03,GARAN.IS,5.558794975280762
2016-06-06,GARAN.IS,5.617462635040283
2016-06-07,GARAN.IS,5.558794975280762
2016-06-08,GARAN.IS,5.668797969818115
2016-06-09,GARAN.IS,5.580795764923096
2016-06-10,GARAN.IS,5.522127628326416
2016-06-13,GARAN.IS,5.48546028137207
2016-06-14,GARAN.IS,5.4707932472229
2016-06-15,GARAN.IS,5.51479434967041
2016-06-16,GARAN.IS,5.441459655761719
2016-06-17,GARAN.IS,5.492793083190918
2016-06-20,GARAN.IS,5.690798759460449
2016-06-21,GARAN.IS,5.668797969818115
2016-06-22,GARAN.IS,5.705465793609619
2016-06-23,GARAN.IS,5.786134243011475
2016-06-24,GARAN.IS,5.522127628326416
2016-06-27,GARAN.IS,5.522127628326416
2016-06-28,GARAN.IS,5.661464214324951
2016-06-29,GARAN.IS,5.573462009429932
2016-06-30,GARAN.IS,5.558794975280762
2016-07-01,GARAN.IS,5.639463901519775
2016-07-04,GARAN.IS,5.705465793609619
2016-07-05,GARAN.IS,5.705465793609619
2016-07-06,GARAN.IS,5.705465793609619
2016-07-07,GARAN.IS,5.705465793609619
2016-07-08,GARAN.IS,5.734799385070801
2016-07-11,GARAN.IS,5.85946798324585
2016-07-12,GARAN.IS,6.042806148529053
2016-07-13,GARAN.IS,6.020806312561035
2016-07-14,GARAN.IS,6.130808353424072
2016-07-15,GARAN.IS,6.17480993270874
2016-07-18,GARAN.IS,5.632129669189453
2016-07-19,GARAN.IS,5.50012731552124
2016-07-20,GARAN.IS,5.353456974029541
2016-07-21,GARAN.IS,5.1481194496154785
2016-07-22,GARAN.IS,5.184786796569824
2016-07-25,GARAN.IS,5.346123218536377
2016-07-26,GARAN.IS,5.25078821182251
2016-07-27,GARAN.IS,5.353456974029541
2016-07-28,GARAN.IS,5.346123218536377
2016-07-29,GARAN.IS,5.375458240509033
2016-08-01,GARAN.IS,5.50012731552124
2016-08-02,GARAN.IS,5.419458389282227
2016-08-03,GARAN.IS,5.338790416717529
2016-08-04,GARAN.IS,5.51479434967041
2016-08-05,GARAN.IS,5.580795764923096
2016-08-08,GARAN.IS,5.771466255187988
2016-08-09,GARAN.IS,5.793467998504639
2016-08-10,GARAN.IS,5.6247968673706055
2016-08-11,GARAN.IS,5.786134243011475
2016-08-12,GARAN.IS,5.727466106414795
2016-08-15,GARAN.IS,5.7788004875183105
2016-08-16,GARAN.IS,5.705465793609619
2016-08-17,GARAN.IS,5.749466896057129
2016-08-18,GARAN.IS,5.7788004875183105
2016-08-19,GARAN.IS,5.793467998504639
2016-08-22,GARAN.IS,5.742132663726807
2016-08-23,GARAN.IS,5.698131561279297
2016-08-24,GARAN.IS,5.536794662475586
2016-08-25,GARAN.IS,5.617462635040283
2016-08-26,GARAN.IS,5.705465793609619
2016-08-29,GARAN.IS,5.558794975280762
2016-08-30,GARAN.IS,5.558794975280762
2016-08-31,GARAN.IS,5.595462799072266
2016-09-01,GARAN.IS,5.595462799072266
2016-09-02,GARAN.IS,5.808135032653809
2016-09-05,GARAN.IS,5.94013786315918
2016-09-06,GARAN.IS,5.94013786315918
2016-09-07,GARAN.IS,5.947470188140869
2016-09-08,GARAN.IS,6.006138324737549
2016-09-09,GARAN.IS,5.925470352172852
2016-09-12,GARAN.IS,5.925470352172852
2016-09-13,GARAN.IS,5.925470352172852
2016-09-14,GARAN.IS,5.925470352172852
2016-09-15,GARAN.IS,5.925470352172852
2016-09-16,GARAN.IS,5.9181365966796875
2016-09-19,GARAN.IS,6.094141960144043
2016-09-20,GARAN.IS,6.035472393035889
2016-09-21,GARAN.IS,6.050139904022217
2016-09-22,GARAN.IS,6.226143836975098
2016-09-23,GARAN.IS,6.152809143066406
2016-09-26,GARAN.IS,5.808135032653809
2016-09-27,GARAN.IS,5.903470039367676
2016-09-28,GARAN.IS,5.998805999755859
2016-09-29,GARAN.IS,5.896136283874512
2016-09-30,GARAN.IS,5.830134868621826
2016-10-03,GARAN.IS,5.9181365966796875
2016-10-04,GARAN.IS,5.888802528381348
2016-10-05,GARAN.IS,5.9181365966796875
2016-10-06,GARAN.IS,5.910803318023682
2016-10-07,GARAN.IS,5.910803318023682
2016-10-10,GARAN.IS,5.9181365966796875
2016-10-11,GARAN.IS,5.896136283874512
2016-10-12,GARAN.IS,5.888802528381348
2016-10-13,GARAN.IS,5.764133453369141
2016-10-14,GARAN.IS,5.874136447906494
2016-10-17,GARAN.IS,5.830134868621826
2016-10-18,GARAN.IS,5.976804256439209
2016-10-19,GARAN.IS,6.020806312561035
2016-10-20,GARAN.IS,6.042806148529053
2016-10-21,GARAN.IS,6.028139591217041
2016-10-24,GARAN.IS,6.123475551605225
2016-10-25,GARAN.IS,6.101473808288574
2016-10-26,GARAN.IS,6.17480993270874
2016-10-27,GARAN.IS,6.094141960144043
2016-10-28,GARAN.IS,6.072140216827393
2016-10-31,GARAN.IS,6.167475700378418
2016-11-01,GARAN.IS,6.042806148529053
2016-11-02,GARAN.IS,5.9694719314575195
2016-11-03,GARAN.IS,5.903470039367676
2016-11-04,GARAN.IS,5.617462635040283
2016-11-07,GARAN.IS,5.698131561279297
2016-11-08,GARAN.IS,5.698131561279297
2016-11-09,GARAN.IS,5.690798759460449
2016-11-10,GARAN.IS,5.690798759460449
2016-11-11,GARAN.IS,5.595462799072266
2016-11-14,GARAN.IS,5.566129207611084
2016-11-15,GARAN.IS,5.639463901519775
2016-11-16,GARAN.IS,5.580795764923096
2016-11-17,GARAN.IS,5.6027960777282715
2016-11-18,GARAN.IS,5.646797180175781
2016-11-21,GARAN.IS,5.588129043579102
2016-11-22,GARAN.IS,5.588129043579102
2016-11-23,GARAN.IS,5.4781270027160645
2016-11-24,GARAN.IS,5.368124961853027
2016-11-25,GARAN.IS,5.375458240509033
2016-11-28,GARAN.IS,5.441459655761719
2016-11-29,GARAN.IS,5.382791042327881
2016-11-30,GARAN.IS,5.346123218536377
2016-12-01,GARAN.IS,5.280121803283691
2016-12-02,GARAN.IS,5.382791042327881
2016-12-05,GARAN.IS,5.368124961853027
2016-12-06,GARAN.IS,5.522127628326416
2016-12-07,GARAN.IS,5.54412841796875
2016-12-08,GARAN.IS,5.507461071014404
2016-12-09,GARAN.IS,5.48546028137207
2016-12-12,GARAN.IS,5.48546028137207
2016-12-13,GARAN.IS,5.6027960777282715
2016-12-14,GARAN.IS,5.573462009429932
2016-12-15,GARAN.IS,5.668797969818115
2016-12-16,GARAN.IS,5.661464214324951
2016-12-19,GARAN.IS,5.595462799072266
2016-12-20,GARAN.IS,5.661464214324951
2016-12-21,GARAN.IS,5.690798759460449
2016-12-22,GARAN.IS,5.676130771636963
2016-12-23,GARAN.IS,5.580795764923096
2016-12-26,GARAN.IS,5.580795764923096
2016-12-27,GARAN.IS,5.536794662475586
2016-12-28,GARAN.IS,5.6027960777282715
2016-12-29,GARAN.IS,5.588129043579102
2016-12-30,GARAN.IS,5.588129043579102
2017-01-02,GARAN.IS,5.573462009429932
2017-01-03,GARAN.IS,5.507461071014404
2017-01-04,GARAN.IS,5.448792457580566
2017-01-05,GARAN.IS,5.426792621612549
2017-01-06,GARAN.IS,5.463459491729736
2017-01-09,GARAN.IS,5.51479434967041
2017-01-10,GARAN.IS,5.434126377105713
2017-01-11,GARAN.IS,5.4707932472229
2017-01-12,GARAN.IS,5.793467998504639
2017-01-13,GARAN.IS,5.786134243011475
2017-01-16,GARAN.IS,5.712798595428467
2017-01-17,GARAN.IS,5.800800323486328
2017-01-18,GARAN.IS,5.786134243011475
2017-01-19,GARAN.IS,5.720132827758789
2017-01-20,GARAN.IS,5.793467998504639
2017-01-23,GARAN.IS,5.727466106414795
2017-01-24,GARAN.IS,5.749466896057129
2017-01-25,GARAN.IS,5.661464214324951
2017-01-26,GARAN.IS,5.764133453369141
2017-01-27,GARAN.IS,5.793467998504639
2017-01-30,GARAN.IS,6.042806148529053
2017-01-31,GARAN.IS,6.101473808288574
2017-02-01,GARAN.IS,6.1381425857543945
2017-02-02,GARAN.IS,6.270144939422607
2017-02-03,GARAN.IS,6.47548246383667
2017-02-06,GARAN.IS,6.314146518707275
2017-02-07,GARAN.IS,6.321479320526123
2017-02-08,GARAN.IS,6.409481525421143
2017-02-09,GARAN.IS,6.497483253479004
2017-02-10,GARAN.IS,6.328812599182129
2017-02-13,GARAN.IS,6.468148708343506
2017-02-14,GARAN.IS,6.453482627868652
2017-02-15,GARAN.IS,6.431481838226318
2017-02-16,GARAN.IS,6.5268168449401855
2017-02-17,GARAN.IS,6.622152805328369
2017-02-20,GARAN.IS,6.5488176345825195
2017-02-21,GARAN.IS,6.6148200035095215
2017-02-22,GARAN.IS,6.44614839553833
2017-02-23,GARAN.IS,6.468148708343506
2017-02-24,GARAN.IS,6.372813701629639
2017-02-27,GARAN.IS,6.336146354675293
2017-02-28,GARAN.IS,6.321479320526123
2017-03-01,GARAN.IS,6.534151077270508
2017-03-02,GARAN.IS,6.5708184242248535
2017-03-03,GARAN.IS,6.5194830894470215
2017-03-06,GARAN.IS,6.629486560821533
2017-03-07,GARAN.IS,6.629486560821533
2017-03-08,GARAN.IS,6.4901509284973145
2017-03-09,GARAN.IS,6.4241485595703125
2017-03-10,GARAN.IS,6.563485622406006
2017-03-13,GARAN.IS,6.534151077270508
2017-03-14,GARAN.IS,6.468148708343506
2017-03-15,GARAN.IS,6.504817008972168
2017-03-16,GARAN.IS,6.563485622406006
2017-03-17,GARAN.IS,6.5488176345825195
2017-03-20,GARAN.IS,6.651487350463867
2017-03-21,GARAN.IS,6.5488176345825195
2017-03-22,GARAN.IS,6.48281717300415
2017-03-23,GARAN.IS,6.402148246765137
2017-03-24,GARAN.IS,6.5488176345825195
2017-03-27,GARAN.IS,6.497483253479004
2017-03-28,GARAN.IS,6.541484355926514
2017-03-29,GARAN.IS,6.534151077270508
2017-03-30,GARAN.IS,6.556151390075684
2017-03-31,GARAN.IS,6.497483253479004
2017-04-03,GARAN.IS,6.4901509284973145
2017-04-04,GARAN.IS,6.592820167541504
2017-04-05,GARAN.IS,6.622152805328369
2017-04-06,GARAN.IS,6.585485935211182
2017-04-07,GARAN.IS,6.644153594970703
2017-04-10,GARAN.IS,7.06216287612915
2017-04-11,GARAN.IS,6.966828346252441
2017-04-12,GARAN.IS,7.003495693206787
2017-04-13,GARAN.IS,6.908160209655762
2017-04-14,GARAN.IS,7.113498210906982
2017-04-17,GARAN.IS,7.098830223083496
2017-04-18,GARAN.IS,7.135498046875
2017-04-19,GARAN.IS,6.9814958572387695
2017-04-20,GARAN.IS,7.018161773681641
2017-04-21,GARAN.IS,7.040162563323975
2017-04-24,GARAN.IS,7.219997406005859
2017-04-25,GARAN.IS,7.3108134269714355
2017-04-26,GARAN.IS,7.3108134269714355
2017-04-27,GARAN.IS,7.167020797729492
2017-04-28,GARAN.IS,7.257838249206543
2017-05-01,GARAN.IS,7.257838249206543
2017-05-02,GARAN.IS,7.272973537445068
2017-05-03,GARAN.IS,7.167020797729492
2017-05-04,GARAN.IS,7.091339588165283
2017-05-05,GARAN.IS,7.151883602142334
2017-05-08,GARAN.IS,7.083770751953125
2017-05-09,GARAN.IS,7.235134124755859
2017-05-10,GARAN.IS,7.250269889831543
2017-05-11,GARAN.IS,7.076202392578125
2017-05-12,GARAN.IS,7.038361549377441
2017-05-15,GARAN.IS,7.076202392578125
2017-05-16,GARAN.IS,7.129179954528809
2017-05-17,GARAN.IS,7.182156085968018
2017-05-18,GARAN.IS,7.151883602142334
2017-05-19,GARAN.IS,7.151883602142334
2017-05-22,GARAN.IS,7.219997406005859
2017-05-23,GARAN.IS,7.333518981933594
2017-05-24,GARAN.IS,7.3940629959106445
2017-05-25,GARAN.IS,7.348654270172119
2017-05-26,GARAN.IS,7.280541896820068
2017-05-29,GARAN.IS,7.295678615570068
2017-05-30,GARAN.IS,7.212428569793701
2017-05-31,GARAN.IS,7.265405654907227
2017-06-01,GARAN.IS,7.189724445343018
2017-06-02,GARAN.IS,7.295678615570068
2017-06-05,GARAN.IS,7.219997406005859
2017-06-06,GARAN.IS,7.272973537445068
2017-06-07,GARAN.IS,7.250269889831543
2017-06-08,GARAN.IS,7.204860687255859
2017-06-09,GARAN.IS,7.265405654907227
2017-06-12,GARAN.IS,7.348654270172119
2017-06-13,GARAN.IS,7.280541896820068
2017-06-14,GARAN.IS,7.341087341308594
2017-06-15,GARAN.IS,7.288110733032227
2017-06-16,GARAN.IS,7.235134124755859
2017-06-19,GARAN.IS,7.378927707672119
2017-06-20,GARAN.IS,7.378927707672119
2017-06-21,GARAN.IS,7.378927707672119
2017-06-22,GARAN.IS,7.416769504547119
2017-06-23,GARAN.IS,7.348654270172119
2017-06-26,GARAN.IS,7.348654270172119
2017-06-27,GARAN.IS,7.348654270172119
2017-06-28,GARAN.IS,7.515153884887695
2017-06-29,GARAN.IS,7.4697442054748535
2017-06-30,GARAN.IS,7.4091997146606445
2017-07-03,GARAN.IS,7.4697442054748535
2017-07-04,GARAN.IS,7.598402976989746
2017-07-05,GARAN.IS,7.5000176429748535
2017-07-06,GARAN.IS,7.454609394073486
2017-07-07,GARAN.IS,7.46217679977417
2017-07-10,GARAN.IS,7.522722244262695
2017-07-11,GARAN.IS,7.878424644470215
2017-07-12,GARAN.IS,7.833015441894531
2017-07-13,GARAN.IS,7.757334232330322
2017-07-14,GARAN.IS,7.885992527008057
2017-07-17,GARAN.IS,7.901127815246582
2017-07-18,GARAN.IS,7.833015441894531
2017-07-19,GARAN.IS,7.991945266723633
2017-07-20,GARAN.IS,7.908696174621582
2017-07-21,GARAN.IS,7.916264533996582
2017-07-24,GARAN.IS,7.901127815246582
2017-07-25,GARAN.IS,7.916264533996582
2017-07-26,GARAN.IS,7.908696174621582
2017-07-27,GARAN.IS,8.082763671875
2017-07-28,GARAN.IS,8.00708293914795
2017-07-31,GARAN.IS,7.976809978485107
2017-08-01,GARAN.IS,7.961674213409424
2017-08-02,GARAN.IS,7.984377861022949
2017-08-03,GARAN.IS,7.93140172958374
2017-08-04,GARAN.IS,8.044923782348633
2017-08-07,GARAN.IS,8.188716888427734
2017-08-08,GARAN.IS,8.279535293579102
2017-08-09,GARAN.IS,8.166013717651367
2017-08-10,GARAN.IS,8.029786109924316
2017-08-11,GARAN.IS,7.93140172958374
2017-08-14,GARAN.IS,8.173580169677734
2017-08-15,GARAN.IS,8.00708293914795
2017-08-16,GARAN.IS,7.984377861022949
2017-08-17,GARAN.IS,8.037355422973633
2017-08-18,GARAN.IS,7.984377861022949
2017-08-21,GARAN.IS,8.173580169677734
2017-08-22,GARAN.IS,8.113036155700684
2017-08-23,GARAN.IS,8.060059547424316
2017-08-24,GARAN.IS,8.128173828125
2017-08-25,GARAN.IS,8.287104606628418
2017-08-28,GARAN.IS,8.279535293579102
2017-08-29,GARAN.IS,8.166013717651367
2017-08-30,GARAN.IS,8.166013717651367
2017-08-31,GARAN.IS,8.128173828125
2017-09-01,GARAN.IS,8.128173828125
2017-09-04,GARAN.IS,8.128173828125
2017-09-05,GARAN.IS,7.976809978485107
2017-09-06,GARAN.IS,8.014650344848633
2017-09-07,GARAN.IS,8.0751953125
2017-09-08,GARAN.IS,7.901127815246582
2017-09-11,GARAN.IS,7.923832416534424
2017-09-12,GARAN.IS,7.916264533996582
2017-09-13,GARAN.IS,7.893561840057373
2017-09-14,GARAN.IS,7.984377861022949
2017-09-15,GARAN.IS,7.991945266723633
2017-09-18,GARAN.IS,7.999515056610107
2017-09-19,GARAN.IS,7.817878246307373
2017-09-20,GARAN.IS,7.901127815246582
2017-09-21,GARAN.IS,7.674084186553955
2017-09-22,GARAN.IS,7.742196559906006
2017-09-25,GARAN.IS,7.560563087463379
2017-09-26,GARAN.IS,7.727061748504639
2017-09-27,GARAN.IS,7.272973537445068
2017-09-28,GARAN.IS,7.4394731521606445
2017-09-29,GARAN.IS,7.325951099395752
2017-10-02,GARAN.IS,7.3940629959106445
2017-10-03,GARAN.IS,7.371359825134277
2017-10-04,GARAN.IS,7.560563087463379
2017-10-05,GARAN.IS,7.4924492835998535
2017-10-06,GARAN.IS,7.47731351852417
2017-10-09,GARAN.IS,7.265405654907227
2017-10-10,GARAN.IS,7.424336910247803
2017-10-11,GARAN.IS,7.4924492835998535
2017-10-12,GARAN.IS,7.5832672119140625
2017-10-13,GARAN.IS,7.681652545928955
2017-10-16,GARAN.IS,7.742196559906006
2017-10-17,GARAN.IS,7.772471904754639
2017-10-18,GARAN.IS,7.719493389129639
2017-10-19,GARAN.IS,7.885992527008057
2017-10-20,GARAN.IS,7.855720043182373
2017-10-23,GARAN.IS,7.552994251251221
2017-10-24,GARAN.IS,7.4924492835998535
2017-10-25,GARAN.IS,7.6513800621032715
2017-10-26,GARAN.IS,7.447041034698486
2017-10-27,GARAN.IS,7.643813133239746
2017-10-30,GARAN.IS,7.6513800621032715
2017-10-31,GARAN.IS,7.893561840057373
2017-11-01,GARAN.IS,8.203855514526367
2017-11-02,GARAN.IS,8.21142292022705
2017-11-03,GARAN.IS,8.00708293914795
2017-11-06,GARAN.IS,8.19628620147705
2017-11-07,GARAN.IS,7.923832416534424
2017-11-08,GARAN.IS,7.855720043182373
2017-11-09,GARAN.IS,7.681652545928955
2017-11-10,GARAN.IS,7.628676414489746
2017-11-13,GARAN.IS,7.734630107879639
2017-11-14,GARAN.IS,7.991945266723633
2017-11-15,GARAN.IS,7.810311317443848
2017-11-16,GARAN.IS,7.734630107879639
2017-11-17,GARAN.IS,7.545426368713379
2017-11-20,GARAN.IS,7.3108134269714355
2017-11-21,GARAN.IS,7.3108134269714355
2017-11-22,GARAN.IS,7.454609394073486
2017-11-23,GARAN.IS,7.242700576782227
2017-11-24,GARAN.IS,7.174588203430176
2017-11-27,GARAN.IS,7.219997406005859
2017-11-28,GARAN.IS,6.970248699188232
2017-11-29,GARAN.IS,7.061065673828125
2017-11-30,GARAN.IS,7.272973537445068
2017-12-01,GARAN.IS,7.174588203430176
2017-12-04,GARAN.IS,7.341087341308594
2017-12-05,GARAN.IS,7.515153884887695
2017-12-06,GARAN.IS,7.3940629959106445
2017-12-07,GARAN.IS,7.447041034698486
2017-12-08,GARAN.IS,7.6059722900390625
2017-12-11,GARAN.IS,7.643813133239746
2017-12-12,GARAN.IS,7.613541126251221
2017-12-13,GARAN.IS,7.4924492835998535
2017-12-14,GARAN.IS,7.6967902183532715
2017-12-15,GARAN.IS,7.590835094451904
2017-12-18,GARAN.IS,7.711925983428955
2017-12-19,GARAN.IS,7.62110710144043
2017-12-20,GARAN.IS,7.590835094451904
2017-12-21,GARAN.IS,7.6589484214782715
2017-12-22,GARAN.IS,7.6513800621032715
2017-12-25,GARAN.IS,7.6967902183532715
2017-12-26,GARAN.IS,7.749766826629639
2017-12-27,GARAN.IS,7.810311317443848
2017-12-28,GARAN.IS,8.0751953125
2017-12-29,GARAN.IS,8.113036155700684
2018-01-01,GARAN.IS,8.113036155700684
2018-01-02,GARAN.IS,8.264398574829102
2018-01-03,GARAN.IS,8.113036155700684
2018-01-04,GARAN.IS,7.961674213409424
2018-01-05,GARAN.IS,8.067626953125
2018-01-08,GARAN.IS,8.00708293914795
2018-01-09,GARAN.IS,7.93140172958374
2018-01-10,GARAN.IS,7.855720043182373
2018-01-11,GARAN.IS,7.954106330871582
2018-01-12,GARAN.IS,8.014650344848633
2018-01-15,GARAN.IS,7.885992527008057
2018-01-16,GARAN.IS,8.19628620147705
2018-01-17,GARAN.IS,8.567123413085938
2018-01-18,GARAN.IS,8.45360279083252
2018-01-19,GARAN.IS,8.332511901855469
2018-01-22,GARAN.IS,8.55198860168457
2018-01-23,GARAN.IS,8.574691772460938
2018-01-24,GARAN.IS,8.97580337524414
2018-01-25,GARAN.IS,8.84714412689209
2018-01-26,GARAN.IS,9.354209899902344
2018-01-29,GARAN.IS,9.301233291625977
2018-01-30,GARAN.IS,9.081756591796875
2018-01-31,GARAN.IS,9.301233291625977
2018-02-01,GARAN.IS,9.24825668334961
2018-02-02,GARAN.IS,9.096894264221191
2018-02-05,GARAN.IS,9.006074905395508
2018-02-06,GARAN.IS,8.907691955566406
2018-02-07,GARAN.IS,8.892553329467773
2018-02-08,GARAN.IS,8.854713439941406
2018-02-09,GARAN.IS,8.771462440490723
2018-02-12,GARAN.IS,9.01364517211914
2018-02-13,GARAN.IS,9.006074905395508
2018-02-14,GARAN.IS,8.733622550964355
2018-02-15,GARAN.IS,9.081756591796875
2018-02-16,GARAN.IS,9.021211624145508
2018-02-19,GARAN.IS,8.839577674865723
2018-02-20,GARAN.IS,8.589829444885254
2018-02-21,GARAN.IS,8.922826766967773
2018-02-22,GARAN.IS,8.96823501586914
2018-02-23,GARAN.IS,8.95309829711914
2018-02-26,GARAN.IS,9.01364517211914
2018-02-27,GARAN.IS,8.99094009399414
2018-02-28,GARAN.IS,8.884984970092773
2018-03-01,GARAN.IS,8.756327629089355
2018-03-02,GARAN.IS,8.635237693786621
2018-03-05,GARAN.IS,8.673077583312988
2018-03-06,GARAN.IS,8.763895988464355
2018-03-07,GARAN.IS,8.733622550964355
2018-03-08,GARAN.IS,8.726055145263672
2018-03-09,GARAN.IS,8.695780754089355
2018-03-12,GARAN.IS,8.922826766967773
2018-03-13,GARAN.IS,8.786600112915039
2018-03-14,GARAN.IS,8.642806053161621
2018-03-15,GARAN.IS,8.491443634033203
2018-03-16,GARAN.IS,8.430898666381836
2018-03-19,GARAN.IS,8.241695404052734
2018-03-20,GARAN.IS,8.302239418029785
2018-03-21,GARAN.IS,8.438465118408203
2018-03-22,GARAN.IS,8.309806823730469
2018-03-23,GARAN.IS,8.15844440460205
2018-03-26,GARAN.IS,8.18114948272705
2018-03-27,GARAN.IS,8.241695404052734
2018-03-28,GARAN.IS,8.097899436950684
2018-03-29,GARAN.IS,8.256830215454102
2018-03-30,GARAN.IS,8.309806823730469
2018-04-02,GARAN.IS,8.173580169677734
2018-04-03,GARAN.IS,8.18114948272705
2018-04-04,GARAN.IS,8.135740280151367
2018-04-05,GARAN.IS,8.18114948272705
2018-04-06,GARAN.IS,8.135740280151367
2018-04-09,GARAN.IS,7.923832416534424
2018-04-10,GARAN.IS,7.719493389129639
2018-04-11,GARAN.IS,7.522722244262695
2018-04-12,GARAN.IS,7.4924492835998535
2018-04-13,GARAN.IS,7.4394731521606445
2018-04-16,GARAN.IS,7.530289649963379
2018-04-17,GARAN.IS,7.219997406005859
2018-04-18,GARAN.IS,7.6892218589782715
2018-04-19,GARAN.IS,7.704357624053955
2018-04-20,GARAN.IS,7.598402976989746
2018-04-23,GARAN.IS,7.598402976989746
2018-04-24,GARAN.IS,7.658940315246582
2018-04-25,GARAN.IS,7.31942081451416
2018-04-26,GARAN.IS,7.256252765655518
2018-04-27,GARAN.IS,7.5326080322265625
2018-04-30,GARAN.IS,7.272046089172363
2018-05-01,GARAN.IS,7.272046089172363
2018-05-02,GARAN.IS,7.287837505340576
2018-05-03,GARAN.IS,7.043066501617432
2018-05-04,GARAN.IS,7.177296161651611
2018-05-07,GARAN.IS,7.066754341125488
2018-05-08,GARAN.IS,7.050962448120117
2018-05-09,GARAN.IS,7.20098352432251
2018-05-10,GARAN.IS,7.461544990539551
2018-05-11,GARAN.IS,7.216774940490723
2018-05-14,GARAN.IS,7.2957329750061035
2018-05-15,GARAN.IS,7.098337173461914
2018-05-16,GARAN.IS,7.114129543304443
2018-05-17,GARAN.IS,7.003588676452637
2018-05-18,GARAN.IS,7.058858394622803
2018-05-21,GARAN.IS,7.050962448120117
2018-05-22,GARAN.IS,7.303628444671631
2018-05-23,GARAN.IS,7.19308614730835
2018-05-24,GARAN.IS,7.122025489807129
2018-05-25,GARAN.IS,7.327316761016846
2018-05-28,GARAN.IS,7.516816139221191
2018-05-29,GARAN.IS,7.374691486358643
2018-05-30,GARAN.IS,7.4773383140563965
2018-05-31,GARAN.IS,7.066754341125488
2018-06-01,GARAN.IS,6.727234840393066
2018-06-04,GARAN.IS,6.7351298332214355
2018-06-05,GARAN.IS,6.632484436035156
2018-06-06,GARAN.IS,6.70354700088501
2018-06-07,GARAN.IS,6.853568077087402
2018-06-08,GARAN.IS,6.648275852203369
2018-06-11,GARAN.IS,6.671963691711426
2018-06-12,GARAN.IS,6.608797550201416
2018-06-13,GARAN.IS,6.498255252838135
2018-06-14,GARAN.IS,6.561422348022461
2018-06-15,GARAN.IS,6.561422348022461
2018-06-18,GARAN.IS,6.490360736846924
2018-06-19,GARAN.IS,6.600901126861572
2018-06-20,GARAN.IS,6.593006134033203
2018-06-21,GARAN.IS,6.624588966369629
2018-06-22,GARAN.IS,6.7351298332214355
2018-06-25,GARAN.IS,6.395610809326172
2018-06-26,GARAN.IS,6.427193641662598
2018-06-27,GARAN.IS,6.624588966369629
2018-06-28,GARAN.IS,6.616692543029785
2018-06-29,GARAN.IS,6.616692543029785
2018-07-02,GARAN.IS,6.656173229217529
2018-07-03,GARAN.IS,6.593006134033203
2018-07-04,GARAN.IS,6.687755584716797
2018-07-05,GARAN.IS,6.766713619232178
2018-07-06,GARAN.IS,6.782504558563232
2018-07-09,GARAN.IS,6.774609088897705
2018-07-10,GARAN.IS,6.229797840118408
2018-07-11,GARAN.IS,5.503383159637451
2018-07-12,GARAN.IS,5.503383159637451
2018-07-13,GARAN.IS,5.471799373626709
2018-07-16,GARAN.IS,5.290195941925049
2018-07-17,GARAN.IS,5.290195941925049
2018-07-18,GARAN.IS,5.353363037109375
2018-07-19,GARAN.IS,5.321779251098633
2018-07-20,GARAN.IS,5.440216541290283
2018-07-23,GARAN.IS,5.629716396331787
2018-07-24,GARAN.IS,5.274404525756836
2018-07-25,GARAN.IS,5.5428619384765625
2018-07-26,GARAN.IS,5.440216541290283
2018-07-27,GARAN.IS,5.558653831481934
2018-07-30,GARAN.IS,5.558653831481934
2018-07-31,GARAN.IS,5.598133563995361
2018-08-01,GARAN.IS,5.613924503326416
2018-08-02,GARAN.IS,5.369154453277588
2018-08-03,GARAN.IS,5.511279582977295
2018-08-06,GARAN.IS,5.392841815948486
2018-08-07,GARAN.IS,5.534966468811035
2018-08-08,GARAN.IS,5.6060285568237305
2018-08-09,GARAN.IS,5.534966468811035
2018-08-10,GARAN.IS,5.187551498413086
2018-08-13,GARAN.IS,4.619051456451416
2018-08-14,GARAN.IS,4.848030090332031
2018-08-15,GARAN.IS,4.619051456451416
2018-08-16,GARAN.IS,4.56378173828125
2018-08-17,GARAN.IS,4.611156463623047
2018-08-20,GARAN.IS,4.761176586151123
2018-08-21,GARAN.IS,4.761176586151123
2018-08-22,GARAN.IS,4.761176586151123
2018-08-23,GARAN.IS,4.761176586151123
2018-08-24,GARAN.IS,4.761176586151123
2018-08-27,GARAN.IS,4.74538516998291
2018-08-28,GARAN.IS,4.919093132019043
2018-08-29,GARAN.IS,4.879613876342773
2018-08-30,GARAN.IS,4.879613876342773
2018-08-31,GARAN.IS,4.737489223480225
2018-09-03,GARAN.IS,4.800654888153076
2018-09-04,GARAN.IS,4.8164472579956055
2018-09-05,GARAN.IS,4.729593276977539
2018-09-06,GARAN.IS,4.753281116485596
2018-09-07,GARAN.IS,4.871718406677246
2018-09-10,GARAN.IS,4.666426658630371
2018-09-11,GARAN.IS,4.603260517120361
2018-09-12,GARAN.IS,4.516406536102295
2018-09-13,GARAN.IS,4.840134620666504
2018-09-14,GARAN.IS,5.021738529205322
2018-09-17,GARAN.IS,4.840134620666504
2018-09-18,GARAN.IS,4.887509346008301
2018-09-19,GARAN.IS,5.242821216583252
2018-09-20,GARAN.IS,5.0770087242126465
2018-09-21,GARAN.IS,5.195446968078613
2018-09-24,GARAN.IS,5.629716396331787
2018-09-25,GARAN.IS,5.590237140655518
2018-09-26,GARAN.IS,5.700778007507324
2018-09-27,GARAN.IS,5.96134090423584
2018-09-28,GARAN.IS,6.1034650802612305
2018-10-01,GARAN.IS,5.8113203048706055
2018-10-02,GARAN.IS,5.763945579528809
2018-10-03,GARAN.IS,5.5744452476501465
2018-10-04,GARAN.IS,5.195446968078613
2018-10-05,GARAN.IS,5.329675674438477
2018-10-08,GARAN.IS,5.692882537841797
2018-10-09,GARAN.IS,5.70867395401001
2018-10-10,GARAN.IS,5.5744452476501465
2018-10-11,GARAN.IS,5.629716396331787
2018-10-12,GARAN.IS,5.700778007507324
2018-10-15,GARAN.IS,6.079777717590332
2018-10-16,GARAN.IS,5.992923259735107
2018-10-17,GARAN.IS,6.20611047744751
2018-10-18,GARAN.IS,6.0402984619140625
2018-10-19,GARAN.IS,5.866590976715088
2018-10-22,GARAN.IS,5.7797369956970215
2018-10-23,GARAN.IS,5.669195175170898
2018-10-24,GARAN.IS,5.637612342834473
2018-10-25,GARAN.IS,5.700778007507324
2018-10-26,GARAN.IS,5.4560089111328125
2018-10-29,GARAN.IS,5.4560089111328125
2018-10-30,GARAN.IS,5.637612342834473
2018-10-31,GARAN.IS,5.479695796966553
2018-11-01,GARAN.IS,5.921861171722412
2018-11-02,GARAN.IS,6.071882247924805
2018-11-05,GARAN.IS,6.364027500152588
2018-11-06,GARAN.IS,6.277173042297363
2018-11-07,GARAN.IS,6.364027500152588
2018-11-08,GARAN.IS,6.253485679626465
2018-11-09,GARAN.IS,6.174527645111084
2018-11-12,GARAN.IS,6.048194408416748
2018-11-13,GARAN.IS,6.20611047744751
2018-11-14,GARAN.IS,6.292963981628418
2018-11-15,GARAN.IS,6.1824235916137695
2018-11-16,GARAN.IS,6.269277572631836
2018-11-19,GARAN.IS,6.403506278991699
2018-11-20,GARAN.IS,6.253485679626465
2018-11-21,GARAN.IS,6.340339660644531
2018-11-22,GARAN.IS,6.285068988800049
2018-11-23,GARAN.IS,6.364027500152588
2018-11-26,GARAN.IS,6.379818439483643
2018-11-27,GARAN.IS,6.20611047744751
2018-11-28,GARAN.IS,6.277173042297363
2018-11-29,GARAN.IS,6.395610809326172
2018-11-30,GARAN.IS,6.521943092346191
2018-12-03,GARAN.IS,6.48246431350708
2018-12-04,GARAN.IS,6.348235607147217
2018-12-05,GARAN.IS,6.150839328765869
2018-12-06,GARAN.IS,6.1034650802612305
2018-12-07,GARAN.IS,6.292963981628418
2018-12-10,GARAN.IS,6.198214530944824
2018-12-11,GARAN.IS,6.150839328765869
2018-12-12,GARAN.IS,5.929757595062256
2018-12-13,GARAN.IS,6.0402984619140625
2018-12-14,GARAN.IS,6.1034650802612305
2018-12-17,GARAN.IS,6.079777717590332
2018-12-18,GARAN.IS,6.308755874633789
2018-12-19,GARAN.IS,6.561422348022461
2018-12-20,GARAN.IS,6.458776473999023
2018-12-21,GARAN.IS,6.411401748657227
2018-12-24,GARAN.IS,6.356131076812744
2018-12-25,GARAN.IS,6.292963981628418
2018-12-26,GARAN.IS,6.332443714141846
2018-12-27,GARAN.IS,6.371922492980957
2018-12-28,GARAN.IS,6.285068988800049
2018-12-31,GARAN.IS,6.277173042297363
2019-01-01,GARAN.IS,6.277173042297363
2019-01-02,GARAN.IS,6.095569133758545
2019-01-03,GARAN.IS,5.953444957733154
2019-01-04,GARAN.IS,6.32454776763916
2019-01-07,GARAN.IS,6.4429850578308105
2019-01-08,GARAN.IS,6.474567890167236
2019-01-09,GARAN.IS,6.32454776763916
2019-01-10,GARAN.IS,6.229797840118408
2019-01-11,GARAN.IS,6.229797840118408
2019-01-14,GARAN.IS,6.4429850578308105
2019-01-15,GARAN.IS,6.577213764190674
2019-01-16,GARAN.IS,7.058858394622803
2019-01-17,GARAN.IS,7.279941558837891
2019-01-18,GARAN.IS,7.208879470825195
2019-01-21,GARAN.IS,7.003588676452637
2019-01-22,GARAN.IS,7.137816905975342
2019-01-23,GARAN.IS,7.050962448120117
2019-01-24,GARAN.IS,7.16150426864624
2019-01-25,GARAN.IS,7.208879470825195
2019-01-28,GARAN.IS,7.01938009262085
2019-01-29,GARAN.IS,7.208879470825195
2019-01-30,GARAN.IS,7.232566833496094
2019-01-31,GARAN.IS,7.185191631317139
2019-02-01,GARAN.IS,7.1062331199646
2019-02-04,GARAN.IS,7.066754341125488
2019-02-05,GARAN.IS,7.137816905975342
2019-02-06,GARAN.IS,7.043066501617432
2019-02-07,GARAN.IS,6.995692253112793
2019-02-08,GARAN.IS,7.003588676452637
2019-02-11,GARAN.IS,7.248357772827148
2019-02-12,GARAN.IS,7.19308614730835
2019-02-13,GARAN.IS,7.050962448120117
2019-02-14,GARAN.IS,6.995692253112793
2019-02-15,GARAN.IS,7.003588676452637
2019-02-18,GARAN.IS,6.782504558563232
2019-02-19,GARAN.IS,6.869359016418457
2019-02-20,GARAN.IS,6.798296928405762
2019-02-21,GARAN.IS,6.853568077087402
2019-02-22,GARAN.IS,6.8456711769104
2019-02-25,GARAN.IS,6.964108943939209
2019-02-26,GARAN.IS,6.987796306610107
2019-02-27,GARAN.IS,6.869359016418457
2019-02-28,GARAN.IS,7.050962448120117
2019-03-01,GARAN.IS,6.932525157928467
2019-03-04,GARAN.IS,7.1299214363098145
2019-03-05,GARAN.IS,7.011484146118164
2019-03-06,GARAN.IS,6.964108943939209
2019-03-07,GARAN.IS,6.916734218597412
2019-03-08,GARAN.IS,6.82198429107666
2019-03-11,GARAN.IS,6.837775707244873
2019-03-12,GARAN.IS,6.987796306610107
2019-03-13,GARAN.IS,7.20098352432251
2019-03-14,GARAN.IS,7.169400215148926
2019-03-15,GARAN.IS,7.208879470825195
2019-03-18,GARAN.IS,7.4694414138793945
2019-03-19,GARAN.IS,7.516816139221191
2019-03-20,GARAN.IS,7.429961204528809
2019-03-21,GARAN.IS,7.611566543579102
2019-03-22,GARAN.IS,7.303628444671631
2019-03-25,GARAN.IS,6.82198429107666
2019-03-26,GARAN.IS,6.719338417053223
2019-03-27,GARAN.IS,6.111360549926758
2019-03-28,GARAN.IS,6.269277572631836
2019-03-29,GARAN.IS,6.529839515686035
2019-04-01,GARAN.IS,6.32454776763916
2019-04-02,GARAN.IS,6.4429850578308105
2019-04-03,GARAN.IS,6.450881481170654
2019-04-04,GARAN.IS,6.798296928405762
2019-04-05,GARAN.IS,7.137816905975342
2019-04-08,GARAN.IS,6.964108943939209
2019-04-09,GARAN.IS,6.948317527770996
2019-04-10,GARAN.IS,6.987796306610107
2019-04-11,GARAN.IS,6.987796306610107
2019-04-12,GARAN.IS,6.687755584716797
2019-04-15,GARAN.IS,6.671963691711426
2019-04-16,GARAN.IS,6.782504558563232
2019-04-17,GARAN.IS,6.869359016418457
2019-04-18,GARAN.IS,6.695650577545166
2019-04-19,GARAN.IS,6.66406774520874
2019-04-22,GARAN.IS,6.553526878356934
2019-04-23,GARAN.IS,6.553526878356934
2019-04-24,GARAN.IS,6.70354700088501
2019-04-25,GARAN.IS,6.419297695159912
2019-04-26,GARAN.IS,6.450881481170654
2019-04-29,GARAN.IS,6.285068988800049
2019-04-30,GARAN.IS,6.48246431350708
2019-05-01,GARAN.IS,6.48246431350708
2019-05-02,GARAN.IS,6.32454776763916
2019-05-03,GARAN.IS,6.427193641662598
2019-05-06,GARAN.IS,6.332443714141846
2019-05-07,GARAN.IS,6.135048866271973
2019-05-08,GARAN.IS,6.119256973266602
2019-05-09,GARAN.IS,6.000819206237793
2019-05-10,GARAN.IS,5.96134090423584
2019-05-13,GARAN.IS,5.70867395401001
2019-05-14,GARAN.IS,6.056089878082275
2019-05-15,GARAN.IS,6.024506568908691
2019-05-16,GARAN.IS,5.992923259735107
2019-05-17,GARAN.IS,6.0402984619140625
2019-05-20,GARAN.IS,5.913965702056885
2019-05-21,GARAN.IS,5.763945579528809
2019-05-22,GARAN.IS,5.598133563995361
2019-05-23,GARAN.IS,5.661300182342529
2019-05-24,GARAN.IS,5.937652587890625
2019-05-27,GARAN.IS,5.842903137207031
2019-05-28,GARAN.IS,5.985027313232422
2019-05-29,GARAN.IS,5.906069755554199
2019-05-30,GARAN.IS,6.229797840118408
2019-05-31,GARAN.IS,6.253485679626465
2019-06-03,GARAN.IS,6.245589733123779
2019-06-04,GARAN.IS,6.245589733123779
2019-06-05,GARAN.IS,6.245589733123779
2019-06-06,GARAN.IS,6.245589733123779
2019-06-07,GARAN.IS,6.608797550201416
2019-06-10,GARAN.IS,6.593006134033203
2019-06-11,GARAN.IS,6.514047145843506
2019-06-12,GARAN.IS,6.450881481170654
2019-06-13,GARAN.IS,6.261381149291992
2019-06-14,GARAN.IS,6.229797840118408
2019-06-17,GARAN.IS,6.458776473999023
2019-06-18,GARAN.IS,6.577213764190674
2019-06-19,GARAN.IS,6.727234840393066
2019-06-20,GARAN.IS,6.82198429107666
2019-06-21,GARAN.IS,6.727234840393066
2019-06-24,GARAN.IS,7.058858394622803
2019-06-25,GARAN.IS,7.098337173461914
2019-06-26,GARAN.IS,7.035171031951904
2019-06-27,GARAN.IS,7.050962448120117
2019-06-28,GARAN.IS,7.185191631317139
2019-07-01,GARAN.IS,7.722106456756592
2019-07-02,GARAN.IS,7.753690242767334
2019-07-03,GARAN.IS,7.737900257110596
2019-07-04,GARAN.IS,7.824752330780029
2019-07-05,GARAN.IS,7.982668399810791
2019-07-08,GARAN.IS,7.848440170288086
2019-07-09,GARAN.IS,7.540503025054932
2019-07-10,GARAN.IS,7.745795249938965
2019-07-11,GARAN.IS,7.611566543579102
2019-07-12,GARAN.IS,7.31942081451416
2019-07-15,GARAN.IS,7.31942081451416
2019-07-16,GARAN.IS,7.19308614730835
2019-07-17,GARAN.IS,7.508920192718506
2019-07-18,GARAN.IS,7.6747331619262695
2019-07-19,GARAN.IS,7.587878227233887
2019-07-22,GARAN.IS,7.5326080322265625
2019-07-23,GARAN.IS,7.769482612609863
2019-07-24,GARAN.IS,7.801064968109131
2019-07-25,GARAN.IS,7.643148899078369
2019-07-26,GARAN.IS,7.753690242767334
2019-07-29,GARAN.IS,7.769482612609863
2019-07-30,GARAN.IS,7.69842004776001
2019-07-31,GARAN.IS,7.769482612609863
2019-08-01,GARAN.IS,7.635253429412842
2019-08-02,GARAN.IS,7.5641913414001465
2019-08-05,GARAN.IS,7.572087287902832
2019-08-06,GARAN.IS,7.690524101257324
2019-08-07,GARAN.IS,7.761586666107178
2019-08-08,GARAN.IS,7.62735652923584
2019-08-09,GARAN.IS,7.714210510253906
2019-08-12,GARAN.IS,7.714210510253906
2019-08-13,GARAN.IS,7.714210510253906
2019-08-14,GARAN.IS,7.714210510253906
2019-08-15,GARAN.IS,7.351004123687744
2019-08-16,GARAN.IS,7.050962448120117
2019-08-19,GARAN.IS,6.908837795257568
2019-08-20,GARAN.IS,6.995692253112793
2019-08-21,GARAN.IS,6.964108943939209
2019-08-22,GARAN.IS,6.893045425415039
2019-08-23,GARAN.IS,7.153609275817871
2019-08-26,GARAN.IS,7.1062331199646
2019-08-27,GARAN.IS,7.027276039123535
2019-08-28,GARAN.IS,6.979899883270264
2019-08-29,GARAN.IS,7.035171031951904
2019-08-30,GARAN.IS,7.035171031951904
2019-09-02,GARAN.IS,7.287837505340576
2019-09-03,GARAN.IS,7.374691486358643
2019-09-04,GARAN.IS,7.445753574371338
2019-09-05,GARAN.IS,7.4378581047058105
2019-09-06,GARAN.IS,7.256252765655518
2019-09-09,GARAN.IS,7.4773383140563965
2019-09-10,GARAN.IS,7.4773383140563965
2019-09-11,GARAN.IS,7.572087287902832
2019-09-12,GARAN.IS,7.635253429412842
2019-09-13,GARAN.IS,7.619460582733154
2019-09-16,GARAN.IS,7.485232830047607
2019-09-17,GARAN.IS,7.461544990539551
2019-09-18,GARAN.IS,7.4773383140563965
2019-09-19,GARAN.IS,7.351004123687744
2019-09-20,GARAN.IS,7.3431077003479
2019-09-23,GARAN.IS,7.358899116516113
2019-09-24,GARAN.IS,7.635253429412842
2019-09-25,GARAN.IS,7.706315040588379
2019-09-26,GARAN.IS,7.587878227233887
2019-09-27,GARAN.IS,8.16427230834961
2019-09-30,GARAN.IS,8.069522857666016
2019-10-01,GARAN.IS,7.903711318969727
2019-10-02,GARAN.IS,7.832648277282715
2019-10-03,GARAN.IS,7.761586666107178
2019-10-04,GARAN.IS,7.880023002624512
2019-10-07,GARAN.IS,7.737900257110596
2019-10-08,GARAN.IS,7.603670597076416
2019-10-09,GARAN.IS,7.398379325866699
2019-10-10,GARAN.IS,7.335212230682373
2019-10-11,GARAN.IS,7.335212230682373
2019-10-14,GARAN.IS,6.608797550201416
2019-10-15,GARAN.IS,6.798296928405762
2019-10-16,GARAN.IS,6.711442947387695
2019-10-17,GARAN.IS,6.861464023590088
2019-10-18,GARAN.IS,7.311525344848633
2019-10-21,GARAN.IS,7.19308614730835
2019-10-22,GARAN.IS,7.351004123687744
2019-10-23,GARAN.IS,7.587878227233887
2019-10-24,GARAN.IS,7.666835308074951
2019-10-25,GARAN.IS,7.5326080322265625
2019-10-28,GARAN.IS,7.4773383140563965
2019-10-30,GARAN.IS,7.303628444671631
2019-10-31,GARAN.IS,7.264150142669678
2019-11-01,GARAN.IS,7.311525344848633
2019-11-04,GARAN.IS,7.4773383140563965
2019-11-05,GARAN.IS,7.453648567199707
2019-11-06,GARAN.IS,7.50102424621582
2019-11-07,GARAN.IS,7.682628154754639
2019-11-08,GARAN.IS,7.730002403259277
2019-11-11,GARAN.IS,7.722106456756592
2019-11-12,GARAN.IS,7.761586666107178
2019-11-13,GARAN.IS,7.840543746948242
2019-11-14,GARAN.IS,7.714210510253906
2019-11-15,GARAN.IS,7.848440170288086
2019-11-18,GARAN.IS,8.022148132324219
2019-11-19,GARAN.IS,8.085314750671387
2019-11-20,GARAN.IS,8.030044555664062
2019-11-21,GARAN.IS,8.045835494995117
2019-11-22,GARAN.IS,8.022148132324219
2019-11-25,GARAN.IS,7.848440170288086
2019-11-26,GARAN.IS,7.919502258300781
2019-11-27,GARAN.IS,7.903711318969727
2019-11-28,GARAN.IS,7.943191051483154
2019-11-29,GARAN.IS,7.935295104980469
2019-12-02,GARAN.IS,8.014252662658691
2019-12-03,GARAN.IS,7.848440170288086
2019-12-04,GARAN.IS,8.045835494995117
2019-12-05,GARAN.IS,8.16427230834961
2019-12-06,GARAN.IS,8.18006420135498
2019-12-09,GARAN.IS,8.148481369018555
2019-12-10,GARAN.IS,8.187959671020508
2019-12-11,GARAN.IS,8.16427230834961
2019-12-12,GARAN.IS,8.353772163391113
2019-12-13,GARAN.IS,8.653812408447266
2019-12-16,GARAN.IS,8.630125999450684
2019-12-17,GARAN.IS,8.598543167114258
2019-12-18,GARAN.IS,8.488000869750977
2019-12-19,GARAN.IS,8.503792762756348
2019-12-20,GARAN.IS,8.5432710647583
2019-12-23,GARAN.IS,8.582751274108887
2019-12-24,GARAN.IS,8.701188087463379
2019-12-25,GARAN.IS,8.685397148132324
2019-12-26,GARAN.IS,8.71697998046875
2019-12-27,GARAN.IS,8.732770919799805
2019-12-30,GARAN.IS,8.85120964050293
2019-12-31,GARAN.IS,8.780145645141602
2020-01-02,GARAN.IS,8.8906888961792
2020-01-03,GARAN.IS,8.645917892456055
2020-01-06,GARAN.IS,8.369564056396484
2020-01-07,GARAN.IS,8.36166763305664
2020-01-08,GARAN.IS,8.748562812805176
2020-01-09,GARAN.IS,9.427603721618652
2020-01-10,GARAN.IS,9.435498237609863
2020-01-13,GARAN.IS,9.632894515991211
2020-01-14,GARAN.IS,9.632894515991211
2020-01-15,GARAN.IS,9.585519790649414
2020-01-16,GARAN.IS,9.65658187866211
2020-01-17,GARAN.IS,9.609206199645996
2020-01-20,GARAN.IS,9.65658187866211
2020-01-21,GARAN.IS,9.85397720336914
2020-01-22,GARAN.IS,9.65658187866211
2020-01-23,GARAN.IS,9.5618314743042
2020-01-24,GARAN.IS,9.467082977294922
2020-01-27,GARAN.IS,9.293375968933105
2020-01-28,GARAN.IS,9.301270484924316
2020-01-29,GARAN.IS,9.348645210266113
2020-01-30,GARAN.IS,9.553936958312988
2020-01-31,GARAN.IS,9.45129108428955
2020-02-03,GARAN.IS,9.332853317260742
2020-02-04,GARAN.IS,9.696060180664062
2020-02-05,GARAN.IS,9.790810585021973
2020-02-06,GARAN.IS,9.696060180664062
2020-02-07,GARAN.IS,9.459186553955078
2020-02-10,GARAN.IS,9.253894805908203
2020-02-11,GARAN.IS,9.427603721618652
2020-02-12,GARAN.IS,9.269685745239258
2020-02-13,GARAN.IS,9.21441650390625
2020-02-14,GARAN.IS,9.095980644226074
2020-02-17,GARAN.IS,9.269685745239258
2020-02-18,GARAN.IS,9.143354415893555
2020-02-19,GARAN.IS,9.024916648864746
2020-02-20,GARAN.IS,8.748562812805176
2020-02-21,GARAN.IS,8.740666389465332
2020-02-24,GARAN.IS,8.472208976745605
2020-02-25,GARAN.IS,8.45641803741455
2020-02-26,GARAN.IS,8.409042358398438
2020-02-27,GARAN.IS,8.085314750671387
2020-02-28,GARAN.IS,7.5326080322265625
2020-03-02,GARAN.IS,7.5641913414001465
2020-03-03,GARAN.IS,7.895814895629883
2020-03-04,GARAN.IS,8.187959671020508
2020-03-05,GARAN.IS,8.16427230834961
2020-03-06,GARAN.IS,7.8879194259643555
2020-03-09,GARAN.IS,7.2957329750061035
2020-03-10,GARAN.IS,7.374691486358643
2020-03-11,GARAN.IS,7.374691486358643
2020-03-12,GARAN.IS,6.900942325592041
2020-03-13,GARAN.IS,7.1299214363098145
2020-03-16,GARAN.IS,6.466671466827393
2020-03-17,GARAN.IS,6.545631408691406
2020-03-18,GARAN.IS,6.379818439483643
2020-03-19,GARAN.IS,5.9771318435668945
2020-03-20,GARAN.IS,5.890277862548828
2020-03-23,GARAN.IS,5.463903903961182
2020-03-24,GARAN.IS,5.985027313232422
2020-03-25,GARAN.IS,5.921861171722412
2020-03-26,GARAN.IS,6.277173042297363
2020-03-27,GARAN.IS,6.214006423950195
2020-03-30,GARAN.IS,6.332443714141846
2020-03-31,GARAN.IS,6.450881481170654
2020-04-01,GARAN.IS,6.166631698608398
2020-04-02,GARAN.IS,5.969236373901367
2020-04-03,GARAN.IS,5.953444957733154
2020-04-06,GARAN.IS,6.119256973266602
2020-04-07,GARAN.IS,6.174527645111084
2020-04-08,GARAN.IS,6.214006423950195
2020-04-09,GARAN.IS,6.671963691711426
2020-04-10,GARAN.IS,6.814089298248291
2020-04-13,GARAN.IS,6.70354700088501
2020-04-14,GARAN.IS,6.782504558563232
2020-04-15,GARAN.IS,6.5061516761779785
2020-04-16,GARAN.IS,6.521943092346191
2020-04-17,GARAN.IS,6.624588966369629
2020-04-20,GARAN.IS,6.624588966369629
2020-04-21,GARAN.IS,6.458776473999023
2020-04-22,GARAN.IS,6.395610809326172
2020-04-24,GARAN.IS,6.419297695159912
2020-04-27,GARAN.IS,6.600901126861572
2020-04-28,GARAN.IS,6.577213764190674
2020-04-29,GARAN.IS,6.640379905700684
2020-04-30,GARAN.IS,6.577213764190674
2020-05-04,GARAN.IS,6.435088634490967
2020-05-05,GARAN.IS,6.435088634490967
2020-05-06,GARAN.IS,6.387714862823486
2020-05-07,GARAN.IS,6.340339660644531
2020-05-08,GARAN.IS,6.221902847290039
2020-05-11,GARAN.IS,6.127152442932129
2020-05-12,GARAN.IS,6.245589733123779
2020-05-13,GARAN.IS,6.229797840118408
2020-05-14,GARAN.IS,6.063985824584961
2020-05-15,GARAN.IS,6.079777717590332
2020-05-18,GARAN.IS,6.127152442932129
2020-05-20,GARAN.IS,6.095569133758545
2020-05-21,GARAN.IS,6.0087151527404785
2020-05-22,GARAN.IS,5.953444957733154
2020-05-27,GARAN.IS,6.0402984619140625
2020-05-28,GARAN.IS,6.150839328765869
2020-05-29,GARAN.IS,6.198214530944824
2020-06-01,GARAN.IS,6.316651821136475
2020-06-02,GARAN.IS,6.356131076812744
2020-06-03,GARAN.IS,6.474567890167236
2020-06-04,GARAN.IS,6.427193641662598
2020-06-05,GARAN.IS,6.545631408691406
2020-06-08,GARAN.IS,6.529839515686035
2020-06-09,GARAN.IS,6.450881481170654
2020-06-10,GARAN.IS,6.474567890167236
2020-06-11,GARAN.IS,6.427193641662598
2020-06-12,GARAN.IS,6.435088634490967
2020-06-15,GARAN.IS,6.356131076812744
2020-06-16,GARAN.IS,6.48246431350708
2020-06-17,GARAN.IS,6.419297695159912
2020-06-18,GARAN.IS,6.435088634490967
2020-06-19,GARAN.IS,6.585109233856201
2020-06-22,GARAN.IS,6.727234840393066
2020-06-23,GARAN.IS,6.679859638214111
2020-06-24,GARAN.IS,6.466671466827393
2020-06-25,GARAN.IS,6.48246431350708
2020-06-26,GARAN.IS,6.48246431350708
2020-06-29,GARAN.IS,6.719338417053223
2020-06-30,GARAN.IS,6.695650577545166
2020-07-01,GARAN.IS,6.545631408691406
2020-07-02,GARAN.IS,6.608797550201416
2020-07-03,GARAN.IS,6.490360736846924
2020-07-06,GARAN.IS,6.616692543029785
2020-07-07,GARAN.IS,6.577213764190674
2020-07-08,GARAN.IS,6.450881481170654
2020-07-09,GARAN.IS,6.261381149291992
2020-07-10,GARAN.IS,6.158735752105713
2020-07-13,GARAN.IS,6.292963981628418
2020-07-14,GARAN.IS,6.229797840118408
2020-07-16,GARAN.IS,6.300860404968262
2020-07-17,GARAN.IS,6.277173042297363
2020-07-20,GARAN.IS,6.245589733123779
2020-07-21,GARAN.IS,6.277173042297363
2020-07-22,GARAN.IS,6.277173042297363
2020-07-23,GARAN.IS,6.292963981628418
2020-07-24,GARAN.IS,6.237694263458252
2020-07-27,GARAN.IS,6.158735752105713
2020-07-28,GARAN.IS,5.850798606872559
2020-07-29,GARAN.IS,5.6060285568237305
2020-07-30,GARAN.IS,5.5428619384765625
2020-08-04,GARAN.IS,5.353363037109375
2020-08-05,GARAN.IS,5.361258506774902
2020-08-06,GARAN.IS,5.108592510223389
2020-08-07,GARAN.IS,5.179654598236084
2020-08-10,GARAN.IS,5.179654598236084
2020-08-11,GARAN.IS,5.5744452476501465
2020-08-12,GARAN.IS,5.590237140655518
2020-08-13,GARAN.IS,5.471799373626709
2020-08-14,GARAN.IS,5.337571144104004
2020-08-17,GARAN.IS,5.471799373626709
2020-08-18,GARAN.IS,5.621819972991943
2020-08-19,GARAN.IS,5.740257263183594
2020-08-20,GARAN.IS,5.653403282165527
2020-08-21,GARAN.IS,5.582341194152832
2020-08-24,GARAN.IS,5.503383159637451
2020-08-25,GARAN.IS,5.353363037109375
2020-08-26,GARAN.IS,5.432320594787598
2020-08-27,GARAN.IS,5.503383159637451
2020-08-28,GARAN.IS,5.4560089111328125
2020-08-31,GARAN.IS,5.361258506774902
2020-09-01,GARAN.IS,5.416529178619385
2020-09-02,GARAN.IS,5.400737762451172
2020-09-03,GARAN.IS,5.337571144104004
2020-09-04,GARAN.IS,5.369154453277588
2020-09-07,GARAN.IS,5.392841815948486
2020-09-08,GARAN.IS,5.353363037109375
2020-09-09,GARAN.IS,5.345466613769531
2020-09-10,GARAN.IS,5.392841815948486
2020-09-11,GARAN.IS,5.361258506774902
2020-09-14,GARAN.IS,5.345466613769531
2020-09-15,GARAN.IS,5.321779251098633
2020-09-16,GARAN.IS,5.305987358093262
2020-09-17,GARAN.IS,5.26650857925415
2020-09-18,GARAN.IS,5.2507171630859375
2020-09-21,GARAN.IS,5.116487503051758
2020-09-22,GARAN.IS,5.124383926391602
2020-09-23,GARAN.IS,5.187551498413086
2020-09-24,GARAN.IS,5.5744452476501465
2020-09-25,GARAN.IS,5.661300182342529
2020-09-28,GARAN.IS,5.527070045471191
2020-09-29,GARAN.IS,5.4560089111328125
2020-09-30,GARAN.IS,5.6060285568237305
2020-10-01,GARAN.IS,5.621819972991943
2020-10-02,GARAN.IS,5.621819972991943
2020-10-05,GARAN.IS,5.661300182342529
2020-10-06,GARAN.IS,5.613924503326416
2020-10-07,GARAN.IS,5.527070045471191
2020-10-08,GARAN.IS,5.503383159637451
2020-10-09,GARAN.IS,5.6060285568237305
2020-10-12,GARAN.IS,5.653403282165527
2020-10-13,GARAN.IS,5.590237140655518
2020-10-14,GARAN.IS,5.637612342834473
2020-10-15,GARAN.IS,5.527070045471191
2020-10-16,GARAN.IS,5.661300182342529
2020-10-19,GARAN.IS,5.913965702056885
2020-10-20,GARAN.IS,5.921861171722412
2020-10-21,GARAN.IS,5.945549011230469
2020-10-22,GARAN.IS,5.621819972991943
2020-10-23,GARAN.IS,5.5744452476501465
2020-10-26,GARAN.IS,5.361258506774902
2020-10-27,GARAN.IS,5.440216541290283
2020-10-28,GARAN.IS,5.353363037109375
2020-10-30,GARAN.IS,5.219133377075195
2020-11-02,GARAN.IS,5.227029323577881
2020-11-03,GARAN.IS,5.48759126663208
2020-11-04,GARAN.IS,5.471799373626709
2020-11-05,GARAN.IS,5.479695796966553
2020-11-06,GARAN.IS,5.503383159637451
2020-11-09,GARAN.IS,5.898173809051514
2020-11-10,GARAN.IS,6.127152442932129
2020-11-11,GARAN.IS,6.727234840393066
2020-11-12,GARAN.IS,6.82198429107666
2020-11-13,GARAN.IS,6.972004413604736
2020-11-16,GARAN.IS,7.066754341125488
2020-11-17,GARAN.IS,6.66406774520874
2020-11-18,GARAN.IS,7.003588676452637
2020-11-19,GARAN.IS,7.516816139221191
2020-11-20,GARAN.IS,7.4773383140563965
2020-11-23,GARAN.IS,7.122025489807129
2020-11-24,GARAN.IS,7.153609275817871
2020-11-25,GARAN.IS,7.169400215148926
2020-11-26,GARAN.IS,7.38258695602417
2020-11-27,GARAN.IS,7.248357772827148
2020-11-30,GARAN.IS,6.9246296882629395
2020-12-01,GARAN.IS,7.272046089172363
2020-12-02,GARAN.IS,7.279941558837891
2020-12-03,GARAN.IS,7.264150142669678
2020-12-04,GARAN.IS,7.20098352432251
2020-12-07,GARAN.IS,7.043066501617432
2020-12-08,GARAN.IS,7.066754341125488
2020-12-09,GARAN.IS,7.327316761016846
2020-12-10,GARAN.IS,7.50102424621582
2020-12-11,GARAN.IS,7.508920192718506
2020-12-14,GARAN.IS,7.651044845581055
2020-12-15,GARAN.IS,7.619460582733154
2020-12-16,GARAN.IS,7.682628154754639
2020-12-17,GARAN.IS,7.714210510253906
2020-12-18,GARAN.IS,7.769482612609863
2020-12-21,GARAN.IS,7.69842004776001
2020-12-22,GARAN.IS,7.943191051483154
2020-12-23,GARAN.IS,7.872127532958984
2020-12-24,GARAN.IS,7.856335639953613
2020-12-25,GARAN.IS,7.785273551940918
2020-12-28,GARAN.IS,7.801064968109131
2020-12-29,GARAN.IS,7.8879194259643555
2020-12-30,GARAN.IS,8.187959671020508
2020-12-31,GARAN.IS,8.266918182373047
2021-01-04,GARAN.IS,8.156375885009766
2021-01-05,GARAN.IS,7.96687650680542
2021-01-06,GARAN.IS,8.211647987365723
2021-01-07,GARAN.IS,8.306398391723633
2021-01-08,GARAN.IS,8.519584655761719
2021-01-11,GARAN.IS,8.243229866027832
2021-01-12,GARAN.IS,8.282710075378418
2021-01-13,GARAN.IS,8.290606498718262
2021-01-14,GARAN.IS,8.132689476013184
2021-01-15,GARAN.IS,7.919502258300781
2021-01-18,GARAN.IS,7.982668399810791
2021-01-19,GARAN.IS,8.014252662658691
2021-01-20,GARAN.IS,7.935295104980469
2021-01-21,GARAN.IS,7.935295104980469
2021-01-22,GARAN.IS,7.69842004776001
2021-01-25,GARAN.IS,7.540503025054932
2021-01-26,GARAN.IS,7.516816139221191
2021-01-27,GARAN.IS,7.19308614730835
2021-01-28,GARAN.IS,7.4141716957092285
2021-01-29,GARAN.IS,7.351004123687744
2021-02-01,GARAN.IS,7.485232830047607
2021-02-02,GARAN.IS,7.651044845581055
2021-02-03,GARAN.IS,7.97477388381958
2021-02-04,GARAN.IS,7.832648277282715
2021-02-05,GARAN.IS,7.706315040588379
2021-02-08,GARAN.IS,7.769482612609863
2021-02-09,GARAN.IS,8.053730964660645
2021-02-10,GARAN.IS,8.03794002532959
2021-02-11,GARAN.IS,7.848440170288086
2021-02-12,GARAN.IS,7.832648277282715
2021-02-15,GARAN.IS,7.935295104980469
2021-02-16,GARAN.IS,7.690524101257324
2021-02-17,GARAN.IS,7.540503025054932
2021-02-18,GARAN.IS,7.366794586181641
2021-02-19,GARAN.IS,7.453648567199707
2021-02-22,GARAN.IS,7.272046089172363
2021-02-23,GARAN.IS,7.248357772827148
2021-02-24,GARAN.IS,7.066754341125488
2021-02-25,GARAN.IS,7.169400215148926
2021-02-26,GARAN.IS,7.043066501617432
2021-03-01,GARAN.IS,7.31942081451416
2021-03-02,GARAN.IS,7.264150142669678
2021-03-03,GARAN.IS,7.256252765655518
2021-03-04,GARAN.IS,7.4220662117004395
2021-03-05,GARAN.IS,7.303628444671631
2021-03-08,GARAN.IS,7.1062331199646
2021-03-09,GARAN.IS,7.122025489807129
2021-03-10,GARAN.IS,7.240462779998779
2021-03-11,GARAN.IS,7.074650764465332
2021-03-12,GARAN.IS,7.043066501617432
2021-03-15,GARAN.IS,6.88515043258667
2021-03-16,GARAN.IS,6.995692253112793
2021-03-17,GARAN.IS,6.908837795257568
2021-03-18,GARAN.IS,7.137816905975342
2021-03-19,GARAN.IS,6.995692253112793
2021-03-22,GARAN.IS,6.300860404968262
2021-03-23,GARAN.IS,5.677090644836426
2021-03-24,GARAN.IS,5.684986591339111
2021-03-25,GARAN.IS,5.519174575805664
2021-03-26,GARAN.IS,5.432320594787598
2021-03-29,GARAN.IS,5.440216541290283
2021-03-30,GARAN.IS,5.353363037109375
2021-03-31,GARAN.IS,5.2823004722595215
2021-04-01,GARAN.IS,5.534966468811035
2021-04-02,GARAN.IS,5.550757884979248
2021-04-05,GARAN.IS,5.565699577331543
2021-04-06,GARAN.IS,5.476970672607422
2021-04-07,GARAN.IS,5.517301559448242
2021-04-08,GARAN.IS,5.452772617340088
2021-04-09,GARAN.IS,5.355976581573486
2021-04-12,GARAN.IS,5.339844703674316
2021-04-13,GARAN.IS,5.404374122619629
2021-04-14,GARAN.IS,5.638294696807861
2021-04-15,GARAN.IS,5.896414756774902
2021-04-16,GARAN.IS,5.872215747833252
2021-04-19,GARAN.IS,5.646361827850342
2021-04-20,GARAN.IS,5.718957424163818
2021-04-21,GARAN.IS,5.614096641540527
2021-04-22,GARAN.IS,5.70282506942749
2021-04-26,GARAN.IS,5.759288311004639
2021-04-27,GARAN.IS,5.7431559562683105
2021-04-28,GARAN.IS,5.7431559562683105
2021-04-29,GARAN.IS,5.831884860992432
2021-04-30,GARAN.IS,5.8157525062561035
2021-05-03,GARAN.IS,5.944811820983887
2021-05-04,GARAN.IS,5.864150047302246
2021-05-05,GARAN.IS,5.84801721572876
2021-05-06,GARAN.IS,5.960944652557373
2021-05-07,GARAN.IS,6.2271294593811035
2021-05-10,GARAN.IS,6.315858840942383
2021-05-11,GARAN.IS,6.194865703582764
2021-05-12,GARAN.IS,6.194865703582764
2021-05-17,GARAN.IS,6.420719146728516
2021-05-18,GARAN.IS,6.517514705657959
2021-05-20,GARAN.IS,6.638507843017578
2021-05-21,GARAN.IS,6.5820441246032715
2021-05-24,GARAN.IS,6.517514705657959
2021-05-25,GARAN.IS,6.291659832000732
2021-05-26,GARAN.IS,6.557845592498779
2021-05-27,GARAN.IS,6.420719146728516
2021-05-28,GARAN.IS,6.43685245513916
2021-05-31,GARAN.IS,6.444918155670166
2021-06-01,GARAN.IS,6.533647060394287
2021-06-02,GARAN.IS,6.501381874084473
2021-06-03,GARAN.IS,6.4852495193481445
2021-06-04,GARAN.IS,6.533647060394287
2021-06-07,GARAN.IS,6.686905384063721
2021-06-08,GARAN.IS,6.694971561431885
2021-06-09,GARAN.IS,6.743368625640869
2021-06-10,GARAN.IS,6.840163707733154
2021-06-11,GARAN.IS,6.824031352996826
2021-06-14,GARAN.IS,6.743368625640869
2021-06-15,GARAN.IS,6.791766166687012
2021-06-16,GARAN.IS,6.743368625640869
2021-06-17,GARAN.IS,6.606242656707764
2021-06-18,GARAN.IS,6.5820441246032715
2021-06-21,GARAN.IS,6.606242656707764
2021-06-22,GARAN.IS,6.711103916168213
2021-06-23,GARAN.IS,6.670773506164551
2021-06-24,GARAN.IS,6.727235794067383
2021-06-25,GARAN.IS,6.614308834075928
2021-06-28,GARAN.IS,6.598176956176758
2021-06-29,GARAN.IS,6.6546406745910645
2021-06-30,GARAN.IS,6.694971561431885
2021-07-01,GARAN.IS,6.815964698791504
2021-07-02,GARAN.IS,6.775632858276367
2021-07-05,GARAN.IS,6.969223499298096
2021-07-06,GARAN.IS,6.945024490356445
2021-07-07,GARAN.IS,7.041818618774414
2021-07-08,GARAN.IS,6.904694080352783
2021-07-09,GARAN.IS,6.880495071411133
2021-07-12,GARAN.IS,6.969223499298096
2021-07-13,GARAN.IS,6.815964698791504
2021-07-14,GARAN.IS,6.799833297729492
2021-07-16,GARAN.IS,6.7353034019470215
2021-07-19,GARAN.IS,6.670773506164551
2021-07-26,GARAN.IS,6.573977470397949
2021-07-27,GARAN.IS,6.614308834075928
2021-07-28,GARAN.IS,6.614308834075928
2021-07-29,GARAN.IS,6.727235794067383
2021-07-30,GARAN.IS,6.872428894042969
2021-08-02,GARAN.IS,6.896627426147461
2021-08-03,GARAN.IS,7.1466803550720215
2021-08-04,GARAN.IS,7.340270519256592
2021-08-05,GARAN.IS,7.469329833984375
2021-08-06,GARAN.IS,7.445130825042725
2021-08-09,GARAN.IS,7.372535228729248
2021-08-10,GARAN.IS,7.3483357429504395
2021-08-11,GARAN.IS,7.219276428222656
2021-08-12,GARAN.IS,7.493528366088867
2021-08-13,GARAN.IS,7.477396011352539
2021-08-16,GARAN.IS,7.5822577476501465
2021-08-17,GARAN.IS,7.630654335021973
2021-08-18,GARAN.IS,7.598389148712158
2021-08-19,GARAN.IS,7.493528366088867
2021-08-20,GARAN.IS,7.55805778503418
2021-08-23,GARAN.IS,7.703250885009766
2021-08-24,GARAN.IS,7.703250885009766
2021-08-25,GARAN.IS,7.687117099761963
2021-08-26,GARAN.IS,7.614521503448486
2021-08-27,GARAN.IS,7.711317539215088
2021-08-31,GARAN.IS,7.969435214996338
2021-09-01,GARAN.IS,7.929104804992676
2021-09-02,GARAN.IS,7.953303337097168
2021-09-03,GARAN.IS,7.921038627624512
2021-09-06,GARAN.IS,7.993635177612305
2021-09-07,GARAN.IS,7.848443031311035
2021-09-08,GARAN.IS,7.590322971343994
2021-09-09,GARAN.IS,7.711317539215088
2021-09-10,GARAN.IS,7.654852390289307
2021-09-13,GARAN.IS,7.574191093444824
2021-09-14,GARAN.IS,7.711317539215088
2021-09-15,GARAN.IS,7.6064558029174805
2021-09-16,GARAN.IS,7.662919521331787
2021-09-17,GARAN.IS,7.574191093444824
2021-09-20,GARAN.IS,7.324137210845947
2021-09-21,GARAN.IS,7.404799938201904
2021-09-22,GARAN.IS,7.646786212921143
2021-09-23,GARAN.IS,7.404799938201904
2021-09-24,GARAN.IS,7.114415168762207
2021-09-27,GARAN.IS,7.195077896118164
2021-09-28,GARAN.IS,7.130547523498535
2021-09-29,GARAN.IS,7.3080058097839355
2021-09-30,GARAN.IS,7.453197002410889
2021-10-01,GARAN.IS,7.485461711883545
2021-10-04,GARAN.IS,7.437065124511719
2021-10-05,GARAN.IS,7.485461711883545
2021-10-06,GARAN.IS,7.437065124511719
2021-10-07,GARAN.IS,7.574191093444824
2021-10-08,GARAN.IS,7.501595497131348
2021-10-11,GARAN.IS,7.614521503448486
2021-10-12,GARAN.IS,7.662919521331787
2021-10-13,GARAN.IS,7.566124439239502
2021-10-14,GARAN.IS,7.469329833984375
2021-10-15,GARAN.IS,7.203144073486328
2021-10-18,GARAN.IS,7.098283290863037
2021-10-19,GARAN.IS,7.283806324005127
2021-10-20,GARAN.IS,7.3483357429504395
2021-10-21,GARAN.IS,7.251540660858154
2021-10-22,GARAN.IS,7.3564019203186035
2021-10-25,GARAN.IS,7.324137210845947
2021-10-26,GARAN.IS,7.453197002410889
2021-10-27,GARAN.IS,7.711317539215088
2021-10-28,GARAN.IS,7.945237636566162
2021-11-01,GARAN.IS,8.17109203338623
2021-11-02,GARAN.IS,8.195289611816406
2021-11-03,GARAN.IS,8.372746467590332
2021-11-04,GARAN.IS,8.429210662841797
2021-11-05,GARAN.IS,8.558270454406738
2021-11-08,GARAN.IS,8.695396423339844
2021-11-09,GARAN.IS,8.534072875976562
2021-11-10,GARAN.IS,8.655065536499023
2021-11-11,GARAN.IS,8.55020523071289
2021-11-12,GARAN.IS,8.534072875976562
2021-11-15,GARAN.IS,9.381026268005371
2021-11-16,GARAN.IS,9.735939979553223
2021-11-17,GARAN.IS,9.5988130569458
2021-11-18,GARAN.IS,9.873066902160645
2021-11-19,GARAN.IS,9.719809532165527
2021-11-22,GARAN.IS,9.631078720092773
2021-11-23,GARAN.IS,9.33262825012207
2021-11-24,GARAN.IS,9.542350769042969
2021-11-25,GARAN.IS,9.469754219055176
2021-11-26,GARAN.IS,9.227766990661621
2021-11-29,GARAN.IS,9.195501327514648
2021-11-30,GARAN.IS,9.21163558959961
2021-12-01,GARAN.IS,9.389093399047852
2021-12-02,GARAN.IS,9.3971586227417
2021-12-03,GARAN.IS,9.405224800109863
2021-12-06,GARAN.IS,9.550416946411133
2021-12-07,GARAN.IS,9.542350769042969
2021-12-08,GARAN.IS,9.66334342956543
2021-12-09,GARAN.IS,9.566549301147461
2021-12-10,GARAN.IS,9.461688041687012
2021-12-13,GARAN.IS,9.614947319030762
2021-12-14,GARAN.IS,9.808536529541016
2021-12-15,GARAN.IS,9.671409606933594
2021-12-16,GARAN.IS,10.010190963745117
2021-12-17,GARAN.IS,9.381026268005371
2021-12-20,GARAN.IS,9.340694427490234
2021-12-21,GARAN.IS,9.179370880126953
2021-12-22,GARAN.IS,9.582682609558105
2021-12-23,GARAN.IS,9.469754219055176
2021-12-24,GARAN.IS,9.453622817993164
2021-12-27,GARAN.IS,9.413290977478027
2021-12-28,GARAN.IS,9.066442489624023
2021-12-29,GARAN.IS,9.227766990661621
2021-12-30,GARAN.IS,9.243901252746582
2021-12-31,GARAN.IS,9.090642929077148
2022-01-03,GARAN.IS,9.243901252746582
2022-01-04,GARAN.IS,9.21970272064209
2022-01-05,GARAN.IS,9.235833168029785
2022-01-06,GARAN.IS,9.260032653808594
2022-01-07,GARAN.IS,9.477821350097656
2022-01-10,GARAN.IS,9.469754219055176
2022-01-11,GARAN.IS,9.502019882202148
2022-01-12,GARAN.IS,9.558484077453613
2022-01-13,GARAN.IS,9.582682609558105
2022-01-14,GARAN.IS,9.566549301147461
2022-01-17,GARAN.IS,9.671409606933594
2022-01-18,GARAN.IS,9.292298316955566
2022-01-19,GARAN.IS,9.703675270080566
2022-01-20,GARAN.IS,9.631078720092773
2022-01-21,GARAN.IS,9.623013496398926
2022-01-24,GARAN.IS,9.421357154846191
2022-01-25,GARAN.IS,9.550416946411133
2022-01-26,GARAN.IS,9.534284591674805
2022-01-27,GARAN.IS,9.614947319030762
2022-01-28,GARAN.IS,9.518152236938477
2022-01-31,GARAN.IS,9.606881141662598
2022-02-01,GARAN.IS,9.631078720092773
2022-02-02,GARAN.IS,9.913397789001465
2022-02-03,GARAN.IS,9.631078720092773
2022-02-04,GARAN.IS,9.623013496398926
2022-02-07,GARAN.IS,9.631078720092773
2022-02-08,GARAN.IS,9.679475784301758
2022-02-09,GARAN.IS,9.703675270080566
2022-02-10,GARAN.IS,9.655279159545898
2022-02-11,GARAN.IS,9.631078720092773
2022-02-14,GARAN.IS,9.52621841430664
2022-02-15,GARAN.IS,9.5988130569458
2022-02-16,GARAN.IS,9.550416946411133
2022-02-17,GARAN.IS,9.518152236938477
2022-02-18,GARAN.IS,9.550416946411133
2022-02-21,GARAN.IS,9.518152236938477
2022-02-22,GARAN.IS,9.429423332214355
2022-02-23,GARAN.IS,9.381026268005371
2022-02-24,GARAN.IS,8.880921363830566
2022-02-25,GARAN.IS,9.179370880126953
2022-02-28,GARAN.IS,8.937383651733398
2022-03-01,GARAN.IS,9.372960090637207
2022-03-02,GARAN.IS,9.372960090637207
2022-03-03,GARAN.IS,9.502019882202148
2022-03-04,GARAN.IS,9.558484077453613
2022-03-07,GARAN.IS,9.477821350097656
2022-03-08,GARAN.IS,9.356828689575195
2022-03-09,GARAN.IS,9.550416946411133
2022-03-10,GARAN.IS,9.453622817993164
2022-03-11,GARAN.IS,9.493953704833984
2022-03-14,GARAN.IS,9.566549301147461
2022-03-15,GARAN.IS,9.574616432189941
2022-03-16,GARAN.IS,9.566549301147461
2022-03-17,GARAN.IS,9.566549301147461
2022-03-18,GARAN.IS,9.542350769042969
2022-03-21,GARAN.IS,9.542350769042969
2022-03-22,GARAN.IS,9.623013496398926
2022-03-23,GARAN.IS,9.81660270690918
2022-03-24,GARAN.IS,9.719809532165527
2022-03-25,GARAN.IS,9.75207233428955
2022-03-28,GARAN.IS,9.760139465332031
2022-03-29,GARAN.IS,9.768204689025879
2022-03-30,GARAN.IS,9.832734107971191
2022-03-31,GARAN.IS,9.840801239013672
2022-04-01,GARAN.IS,10.042457580566406
2022-04-04,GARAN.IS,10.187650680541992
2022-04-05,GARAN.IS,10.074721336364746
2022-04-06,GARAN.IS,10.010190963745117
2022-04-07,GARAN.IS,10.171516418457031
2022-04-08,GARAN.IS,10.728086471557617
2022-04-11,GARAN.IS,11.195927619934082
2022-04-12,GARAN.IS,11.074934005737305
2022-04-13,GARAN.IS,11.002338409423828
2022-04-14,GARAN.IS,11.050736427307129
2022-04-15,GARAN.IS,11.21205997467041
2022-04-18,GARAN.IS,11.631505012512207
2022-04-19,GARAN.IS,11.437914848327637
2022-04-20,GARAN.IS,11.4459810256958
2022-04-21,GARAN.IS,11.687968254089355
2022-04-22,GARAN.IS,11.4459810256958
2022-04-25,GARAN.IS,12.07514762878418
2022-04-26,GARAN.IS,12.083212852478027
2022-04-27,GARAN.IS,12.07514762878418
2022-04-28,GARAN.IS,12.083212852478027
2022-04-29,GARAN.IS,12.083212852478027
2022-05-05,GARAN.IS,12.083212852478027
2022-05-06,GARAN.IS,12.083212852478027
2022-05-09,GARAN.IS,12.091279983520508
2022-05-10,GARAN.IS,12.091279983520508
2022-05-11,GARAN.IS,12.083212852478027
2022-05-12,GARAN.IS,12.083212852478027
2022-05-13,GARAN.IS,12.083212852478027
2022-05-16,GARAN.IS,12.07514762878418
2022-05-17,GARAN.IS,12.07514762878418
2022-05-18,GARAN.IS,12.623651504516602
2022-05-20,GARAN.IS,13.107625961303711
2022-05-23,GARAN.IS,12.236473083496094
2022-05-24,GARAN.IS,12.19614028930664
2022-05-25,GARAN.IS,12.147770881652832
2022-05-26,GARAN.IS,12.073648452758789
2022-05-27,GARAN.IS,11.711275100708008
2022-05-30,GARAN.IS,11.834811210632324
2022-05-31,GARAN.IS,11.983055114746094
2022-06-01,GARAN.IS,12.378373146057129
2022-06-02,GARAN.IS,12.41131591796875
2022-06-03,GARAN.IS,12.403079986572266
2022-06-06,GARAN.IS,13.2925443649292
2022-06-07,GARAN.IS,12.888991355895996
2022-06-08,GARAN.IS,12.55955982208252
2022-06-09,GARAN.IS,12.600738525390625
2022-06-10,GARAN.IS,12.617209434509277
2022-06-13,GARAN.IS,12.419551849365234
2022-06-14,GARAN.IS,12.361900329589844
2022-06-15,GARAN.IS,12.287778854370117
2022-06-16,GARAN.IS,11.900697708129883
2022-06-17,GARAN.IS,12.436022758483887
2022-06-20,GARAN.IS,12.683095932006836
2022-06-21,GARAN.IS,12.864283561706543
2022-06-22,GARAN.IS,12.847811698913574
2022-06-23,GARAN.IS,12.666625022888184
2022-06-24,GARAN.IS,12.501909255981445
2022-06-27,GARAN.IS,12.328958511352539
2022-06-28,GARAN.IS,11.941876411437988
2022-06-29,GARAN.IS,11.431258201599121
2022-06-30,GARAN.IS,11.447729110717773
2022-07-01,GARAN.IS,11.554795265197754
2022-07-04,GARAN.IS,11.159478187561035
2022-07-05,GARAN.IS,11.093591690063477
2022-07-06,GARAN.IS,11.406551361083984
2022-07-07,GARAN.IS,11.735982894897461
2022-07-08,GARAN.IS,11.59597396850586
2022-07-13,GARAN.IS,11.530088424682617
2022-07-14,GARAN.IS,11.62891674041748
2022-07-18,GARAN.IS,12.18071460723877
2022-07-19,GARAN.IS,12.485438346862793
2022-07-20,GARAN.IS,12.468966484069824
2022-07-21,GARAN.IS,12.436022758483887
2022-07-22,GARAN.IS,12.436022758483887
2022-07-25,GARAN.IS,12.888991355895996
2022-07-26,GARAN.IS,12.427787780761719
2022-07-27,GARAN.IS,12.403079986572266
2022-07-28,GARAN.IS,12.098356246948242
2022-07-29,GARAN.IS,11.958348274230957
2022-08-01,GARAN.IS,12.114828109741211
2022-08-02,GARAN.IS,12.090121269226074
2022-08-03,GARAN.IS,12.221893310546875
2022-08-04,GARAN.IS,12.518381118774414
2022-08-05,GARAN.IS,12.913698196411133
2022-08-08,GARAN.IS,12.979584693908691
2022-08-09,GARAN.IS,13.201950073242188
2022-08-10,GARAN.IS,13.753748893737793
2022-08-11,GARAN.IS,14.882049560546875
2022-08-12,GARAN.IS,14.618504524230957
2022-08-15,GARAN.IS,15.07147216796875
2022-08-16,GARAN.IS,15.895050048828125
2022-08-17,GARAN.IS,17.476318359375
2022-08-18,GARAN.IS,17.27865982055664
2022-08-19,GARAN.IS,16.81745719909668
2022-08-22,GARAN.IS,17.29513168334961
2022-08-23,GARAN.IS,19.0081729888916
2022-08-24,GARAN.IS,19.288190841674805
2022-08-25,GARAN.IS,21.215362548828125
2022-08-26,GARAN.IS,20.589441299438477
2022-08-29,GARAN.IS,19.947050094604492
2022-08-31,GARAN.IS,18.942285537719727
2022-09-01,GARAN.IS,18.711685180664062
2022-09-02,GARAN.IS,20.078821182250977
2022-09-05,GARAN.IS,20.836515426635742
2022-09-06,GARAN.IS,21.314189910888672
2022-09-07,GARAN.IS,19.848224639892578
2022-09-08,GARAN.IS,19.601146697998047
2022-09-09,GARAN.IS,21.561264038085938
2022-09-12,GARAN.IS,23.702566146850586
2022-09-13,GARAN.IS,24.34495735168457
2022-09-14,GARAN.IS,21.92363929748535
2022-09-15,GARAN.IS,19.732919692993164
2022-09-16,GARAN.IS,17.937522888183594
2022-09-19,GARAN.IS,16.150360107421875
2022-09-20,GARAN.IS,16.58685302734375
2022-09-21,GARAN.IS,15.853869438171387
2022-09-22,GARAN.IS,15.77974796295166
2022-09-23,GARAN.IS,15.326781272888184
2022-09-26,GARAN.IS,15.870342254638672
2022-09-27,GARAN.IS,16.158597946166992
2022-09-28,GARAN.IS,15.853869438171387
2022-09-29,GARAN.IS,15.483262062072754
2022-09-30,GARAN.IS,16.00211524963379
2022-10-03,GARAN.IS,17.59162139892578
2022-10-04,GARAN.IS,17.509262084960938
2022-10-05,GARAN.IS,17.048059463500977
2022-10-06,GARAN.IS,17.459848403930664
2022-10-07,GARAN.IS,17.443376541137695
2022-10-10,GARAN.IS,17.229244232177734
2022-10-11,GARAN.IS,17.87163734436035
2022-10-12,GARAN.IS,17.542203903198242
2022-10-13,GARAN.IS,17.426904678344727
2022-10-14,GARAN.IS,18.03635025024414
2022-10-17,GARAN.IS,19.831750869750977
2022-10-18,GARAN.IS,20.012937545776367
2022-10-19,GARAN.IS,21.116531372070312
2022-10-20,GARAN.IS,20.836515426635742
2022-10-21,GARAN.IS,20.55649757385254
2022-10-24,GARAN.IS,20.161182403564453
2022-10-25,GARAN.IS,20.078821182250977
2022-10-26,GARAN.IS,20.490612030029297
2022-10-27,GARAN.IS,19.699979782104492
2022-10-28,GARAN.IS,19.288190841674805
2022-10-31,GARAN.IS,19.354076385498047
2022-11-01,GARAN.IS,19.271717071533203
2022-11-02,GARAN.IS,19.337602615356445
2022-11-03,GARAN.IS,19.074058532714844
2022-11-04,GARAN.IS,19.436433792114258
2022-11-07,GARAN.IS,20.260011672973633
2022-11-08,GARAN.IS,20.35883903503418
2022-11-09,GARAN.IS,19.947050094604492
2022-11-10,GARAN.IS,20.55649757385254
2022-11-11,GARAN.IS,20.12824058532715
2022-11-14,GARAN.IS,20.260011672973633
2022-11-15,GARAN.IS,21.42949104309082
2022-11-16,GARAN.IS,21.725976943969727
2022-11-17,GARAN.IS,20.622385025024414
2022-11-18,GARAN.IS,20.90239906311035
2022-11-21,GARAN.IS,21.54479217529297
2022-11-22,GARAN.IS,22.071880340576172
2022-11-23,GARAN.IS,22.763689041137695
2022-11-24,GARAN.IS,22.31895637512207
2022-11-25,GARAN.IS,21.725976943969727
2022-11-28,GARAN.IS,22.253070831298828
2022-11-29,GARAN.IS,22.12129783630371
2022-11-30,GARAN.IS,21.95658302307129
2022-12-01,GARAN.IS,22.055408477783203
2022-12-02,GARAN.IS,21.29772186279297
2022-12-05,GARAN.IS,21.16594696044922
2022-12-06,GARAN.IS,21.248302459716797
2022-12-07,GARAN.IS,20.589441299438477
2022-12-08,GARAN.IS,21.264774322509766
2022-12-09,GARAN.IS,22.137767791748047
2022-12-12,GARAN.IS,22.961345672607422
2022-12-13,GARAN.IS,22.664859771728516
2022-12-14,GARAN.IS,22.417783737182617
2022-12-15,GARAN.IS,23.521377563476562
2022-12-16,GARAN.IS,23.76845359802246
2022-12-19,GARAN.IS,26.041526794433594
2022-12-20,GARAN.IS,24.872045516967773
2022-12-21,GARAN.IS,24.542613983154297
2022-12-22,GARAN.IS,24.509674072265625
2022-12-23,GARAN.IS,24.542613983154297
2022-12-26,GARAN.IS,24.888517379760742
2022-12-27,GARAN.IS,24.83910369873047
2022-12-28,GARAN.IS,24.097885131835938
2022-12-29,GARAN.IS,24.954402923583984
2022-12-30,GARAN.IS,24.74027442932129
2023-01-02,GARAN.IS,25.21794891357422
2023-01-03,GARAN.IS,24.559085845947266
2023-01-04,GARAN.IS,24.70733070373535
2023-01-05,GARAN.IS,23.817867279052734
2023-01-06,GARAN.IS,23.241361618041992
2023-01-09,GARAN.IS,22.00599479675293
2023-01-10,GARAN.IS,21.23183250427246
2023-01-11,GARAN.IS,19.667034149169922
2023-01-12,GARAN.IS,20.19412612915039
2023-01-13,GARAN.IS,19.89763641357422
2023-01-16,GARAN.IS,20.7541561126709
2023-01-17,GARAN.IS,20.91887092590332
2023-01-18,GARAN.IS,20.951818466186523
2023-01-19,GARAN.IS,21.116531372070312
2023-01-20,GARAN.IS,22.154239654541016
2023-01-23,GARAN.IS,22.368370056152344
2023-01-24,GARAN.IS,21.7753963470459
2023-01-25,GARAN.IS,21.001232147216797
2023-01-26,GARAN.IS,20.210596084594727
2023-01-27,GARAN.IS,19.61762046813965
2023-01-30,GARAN.IS,19.667034149169922
2023-01-31,GARAN.IS,19.79880714416504
2023-02-01,GARAN.IS,18.415199279785156
2023-02-02,GARAN.IS,18.019878387451172
2023-02-03,GARAN.IS,19.41996192932129
2023-02-06,GARAN.IS,18.56344223022461
2023-02-07,GARAN.IS,17.344545364379883
2023-02-08,GARAN.IS,16.19977378845215
2023-02-15,GARAN.IS,19.074058532714844
2023-02-16,GARAN.IS,18.925813674926758
2023-02-17,GARAN.IS,18.678743362426758
2023-02-20,GARAN.IS,18.72815704345703
2023-02-21,GARAN.IS,18.678743362426758
2023-02-22,GARAN.IS,18.76110076904297
2023-02-23,GARAN.IS,18.72815704345703
2023-02-24,GARAN.IS,18.316368103027344
2023-02-27,GARAN.IS,19.436433792114258
2023-02-28,GARAN.IS,19.172889709472656
2023-03-01,GARAN.IS,19.40349006652832
2023-03-02,GARAN.IS,19.551734924316406
2023-03-03,GARAN.IS,19.667034149169922
2023-03-06,GARAN.IS,21.16594696044922
2023-03-07,GARAN.IS,21.133005142211914
2023-03-08,GARAN.IS,23.241361618041992
2023-03-09,GARAN.IS,23.09311866760254
2023-03-10,GARAN.IS,23.43902015686035
2023-03-13,GARAN.IS,22.12129783630371
2023-03-14,GARAN.IS,21.676565170288086
2023-03-15,GARAN.IS,21.7753963470459
2023-03-16,GARAN.IS,21.989524841308594
2023-03-17,GARAN.IS,21.050643920898438
2023-03-20,GARAN.IS,21.33066177368164
2023-03-21,GARAN.IS,20.655330657958984
2023-03-22,GARAN.IS,21.511850357055664
2023-03-23,GARAN.IS,22.5495548248291
2023-03-24,GARAN.IS,22.170711517333984
2023-03-27,GARAN.IS,22.104827880859375
2023-03-28,GARAN.IS,21.54479217529297
2023-03-29,GARAN.IS,22.582500457763672
2023-03-30,GARAN.IS,23.35666275024414
2023-03-31,GARAN.IS,22.944875717163086
2023-04-03,GARAN.IS,23.175474166870117
2023-04-04,GARAN.IS,23.389606475830078
2023-04-05,GARAN.IS,22.763689041137695
2023-04-06,GARAN.IS,22.51661491394043
2023-04-07,GARAN.IS,22.467199325561523
2023-04-10,GARAN.IS,22.91193199157715
2023-04-11,GARAN.IS,23.73550796508789
2023-04-12,GARAN.IS,24.954402923583984
2023-04-13,GARAN.IS,24.262598037719727
2023-04-14,GARAN.IS,24.23566246032715
2023-04-17,GARAN.IS,24.147016525268555
2023-04-18,GARAN.IS,24.678890228271484
2023-04-19,GARAN.IS,26.15040397644043
2023-04-20,GARAN.IS,24.94482421875
2023-04-24,GARAN.IS,24.980283737182617
2023-04-25,GARAN.IS,24.005184173583984
2023-04-26,GARAN.IS,24.022912979125977
2023-04-27,GARAN.IS,24.820722579956055
2023-04-28,GARAN.IS,24.271120071411133
2023-05-02,GARAN.IS,24.466140747070312
2023-05-03,GARAN.IS,24.253393173217773
2023-05-04,GARAN.IS,23.56195640563965
2023-05-05,GARAN.IS,22.604585647583008
2023-05-08,GARAN.IS,24.678890228271484
2023-05-09,GARAN.IS,25.175304412841797
2023-05-10,GARAN.IS,25.157575607299805
2023-05-11,GARAN.IS,27.657377243041992
2023-05-12,GARAN.IS,29.341638565063477
2023-05-15,GARAN.IS,26.416339874267578
2023-05-16,GARAN.IS,23.881080627441406
2023-05-17,GARAN.IS,23.313751220703125
2023-05-18,GARAN.IS,22.161359786987305
2023-05-22,GARAN.IS,21.363550186157227
2023-05-23,GARAN.IS,21.38127899169922
2023-05-24,GARAN.IS,20.920324325561523
2023-05-25,GARAN.IS,21.345821380615234
2023-05-26,GARAN.IS,21.78904914855957
2023-05-29,GARAN.IS,22.285463333129883
2023-05-30,GARAN.IS,24.50160026550293
2023-05-31,GARAN.IS,23.739248275756836
2023-06-01,GARAN.IS,24.058372497558594
2023-06-02,GARAN.IS,25.405780792236328
2023-06-05,GARAN.IS,26.132673263549805
2023-06-06,GARAN.IS,25.742637634277344
2023-06-07,GARAN.IS,26.57590103149414
2023-06-08,GARAN.IS,26.877296447753906
2023-06-09,GARAN.IS,26.593629837036133
2023-06-12,GARAN.IS,25.778093338012695
2023-06-13,GARAN.IS,25.529884338378906
2023-06-14,GARAN.IS,25.990840911865234
2023-06-15,GARAN.IS,27.17868995666504
2023-06-16,GARAN.IS,26.664546966552734
2023-06-19,GARAN.IS,26.079486846923828
2023-06-20,GARAN.IS,27.17868995666504
2023-06-21,GARAN.IS,26.68227767944336
2023-06-22,GARAN.IS,26.912755966186523
2023-06-23,GARAN.IS,28.011960983276367
2023-06-26,GARAN.IS,28.80976676940918
2023-06-27,GARAN.IS,28.40199851989746
2023-07-03,GARAN.IS,29.00478744506836
2023-07-04,GARAN.IS,30.01534652709961
2023-07-05,GARAN.IS,29.784866333007812
2023-07-06,GARAN.IS,29.341638565063477
2023-07-07,GARAN.IS,29.21753692626953
2023-07-10,GARAN.IS,29.377098083496094
2023-07-11,GARAN.IS,31.096818923950195
2023-07-12,GARAN.IS,33.188846588134766
2023-07-13,GARAN.IS,35.01494598388672
2023-07-14,GARAN.IS,34.12849044799805
2023-07-17,GARAN.IS,34.12849044799805
2023-07-18,GARAN.IS,31.71733856201172
2023-07-19,GARAN.IS,33.188846588134766
2023-07-20,GARAN.IS,33.50797653198242
2023-07-21,GARAN.IS,32.568336486816406
2023-07-24,GARAN.IS,32.17829132080078
2023-07-25,GARAN.IS,33.667537689208984
2023-07-26,GARAN.IS,33.614349365234375
2023-07-27,GARAN.IS,35.36953353881836
2023-07-28,GARAN.IS,37.904788970947266
2023-07-31,GARAN.IS,38.915348052978516
2023-08-01,GARAN.IS,37.86933135986328
2023-08-02,GARAN.IS,40.40459060668945
2023-08-03,GARAN.IS,40.40459060668945
2023-08-04,GARAN.IS,41.663352966308594
2023-08-07,GARAN.IS,41.48606491088867
2023-08-08,GARAN.IS,42.74483108520508
2023-08-09,GARAN.IS,46.98208236694336
2023-08-10,GARAN.IS,48.311763763427734
2023-08-11,GARAN.IS,49.198219299316406
2023-08-14,GARAN.IS,49.50847625732422
2023-08-15,GARAN.IS,49.198219299316406
2023-08-16,GARAN.IS,47.64692687988281
2023-08-17,GARAN.IS,48.04582595825195
2023-08-18,GARAN.IS,44.8989143371582
2023-08-21,GARAN.IS,44.09224319458008
2023-08-22,GARAN.IS,43.649017333984375
2023-08-23,GARAN.IS,43.879493713378906
2023-08-24,GARAN.IS,48.2674446105957
2023-08-25,GARAN.IS,47.11505126953125
2023-08-28,GARAN.IS,46.76047134399414
2023-08-29,GARAN.IS,45.563758850097656
2023-08-31,GARAN.IS,44.5000114440918
2023-09-01,GARAN.IS,45.076202392578125
2023-09-04,GARAN.IS,45.4307861328125
2023-09-05,GARAN.IS,46.00698471069336
2023-09-06,GARAN.IS,45.60808181762695
2023-09-07,GARAN.IS,46.45021057128906
2023-09-08,GARAN.IS,46.3615608215332
2023-09-11,GARAN.IS,44.54433059692383
2023-09-12,GARAN.IS,43.93267822265625
2023-09-13,GARAN.IS,43.57809829711914
2023-09-14,GARAN.IS,44.854591369628906
2023-09-15,GARAN.IS,44.32271957397461
2023-09-18,GARAN.IS,43.968135833740234
2023-09-19,GARAN.IS,44.367042541503906
2023-09-20,GARAN.IS,45.652400970458984
2023-09-21,GARAN.IS,46.09562683105469
2023-09-22,GARAN.IS,45.03187942504883
2023-09-25,GARAN.IS,45.69672393798828
2023-09-26,GARAN.IS,45.60808181762695
2023-09-27,GARAN.IS,45.03187942504883
2023-09-28,GARAN.IS,45.29781723022461
2023-09-29,GARAN.IS,47.20369338989258
2023-10-02,GARAN.IS,47.86853790283203
2023-10-03,GARAN.IS,47.248016357421875
2023-10-04,GARAN.IS,45.82969284057617
2023-10-05,GARAN.IS,46.716148376464844
2023-10-06,GARAN.IS,45.74104690551758
2023-10-09,GARAN.IS,44.14543151855469
2023-10-10,GARAN.IS,45.209171295166016
2023-10-11,GARAN.IS,45.12052917480469
2023-10-12,GARAN.IS,44.32271957397461
2023-10-13,GARAN.IS,43.08168411254883
2023-10-16,GARAN.IS,42.85120391845703
2023-10-17,GARAN.IS,43.808570861816406
2023-10-18,GARAN.IS,42.00020980834961
2023-10-19,GARAN.IS,40.98965072631836
2023-10-20,GARAN.IS,39.553592681884766
2023-10-23,GARAN.IS,40.77690124511719
2023-10-24,GARAN.IS,44.05678176879883
2023-10-25,GARAN.IS,40.333675384521484
2023-10-26,GARAN.IS,42.319332122802734
2023-10-27,GARAN.IS,43.542640686035156
2023-10-30,GARAN.IS,42.93985366821289
2023-10-31,GARAN.IS,41.663352966308594
2023-11-01,GARAN.IS,41.361961364746094
2023-11-02,GARAN.IS,42.195228576660156
2023-11-03,GARAN.IS,42.709373474121094
2023-11-06,GARAN.IS,44.4556884765625
2023-11-07,GARAN.IS,44.1276969909668
2023-11-08,GARAN.IS,43.205787658691406
2023-11-09,GARAN.IS,42.85120391845703
2023-11-10,GARAN.IS,42.372520446777344
2023-11-13,GARAN.IS,40.70598602294922
2023-11-14,GARAN.IS,41.13148498535156
2023-11-15,GARAN.IS,40.954193115234375
2023-11-16,GARAN.IS,41.947021484375
2023-11-17,GARAN.IS,42.035667419433594
2023-11-20,GARAN.IS,43.11714172363281
2023-11-21,GARAN.IS,43.47172164916992
2023-11-22,GARAN.IS,43.82630157470703
2023-11-23,GARAN.IS,44.54433059692383
2023-11-24,GARAN.IS,45.785369873046875
2023-11-27,GARAN.IS,48.53337478637695
2023-11-28,GARAN.IS,48.311763763427734
2023-11-29,GARAN.IS,48.09014892578125
2023-11-30,GARAN.IS,47.91285705566406
2023-12-01,GARAN.IS,50.04035186767578
2023-12-04,GARAN.IS,51.32571029663086
2023-12-05,GARAN.IS,51.81325912475586
2023-12-06,GARAN.IS,53.187259674072266
2023-12-07,GARAN.IS,52.6553955078125
2023-12-08,GARAN.IS,51.14841842651367
2023-12-11,GARAN.IS,50.04035186767578
2023-12-12,GARAN.IS,52.6553955078125
2023-12-13,GARAN.IS,52.212162017822266
2023-12-14,GARAN.IS,55.40340042114258
2023-12-15,GARAN.IS,55.004493713378906
2023-12-18,GARAN.IS,55.0488166809082
2023-12-19,GARAN.IS,53.71913528442383
2023-12-20,GARAN.IS,55.40340042114258
2023-12-21,GARAN.IS,55.181785583496094
2023-12-22,GARAN.IS,53.45319747924805
2023-12-25,GARAN.IS,51.14841842651367
2023-12-26,GARAN.IS,49.81873321533203
2023-12-27,GARAN.IS,49.419830322265625
2023-12-28,GARAN.IS,49.90738296508789
2023-12-29,GARAN.IS,51.724613189697266
2024-01-02,GARAN.IS,52.1678352355957
2024-01-03,GARAN.IS,50.08467483520508
2024-01-04,GARAN.IS,51.05976867675781
2024-01-05,GARAN.IS,50.882484436035156
2024-01-08,GARAN.IS,55.0488166809082
2024-01-09,GARAN.IS,55.492042541503906
2024-01-10,GARAN.IS,56.5557861328125
2024-01-11,GARAN.IS,58.151405334472656
2024-01-12,GARAN.IS,60.10160827636719
2024-01-15,GARAN.IS,58.94921875
2024-01-16,GARAN.IS,56.51146697998047
2024-01-17,GARAN.IS,56.201210021972656
2024-01-18,GARAN.IS,55.80229949951172
2024-01-19,GARAN.IS,56.33417510986328
2024-01-22,GARAN.IS,55.314754486083984
2024-01-23,GARAN.IS,53.408878326416016
2024-01-24,GARAN.IS,55.22610855102539
2024-01-25,GARAN.IS,55.004493713378906
2024-01-26,GARAN.IS,55.97959899902344
2024-01-29,GARAN.IS,56.201210021972656
2024-01-30,GARAN.IS,56.37849807739258
2024-01-31,GARAN.IS,56.28985595703125
2024-02-01,GARAN.IS,57.39792251586914
2024-02-02,GARAN.IS,56.64443588256836
2024-02-05,GARAN.IS,57.5752067565918
2024-02-06,GARAN.IS,57.66386032104492
2024-02-07,GARAN.IS,56.73307800292969
2024-02-08,GARAN.IS,56.999019622802734
2024-02-09,GARAN.IS,57.13198471069336
2024-02-12,GARAN.IS,58.37302017211914
2024-02-13,GARAN.IS,57.30927658081055
2024-02-14,GARAN.IS,56.77740478515625
2024-02-15,GARAN.IS,58.151405334472656
2024-02-16,GARAN.IS,58.4173469543457
2024-02-19,GARAN.IS,59.126502990722656
2024-02-20,GARAN.IS,60.27889633178711
2024-02-21,GARAN.IS,60.63348388671875
2024-02-22,GARAN.IS,58.46166229248047
2024-02-23,GARAN.IS,58.816246032714844
2024-02-26,GARAN.IS,57.61953353881836
2024-02-27,GARAN.IS,56.28985595703125
2024-02-28,GARAN.IS,55.44771957397461
2024-02-29,GARAN.IS,55.935272216796875
2024-03-01,GARAN.IS,54.82720184326172
2024-03-04,GARAN.IS,53.408878326416016
2024-03-05,GARAN.IS,53.009971618652344
2024-03-06,GARAN.IS,52.30080795288086
2024-03-07,GARAN.IS,55.0488166809082
2024-03-08,GARAN.IS,56.28985595703125
2024-03-11,GARAN.IS,55.84662628173828
2024-03-12,GARAN.IS,56.95469284057617
2024-03-13,GARAN.IS,56.068241119384766
2024-03-14,GARAN.IS,54.6499137878418
2024-03-15,GARAN.IS,53.98507308959961
2024-03-18,GARAN.IS,54.383975982666016
2024-03-19,GARAN.IS,56.5557861328125
2024-03-20,GARAN.IS,56.910369873046875
2024-03-21,GARAN.IS,60.23456954956055
2024-03-22,GARAN.IS,60.988059997558594
2024-03-25,GARAN.IS,61.12102508544922
2024-03-26,GARAN.IS,60.8994140625
2024-03-27,GARAN.IS,60.8994140625
2024-03-28,GARAN.IS,63.381492614746094
2024-03-29,GARAN.IS,63.491783142089844
2024-04-01,GARAN.IS,64.69673919677734
2024-04-02,GARAN.IS,64.97480010986328
2024-04-03,GARAN.IS,64.51136016845703
2024-04-04,GARAN.IS,67.06028747558594
2024-04-05,GARAN.IS,68.86772918701172
2024-04-08,GARAN.IS,68.72869110107422
2024-04-09,GARAN.IS,68.72869110107422
2024-04-15,GARAN.IS,69.14579010009766
2024-04-16,GARAN.IS,65.43824005126953
2024-04-17,GARAN.IS,68.40428924560547
2024-04-18,GARAN.IS,68.58966064453125
2024-04-19,GARAN.IS,72.9460220336914
2024-04-22,GARAN.IS,70.86053466796875
2024-04-24,GARAN.IS,73.87291717529297
2024-04-25,GARAN.IS,73.31678009033203
2024-04-26,GARAN.IS,74.93883514404297
2024-04-29,GARAN.IS,75.95840454101562
2024-04-30,GARAN.IS,76.42185974121094
2024-05-02,GARAN.IS,77.48777770996094
2024-05-03,GARAN.IS,78.73907470703125
2024-05-06,GARAN.IS,78.13660430908203
2024-05-07,GARAN.IS,80.50016021728516
2024-05-08,GARAN.IS,79.71231079101562
2024-05-09,GARAN.IS,82.72469329833984
2024-05-10,GARAN.IS,80.17575073242188
2024-05-13,GARAN.IS,79.8976821899414
2024-05-14,GARAN.IS,83.41985321044922
2024-05-15,GARAN.IS,81.42704772949219
2024-05-16,GARAN.IS,82.3075942993164
2024-05-17,GARAN.IS,87.26644134521484
2024-05-20,GARAN.IS,88.8421401977539
2024-05-21,GARAN.IS,93.89368438720703
2024-05-22,GARAN.IS,93.3375473022461
2024-05-23,GARAN.IS,92.68872833251953
2024-05-24,GARAN.IS,91.99356079101562
2024-05-27,GARAN.IS,91.39108276367188
2024-05-28,GARAN.IS,92.87409973144531
2024-05-29,GARAN.IS,92.41065979003906
2024-05-30,GARAN.IS,95.0986328125
2024-05-31,GARAN.IS,99.91844940185547
2024-06-03,GARAN.IS,100.65995788574219
2024-06-04,GARAN.IS,96.67434692382812
2024-06-05,GARAN.IS,96.95240783691406
2024-06-06,GARAN.IS,95.19132232666016
2024-06-07,GARAN.IS,92.64238739013672
2024-06-10,GARAN.IS,91.2520523071289
2024-06-11,GARAN.IS,95.19132232666016
2024-06-12,GARAN.IS,95.46939086914062
2024-06-13,GARAN.IS,95.46939086914062
2024-06-14,GARAN.IS,97.23048400878906
2024-06-20,GARAN.IS,102.6991195678711
2024-06-21,GARAN.IS,103.6259994506836
2024-06-24,GARAN.IS,105.7578353881836
2024-06-25,GARAN.IS,104.8309555053711
2024-06-26,GARAN.IS,104.73826599121094
2024-06-27,GARAN.IS,108.1677474975586
2024-06-28,GARAN.IS,104.18212890625
2024-07-01,GARAN.IS,102.6064224243164
2024-07-02,GARAN.IS,104.73826599121094
2024-07-03,GARAN.IS,110.11421966552734
2024-07-04,GARAN.IS,110.29959106445312
2024-07-05,GARAN.IS,113.45101165771484
2024-07-08,GARAN.IS,114.74864959716797
2024-07-09,GARAN.IS,113.72907257080078
2024-07-10,GARAN.IS,114.28520965576172
2024-07-11,GARAN.IS,122.7198715209961
2024-07-12,GARAN.IS,122.81256866455078
2024-07-16,GARAN.IS,123.18331146240234
2024-07-17,GARAN.IS,122.81256866455078
2024-07-18,GARAN.IS,120.49534606933594
2024-07-19,GARAN.IS,121.60761260986328
2024-07-22,GARAN.IS,119.47576904296875
2024-07-23,GARAN.IS,116.32435607910156
2024-07-24,GARAN.IS,117.52931213378906
2024-07-25,GARAN.IS,115.675537109375
2024-07-26,GARAN.IS,115.675537109375
2024-07-29,GARAN.IS,116.97317504882812
2024-07-30,GARAN.IS,109.9288330078125
2024-07-31,GARAN.IS,114.74864959716797
2024-08-01,GARAN.IS,119.19771575927734
2024-08-02,GARAN.IS,115.11940002441406
2024-08-05,GARAN.IS,111.1337890625
2024-08-06,GARAN.IS,108.72388458251953
2024-08-07,GARAN.IS,107.5189208984375
2024-08-08,GARAN.IS,105.7578353881836
2024-08-09,GARAN.IS,102.51374053955078
2024-08-12,GARAN.IS,104.55289459228516
2024-08-13,GARAN.IS,107.70429992675781
2024-08-14,GARAN.IS,104.73826599121094
2024-08-15,GARAN.IS,105.66515350341797
2024-08-16,GARAN.IS,101.03071594238281
2024-08-19,GARAN.IS,103.53330993652344
2024-08-20,GARAN.IS,103.8113784790039
2024-08-21,GARAN.IS,104.18212890625
2024-08-22,GARAN.IS,105.66515350341797
2024-08-23,GARAN.IS,101.03071594238281
2024-08-26,GARAN.IS,100.84534454345703
2024-08-27,GARAN.IS,103.8113784790039
2024-08-28,GARAN.IS,102.6991195678711
2024-08-29,GARAN.IS,104.08944702148438
2024-09-02,GARAN.IS,106.96279907226562
2024-09-03,GARAN.IS,105.3870849609375
2024-09-04,GARAN.IS,105.7578353881836
2024-09-05,GARAN.IS,105.20170593261719
2024-09-06,GARAN.IS,103.90406036376953
2024-09-09,GARAN.IS,100.10382843017578
2024-09-10,GARAN.IS,98.80618286132812
2024-09-11,GARAN.IS,98.4354248046875
2024-09-12,GARAN.IS,101.67953491210938
2024-09-13,GARAN.IS,102.88449096679688
2024-09-16,GARAN.IS,103.44062042236328
2024-09-17,GARAN.IS,104.73826599121094
2024-09-18,GARAN.IS,105.85052490234375
2024-09-19,GARAN.IS,107.98237609863281
2024-09-20,GARAN.IS,110.4849624633789
2024-09-23,GARAN.IS,111.78260803222656
2024-09-24,GARAN.IS,116.78779602050781
2024-09-25,GARAN.IS,117.62200164794922
2024-09-26,GARAN.IS,114.74864959716797
2024-09-27,GARAN.IS,114.00714111328125
2024-09-30,GARAN.IS,113.45101165771484
2024-10-01,GARAN.IS,112.80217742919922
2024-10-02,GARAN.IS,107.1481704711914
2024-10-03,GARAN.IS,103.8113784790039
2024-10-04,GARAN.IS,107.05548095703125
2024-10-07,GARAN.IS,105.47977447509766
2024-10-08,GARAN.IS,106.87010955810547
2024-10-09,GARAN.IS,111.31916046142578
2024-10-10,GARAN.IS,109.00194549560547
2024-10-11,GARAN.IS,110.67034149169922
2024-10-14,GARAN.IS,107.98237609863281
2024-10-15,GARAN.IS,108.90925598144531
2024-10-16,GARAN.IS,108.3531265258789
2024-10-17,GARAN.IS,106.40666961669922
2024-10-18,GARAN.IS,102.79180908203125
2024-10-21,GARAN.IS,100.65995788574219
2024-10-22,GARAN.IS,103.53330993652344
2024-10-23,GARAN.IS,102.6991195678711
2024-10-24,GARAN.IS,103.8113784790039
2024-10-25,GARAN.IS,103.06986236572266
2024-10-28,GARAN.IS,101.95760345458984
2024-10-30,GARAN.IS,100.56726837158203
2024-10-31,GARAN.IS,99.08425903320312
2024-11-01,GARAN.IS,97.8792953491211
2024-11-04,GARAN.IS,93.15216827392578
2024-11-05,GARAN.IS,90.60323333740234
2024-11-06,GARAN.IS,94.35713195800781
2024-11-07,GARAN.IS,97.508544921875
2024-11-08,GARAN.IS,101.77222442626953
2024-11-11,GARAN.IS,103.6259994506836
2024-11-12,GARAN.IS,103.6259994506836
2024-11-13,GARAN.IS,105.20170593261719
2024-11-14,GARAN.IS,105.47977447509766
2024-11-15,GARAN.IS,104.73826599121094
2024-11-18,GARAN.IS,105.47977447509766
2024-11-19,GARAN.IS,102.6991195678711
2024-11-20,GARAN.IS,101.03071594238281
2024-11-21,GARAN.IS,106.31397247314453
2024-11-22,GARAN.IS,110.76303100585938
2024-11-25,GARAN.IS,111.5045394897461
2024-11-26,GARAN.IS,111.68992614746094
2024-11-27,GARAN.IS,111.31916046142578
2024-11-28,GARAN.IS,112.98756408691406
2024-11-29,GARAN.IS,111.68992614746094
2024-12-02,GARAN.IS,111.96798706054688
2024-12-03,GARAN.IS,115.58284759521484
2024-12-04,GARAN.IS,114.74864959716797
2024-12-05,GARAN.IS,115.3047866821289
2024-12-06,GARAN.IS,119.19771575927734
2024-12-09,GARAN.IS,122.34912109375
2024-12-10,GARAN.IS,119.47576904296875
2024-12-11,GARAN.IS,116.78779602050781
2024-12-12,GARAN.IS,116.60242462158203
2024-12-13,GARAN.IS,118.4561996459961
2024-12-16,GARAN.IS,118.4561996459961
2024-12-17,GARAN.IS,120.95879364013672
2024-12-18,GARAN.IS,119.0123291015625
2024-12-19,GARAN.IS,115.58284759521484
2024-12-20,GARAN.IS,116.2316665649414
2024-12-23,GARAN.IS,116.2316665649414
2024-12-24,GARAN.IS,117.2512435913086
2024-12-25,GARAN.IS,123.55408477783203
2024-12-26,GARAN.IS,121.42223358154297
2024-12-27,GARAN.IS,120.49534606933594
2024-12-30,GARAN.IS,116.97317504882812
2024-12-31,GARAN.IS,115.3047866821289
2015-03-11,BIMAS.IS,7.954674243927002
2015-03-12,BIMAS.IS,7.883010387420654
2015-03-13,BIMAS.IS,7.739684104919434
2015-03-16,BIMAS.IS,7.909884929656982
2015-03-17,BIMAS.IS,7.963631629943848
2015-03-18,BIMAS.IS,8.1607084274292
2015-03-19,BIMAS.IS,8.11591625213623
2015-03-20,BIMAS.IS,8.357783317565918
2015-03-23,BIMAS.IS,8.330907821655273
2015-03-24,BIMAS.IS,8.133833885192871
2015-03-25,BIMAS.IS,8.106959342956543
2015-03-26,BIMAS.IS,8.241327285766602
2015-03-27,BIMAS.IS,8.259242057800293
2015-03-30,BIMAS.IS,8.366741180419922
2015-03-31,BIMAS.IS,8.366741180419922
2015-04-01,BIMAS.IS,8.330907821655273
2015-04-02,BIMAS.IS,8.563815116882324
2015-04-03,BIMAS.IS,8.725059509277344
2015-04-06,BIMAS.IS,8.769847869873047
2015-04-07,BIMAS.IS,8.823596000671387
2015-04-08,BIMAS.IS,8.841512680053711
2015-04-09,BIMAS.IS,8.97588062286377
2015-04-10,BIMAS.IS,8.904219627380371
2015-04-13,BIMAS.IS,8.841512680053711
2015-04-14,BIMAS.IS,8.814638137817383
2015-04-15,BIMAS.IS,8.716100692749023
2015-04-16,BIMAS.IS,8.662352561950684
2015-04-17,BIMAS.IS,8.689228057861328
2015-04-20,BIMAS.IS,8.742974281311035
2015-04-21,BIMAS.IS,8.913179397583008
2015-04-22,BIMAS.IS,8.796721458435059
2015-04-23,BIMAS.IS,8.796721458435059
2015-04-24,BIMAS.IS,8.97588062286377
2015-04-27,BIMAS.IS,8.940051078796387
2015-04-28,BIMAS.IS,8.993800163269043
2015-04-29,BIMAS.IS,8.957964897155762
2015-04-30,BIMAS.IS,8.868386268615723
2015-05-01,BIMAS.IS,8.868386268615723
2015-05-04,BIMAS.IS,8.778809547424316
2015-05-05,BIMAS.IS,8.680269241333008
2015-05-06,BIMAS.IS,8.734017372131348
2015-05-07,BIMAS.IS,8.653395652770996
2015-05-08,BIMAS.IS,8.805682182312012
2015-05-11,BIMAS.IS,8.814638137817383
2015-05-12,BIMAS.IS,8.778809547424316
2015-05-13,BIMAS.IS,8.83255386352539
2015-05-14,BIMAS.IS,8.957964897155762
2015-05-15,BIMAS.IS,9.163997650146484
2015-05-18,BIMAS.IS,9.038586616516113
2015-05-19,BIMAS.IS,9.038586616516113
2015-05-20,BIMAS.IS,9.120017051696777
2015-05-21,BIMAS.IS,9.174302101135254
2015-05-22,BIMAS.IS,9.192398071289062
2015-05-25,BIMAS.IS,9.120017051696777
2015-05-26,BIMAS.IS,8.948113441467285
2015-05-27,BIMAS.IS,8.866683959960938
2015-05-28,BIMAS.IS,8.8395414352417
2015-05-29,BIMAS.IS,8.8395414352417
2015-06-01,BIMAS.IS,8.504776000976562
2015-06-02,BIMAS.IS,8.495732307434082
2015-06-03,BIMAS.IS,8.767160415649414
2015-06-04,BIMAS.IS,8.61335277557373
2015-06-05,BIMAS.IS,8.5319185256958
2015-06-08,BIMAS.IS,8.269537925720215
2015-06-09,BIMAS.IS,8.224298477172852
2015-06-10,BIMAS.IS,8.305728912353516
2015-06-11,BIMAS.IS,8.54096794128418
2015-06-12,BIMAS.IS,8.486681938171387
2015-06-15,BIMAS.IS,8.5319185256958
2015-06-16,BIMAS.IS,8.712872505187988
2015-06-17,BIMAS.IS,8.54096794128418
2015-06-18,BIMAS.IS,8.640491485595703
2015-06-19,BIMAS.IS,8.5319185256958
2015-06-22,BIMAS.IS,8.758112907409668
2015-06-23,BIMAS.IS,8.685731887817383
2015-06-24,BIMAS.IS,8.740015983581543
2015-06-25,BIMAS.IS,8.749063491821289
2015-06-26,BIMAS.IS,8.721922874450684
2015-06-29,BIMAS.IS,8.577159881591797
2015-06-30,BIMAS.IS,8.685731887817383
2015-07-01,BIMAS.IS,8.712872505187988
2015-07-02,BIMAS.IS,8.740015983581543
2015-07-03,BIMAS.IS,8.749063491821289
2015-07-06,BIMAS.IS,8.749063491821289
2015-07-07,BIMAS.IS,8.631443977355957
2015-07-08,BIMAS.IS,8.667634963989258
2015-07-09,BIMAS.IS,8.70382308959961
2015-07-10,BIMAS.IS,8.685731887817383
2015-07-13,BIMAS.IS,8.740015983581543
2015-07-14,BIMAS.IS,8.821446418762207
2015-07-15,BIMAS.IS,8.866683959960938
2015-07-16,BIMAS.IS,8.893826484680176
2015-07-17,BIMAS.IS,8.893826484680176
2015-07-20,BIMAS.IS,8.58620548248291
2015-07-21,BIMAS.IS,8.812397003173828
2015-07-22,BIMAS.IS,8.848587036132812
2015-07-23,BIMAS.IS,8.58620548248291
2015-07-24,BIMAS.IS,8.522873878479004
2015-07-27,BIMAS.IS,8.54096794128418
2015-07-28,BIMAS.IS,8.54096794128418
2015-07-29,BIMAS.IS,8.55001163482666
2015-07-30,BIMAS.IS,8.55001163482666
2015-07-31,BIMAS.IS,8.504776000976562
2015-08-03,BIMAS.IS,8.450492858886719
2015-08-04,BIMAS.IS,8.522873878479004
2015-08-05,BIMAS.IS,8.604300498962402
2015-08-06,BIMAS.IS,8.55001163482666
2015-08-07,BIMAS.IS,8.577159881591797
2015-08-10,BIMAS.IS,8.54096794128418
2015-08-11,BIMAS.IS,8.70382308959961
2015-08-12,BIMAS.IS,8.785253524780273
2015-08-13,BIMAS.IS,8.875734329223633
2015-08-14,BIMAS.IS,8.911919593811035
2015-08-17,BIMAS.IS,8.966206550598145
2015-08-18,BIMAS.IS,9.083828926086426
2015-08-19,BIMAS.IS,8.920967102050781
2015-08-20,BIMAS.IS,8.98430347442627
2015-08-21,BIMAS.IS,9.101922035217285
2015-08-24,BIMAS.IS,8.758112907409668
2015-08-25,BIMAS.IS,8.911919593811035
2015-08-26,BIMAS.IS,8.866683959960938
2015-08-27,BIMAS.IS,9.020493507385254
2015-08-28,BIMAS.IS,9.029539108276367
2015-08-31,BIMAS.IS,9.129063606262207
2015-09-01,BIMAS.IS,9.083828926086426
2015-09-02,BIMAS.IS,9.346208572387695
2015-09-03,BIMAS.IS,9.662873268127441
2015-09-04,BIMAS.IS,9.472875595092773
2015-09-07,BIMAS.IS,9.192398071289062
2015-09-08,BIMAS.IS,9.110970497131348
2015-09-09,BIMAS.IS,9.083828926086426
2015-09-10,BIMAS.IS,9.237635612487793
2015-09-11,BIMAS.IS,9.28287410736084
2015-09-14,BIMAS.IS,9.43668270111084
2015-09-15,BIMAS.IS,9.644780158996582
2015-09-16,BIMAS.IS,9.71716022491455
2015-09-17,BIMAS.IS,9.898111343383789
2015-09-18,BIMAS.IS,10.04287338256836
2015-09-21,BIMAS.IS,10.070018768310547
2015-09-22,BIMAS.IS,9.934304237365723
2015-09-23,BIMAS.IS,9.834778785705566
2015-09-24,BIMAS.IS,9.834778785705566
2015-09-25,BIMAS.IS,9.834778785705566
2015-09-28,BIMAS.IS,9.581448554992676
2015-09-29,BIMAS.IS,9.73525619506836
2015-09-30,BIMAS.IS,9.708112716674805
2015-10-01,BIMAS.IS,9.834778785705566
2015-10-02,BIMAS.IS,9.943351745605469
2015-10-05,BIMAS.IS,10.223827362060547
2015-10-06,BIMAS.IS,10.359542846679688
2015-10-07,BIMAS.IS,10.41382884979248
2015-10-08,BIMAS.IS,10.359542846679688
2015-10-09,BIMAS.IS,10.495257377624512
2015-10-12,BIMAS.IS,10.63097095489502
2015-10-13,BIMAS.IS,10.431925773620605
2015-10-14,BIMAS.IS,10.450017929077148
2015-10-15,BIMAS.IS,10.712401390075684
2015-10-16,BIMAS.IS,10.576685905456543
2015-10-19,BIMAS.IS,10.748591423034668
2015-10-20,BIMAS.IS,10.8300199508667
2015-10-21,BIMAS.IS,10.629631996154785
2015-10-22,BIMAS.IS,10.711609840393066
2015-10-23,BIMAS.IS,10.830020904541016
2015-10-26,BIMAS.IS,10.921104431152344
2015-10-27,BIMAS.IS,10.74804401397705
2015-10-28,BIMAS.IS,10.830020904541016
2015-10-29,BIMAS.IS,10.830020904541016
2015-10-30,BIMAS.IS,10.802693367004395
2015-11-02,BIMAS.IS,11.039515495300293
2015-11-03,BIMAS.IS,10.930211067199707
2015-11-04,BIMAS.IS,10.930211067199707
2015-11-05,BIMAS.IS,10.839127540588379
2015-11-06,BIMAS.IS,10.802693367004395
2015-11-09,BIMAS.IS,10.91199779510498
2015-11-10,BIMAS.IS,10.811802864074707
2015-11-11,BIMAS.IS,10.729826927185059
2015-11-12,BIMAS.IS,10.775369644165039
2015-11-13,BIMAS.IS,10.775369644165039
2015-11-16,BIMAS.IS,10.547656059265137
2015-11-17,BIMAS.IS,10.383700370788574
2015-11-18,BIMAS.IS,10.338159561157227
2015-11-19,BIMAS.IS,10.210639953613281
2015-11-20,BIMAS.IS,10.347269058227539
2015-11-23,BIMAS.IS,10.338159561157227
2015-11-24,BIMAS.IS,10.137771606445312
2015-11-25,BIMAS.IS,10.247075080871582
2015-11-26,BIMAS.IS,10.019364356994629
2015-11-27,BIMAS.IS,10.028470039367676
2015-11-30,BIMAS.IS,9.928275108337402
2015-12-01,BIMAS.IS,10.028470039367676
2015-12-02,BIMAS.IS,9.973821640014648
2015-12-03,BIMAS.IS,9.791648864746094
2015-12-04,BIMAS.IS,9.62769603729248
2015-12-07,BIMAS.IS,9.618590354919434
2015-12-08,BIMAS.IS,9.700565338134766
2015-12-09,BIMAS.IS,9.809865951538086
2015-12-10,BIMAS.IS,9.864517211914062
2015-12-11,BIMAS.IS,9.791648864746094
2015-12-14,BIMAS.IS,9.673239707946777
2015-12-15,BIMAS.IS,9.873628616333008
2015-12-16,BIMAS.IS,9.782541275024414
2015-12-17,BIMAS.IS,9.828083992004395
2015-12-18,BIMAS.IS,9.800756454467773
2015-12-21,BIMAS.IS,9.709672927856445
2015-12-22,BIMAS.IS,9.727889060974121
2015-12-23,BIMAS.IS,9.755215644836426
2015-12-24,BIMAS.IS,9.737001419067383
2015-12-25,BIMAS.IS,9.746106147766113
2015-12-28,BIMAS.IS,9.746106147766113
2015-12-29,BIMAS.IS,9.746106147766113
2015-12-30,BIMAS.IS,9.636807441711426
2015-12-31,BIMAS.IS,9.354440689086914
2016-01-01,BIMAS.IS,9.354440689086914
2016-01-04,BIMAS.IS,9.254247665405273
2016-01-05,BIMAS.IS,9.290681838989258
2016-01-06,BIMAS.IS,9.172271728515625
2016-01-07,BIMAS.IS,9.236029624938965
2016-01-08,BIMAS.IS,9.050213813781738
2016-01-11,BIMAS.IS,8.962773323059082
2016-01-12,BIMAS.IS,9.09029483795166
2016-01-13,BIMAS.IS,9.154054641723633
2016-01-14,BIMAS.IS,9.172271728515625
2016-01-15,BIMAS.IS,9.097582817077637
2016-01-18,BIMAS.IS,9.010139465332031
2016-01-19,BIMAS.IS,8.951842308044434
2016-01-20,BIMAS.IS,8.838897705078125
2016-01-21,BIMAS.IS,8.664015769958496
2016-01-22,BIMAS.IS,8.664015769958496
2016-01-25,BIMAS.IS,8.878976821899414
2016-01-26,BIMAS.IS,8.868046760559082
2016-01-27,BIMAS.IS,9.079363822937012
2016-01-28,BIMAS.IS,9.163163185119629
2016-01-29,BIMAS.IS,9.101223945617676
2016-02-01,BIMAS.IS,9.154054641723633
2016-02-02,BIMAS.IS,9.372657775878906
2016-02-03,BIMAS.IS,9.52750301361084
2016-02-04,BIMAS.IS,9.445523262023926
2016-02-05,BIMAS.IS,9.381765365600586
2016-02-08,BIMAS.IS,9.208704948425293
2016-02-09,BIMAS.IS,9.097582817077637
2016-02-10,BIMAS.IS,9.028356552124023
2016-02-11,BIMAS.IS,8.882620811462402
2016-02-12,BIMAS.IS,9.053860664367676
2016-02-15,BIMAS.IS,9.072076797485352
2016-02-16,BIMAS.IS,8.980992317199707
2016-02-17,BIMAS.IS,9.19959545135498
2016-02-18,BIMAS.IS,9.518394470214844
2016-02-19,BIMAS.IS,9.809865951538086
2016-02-22,BIMAS.IS,9.982927322387695
2016-02-23,BIMAS.IS,10.028470039367676
2016-02-24,BIMAS.IS,9.982927322387695
2016-02-25,BIMAS.IS,10.18331527709961
2016-02-26,BIMAS.IS,9.864517211914062
2016-02-29,BIMAS.IS,9.973821640014648
2016-03-01,BIMAS.IS,9.973821640014648
2016-03-02,BIMAS.IS,10.019364356994629
2016-03-03,BIMAS.IS,9.910058975219727
2016-03-04,BIMAS.IS,9.837191581726074
2016-03-07,BIMAS.IS,9.800756454467773
2016-03-08,BIMAS.IS,9.655020713806152
2016-03-09,BIMAS.IS,9.837191581726074
2016-03-10,BIMAS.IS,10.429244041442871
2016-03-11,BIMAS.IS,10.465680122375488
2016-03-14,BIMAS.IS,10.5931978225708
2016-03-15,BIMAS.IS,10.638742446899414
2016-03-16,BIMAS.IS,10.638742446899414
2016-03-17,BIMAS.IS,10.857345581054688
2016-03-18,BIMAS.IS,11.021297454833984
2016-03-21,BIMAS.IS,11.103273391723633
2016-03-22,BIMAS.IS,11.167034149169922
2016-03-23,BIMAS.IS,11.012188911437988
2016-03-24,BIMAS.IS,11.030405044555664
2016-03-25,BIMAS.IS,10.884669303894043
2016-03-28,BIMAS.IS,10.91199779510498
2016-03-29,BIMAS.IS,11.103273391723633
2016-03-30,BIMAS.IS,11.34920597076416
2016-03-31,BIMAS.IS,11.121491432189941
2016-04-01,BIMAS.IS,11.057732582092285
2016-04-04,BIMAS.IS,11.258118629455566
2016-04-05,BIMAS.IS,11.130599021911621
2016-04-06,BIMAS.IS,10.948429107666016
2016-04-07,BIMAS.IS,10.91199779510498
2016-04-08,BIMAS.IS,11.212575912475586
2016-04-11,BIMAS.IS,11.340096473693848
2016-04-12,BIMAS.IS,11.139708518981934
2016-04-13,BIMAS.IS,11.358314514160156
2016-04-14,BIMAS.IS,11.46761703491211
2016-04-15,BIMAS.IS,11.494938850402832
2016-04-18,BIMAS.IS,11.358314514160156
2016-04-19,BIMAS.IS,11.330988883972168
2016-04-20,BIMAS.IS,11.258118629455566
2016-04-21,BIMAS.IS,11.221687316894531
2016-04-22,BIMAS.IS,11.403853416442871
2016-04-25,BIMAS.IS,11.34920597076416
2016-04-26,BIMAS.IS,11.24901008605957
2016-04-27,BIMAS.IS,11.194361686706543
2016-04-28,BIMAS.IS,11.112383842468262
2016-04-29,BIMAS.IS,11.221687316894531
2016-05-02,BIMAS.IS,10.993973731994629
2016-05-03,BIMAS.IS,10.502114295959473
2016-05-04,BIMAS.IS,10.18331527709961
2016-05-05,BIMAS.IS,10.401918411254883
2016-05-06,BIMAS.IS,10.984864234924316
2016-05-09,BIMAS.IS,10.884669303894043
2016-05-10,BIMAS.IS,10.930211067199707
2016-05-11,BIMAS.IS,10.857345581054688
2016-05-12,BIMAS.IS,10.784477233886719
2016-05-13,BIMAS.IS,10.857345581054688
2016-05-16,BIMAS.IS,10.830020904541016
2016-05-17,BIMAS.IS,11.030405044555664
2016-05-18,BIMAS.IS,10.96664810180664
2016-05-19,BIMAS.IS,10.96664810180664
2016-05-20,BIMAS.IS,10.620525360107422
2016-05-23,BIMAS.IS,10.602306365966797
2016-05-24,BIMAS.IS,11.003080368041992
2016-05-25,BIMAS.IS,10.729826927185059
2016-05-26,BIMAS.IS,10.493005752563477
2016-05-27,BIMAS.IS,10.647847175598145
2016-05-30,BIMAS.IS,10.811802864074707
2016-05-31,BIMAS.IS,10.547656059265137
2016-06-01,BIMAS.IS,10.638742446899414
2016-06-02,BIMAS.IS,10.502114295959473
2016-06-03,BIMAS.IS,10.656959533691406
2016-06-06,BIMAS.IS,10.721378326416016
2016-06-07,BIMAS.IS,10.702974319458008
2016-06-08,BIMAS.IS,10.75818920135498
2016-06-09,BIMAS.IS,10.841015815734863
2016-06-10,BIMAS.IS,10.601739883422852
2016-06-13,BIMAS.IS,10.57413101196289
2016-06-14,BIMAS.IS,10.380871772766113
2016-06-15,BIMAS.IS,10.454495429992676
2016-06-16,BIMAS.IS,10.26123332977295
2016-06-17,BIMAS.IS,10.298046112060547
2016-06-20,BIMAS.IS,10.463695526123047
2016-06-21,BIMAS.IS,10.426887512207031
2016-06-22,BIMAS.IS,10.307247161865234
2016-06-23,BIMAS.IS,10.279637336730957
2016-06-24,BIMAS.IS,10.206016540527344
2016-06-27,BIMAS.IS,10.141595840454102
2016-06-28,BIMAS.IS,10.48210334777832
2016-06-29,BIMAS.IS,10.380871772766113
2016-06-30,BIMAS.IS,10.316450119018555
2016-07-01,BIMAS.IS,10.528116226196289
2016-07-04,BIMAS.IS,10.55572509765625
2016-07-05,BIMAS.IS,10.55572509765625
2016-07-06,BIMAS.IS,10.55572509765625
2016-07-07,BIMAS.IS,10.55572509765625
2016-07-08,BIMAS.IS,10.528116226196289
2016-07-11,BIMAS.IS,10.537321090698242
2016-07-12,BIMAS.IS,10.63855266571045
2016-07-13,BIMAS.IS,10.610944747924805
2016-07-14,BIMAS.IS,10.656959533691406
2016-07-15,BIMAS.IS,10.57413101196289
2016-07-18,BIMAS.IS,10.077174186706543
2016-07-19,BIMAS.IS,9.709059715270996
2016-07-20,BIMAS.IS,10.021957397460938
2016-07-21,BIMAS.IS,9.810290336608887
2016-07-22,BIMAS.IS,9.939130783081055
2016-07-25,BIMAS.IS,10.141595840454102
2016-07-26,BIMAS.IS,10.215219497680664
2016-07-27,BIMAS.IS,10.252029418945312
2016-07-28,BIMAS.IS,10.279637336730957
2016-07-29,BIMAS.IS,10.15999984741211
2016-08-01,BIMAS.IS,10.353261947631836
2016-08-02,BIMAS.IS,10.353261947631836
2016-08-03,BIMAS.IS,10.334855079650879
2016-08-04,BIMAS.IS,10.298046112060547
2016-08-05,BIMAS.IS,10.436089515686035
2016-08-08,BIMAS.IS,10.48210334777832
2016-08-09,BIMAS.IS,10.307247161865234
2016-08-10,BIMAS.IS,10.12319278717041
2016-08-11,BIMAS.IS,10.15999984741211
2016-08-12,BIMAS.IS,10.279637336730957
2016-08-15,BIMAS.IS,10.2244234085083
2016-08-16,BIMAS.IS,10.298046112060547
2016-08-17,BIMAS.IS,9.709059715270996
2016-08-18,BIMAS.IS,9.571015357971191
2016-08-19,BIMAS.IS,9.460580825805664
2016-08-22,BIMAS.IS,9.524999618530273
2016-08-23,BIMAS.IS,9.368552207946777
2016-08-24,BIMAS.IS,9.386958122253418
2016-08-25,BIMAS.IS,9.414566040039062
2016-08-26,BIMAS.IS,9.35014533996582
2016-08-29,BIMAS.IS,9.304130554199219
2016-08-30,BIMAS.IS,9.304130554199219
2016-08-31,BIMAS.IS,9.331738471984863
2016-09-01,BIMAS.IS,9.331738471984863
2016-09-02,BIMAS.IS,9.442173957824707
2016-09-05,BIMAS.IS,9.460580825805664
2016-09-06,BIMAS.IS,9.663043022155762
2016-09-07,BIMAS.IS,9.515798568725586
2016-09-08,BIMAS.IS,9.607827186584473
2016-09-09,BIMAS.IS,9.506595611572266
2016-09-12,BIMAS.IS,9.506595611572266
2016-09-13,BIMAS.IS,9.506595611572266
2016-09-14,BIMAS.IS,9.506595611572266
2016-09-15,BIMAS.IS,9.506595611572266
2016-09-16,BIMAS.IS,9.202899932861328
2016-09-19,BIMAS.IS,9.359350204467773
2016-09-20,BIMAS.IS,9.27652359008789
2016-09-21,BIMAS.IS,9.386958122253418
2016-09-22,BIMAS.IS,9.63543701171875
2016-09-23,BIMAS.IS,9.690653800964355
2016-09-26,BIMAS.IS,9.497390747070312
2016-09-27,BIMAS.IS,9.43297290802002
2016-09-28,BIMAS.IS,9.331738471984863
2016-09-29,BIMAS.IS,9.258115768432617
2016-09-30,BIMAS.IS,9.212103843688965
2016-10-03,BIMAS.IS,9.24891471862793
2016-10-04,BIMAS.IS,9.26732063293457
2016-10-05,BIMAS.IS,9.35014533996582
2016-10-06,BIMAS.IS,9.24891471862793
2016-10-07,BIMAS.IS,9.285725593566895
2016-10-10,BIMAS.IS,9.258115768432617
2016-10-11,BIMAS.IS,9.35014533996582
2016-10-12,BIMAS.IS,9.221305847167969
2016-10-13,BIMAS.IS,9.162407875061035
2016-10-14,BIMAS.IS,9.188177108764648
2016-10-17,BIMAS.IS,9.173450469970703
2016-10-18,BIMAS.IS,9.258115768432617
2016-10-19,BIMAS.IS,9.35014533996582
2016-10-20,BIMAS.IS,9.414566040039062
2016-10-21,BIMAS.IS,9.386958122253418
2016-10-24,BIMAS.IS,9.460580825805664
2016-10-25,BIMAS.IS,9.442173957824707
2016-10-26,BIMAS.IS,9.460580825805664
2016-10-27,BIMAS.IS,9.43297290802002
2016-10-28,BIMAS.IS,9.27652359008789
2016-10-31,BIMAS.IS,9.27652359008789
2016-11-01,BIMAS.IS,9.136639595031738
2016-11-02,BIMAS.IS,8.970987319946289
2016-11-03,BIMAS.IS,8.875277519226074
2016-11-04,BIMAS.IS,8.742753028869629
2016-11-07,BIMAS.IS,9.16687297821045
2016-11-08,BIMAS.IS,9.421712875366211
2016-11-09,BIMAS.IS,9.3659086227417
2016-11-10,BIMAS.IS,9.533323287963867
2016-11-11,BIMAS.IS,9.170592308044434
2016-11-14,BIMAS.IS,9.107345581054688
2016-11-15,BIMAS.IS,9.044100761413574
2016-11-16,BIMAS.IS,9.11850643157959
2016-11-17,BIMAS.IS,9.16687297821045
2016-11-18,BIMAS.IS,9.114789009094238
2016-11-21,BIMAS.IS,9.099905014038086
2016-11-22,BIMAS.IS,9.025498390197754
2016-11-23,BIMAS.IS,9.073862075805664
2016-11-24,BIMAS.IS,9.00689697265625
2016-11-25,BIMAS.IS,8.932490348815918
2016-11-28,BIMAS.IS,9.029220581054688
2016-11-29,BIMAS.IS,8.91388988494873
2016-11-30,BIMAS.IS,8.965972900390625
2016-12-01,BIMAS.IS,8.731593132019043
2016-12-02,BIMAS.IS,8.8506441116333
2016-12-05,BIMAS.IS,8.858083724975586
2016-12-06,BIMAS.IS,8.921330451965332
2016-12-07,BIMAS.IS,9.018059730529785
2016-12-08,BIMAS.IS,8.962255477905273
2016-12-09,BIMAS.IS,8.928770065307617
2016-12-12,BIMAS.IS,8.925050735473633
2016-12-13,BIMAS.IS,9.114789009094238
2016-12-14,BIMAS.IS,9.297080993652344
2016-12-15,BIMAS.IS,9.32870864868164
2016-12-16,BIMAS.IS,9.347307205200195
2016-12-19,BIMAS.IS,9.185473442077637
2016-12-20,BIMAS.IS,9.178032875061035
2016-12-21,BIMAS.IS,9.081302642822266
2016-12-22,BIMAS.IS,9.051541328430176
2016-12-23,BIMAS.IS,8.995736122131348
2016-12-26,BIMAS.IS,8.999457359313965
2016-12-27,BIMAS.IS,8.977134704589844
2016-12-28,BIMAS.IS,9.085023880004883
2016-12-29,BIMAS.IS,9.192914962768555
2016-12-30,BIMAS.IS,9.114789009094238
2017-01-02,BIMAS.IS,9.058981895446777
2017-01-03,BIMAS.IS,9.01061725616455
2017-01-04,BIMAS.IS,9.103625297546387
2017-01-05,BIMAS.IS,9.085023880004883
2017-01-06,BIMAS.IS,9.044100761413574
2017-01-09,BIMAS.IS,8.988295555114746
2017-01-10,BIMAS.IS,8.973414421081543
2017-01-11,BIMAS.IS,9.148268699645996
2017-01-12,BIMAS.IS,9.598426818847656
2017-01-13,BIMAS.IS,9.830947875976562
2017-01-16,BIMAS.IS,9.793745040893555
2017-01-17,BIMAS.IS,9.682133674621582
2017-01-18,BIMAS.IS,9.784444808959961
2017-01-19,BIMAS.IS,9.87745475769043
2017-01-20,BIMAS.IS,10.11927318572998
2017-01-23,BIMAS.IS,9.989063262939453
2017-01-24,BIMAS.IS,10.072770118713379
2017-01-25,BIMAS.IS,9.905355453491211
2017-01-26,BIMAS.IS,9.858850479125977
2017-01-27,BIMAS.IS,9.821647644042969
2017-01-30,BIMAS.IS,9.989063262939453
2017-01-31,BIMAS.IS,10.016963958740234
2017-02-01,BIMAS.IS,9.812347412109375
2017-02-02,BIMAS.IS,9.87745475769043
2017-02-03,BIMAS.IS,9.886754035949707
2017-02-06,BIMAS.IS,9.765841484069824
2017-02-07,BIMAS.IS,9.765841484069824
2017-02-08,BIMAS.IS,9.765841484069824
2017-02-09,BIMAS.IS,9.728639602661133
2017-02-10,BIMAS.IS,9.598426818847656
2017-02-13,BIMAS.IS,9.607728958129883
2017-02-14,BIMAS.IS,9.486820220947266
2017-02-15,BIMAS.IS,9.840250015258789
2017-02-16,BIMAS.IS,9.942558288574219
2017-02-17,BIMAS.IS,9.951860427856445
2017-02-20,BIMAS.IS,9.858850479125977
2017-02-21,BIMAS.IS,9.868151664733887
2017-02-22,BIMAS.IS,9.942558288574219
2017-02-23,BIMAS.IS,9.989063262939453
2017-02-24,BIMAS.IS,9.756542205810547
2017-02-27,BIMAS.IS,9.644932746887207
2017-02-28,BIMAS.IS,9.74724292755127
2017-03-01,BIMAS.IS,9.803046226501465
2017-03-02,BIMAS.IS,9.821647644042969
2017-03-03,BIMAS.IS,9.719340324401855
2017-03-06,BIMAS.IS,9.951860427856445
2017-03-07,BIMAS.IS,10.519207000732422
2017-03-08,BIMAS.IS,10.733126640319824
2017-03-09,BIMAS.IS,10.565711975097656
2017-03-10,BIMAS.IS,10.388996124267578
2017-03-13,BIMAS.IS,10.342494010925293
2017-03-14,BIMAS.IS,10.361093521118164
2017-03-15,BIMAS.IS,10.286688804626465
2017-03-16,BIMAS.IS,10.314590454101562
2017-03-17,BIMAS.IS,10.342494010925293
2017-03-20,BIMAS.IS,10.482004165649414
2017-03-21,BIMAS.IS,10.509906768798828
2017-03-22,BIMAS.IS,10.333191871643066
2017-03-23,BIMAS.IS,10.519207000732422
2017-03-24,BIMAS.IS,10.658719062805176
2017-03-27,BIMAS.IS,10.714524269104004
2017-03-28,BIMAS.IS,10.630817413330078
2017-03-29,BIMAS.IS,10.630817413330078
2017-03-30,BIMAS.IS,10.602914810180664
2017-03-31,BIMAS.IS,10.398297309875488
2017-04-03,BIMAS.IS,10.416898727416992
2017-04-04,BIMAS.IS,10.407598495483398
2017-04-05,BIMAS.IS,10.407598495483398
2017-04-06,BIMAS.IS,10.416898727416992
2017-04-07,BIMAS.IS,10.435498237609863
2017-04-10,BIMAS.IS,10.49130630493164
2017-04-11,BIMAS.IS,10.565711975097656
2017-04-12,BIMAS.IS,10.58431339263916
2017-04-13,BIMAS.IS,10.528508186340332
2017-04-14,BIMAS.IS,10.49130630493164
2017-04-17,BIMAS.IS,10.388996124267578
2017-04-18,BIMAS.IS,10.407598495483398
2017-04-19,BIMAS.IS,10.379695892333984
2017-04-20,BIMAS.IS,10.333191871643066
2017-04-21,BIMAS.IS,10.46340274810791
2017-04-24,BIMAS.IS,10.519207000732422
2017-04-25,BIMAS.IS,10.788931846618652
2017-04-26,BIMAS.IS,10.658719062805176
2017-04-27,BIMAS.IS,10.705224990844727
2017-04-28,BIMAS.IS,10.798232078552246
2017-05-01,BIMAS.IS,10.798232078552246
2017-05-02,BIMAS.IS,10.714524269104004
2017-05-03,BIMAS.IS,10.686622619628906
2017-05-04,BIMAS.IS,10.714524269104004
2017-05-05,BIMAS.IS,10.677321434020996
2017-05-08,BIMAS.IS,10.658719062805176
2017-05-09,BIMAS.IS,11.16096305847168
2017-05-10,BIMAS.IS,11.709711074829102
2017-05-11,BIMAS.IS,11.746915817260742
2017-05-12,BIMAS.IS,11.774816513061523
2017-05-15,BIMAS.IS,11.923627853393555
2017-05-16,BIMAS.IS,11.905028343200684
2017-05-17,BIMAS.IS,11.65390682220459
2017-05-18,BIMAS.IS,11.672508239746094
2017-05-19,BIMAS.IS,11.672508239746094
2017-05-22,BIMAS.IS,11.774816513061523
2017-05-23,BIMAS.IS,11.87712574005127
2017-05-24,BIMAS.IS,11.626006126403809
2017-05-25,BIMAS.IS,11.746915817260742
2017-05-26,BIMAS.IS,11.793418884277344
2017-05-29,BIMAS.IS,11.76551628112793
2017-05-30,BIMAS.IS,11.830621719360352
2017-05-31,BIMAS.IS,11.672508239746094
2017-06-01,BIMAS.IS,11.87712574005127
2017-06-02,BIMAS.IS,12.14684772491455
2017-06-05,BIMAS.IS,12.025938987731934
2017-06-06,BIMAS.IS,11.942231178283691
2017-06-07,BIMAS.IS,11.791303634643555
2017-06-08,BIMAS.IS,11.99882984161377
2017-06-09,BIMAS.IS,12.00826358795166
2017-06-12,BIMAS.IS,12.093159675598145
2017-06-13,BIMAS.IS,12.178058624267578
2017-06-14,BIMAS.IS,12.262954711914062
2017-06-15,BIMAS.IS,12.262954711914062
2017-06-16,BIMAS.IS,12.102594375610352
2017-06-19,BIMAS.IS,12.11202621459961
2017-06-20,BIMAS.IS,12.215790748596191
2017-06-21,BIMAS.IS,12.121459007263184
2017-06-22,BIMAS.IS,12.272387504577637
2017-06-23,BIMAS.IS,12.281818389892578
2017-06-26,BIMAS.IS,12.281818389892578
2017-06-27,BIMAS.IS,12.281818389892578
2017-06-28,BIMAS.IS,12.225221633911133
2017-06-29,BIMAS.IS,12.168623924255371
2017-06-30,BIMAS.IS,12.310120582580566
2017-07-03,BIMAS.IS,12.206357955932617
2017-07-04,BIMAS.IS,12.149758338928223
2017-07-05,BIMAS.IS,12.253519058227539
2017-07-06,BIMAS.IS,12.328987121582031
2017-07-07,BIMAS.IS,12.149758338928223
2017-07-10,BIMAS.IS,12.093159675598145
2017-07-11,BIMAS.IS,12.196924209594727
2017-07-12,BIMAS.IS,12.404447555541992
2017-07-13,BIMAS.IS,12.451616287231445
2017-07-14,BIMAS.IS,12.753471374511719
2017-07-17,BIMAS.IS,12.762907028198242
2017-07-18,BIMAS.IS,12.734607696533203
2017-07-19,BIMAS.IS,12.99873161315918
2017-07-20,BIMAS.IS,12.932703018188477
2017-07-21,BIMAS.IS,12.9610013961792
2017-07-24,BIMAS.IS,12.876099586486816
2017-07-25,BIMAS.IS,12.885534286499023
2017-07-26,BIMAS.IS,12.838370323181152
2017-07-27,BIMAS.IS,12.942131996154785
2017-07-28,BIMAS.IS,12.951563835144043
2017-07-31,BIMAS.IS,12.942131996154785
2017-08-01,BIMAS.IS,13.074197769165039
2017-08-02,BIMAS.IS,13.168525695800781
2017-08-03,BIMAS.IS,12.979867935180664
2017-08-04,BIMAS.IS,13.187393188476562
2017-08-07,BIMAS.IS,13.291154861450195
2017-08-08,BIMAS.IS,12.951563835144043
2017-08-09,BIMAS.IS,12.92326831817627
2017-08-10,BIMAS.IS,12.885534286499023
2017-08-11,BIMAS.IS,12.810070991516113
2017-08-14,BIMAS.IS,12.781770706176758
2017-08-15,BIMAS.IS,13.338319778442383
2017-08-16,BIMAS.IS,13.234556198120117
2017-08-17,BIMAS.IS,13.300591468811035
2017-08-18,BIMAS.IS,13.979768753051758
2017-08-21,BIMAS.IS,13.970335960388184
2017-08-22,BIMAS.IS,13.979768753051758
2017-08-23,BIMAS.IS,14.149561882019043
2017-08-24,BIMAS.IS,13.970335960388184
2017-08-25,BIMAS.IS,14.300492286682129
2017-08-28,BIMAS.IS,14.30992603302002
2017-08-29,BIMAS.IS,14.423121452331543
2017-08-30,BIMAS.IS,14.423121452331543
2017-08-31,BIMAS.IS,14.432552337646484
2017-09-01,BIMAS.IS,14.432552337646484
2017-09-04,BIMAS.IS,14.432552337646484
2017-09-05,BIMAS.IS,14.328788757324219
2017-09-06,BIMAS.IS,14.602349281311035
2017-09-07,BIMAS.IS,14.724976539611816
2017-09-08,BIMAS.IS,14.328788757324219
2017-09-11,BIMAS.IS,14.300492286682129
2017-09-12,BIMAS.IS,14.196725845336914
2017-09-13,BIMAS.IS,14.196725845336914
2017-09-14,BIMAS.IS,14.036365509033203
2017-09-15,BIMAS.IS,13.960901260375977
2017-09-18,BIMAS.IS,14.22502613067627
2017-09-19,BIMAS.IS,14.215593338012695
2017-09-20,BIMAS.IS,14.338223457336426
2017-09-21,BIMAS.IS,14.243891716003418
2017-09-22,BIMAS.IS,14.45141887664795
2017-09-25,BIMAS.IS,14.300492286682129
2017-09-26,BIMAS.IS,14.026934623718262
2017-09-27,BIMAS.IS,13.819405555725098
2017-09-28,BIMAS.IS,13.932600021362305
2017-09-29,BIMAS.IS,14.008069038391113
2017-10-02,BIMAS.IS,14.083532333374023
2017-10-03,BIMAS.IS,13.9891996383667
2017-10-04,BIMAS.IS,13.970335960388184
2017-10-05,BIMAS.IS,13.88543701171875
2017-10-06,BIMAS.IS,13.819405555725098
2017-10-09,BIMAS.IS,13.526982307434082
2017-10-10,BIMAS.IS,13.593013763427734
2017-10-11,BIMAS.IS,14.036365509033203
2017-10-12,BIMAS.IS,14.22502613067627
2017-10-13,BIMAS.IS,14.328788757324219
2017-10-16,BIMAS.IS,14.291059494018555
2017-10-17,BIMAS.IS,14.375955581665039
2017-10-18,BIMAS.IS,14.58348274230957
2017-10-19,BIMAS.IS,14.319356918334961
2017-10-20,BIMAS.IS,14.545751571655273
2017-10-23,BIMAS.IS,14.545751571655273
2017-10-24,BIMAS.IS,14.262762069702148
2017-10-25,BIMAS.IS,14.394821166992188
2017-10-26,BIMAS.IS,14.460856437683105
2017-10-27,BIMAS.IS,14.49858570098877
2017-10-30,BIMAS.IS,14.62121295928955
2017-10-31,BIMAS.IS,14.592917442321777
2017-11-01,BIMAS.IS,15.073999404907227
2017-11-02,BIMAS.IS,15.055135726928711
2017-11-03,BIMAS.IS,15.007969856262207
2017-11-06,BIMAS.IS,15.0834379196167
2017-11-07,BIMAS.IS,15.34755802154541
2017-11-08,BIMAS.IS,15.442593574523926
2017-11-09,BIMAS.IS,15.119484901428223
2017-11-10,BIMAS.IS,14.967434883117676
2017-11-13,BIMAS.IS,14.929424285888672
2017-11-14,BIMAS.IS,14.853399276733398
2017-11-15,BIMAS.IS,14.634821891784668
2017-11-16,BIMAS.IS,14.644326210021973
2017-11-17,BIMAS.IS,14.682341575622559
2017-11-20,BIMAS.IS,14.397247314453125
2017-11-21,BIMAS.IS,14.349729537963867
2017-11-22,BIMAS.IS,14.169172286987305
2017-11-23,BIMAS.IS,14.188178062438965
2017-11-24,BIMAS.IS,14.007616996765137
2017-11-27,BIMAS.IS,13.874574661254883
2017-11-28,BIMAS.IS,13.91258716583252
2017-11-29,BIMAS.IS,13.732027053833008
2017-11-30,BIMAS.IS,13.751033782958984
2017-12-01,BIMAS.IS,13.998112678527832
2017-12-04,BIMAS.IS,13.846067428588867
2017-12-05,BIMAS.IS,13.836563110351562
2017-12-06,BIMAS.IS,13.91258716583252
2017-12-07,BIMAS.IS,13.79854965209961
2017-12-08,BIMAS.IS,14.007616996765137
2017-12-11,BIMAS.IS,13.865071296691895
2017-12-12,BIMAS.IS,14.197677612304688
2017-12-13,BIMAS.IS,14.140661239624023
2017-12-14,BIMAS.IS,14.359234809875488
2017-12-15,BIMAS.IS,14.302215576171875
2017-12-18,BIMAS.IS,14.235690116882324
2017-12-19,BIMAS.IS,14.235690116882324
2017-12-20,BIMAS.IS,14.045629501342773
2017-12-21,BIMAS.IS,14.653827667236328
2017-12-22,BIMAS.IS,14.492276191711426
2017-12-25,BIMAS.IS,14.691842079162598
2017-12-26,BIMAS.IS,14.853399276733398
2017-12-27,BIMAS.IS,14.644326210021973
2017-12-28,BIMAS.IS,14.786876678466797
2017-12-29,BIMAS.IS,14.84389591217041
2018-01-01,BIMAS.IS,14.84389591217041
2018-01-02,BIMAS.IS,15.157493591308594
2018-01-03,BIMAS.IS,14.672837257385254
2018-01-04,BIMAS.IS,14.444764137268066
2018-01-05,BIMAS.IS,14.568304061889648
2018-01-08,BIMAS.IS,14.444764137268066
2018-01-09,BIMAS.IS,14.482773780822754
2018-01-10,BIMAS.IS,14.444764137268066
2018-01-11,BIMAS.IS,14.378242492675781
2018-01-12,BIMAS.IS,14.33072566986084
2018-01-15,BIMAS.IS,14.42575454711914
2018-01-16,BIMAS.IS,14.473270416259766
2018-01-17,BIMAS.IS,14.644326210021973
2018-01-18,BIMAS.IS,14.691842079162598
2018-01-19,BIMAS.IS,14.397247314453125
2018-01-22,BIMAS.IS,14.359234809875488
2018-01-23,BIMAS.IS,14.53028678894043
2018-01-24,BIMAS.IS,14.52078628540039
2018-01-25,BIMAS.IS,14.444764137268066
2018-01-26,BIMAS.IS,14.577802658081055
2018-01-29,BIMAS.IS,14.444764137268066
2018-01-30,BIMAS.IS,14.387741088867188
2018-01-31,BIMAS.IS,14.283210754394531
2018-02-01,BIMAS.IS,14.292712211608887
2018-02-02,BIMAS.IS,14.064635276794434
2018-02-05,BIMAS.IS,14.112153053283691
2018-02-06,BIMAS.IS,13.751033782958984
2018-02-07,BIMAS.IS,13.684510231018066
2018-02-08,BIMAS.IS,13.751033782958984
2018-02-09,BIMAS.IS,13.494447708129883
2018-02-12,BIMAS.IS,13.51345443725586
2018-02-13,BIMAS.IS,13.65600299835205
2018-02-14,BIMAS.IS,13.694013595581055
2018-02-15,BIMAS.IS,13.81755542755127
2018-02-16,BIMAS.IS,13.960099220275879
2018-02-19,BIMAS.IS,14.074142456054688
2018-02-20,BIMAS.IS,14.02662467956543
2018-02-21,BIMAS.IS,14.074142456054688
2018-02-22,BIMAS.IS,13.931589126586914
2018-02-23,BIMAS.IS,13.893580436706543
2018-02-26,BIMAS.IS,14.292712211608887
2018-02-27,BIMAS.IS,14.349729537963867
2018-02-28,BIMAS.IS,14.33072566986084
2018-03-01,BIMAS.IS,13.779544830322266
2018-03-02,BIMAS.IS,13.884078025817871
2018-03-05,BIMAS.IS,14.159669876098633
2018-03-06,BIMAS.IS,13.988611221313477
2018-03-07,BIMAS.IS,13.884078025817871
2018-03-08,BIMAS.IS,14.235690116882324
2018-03-09,BIMAS.IS,14.796380996704102
2018-03-12,BIMAS.IS,14.587309837341309
2018-03-13,BIMAS.IS,14.634821891784668
2018-03-14,BIMAS.IS,14.340228080749512
2018-03-15,BIMAS.IS,14.378242492675781
2018-03-16,BIMAS.IS,14.397247314453125
2018-03-19,BIMAS.IS,14.387741088867188
2018-03-20,BIMAS.IS,14.121654510498047
2018-03-21,BIMAS.IS,14.207183837890625
2018-03-22,BIMAS.IS,14.10264778137207
2018-03-23,BIMAS.IS,13.79854965209961
2018-03-26,BIMAS.IS,13.789047241210938
2018-03-27,BIMAS.IS,13.741531372070312
2018-03-28,BIMAS.IS,13.665505409240723
2018-03-29,BIMAS.IS,13.57997989654541
2018-03-30,BIMAS.IS,13.665505409240723
2018-04-02,BIMAS.IS,13.65600299835205
2018-04-03,BIMAS.IS,13.570473670959473
2018-04-04,BIMAS.IS,13.532459259033203
2018-04-05,BIMAS.IS,13.560968399047852
2018-04-06,BIMAS.IS,13.51345443725586
2018-04-09,BIMAS.IS,13.522956848144531
2018-04-10,BIMAS.IS,13.456436157226562
2018-04-11,BIMAS.IS,13.35190200805664
2018-04-12,BIMAS.IS,13.35190200805664
2018-04-13,BIMAS.IS,13.332895278930664
2018-04-16,BIMAS.IS,13.399415016174316
2018-04-17,BIMAS.IS,13.475441932678223
2018-04-18,BIMAS.IS,13.465938568115234
2018-04-19,BIMAS.IS,13.399415016174316
2018-04-20,BIMAS.IS,13.370905876159668
2018-04-23,BIMAS.IS,13.370905876159668
2018-04-24,BIMAS.IS,13.532459259033203
2018-04-25,BIMAS.IS,13.789047241210938
2018-04-26,BIMAS.IS,13.722522735595703
2018-04-27,BIMAS.IS,13.51345443725586
2018-04-30,BIMAS.IS,13.114322662353516
2018-05-01,BIMAS.IS,13.114322662353516
2018-05-02,BIMAS.IS,13.114322662353516
2018-05-03,BIMAS.IS,13.123828887939453
2018-05-04,BIMAS.IS,12.962272644042969
2018-05-07,BIMAS.IS,12.9907808303833
2018-05-08,BIMAS.IS,13.047800064086914
2018-05-09,BIMAS.IS,13.152334213256836
2018-05-10,BIMAS.IS,13.076312065124512
2018-05-11,BIMAS.IS,13.16183853149414
2018-05-14,BIMAS.IS,13.000285148620605
2018-05-15,BIMAS.IS,12.87674331665039
2018-05-16,BIMAS.IS,13.370905876159668
2018-05-17,BIMAS.IS,13.57997989654541
2018-05-18,BIMAS.IS,13.522956848144531
2018-05-21,BIMAS.IS,13.494447708129883
2018-05-22,BIMAS.IS,13.522956848144531
2018-05-23,BIMAS.IS,13.304387092590332
2018-05-24,BIMAS.IS,13.38040828704834
2018-05-25,BIMAS.IS,13.465938568115234
2018-05-28,BIMAS.IS,13.76053524017334
2018-05-29,BIMAS.IS,13.570473670959473
2018-05-30,BIMAS.IS,13.247365951538086
2018-05-31,BIMAS.IS,13.218853950500488
2018-06-01,BIMAS.IS,12.962272644042969
2018-06-04,BIMAS.IS,12.86723804473877
2018-06-05,BIMAS.IS,12.639165878295898
2018-06-06,BIMAS.IS,12.60051441192627
2018-06-07,BIMAS.IS,13.04500961303711
2018-06-08,BIMAS.IS,12.79377269744873
2018-06-11,BIMAS.IS,12.938718795776367
2018-06-12,BIMAS.IS,12.764785766601562
2018-06-13,BIMAS.IS,12.523211479187012
2018-06-14,BIMAS.IS,13.315574645996094
2018-06-15,BIMAS.IS,13.315574645996094
2018-06-18,BIMAS.IS,12.648829460144043
2018-06-19,BIMAS.IS,12.552197456359863
2018-06-20,BIMAS.IS,12.30096435546875
2018-06-21,BIMAS.IS,12.542537689208984
2018-06-22,BIMAS.IS,13.083661079406738
2018-06-25,BIMAS.IS,12.88074016571045
2018-06-26,BIMAS.IS,12.755123138427734
2018-06-27,BIMAS.IS,12.851751327514648
2018-06-28,BIMAS.IS,13.131978034973145
2018-06-29,BIMAS.IS,12.996695518493652
2018-07-02,BIMAS.IS,12.79377269744873
2018-07-03,BIMAS.IS,12.87108039855957
2018-07-04,BIMAS.IS,13.334897994995117
2018-07-05,BIMAS.IS,13.595799446105957
2018-07-06,BIMAS.IS,13.450855255126953
2018-07-09,BIMAS.IS,13.180291175842285
2018-07-10,BIMAS.IS,13.035347938537598
2018-07-11,BIMAS.IS,12.929054260253906
2018-07-12,BIMAS.IS,12.619841575622559
2018-07-13,BIMAS.IS,12.735796928405762
2018-07-16,BIMAS.IS,12.82276439666748
2018-07-17,BIMAS.IS,12.958046913146973
2018-07-18,BIMAS.IS,13.412205696105957
2018-07-19,BIMAS.IS,13.982321739196777
2018-07-20,BIMAS.IS,14.078949928283691
2018-07-23,BIMAS.IS,13.924342155456543
2018-07-24,BIMAS.IS,13.64411735534668
2018-07-25,BIMAS.IS,13.624788284301758
2018-07-26,BIMAS.IS,13.460521697998047
2018-07-27,BIMAS.IS,13.52816104888916
2018-07-30,BIMAS.IS,13.52816104888916
2018-07-31,BIMAS.IS,13.702095031738281
2018-08-01,BIMAS.IS,13.489507675170898
2018-08-02,BIMAS.IS,13.412205696105957
2018-08-03,BIMAS.IS,13.315574645996094
2018-08-06,BIMAS.IS,13.38321590423584
2018-08-07,BIMAS.IS,13.508835792541504
2018-08-08,BIMAS.IS,13.508835792541504
2018-08-09,BIMAS.IS,13.847036361694336
2018-08-10,BIMAS.IS,13.470181465148926
2018-08-13,BIMAS.IS,13.199621200561523
2018-08-14,BIMAS.IS,12.784111022949219
2018-08-15,BIMAS.IS,12.658492088317871
2018-08-16,BIMAS.IS,12.67781925201416
2018-08-17,BIMAS.IS,12.687480926513672
2018-08-20,BIMAS.IS,12.6971435546875
2018-08-21,BIMAS.IS,12.6971435546875
2018-08-22,BIMAS.IS,12.6971435546875
2018-08-23,BIMAS.IS,12.6971435546875
2018-08-24,BIMAS.IS,12.6971435546875
2018-08-27,BIMAS.IS,12.929054260253906
2018-08-28,BIMAS.IS,13.537826538085938
2018-08-29,BIMAS.IS,13.895353317260742
2018-08-30,BIMAS.IS,13.895353317260742
2018-08-31,BIMAS.IS,14.020974159240723
2018-09-03,BIMAS.IS,14.204567909240723
2018-09-04,BIMAS.IS,13.972655296325684
2018-09-05,BIMAS.IS,13.905014038085938
2018-09-06,BIMAS.IS,14.030635833740234
2018-09-07,BIMAS.IS,14.088613510131836
2018-09-10,BIMAS.IS,14.146592140197754
2018-09-11,BIMAS.IS,14.175575256347656
2018-09-12,BIMAS.IS,14.465470314025879
2018-09-13,BIMAS.IS,14.794008255004883
2018-09-14,BIMAS.IS,14.610411643981934
2018-09-17,BIMAS.IS,14.977607727050781
2018-09-18,BIMAS.IS,14.987268447875977
2018-09-19,BIMAS.IS,14.832658767700195
2018-09-20,BIMAS.IS,15.335135459899902
2018-09-21,BIMAS.IS,15.499407768249512
2018-09-24,BIMAS.IS,15.257832527160645
2018-09-25,BIMAS.IS,15.238504409790039
2018-09-26,BIMAS.IS,15.422101974487305
2018-09-27,BIMAS.IS,15.876263618469238
2018-09-28,BIMAS.IS,15.683003425598145
2018-10-01,BIMAS.IS,15.711994171142578
2018-10-02,BIMAS.IS,15.586373329162598
2018-10-03,BIMAS.IS,15.750642776489258
2018-10-04,BIMAS.IS,16.030872344970703
2018-10-05,BIMAS.IS,15.625022888183594
2018-10-08,BIMAS.IS,15.480081558227539
2018-10-09,BIMAS.IS,15.451089859008789
2018-10-10,BIMAS.IS,15.0935640335083
2018-10-11,BIMAS.IS,15.46075439453125
2018-10-12,BIMAS.IS,15.46075439453125
2018-10-15,BIMAS.IS,15.306148529052734
2018-10-16,BIMAS.IS,15.441428184509277
2018-10-17,BIMAS.IS,15.46075439453125
2018-10-18,BIMAS.IS,15.267495155334473
2018-10-19,BIMAS.IS,15.451089859008789
2018-10-22,BIMAS.IS,15.557382583618164
2018-10-23,BIMAS.IS,15.615362167358398
2018-10-24,BIMAS.IS,15.847273826599121
2018-10-25,BIMAS.IS,16.02120018005371
2018-10-26,BIMAS.IS,15.441428184509277
2018-10-29,BIMAS.IS,15.441428184509277
2018-10-30,BIMAS.IS,15.441428184509277
2018-10-31,BIMAS.IS,15.190191268920898
2018-11-01,BIMAS.IS,15.431764602661133
2018-11-02,BIMAS.IS,15.402775764465332
2018-11-05,BIMAS.IS,15.373790740966797
2018-11-06,BIMAS.IS,15.364123344421387
2018-11-07,BIMAS.IS,15.403165817260742
2018-11-08,BIMAS.IS,15.168896675109863
2018-11-09,BIMAS.IS,15.032244682312012
2018-11-12,BIMAS.IS,15.949799537658691
2018-11-13,BIMAS.IS,15.803376197814941
2018-11-14,BIMAS.IS,15.686243057250977
2018-11-15,BIMAS.IS,16.301198959350586
2018-11-16,BIMAS.IS,16.203588485717773
2018-11-19,BIMAS.IS,16.19382667541504
2018-11-20,BIMAS.IS,16.00836753845215
2018-11-21,BIMAS.IS,16.203588485717773
2018-11-22,BIMAS.IS,16.24262809753418
2018-11-23,BIMAS.IS,16.02788543701172
2018-11-26,BIMAS.IS,16.115737915039062
2018-11-27,BIMAS.IS,16.203588485717773
2018-11-28,BIMAS.IS,16.203588485717773
2018-11-29,BIMAS.IS,16.418331146240234
2018-11-30,BIMAS.IS,16.38905143737793
2018-12-03,BIMAS.IS,16.086450576782227
2018-12-04,BIMAS.IS,16.27191162109375
2018-12-05,BIMAS.IS,16.34024429321289
2018-12-06,BIMAS.IS,16.418331146240234
2018-12-07,BIMAS.IS,16.39881134033203
2018-12-10,BIMAS.IS,16.476903915405273
2018-12-11,BIMAS.IS,16.92591667175293
2018-12-12,BIMAS.IS,17.179702758789062
2018-12-13,BIMAS.IS,17.277318954467773
2018-12-14,BIMAS.IS,17.01376724243164
2018-12-17,BIMAS.IS,16.906389236450195
2018-12-18,BIMAS.IS,17.07233238220215
2018-12-19,BIMAS.IS,17.082094192504883
2018-12-20,BIMAS.IS,17.091856002807617
2018-12-21,BIMAS.IS,17.111377716064453
2018-12-24,BIMAS.IS,16.984481811523438
2018-12-25,BIMAS.IS,16.691648483276367
2018-12-26,BIMAS.IS,16.56475067138672
2018-12-27,BIMAS.IS,17.004005432128906
2018-12-28,BIMAS.IS,16.613557815551758
2018-12-31,BIMAS.IS,16.857582092285156
2019-01-01,BIMAS.IS,16.857582092285156
2019-01-02,BIMAS.IS,16.418331146240234
2019-01-03,BIMAS.IS,16.789260864257812
2019-01-04,BIMAS.IS,16.86734962463379
2019-01-07,BIMAS.IS,16.91615867614746
2019-01-08,BIMAS.IS,17.14066505432129
2019-01-09,BIMAS.IS,17.394453048706055
2019-01-10,BIMAS.IS,17.511585235595703
2019-01-11,BIMAS.IS,17.550628662109375
2019-01-14,BIMAS.IS,17.36516571044922
2019-01-15,BIMAS.IS,17.277318954467773
2019-01-16,BIMAS.IS,17.453022003173828
2019-01-17,BIMAS.IS,17.94108009338379
2019-01-18,BIMAS.IS,18.233915328979492
2019-01-21,BIMAS.IS,17.86298942565918
2019-01-22,BIMAS.IS,17.765377044677734
2019-01-23,BIMAS.IS,18.01917266845703
2019-01-24,BIMAS.IS,18.175350189208984
2019-01-25,BIMAS.IS,18.01917266845703
2019-01-28,BIMAS.IS,18.14606285095215
2019-01-29,BIMAS.IS,18.233915328979492
2019-01-30,BIMAS.IS,17.687292098999023
2019-01-31,BIMAS.IS,17.65800666809082
2019-02-01,BIMAS.IS,17.706809997558594
2019-02-04,BIMAS.IS,17.677532196044922
2019-02-05,BIMAS.IS,18.077739715576172
2019-02-06,BIMAS.IS,18.243677139282227
2019-02-07,BIMAS.IS,18.00940704345703
2019-02-08,BIMAS.IS,18.077739715576172
2019-02-11,BIMAS.IS,18.28272247314453
2019-02-12,BIMAS.IS,18.0289306640625
2019-02-13,BIMAS.IS,18.399856567382812
2019-02-14,BIMAS.IS,17.95083999633789
2019-02-15,BIMAS.IS,18.28272247314453
2019-02-18,BIMAS.IS,18.185110092163086
2019-02-19,BIMAS.IS,17.82394790649414
2019-02-20,BIMAS.IS,17.980125427246094
2019-02-21,BIMAS.IS,17.999645233154297
2019-02-22,BIMAS.IS,17.04305076599121
2019-02-25,BIMAS.IS,17.32612419128418
2019-02-26,BIMAS.IS,16.994243621826172
2019-02-27,BIMAS.IS,17.228515625
2019-02-28,BIMAS.IS,16.81854248046875
2019-03-01,BIMAS.IS,17.06257438659668
2019-03-04,BIMAS.IS,16.75021743774414
2019-03-05,BIMAS.IS,16.39881134033203
2019-03-06,BIMAS.IS,16.486663818359375
2019-03-07,BIMAS.IS,16.974721908569336
2019-03-08,BIMAS.IS,17.32612419128418
2019-03-11,BIMAS.IS,16.54522705078125
2019-03-12,BIMAS.IS,16.7014102935791
2019-03-13,BIMAS.IS,16.779499053955078
2019-03-14,BIMAS.IS,16.476903915405273
2019-03-15,BIMAS.IS,16.779499053955078
2019-03-18,BIMAS.IS,16.71116828918457
2019-03-19,BIMAS.IS,16.584274291992188
2019-03-20,BIMAS.IS,16.05716896057129
2019-03-21,BIMAS.IS,15.608153343200684
2019-03-22,BIMAS.IS,15.71552848815918
2019-03-25,BIMAS.IS,15.979077339172363
2019-03-26,BIMAS.IS,15.930273056030273
2019-03-27,BIMAS.IS,14.876062393188477
2019-03-28,BIMAS.IS,15.168896675109863
2019-03-29,BIMAS.IS,14.98343563079834
2019-04-01,BIMAS.IS,14.856541633605957
2019-04-02,BIMAS.IS,15.315317153930664
2019-04-03,BIMAS.IS,15.334839820861816
2019-04-04,BIMAS.IS,15.676484107971191
2019-04-05,BIMAS.IS,15.793614387512207
2019-04-08,BIMAS.IS,15.471498489379883
2019-04-09,BIMAS.IS,15.422691345214844
2019-04-10,BIMAS.IS,15.305558204650879
2019-04-11,BIMAS.IS,15.500782012939453
2019-04-12,BIMAS.IS,15.422691345214844
2019-04-15,BIMAS.IS,15.334839820861816
2019-04-16,BIMAS.IS,15.451974868774414
2019-04-17,BIMAS.IS,15.725292205810547
2019-04-18,BIMAS.IS,15.656957626342773
2019-04-19,BIMAS.IS,15.744813919067383
2019-04-22,BIMAS.IS,15.949799537658691
2019-04-23,BIMAS.IS,15.949799537658691
2019-04-24,BIMAS.IS,15.588631629943848
2019-04-25,BIMAS.IS,15.491020202636719
2019-04-26,BIMAS.IS,15.871706008911133
2019-04-29,BIMAS.IS,16.02788543701172
2019-04-30,BIMAS.IS,16.301198959350586
2019-05-01,BIMAS.IS,16.301198959350586
2019-05-02,BIMAS.IS,15.666722297668457
2019-05-03,BIMAS.IS,15.500782012939453
2019-05-06,BIMAS.IS,15.451974868774414
2019-05-07,BIMAS.IS,15.315317153930664
2019-05-08,BIMAS.IS,15.315317153930664
2019-05-09,BIMAS.IS,15.286033630371094
2019-05-10,BIMAS.IS,15.237228393554688
2019-05-13,BIMAS.IS,14.251346588134766
2019-05-14,BIMAS.IS,14.544182777404785
2019-05-15,BIMAS.IS,14.417287826538086
2019-05-16,BIMAS.IS,14.231825828552246
2019-05-17,BIMAS.IS,13.929229736328125
2019-05-20,BIMAS.IS,14.368480682373047
2019-05-21,BIMAS.IS,14.143975257873535
2019-05-22,BIMAS.IS,14.153738021850586
2019-05-23,BIMAS.IS,14.544182777404785
2019-05-24,BIMAS.IS,14.407526969909668
2019-05-27,BIMAS.IS,14.348960876464844
2019-05-28,BIMAS.IS,14.778448104858398
2019-05-29,BIMAS.IS,14.973673820495605
2019-05-30,BIMAS.IS,15.53006649017334
2019-05-31,BIMAS.IS,15.53006649017334
2019-06-03,BIMAS.IS,15.61791706085205
2019-06-04,BIMAS.IS,15.61791706085205
2019-06-05,BIMAS.IS,15.61791706085205
2019-06-06,BIMAS.IS,15.61791706085205
2019-06-07,BIMAS.IS,15.95956039428711
2019-06-10,BIMAS.IS,15.696003913879395
2019-06-11,BIMAS.IS,15.422691345214844
2019-06-12,BIMAS.IS,15.571367263793945
2019-06-13,BIMAS.IS,15.402864456176758
2019-06-14,BIMAS.IS,15.6407470703125
2019-06-17,BIMAS.IS,15.72995662689209
2019-06-18,BIMAS.IS,15.928190231323242
2019-06-19,BIMAS.IS,15.878631591796875
2019-06-20,BIMAS.IS,15.591193199157715
2019-06-21,BIMAS.IS,15.492073059082031
2019-06-24,BIMAS.IS,15.293837547302246
2019-06-25,BIMAS.IS,15.046051025390625
2019-06-26,BIMAS.IS,15.01630687713623
2019-06-27,BIMAS.IS,15.303750991821289
2019-06-28,BIMAS.IS,15.878631591796875
2019-07-01,BIMAS.IS,16.512981414794922
2019-07-02,BIMAS.IS,16.959016799926758
2019-07-03,BIMAS.IS,17.048221588134766
2019-07-04,BIMAS.IS,17.2464542388916
2019-07-05,BIMAS.IS,17.058130264282227
2019-07-08,BIMAS.IS,16.94910430908203
2019-07-09,BIMAS.IS,17.395130157470703
2019-07-10,BIMAS.IS,17.434778213500977
2019-07-11,BIMAS.IS,17.821332931518555
2019-07-12,BIMAS.IS,17.345571517944336
2019-07-15,BIMAS.IS,17.345571517944336
2019-07-16,BIMAS.IS,17.484336853027344
2019-07-17,BIMAS.IS,17.761863708496094
2019-07-18,BIMAS.IS,18.059219360351562
2019-07-19,BIMAS.IS,18.128599166870117
2019-07-22,BIMAS.IS,18.148427963256836
2019-07-23,BIMAS.IS,18.336748123168945
2019-07-24,BIMAS.IS,18.79269027709961
2019-07-25,BIMAS.IS,18.237628936767578
2019-07-26,BIMAS.IS,18.45965003967285
2019-07-29,BIMAS.IS,18.324851989746094
2019-07-30,BIMAS.IS,18.610309600830078
2019-07-31,BIMAS.IS,18.63410186767578
2019-08-01,BIMAS.IS,18.546875
2019-08-02,BIMAS.IS,18.562734603881836
2019-08-05,BIMAS.IS,18.19798469543457
2019-08-06,BIMAS.IS,18.27727508544922
2019-08-07,BIMAS.IS,18.5548095703125
2019-08-08,BIMAS.IS,18.998849868774414
2019-08-09,BIMAS.IS,19.03850555419922
2019-08-12,BIMAS.IS,19.03850555419922
2019-08-13,BIMAS.IS,19.03850555419922
2019-08-14,BIMAS.IS,19.03850555419922
2019-08-15,BIMAS.IS,19.617347717285156
2019-08-16,BIMAS.IS,19.902807235717773
2019-08-19,BIMAS.IS,19.656993865966797
2019-08-20,BIMAS.IS,19.498401641845703
2019-08-21,BIMAS.IS,19.27638053894043
2019-08-22,BIMAS.IS,19.228809356689453
2019-08-23,BIMAS.IS,19.720426559448242
2019-08-26,BIMAS.IS,19.347742080688477
2019-08-27,BIMAS.IS,18.594453811645508
2019-08-28,BIMAS.IS,18.681676864624023
2019-08-29,BIMAS.IS,18.602380752563477
2019-08-30,BIMAS.IS,18.602380752563477
2019-09-02,BIMAS.IS,18.491369247436523
2019-09-03,BIMAS.IS,18.079038619995117
2019-09-04,BIMAS.IS,18.380359649658203
2019-09-05,BIMAS.IS,18.776832580566406
2019-09-06,BIMAS.IS,18.9116268157959
2019-09-09,BIMAS.IS,19.149507522583008
2019-09-10,BIMAS.IS,19.21294593811035
2019-09-11,BIMAS.IS,19.244667053222656
2019-09-12,BIMAS.IS,19.109861373901367
2019-09-13,BIMAS.IS,19.228809356689453
2019-09-16,BIMAS.IS,19.577701568603516
2019-09-17,BIMAS.IS,19.442901611328125
2019-09-18,BIMAS.IS,19.42704200744629
2019-09-19,BIMAS.IS,19.42704200744629
2019-09-20,BIMAS.IS,19.363603591918945
2019-09-23,BIMAS.IS,19.585628509521484
2019-09-24,BIMAS.IS,19.482547760009766
2019-09-25,BIMAS.IS,19.609418869018555
2019-09-26,BIMAS.IS,19.371532440185547
2019-09-27,BIMAS.IS,19.609418869018555
2019-09-30,BIMAS.IS,19.50634002685547
2019-10-01,BIMAS.IS,19.601490020751953
2019-10-02,BIMAS.IS,19.633203506469727
2019-10-03,BIMAS.IS,19.490478515625
2019-10-04,BIMAS.IS,19.40325164794922
2019-10-07,BIMAS.IS,19.02263832092285
2019-10-08,BIMAS.IS,19.07021713256836
2019-10-09,BIMAS.IS,18.990924835205078
2019-10-10,BIMAS.IS,19.094003677368164
2019-10-11,BIMAS.IS,18.927490234375
2019-10-14,BIMAS.IS,18.943347930908203
2019-10-15,BIMAS.IS,18.88783836364746
2019-10-16,BIMAS.IS,18.27727508544922
2019-10-17,BIMAS.IS,18.531021118164062
2019-10-18,BIMAS.IS,18.776832580566406
2019-10-21,BIMAS.IS,18.98299217224121
2019-10-22,BIMAS.IS,18.832338333129883
2019-10-23,BIMAS.IS,18.784757614135742
2019-10-24,BIMAS.IS,19.054359436035156
2019-10-25,BIMAS.IS,19.03850555419922
2019-10-28,BIMAS.IS,18.681676864624023
2019-10-30,BIMAS.IS,18.657886505126953
2019-10-31,BIMAS.IS,18.79269027709961
2019-11-01,BIMAS.IS,18.657886505126953
2019-11-04,BIMAS.IS,18.919559478759766
2019-11-05,BIMAS.IS,18.88783836364746
2019-11-06,BIMAS.IS,18.81647491455078
2019-11-07,BIMAS.IS,19.363603591918945
2019-11-08,BIMAS.IS,18.98299217224121
2019-11-11,BIMAS.IS,18.253488540649414
2019-11-12,BIMAS.IS,17.91252326965332
2019-11-13,BIMAS.IS,18.182126998901367
2019-11-14,BIMAS.IS,17.761863708496094
2019-11-15,BIMAS.IS,18.237628936767578
2019-11-18,BIMAS.IS,18.40635108947754
2019-11-19,BIMAS.IS,18.37421226501465
2019-11-20,BIMAS.IS,18.24566078186035
2019-11-21,BIMAS.IS,18.109085083007812
2019-11-22,BIMAS.IS,18.044809341430664
2019-11-25,BIMAS.IS,17.996604919433594
2019-11-26,BIMAS.IS,17.795745849609375
2019-11-27,BIMAS.IS,18.21352767944336
2019-11-28,BIMAS.IS,18.703611373901367
2019-11-29,BIMAS.IS,18.40635108947754
2019-12-02,BIMAS.IS,18.558998107910156
2019-12-03,BIMAS.IS,18.326007843017578
2019-12-04,BIMAS.IS,18.205493927001953
2019-12-05,BIMAS.IS,18.229598999023438
2019-12-06,BIMAS.IS,18.084976196289062
2019-12-09,BIMAS.IS,18.084976196289062
2019-12-10,BIMAS.IS,17.900190353393555
2019-12-11,BIMAS.IS,17.875869750976562
2019-12-12,BIMAS.IS,18.34607696533203
2019-12-13,BIMAS.IS,18.240684509277344
2019-12-16,BIMAS.IS,18.20825958251953
2019-12-17,BIMAS.IS,18.256900787353516
2019-12-18,BIMAS.IS,18.500110626220703
2019-12-19,BIMAS.IS,18.51632308959961
2019-12-20,BIMAS.IS,18.58928871154785
2019-12-23,BIMAS.IS,18.621713638305664
2019-12-24,BIMAS.IS,18.873027801513672
2019-12-25,BIMAS.IS,18.94599151611328
2019-12-26,BIMAS.IS,18.994638442993164
2019-12-27,BIMAS.IS,19.08381462097168
2019-12-30,BIMAS.IS,19.00274085998535
2019-12-31,BIMAS.IS,18.970312118530273
2020-01-02,BIMAS.IS,18.783859252929688
2020-01-03,BIMAS.IS,19.21352195739746
2020-01-06,BIMAS.IS,19.327022552490234
2020-01-07,BIMAS.IS,19.472944259643555
2020-01-08,BIMAS.IS,19.63508415222168
2020-01-09,BIMAS.IS,19.797224044799805
2020-01-10,BIMAS.IS,19.667512893676758
2020-01-13,BIMAS.IS,19.6431941986084
2020-01-14,BIMAS.IS,19.716156005859375
2020-01-15,BIMAS.IS,19.951261520385742
2020-01-16,BIMAS.IS,19.894506454467773
2020-01-17,BIMAS.IS,20.02422332763672
2020-01-20,BIMAS.IS,20.00800895690918
2020-01-21,BIMAS.IS,20.287691116333008
2020-01-22,BIMAS.IS,20.016111373901367
2020-01-23,BIMAS.IS,20.774118423461914
2020-01-24,BIMAS.IS,20.409297943115234
2020-01-27,BIMAS.IS,19.999900817871094
2020-01-28,BIMAS.IS,19.862079620361328
2020-01-29,BIMAS.IS,20.162036895751953
2020-01-30,BIMAS.IS,20.097183227539062
2020-01-31,BIMAS.IS,19.894506454467773
2020-02-03,BIMAS.IS,19.740476608276367
2020-02-04,BIMAS.IS,20.032329559326172
2020-02-05,BIMAS.IS,19.724262237548828
2020-02-06,BIMAS.IS,19.67561912536621
2020-02-07,BIMAS.IS,19.497262954711914
2020-02-10,BIMAS.IS,19.310806274414062
2020-02-11,BIMAS.IS,19.45673179626465
2020-02-12,BIMAS.IS,19.294591903686523
2020-02-13,BIMAS.IS,19.28648567199707
2020-02-14,BIMAS.IS,19.27027130126953
2020-02-17,BIMAS.IS,19.28648567199707
2020-02-18,BIMAS.IS,19.21352195739746
2020-02-19,BIMAS.IS,19.34323501586914
2020-02-20,BIMAS.IS,19.521587371826172
2020-02-21,BIMAS.IS,19.618871688842773
2020-02-24,BIMAS.IS,19.55401611328125
2020-02-25,BIMAS.IS,19.11623764038086
2020-02-26,BIMAS.IS,19.521587371826172
2020-02-27,BIMAS.IS,19.464834213256836
2020-02-28,BIMAS.IS,19.00274085998535
2020-03-02,BIMAS.IS,19.075708389282227
2020-03-03,BIMAS.IS,19.464834213256836
2020-03-04,BIMAS.IS,19.781009674072266
2020-03-05,BIMAS.IS,20.774118423461914
2020-03-06,BIMAS.IS,21.544279098510742
2020-03-09,BIMAS.IS,21.03759002685547
2020-03-10,BIMAS.IS,20.855178833007812
2020-03-11,BIMAS.IS,20.855178833007812
2020-03-12,BIMAS.IS,21.078126907348633
2020-03-13,BIMAS.IS,20.510635375976562
2020-03-16,BIMAS.IS,18.905458450317383
2020-03-17,BIMAS.IS,18.45146942138672
2020-03-18,BIMAS.IS,19.845867156982422
2020-03-19,BIMAS.IS,21.1186580657959
2020-03-20,BIMAS.IS,20.287691116333008
2020-03-23,BIMAS.IS,21.321334838867188
2020-03-24,BIMAS.IS,21.605079650878906
2020-03-25,BIMAS.IS,20.976789474487305
2020-03-26,BIMAS.IS,21.19972801208496
2020-03-27,BIMAS.IS,20.34849739074707
2020-03-30,BIMAS.IS,20.26742935180664
2020-03-31,BIMAS.IS,20.4498348236084
2020-04-01,BIMAS.IS,20.611968994140625
2020-04-02,BIMAS.IS,20.4498348236084
2020-04-03,BIMAS.IS,20.34849739074707
2020-04-06,BIMAS.IS,20.389028549194336
2020-04-07,BIMAS.IS,20.328235626220703
2020-04-08,BIMAS.IS,20.26742935180664
2020-04-09,BIMAS.IS,20.389028549194336
2020-04-10,BIMAS.IS,21.03759002685547
2020-04-13,BIMAS.IS,20.936256408691406
2020-04-14,BIMAS.IS,20.936256408691406
2020-04-15,BIMAS.IS,22.050962448120117
2020-04-16,BIMAS.IS,22.172569274902344
2020-04-17,BIMAS.IS,22.415775299072266
2020-04-20,BIMAS.IS,22.88192367553711
2020-04-21,BIMAS.IS,22.658985137939453
2020-04-22,BIMAS.IS,22.395511627197266
2020-04-24,BIMAS.IS,22.61844825744629
2020-04-27,BIMAS.IS,22.61844825744629
2020-04-28,BIMAS.IS,22.314435958862305
2020-04-29,BIMAS.IS,22.740055084228516
2020-04-30,BIMAS.IS,22.537378311157227
2020-05-04,BIMAS.IS,21.645612716674805
2020-05-05,BIMAS.IS,21.179462432861328
2020-05-06,BIMAS.IS,20.81464958190918
2020-05-07,BIMAS.IS,20.551176071166992
2020-05-08,BIMAS.IS,20.672773361206055
2020-05-11,BIMAS.IS,20.672773361206055
2020-05-12,BIMAS.IS,21.01732063293457
2020-05-13,BIMAS.IS,21.447086334228516
2020-05-14,BIMAS.IS,22.122421264648438
2020-05-15,BIMAS.IS,23.329843521118164
2020-05-18,BIMAS.IS,25.335391998291016
2020-05-20,BIMAS.IS,24.7828426361084
2020-05-21,BIMAS.IS,25.212602615356445
2020-05-22,BIMAS.IS,25.86747169494629
2020-05-27,BIMAS.IS,25.847013473510742
2020-05-28,BIMAS.IS,25.29446029663086
2020-05-29,BIMAS.IS,25.887941360473633
2020-06-01,BIMAS.IS,26.25630760192871
2020-06-02,BIMAS.IS,26.01072883605957
2020-06-03,BIMAS.IS,26.358633041381836
2020-06-04,BIMAS.IS,28.118600845336914
2020-06-05,BIMAS.IS,27.52511978149414
2020-06-08,BIMAS.IS,26.563274383544922
2020-06-09,BIMAS.IS,26.62467384338379
2020-06-10,BIMAS.IS,26.50188636779785
2020-06-11,BIMAS.IS,25.744688034057617
2020-06-12,BIMAS.IS,26.113052368164062
2020-06-15,BIMAS.IS,26.25630760192871
2020-06-16,BIMAS.IS,26.440486907958984
2020-06-17,BIMAS.IS,27.218151092529297
2020-06-18,BIMAS.IS,27.463729858398438
2020-06-19,BIMAS.IS,27.484193801879883
2020-06-22,BIMAS.IS,28.077667236328125
2020-06-23,BIMAS.IS,28.446035385131836
2020-06-24,BIMAS.IS,28.896265029907227
2020-06-25,BIMAS.IS,28.896265029907227
2020-06-26,BIMAS.IS,28.630216598510742
2020-06-29,BIMAS.IS,27.913955688476562
2020-06-30,BIMAS.IS,27.995813369750977
2020-07-01,BIMAS.IS,27.218151092529297
2020-07-02,BIMAS.IS,27.300010681152344
2020-07-03,BIMAS.IS,27.504653930664062
2020-07-06,BIMAS.IS,28.52789306640625
2020-07-07,BIMAS.IS,29.223695755004883
2020-07-08,BIMAS.IS,28.814401626586914
2020-07-09,BIMAS.IS,27.995813369750977
2020-07-10,BIMAS.IS,28.0367374420166
2020-07-13,BIMAS.IS,28.773479461669922
2020-07-14,BIMAS.IS,28.896265029907227
2020-07-16,BIMAS.IS,29.121376037597656
2020-07-17,BIMAS.IS,28.957656860351562
2020-07-20,BIMAS.IS,29.203231811523438
2020-07-21,BIMAS.IS,29.0190486907959
2020-07-22,BIMAS.IS,29.121376037597656
2020-07-23,BIMAS.IS,29.960426330566406
2020-07-24,BIMAS.IS,30.124143600463867
2020-07-27,BIMAS.IS,30.41065216064453
2020-07-28,BIMAS.IS,30.206003189086914
2020-07-29,BIMAS.IS,29.510211944580078
2020-07-30,BIMAS.IS,29.244155883789062
2020-08-04,BIMAS.IS,26.890710830688477
2020-08-05,BIMAS.IS,26.01072883605957
2020-08-06,BIMAS.IS,25.72422218322754
2020-08-07,BIMAS.IS,25.8265438079834
2020-08-10,BIMAS.IS,26.481416702270508
2020-08-11,BIMAS.IS,26.972572326660156
2020-08-12,BIMAS.IS,27.300010681152344
2020-08-13,BIMAS.IS,27.62744903564453
2020-08-14,BIMAS.IS,27.484193801879883
2020-08-17,BIMAS.IS,27.381866455078125
2020-08-18,BIMAS.IS,27.361404418945312
2020-08-19,BIMAS.IS,28.834867477416992
2020-08-20,BIMAS.IS,28.077667236328125
2020-08-21,BIMAS.IS,27.934415817260742
2020-08-24,BIMAS.IS,28.466503143310547
2020-08-25,BIMAS.IS,28.016277313232422
2020-08-26,BIMAS.IS,29.34648895263672
2020-08-27,BIMAS.IS,29.10091209411621
2020-08-28,BIMAS.IS,28.65068244934082
2020-08-31,BIMAS.IS,27.913955688476562
2020-09-01,BIMAS.IS,27.791160583496094
2020-09-02,BIMAS.IS,27.77069854736328
2020-09-03,BIMAS.IS,27.62744903564453
2020-09-04,BIMAS.IS,27.729772567749023
2020-09-07,BIMAS.IS,27.709304809570312
2020-09-08,BIMAS.IS,27.688840866088867
2020-09-09,BIMAS.IS,27.995813369750977
2020-09-10,BIMAS.IS,27.77069854736328
2020-09-11,BIMAS.IS,28.139066696166992
2020-09-14,BIMAS.IS,28.793933868408203
2020-09-15,BIMAS.IS,28.814401626586914
2020-09-16,BIMAS.IS,28.630216598510742
2020-09-17,BIMAS.IS,28.67115592956543
2020-09-18,BIMAS.IS,28.630216598510742
2020-09-21,BIMAS.IS,28.28231430053711
2020-09-22,BIMAS.IS,28.200462341308594
2020-09-23,BIMAS.IS,28.0367374420166
2020-09-24,BIMAS.IS,28.220928192138672
2020-09-25,BIMAS.IS,28.446035385131836
2020-09-28,BIMAS.IS,27.995813369750977
2020-09-29,BIMAS.IS,28.0367374420166
2020-09-30,BIMAS.IS,28.52789306640625
2020-10-01,BIMAS.IS,28.507431030273438
2020-10-02,BIMAS.IS,28.425569534301758
2020-10-05,BIMAS.IS,28.773479461669922
2020-10-06,BIMAS.IS,28.48696517944336
2020-10-07,BIMAS.IS,28.220928192138672
2020-10-08,BIMAS.IS,28.28231430053711
2020-10-09,BIMAS.IS,28.609756469726562
2020-10-12,BIMAS.IS,28.834867477416992
2020-10-13,BIMAS.IS,28.241392135620117
2020-10-14,BIMAS.IS,28.572664260864258
2020-10-15,BIMAS.IS,28.717599868774414
2020-10-16,BIMAS.IS,28.821123123168945
2020-10-19,BIMAS.IS,28.46914291381836
2020-10-20,BIMAS.IS,28.821123123168945
2020-10-21,BIMAS.IS,29.111000061035156
2020-10-22,BIMAS.IS,30.042709350585938
2020-10-23,BIMAS.IS,29.17310333251953
2020-10-26,BIMAS.IS,28.94535255432129
2020-10-27,BIMAS.IS,29.13169288635254
2020-10-28,BIMAS.IS,28.365615844726562
2020-10-30,BIMAS.IS,27.951522827148438
2020-11-02,BIMAS.IS,27.80658531188965
2020-11-03,BIMAS.IS,28.241392135620117
2020-11-04,BIMAS.IS,28.551963806152344
2020-11-05,BIMAS.IS,28.407020568847656
2020-11-06,BIMAS.IS,28.821123123168945
2020-11-09,BIMAS.IS,29.048877716064453
2020-11-10,BIMAS.IS,28.717599868774414
2020-11-11,BIMAS.IS,28.676189422607422
2020-11-12,BIMAS.IS,28.551963806152344
2020-11-13,BIMAS.IS,28.448434829711914
2020-11-16,BIMAS.IS,28.46914291381836
2020-11-17,BIMAS.IS,29.214519500732422
2020-11-18,BIMAS.IS,29.15239715576172
2020-11-19,BIMAS.IS,28.903945922851562
2020-11-20,BIMAS.IS,28.821123123168945
2020-11-23,BIMAS.IS,28.77971076965332
2020-11-24,BIMAS.IS,28.489849090576172
2020-11-25,BIMAS.IS,28.717599868774414
2020-11-26,BIMAS.IS,29.069580078125
2020-11-27,BIMAS.IS,28.98676109313965
2020-11-30,BIMAS.IS,29.069580078125
2020-12-01,BIMAS.IS,29.069580078125
2020-12-02,BIMAS.IS,28.841829299926758
2020-12-03,BIMAS.IS,29.33873748779297
2020-12-04,BIMAS.IS,29.276622772216797
2020-12-07,BIMAS.IS,29.17310333251953
2020-12-08,BIMAS.IS,28.717599868774414
2020-12-09,BIMAS.IS,28.51055335998535
2020-12-10,BIMAS.IS,28.634782791137695
2020-12-11,BIMAS.IS,29.069580078125
2020-12-14,BIMAS.IS,29.17310333251953
2020-12-15,BIMAS.IS,29.380151748657227
2020-12-16,BIMAS.IS,29.090280532836914
2020-12-17,BIMAS.IS,29.33873748779297
2020-12-18,BIMAS.IS,29.83565330505371
2020-12-21,BIMAS.IS,30.41539764404297
2020-12-22,BIMAS.IS,29.8770751953125
2020-12-23,BIMAS.IS,30.705259323120117
2020-12-24,BIMAS.IS,30.477508544921875
2020-12-25,BIMAS.IS,30.270458221435547
2020-12-28,BIMAS.IS,30.539628982543945
2020-12-29,BIMAS.IS,31.347116470336914
2020-12-30,BIMAS.IS,31.678388595581055
2020-12-31,BIMAS.IS,31.657684326171875
2021-01-04,BIMAS.IS,32.15460205078125
2021-01-05,BIMAS.IS,31.595569610595703
2021-01-06,BIMAS.IS,31.63697624206543
2021-01-07,BIMAS.IS,31.885435104370117
2021-01-08,BIMAS.IS,32.41686248779297
2021-01-11,BIMAS.IS,32.50189208984375
2021-01-12,BIMAS.IS,32.35309600830078
2021-01-13,BIMAS.IS,32.48063278198242
2021-01-14,BIMAS.IS,32.41686248779297
2021-01-15,BIMAS.IS,31.694128036499023
2021-01-18,BIMAS.IS,31.842927932739258
2021-01-19,BIMAS.IS,31.587841033935547
2021-01-20,BIMAS.IS,31.92795753479004
2021-01-21,BIMAS.IS,31.332754135131836
2021-01-22,BIMAS.IS,31.439043045043945
2021-01-25,BIMAS.IS,31.22647476196289
2021-01-26,BIMAS.IS,31.885438919067383
2021-01-27,BIMAS.IS,31.63036346435547
2021-01-28,BIMAS.IS,31.609100341796875
2021-01-29,BIMAS.IS,30.588764190673828
2021-02-01,BIMAS.IS,30.39745330810547
2021-02-02,BIMAS.IS,30.333677291870117
2021-02-03,BIMAS.IS,30.22739601135254
2021-02-04,BIMAS.IS,30.41871452331543
2021-02-05,BIMAS.IS,30.142364501953125
2021-02-08,BIMAS.IS,30.18488311767578
2021-02-09,BIMAS.IS,29.929794311523438
2021-02-10,BIMAS.IS,30.291170120239258
2021-02-11,BIMAS.IS,29.781003952026367
2021-02-12,BIMAS.IS,29.3133487701416
2021-02-15,BIMAS.IS,29.46214485168457
2021-02-16,BIMAS.IS,28.930721282958984
2021-02-17,BIMAS.IS,29.16454315185547
2021-02-18,BIMAS.IS,29.079519271850586
2021-02-19,BIMAS.IS,29.100772857666016
2021-02-22,BIMAS.IS,28.48431968688965
2021-02-23,BIMAS.IS,28.12295913696289
2021-02-24,BIMAS.IS,27.80410385131836
2021-02-25,BIMAS.IS,27.7615909576416
2021-02-26,BIMAS.IS,28.101699829101562
2021-03-01,BIMAS.IS,28.37803840637207
2021-03-02,BIMAS.IS,28.95197296142578
2021-03-03,BIMAS.IS,28.48431968688965
2021-03-04,BIMAS.IS,28.25049591064453
2021-03-05,BIMAS.IS,28.86695098876953
2021-03-08,BIMAS.IS,28.420555114746094
2021-03-09,BIMAS.IS,29.015750885009766
2021-03-10,BIMAS.IS,29.29209327697754
2021-03-11,BIMAS.IS,29.908536911010742
2021-03-12,BIMAS.IS,30.291170120239258
2021-03-15,BIMAS.IS,30.291170120239258
2021-03-16,BIMAS.IS,30.716306686401367
2021-03-17,BIMAS.IS,30.461223602294922
2021-03-18,BIMAS.IS,30.461223602294922
2021-03-19,BIMAS.IS,30.610021591186523
2021-03-22,BIMAS.IS,27.549020767211914
2021-03-23,BIMAS.IS,28.781923294067383
2021-03-24,BIMAS.IS,29.334604263305664
2021-03-25,BIMAS.IS,29.908536911010742
2021-03-26,BIMAS.IS,30.610021591186523
2021-03-29,BIMAS.IS,30.142364501953125
2021-03-30,BIMAS.IS,30.39745330810547
2021-03-31,BIMAS.IS,30.014829635620117
2021-04-01,BIMAS.IS,30.03608512878418
2021-04-02,BIMAS.IS,30.18488311767578
2021-04-05,BIMAS.IS,29.951053619384766
2021-04-06,BIMAS.IS,29.270832061767578
2021-04-07,BIMAS.IS,29.3133487701416
2021-04-08,BIMAS.IS,29.504663467407227
2021-04-09,BIMAS.IS,29.3133487701416
2021-04-12,BIMAS.IS,29.355859756469727
2021-04-13,BIMAS.IS,29.483402252197266
2021-04-14,BIMAS.IS,29.46214485168457
2021-04-15,BIMAS.IS,29.398378372192383
2021-04-16,BIMAS.IS,29.207061767578125
2021-04-19,BIMAS.IS,28.696897506713867
2021-04-20,BIMAS.IS,27.910390853881836
2021-04-21,BIMAS.IS,27.88913345336914
2021-04-22,BIMAS.IS,28.037925720214844
2021-04-26,BIMAS.IS,28.0804443359375
2021-04-27,BIMAS.IS,28.399295806884766
2021-04-28,BIMAS.IS,28.186725616455078
2021-04-29,BIMAS.IS,28.2292423248291
2021-04-30,BIMAS.IS,27.634042739868164
2021-05-03,BIMAS.IS,27.952899932861328
2021-05-04,BIMAS.IS,27.50650405883789
2021-05-05,BIMAS.IS,27.80410385131836
2021-05-06,BIMAS.IS,28.101699829101562
2021-05-07,BIMAS.IS,27.50650405883789
2021-05-10,BIMAS.IS,28.016672134399414
2021-05-11,BIMAS.IS,27.59153175354004
2021-05-12,BIMAS.IS,27.570276260375977
2021-05-17,BIMAS.IS,27.88913345336914
2021-05-18,BIMAS.IS,27.910390853881836
2021-05-20,BIMAS.IS,27.625364303588867
2021-05-21,BIMAS.IS,27.581512451171875
2021-05-24,BIMAS.IS,27.406112670898438
2021-05-25,BIMAS.IS,26.901844024658203
2021-05-26,BIMAS.IS,27.077241897583008
2021-05-27,BIMAS.IS,26.507198333740234
2021-05-28,BIMAS.IS,28.173486709594727
2021-05-31,BIMAS.IS,28.04193687438965
2021-06-01,BIMAS.IS,28.085786819458008
2021-06-02,BIMAS.IS,27.60344123840332
2021-06-03,BIMAS.IS,27.03339385986328
2021-06-04,BIMAS.IS,27.274566650390625
2021-06-07,BIMAS.IS,27.164939880371094
2021-06-08,BIMAS.IS,27.186866760253906
2021-06-09,BIMAS.IS,27.471891403198242
2021-06-10,BIMAS.IS,27.493812561035156
2021-06-11,BIMAS.IS,27.669214248657227
2021-06-14,BIMAS.IS,28.239261627197266
2021-06-15,BIMAS.IS,28.151559829711914
2021-06-16,BIMAS.IS,28.480430603027344
2021-06-17,BIMAS.IS,28.085786819458008
2021-06-18,BIMAS.IS,27.844614028930664
2021-06-21,BIMAS.IS,28.305036544799805
2021-06-22,BIMAS.IS,28.107709884643555
2021-06-23,BIMAS.IS,27.55959129333496
2021-06-24,BIMAS.IS,27.691137313842773
2021-06-25,BIMAS.IS,27.208791732788086
2021-06-28,BIMAS.IS,27.362268447875977
2021-06-29,BIMAS.IS,27.756914138793945
2021-06-30,BIMAS.IS,27.252643585205078
2021-07-01,BIMAS.IS,27.143016815185547
2021-07-02,BIMAS.IS,27.38418960571289
2021-07-05,BIMAS.IS,27.44996452331543
2021-07-06,BIMAS.IS,27.318416595458984
2021-07-07,BIMAS.IS,27.44996452331543
2021-07-08,BIMAS.IS,27.34033966064453
2021-07-09,BIMAS.IS,27.734989166259766
2021-07-12,BIMAS.IS,26.879915237426758
2021-07-13,BIMAS.IS,26.83606719970703
2021-07-14,BIMAS.IS,27.055316925048828
2021-07-16,BIMAS.IS,27.077241897583008
2021-07-19,BIMAS.IS,26.792217254638672
2021-07-26,BIMAS.IS,26.967620849609375
2021-07-27,BIMAS.IS,27.077241897583008
2021-07-28,BIMAS.IS,26.967620849609375
2021-07-29,BIMAS.IS,27.778837203979492
2021-07-30,BIMAS.IS,27.800764083862305
2021-08-02,BIMAS.IS,27.669214248657227
2021-08-03,BIMAS.IS,28.107709884643555
2021-08-04,BIMAS.IS,27.800764083862305
2021-08-05,BIMAS.IS,28.063859939575195
2021-08-06,BIMAS.IS,28.283109664916992
2021-08-09,BIMAS.IS,28.32695960998535
2021-08-10,BIMAS.IS,30.015172958374023
2021-08-11,BIMAS.IS,29.817855834960938
2021-08-12,BIMAS.IS,30.73870277404785
2021-08-13,BIMAS.IS,30.453672409057617
2021-08-16,BIMAS.IS,30.67292594909668
2021-08-17,BIMAS.IS,30.475601196289062
2021-08-18,BIMAS.IS,30.563291549682617
2021-08-19,BIMAS.IS,31.17719841003418
2021-08-20,BIMAS.IS,31.264896392822266
2021-08-23,BIMAS.IS,31.74724578857422
2021-08-24,BIMAS.IS,32.18574523925781
2021-08-25,BIMAS.IS,32.03227233886719
2021-08-26,BIMAS.IS,32.273441314697266
2021-08-27,BIMAS.IS,31.659543991088867
2021-08-31,BIMAS.IS,31.506059646606445
2021-09-01,BIMAS.IS,31.57184410095215
2021-09-02,BIMAS.IS,31.703393936157227
2021-09-03,BIMAS.IS,31.17719841003418
2021-09-06,BIMAS.IS,31.111419677734375
2021-09-07,BIMAS.IS,30.54137420654297
2021-09-08,BIMAS.IS,30.475601196289062
2021-09-09,BIMAS.IS,30.519451141357422
2021-09-10,BIMAS.IS,30.16865348815918
2021-09-13,BIMAS.IS,29.90555763244629
2021-09-14,BIMAS.IS,29.576675415039062
2021-09-15,BIMAS.IS,29.686302185058594
2021-09-16,BIMAS.IS,29.927478790283203
2021-09-17,BIMAS.IS,30.54137420654297
2021-09-20,BIMAS.IS,29.6424560546875
2021-09-21,BIMAS.IS,29.53282928466797
2021-09-22,BIMAS.IS,29.839778900146484
2021-09-23,BIMAS.IS,29.028553009033203
2021-09-24,BIMAS.IS,28.458507537841797
2021-09-27,BIMAS.IS,28.173486709594727
2021-09-28,BIMAS.IS,27.625364303588867
2021-09-29,BIMAS.IS,28.129636764526367
2021-09-30,BIMAS.IS,28.0200138092041
2021-10-01,BIMAS.IS,27.713064193725586
2021-10-04,BIMAS.IS,27.34033966064453
2021-10-05,BIMAS.IS,27.230714797973633
2021-10-06,BIMAS.IS,26.83606719970703
2021-10-07,BIMAS.IS,26.945693969726562
2021-10-08,BIMAS.IS,27.121091842651367
2021-10-11,BIMAS.IS,27.55959129333496
2021-10-12,BIMAS.IS,27.318416595458984
2021-10-13,BIMAS.IS,26.98954200744629
2021-10-14,BIMAS.IS,26.507198333740234
2021-10-15,BIMAS.IS,26.572969436645508
2021-10-18,BIMAS.IS,26.616819381713867
2021-10-19,BIMAS.IS,26.879915237426758
2021-10-20,BIMAS.IS,26.70452308654785
2021-10-21,BIMAS.IS,27.143016815185547
2021-10-22,BIMAS.IS,27.318416595458984
2021-10-25,BIMAS.IS,26.945693969726562
2021-10-26,BIMAS.IS,27.252643585205078
2021-10-27,BIMAS.IS,27.669214248657227
2021-10-28,BIMAS.IS,27.252643585205078
2021-11-01,BIMAS.IS,28.063859939575195
2021-11-02,BIMAS.IS,28.085786819458008
2021-11-03,BIMAS.IS,28.305036544799805
2021-11-04,BIMAS.IS,28.918926239013672
2021-11-05,BIMAS.IS,28.743534088134766
2021-11-08,BIMAS.IS,29.467052459716797
2021-11-09,BIMAS.IS,28.787385940551758
2021-11-10,BIMAS.IS,29.11625862121582
2021-11-11,BIMAS.IS,29.028553009033203
2021-11-12,BIMAS.IS,29.29165267944336
2021-11-15,BIMAS.IS,29.467052459716797
2021-11-16,BIMAS.IS,29.094331741333008
2021-11-17,BIMAS.IS,29.5916690826416
2021-11-18,BIMAS.IS,30.269859313964844
2021-11-19,BIMAS.IS,30.179431915283203
2021-11-22,BIMAS.IS,30.563743591308594
2021-11-23,BIMAS.IS,30.767202377319336
2021-11-24,BIMAS.IS,31.196720123291016
2021-11-25,BIMAS.IS,31.174118041992188
2021-11-26,BIMAS.IS,31.24193000793457
2021-11-29,BIMAS.IS,31.400175094604492
2021-11-30,BIMAS.IS,31.37757682800293
2021-12-01,BIMAS.IS,31.716665267944336
2021-12-02,BIMAS.IS,31.694063186645508
2021-12-03,BIMAS.IS,31.603635787963867
2021-12-06,BIMAS.IS,33.00522232055664
2021-12-07,BIMAS.IS,35.06239700317383
2021-12-08,BIMAS.IS,34.42941665649414
2021-12-09,BIMAS.IS,33.84165954589844
2021-12-10,BIMAS.IS,34.836341857910156
2021-12-13,BIMAS.IS,35.37889099121094
2021-12-14,BIMAS.IS,36.283145904541016
2021-12-15,BIMAS.IS,37.70734405517578
2021-12-16,BIMAS.IS,38.45335388183594
2021-12-17,BIMAS.IS,34.926761627197266
2021-12-20,BIMAS.IS,32.39486312866211
2021-12-21,BIMAS.IS,29.569067001342773
2021-12-22,BIMAS.IS,29.81772804260254
2021-12-23,BIMAS.IS,28.93608856201172
2021-12-24,BIMAS.IS,29.569067001342773
2021-12-27,BIMAS.IS,28.89087677001953
2021-12-28,BIMAS.IS,28.303112030029297
2021-12-29,BIMAS.IS,28.800451278686523
2021-12-30,BIMAS.IS,27.87359046936035
2021-12-31,BIMAS.IS,27.71534538269043
2022-01-03,BIMAS.IS,29.139545440673828
2022-01-04,BIMAS.IS,30.60895538330078
2022-01-05,BIMAS.IS,31.332361221313477
2022-01-06,BIMAS.IS,31.174118041992188
2022-01-07,BIMAS.IS,32.86958694458008
2022-01-10,BIMAS.IS,32.25921630859375
2022-01-11,BIMAS.IS,32.05575942993164
2022-01-12,BIMAS.IS,32.530487060546875
2022-01-13,BIMAS.IS,31.852298736572266
2022-01-14,BIMAS.IS,31.76187515258789
2022-01-17,BIMAS.IS,32.41746139526367
2022-01-18,BIMAS.IS,30.812410354614258
2022-01-19,BIMAS.IS,31.78449058532715
2022-01-20,BIMAS.IS,31.64884376525879
2022-01-21,BIMAS.IS,31.53581428527832
2022-01-24,BIMAS.IS,30.269859313964844
2022-01-25,BIMAS.IS,30.835025787353516
2022-01-26,BIMAS.IS,30.97065544128418
2022-01-27,BIMAS.IS,32.50788497924805
2022-01-28,BIMAS.IS,31.920120239257812
2022-01-31,BIMAS.IS,31.807090759277344
2022-02-01,BIMAS.IS,32.41746139526367
2022-02-02,BIMAS.IS,31.897518157958984
2022-02-03,BIMAS.IS,31.603635787963867
2022-02-04,BIMAS.IS,31.038476943969727
2022-02-07,BIMAS.IS,31.965328216552734
2022-02-08,BIMAS.IS,32.168792724609375
2022-02-09,BIMAS.IS,32.66613006591797
2022-02-10,BIMAS.IS,32.66613006591797
2022-02-11,BIMAS.IS,33.434749603271484
2022-02-14,BIMAS.IS,33.11825942993164
2022-02-15,BIMAS.IS,34.04511260986328
2022-02-16,BIMAS.IS,34.04511260986328
2022-02-17,BIMAS.IS,33.773834228515625
2022-02-18,BIMAS.IS,34.248573303222656
2022-02-21,BIMAS.IS,34.836341857910156
2022-02-22,BIMAS.IS,34.15815353393555
2022-02-23,BIMAS.IS,34.090328216552734
2022-02-24,BIMAS.IS,32.168792724609375
2022-02-25,BIMAS.IS,33.02783203125
2022-02-28,BIMAS.IS,33.05043411254883
2022-03-01,BIMAS.IS,33.20867919921875
2022-03-02,BIMAS.IS,33.8642692565918
2022-03-03,BIMAS.IS,34.4520263671875
2022-03-04,BIMAS.IS,33.773834228515625
2022-03-07,BIMAS.IS,34.11293029785156
2022-03-08,BIMAS.IS,34.587669372558594
2022-03-09,BIMAS.IS,34.94936752319336
2022-03-10,BIMAS.IS,34.338993072509766
2022-03-11,BIMAS.IS,34.248573303222656
2022-03-14,BIMAS.IS,35.01718521118164
2022-03-15,BIMAS.IS,34.4520263671875
2022-03-16,BIMAS.IS,34.54245376586914
2022-03-17,BIMAS.IS,35.42410659790039
2022-03-18,BIMAS.IS,36.41878128051758
2022-03-21,BIMAS.IS,36.78048324584961
2022-03-22,BIMAS.IS,37.978614807128906
2022-03-23,BIMAS.IS,38.02383041381836
2022-03-24,BIMAS.IS,37.729942321777344
2022-03-25,BIMAS.IS,37.978614807128906
2022-03-28,BIMAS.IS,37.549095153808594
2022-03-29,BIMAS.IS,37.978614807128906
2022-03-30,BIMAS.IS,38.882869720458984
2022-03-31,BIMAS.IS,38.27249526977539
2022-04-01,BIMAS.IS,37.978614807128906
2022-04-04,BIMAS.IS,36.961326599121094
2022-04-05,BIMAS.IS,37.051753997802734
2022-04-06,BIMAS.IS,36.53181076049805
2022-04-07,BIMAS.IS,37.074363708496094
2022-04-08,BIMAS.IS,37.662132263183594
2022-04-11,BIMAS.IS,37.7525520324707
2022-04-12,BIMAS.IS,37.978614807128906
2022-04-13,BIMAS.IS,38.56637954711914
2022-04-14,BIMAS.IS,38.408138275146484
2022-04-15,BIMAS.IS,38.27249526977539
2022-04-18,BIMAS.IS,38.29509735107422
2022-04-19,BIMAS.IS,38.67940902709961
2022-04-20,BIMAS.IS,39.24456787109375
2022-04-21,BIMAS.IS,40.55573272705078
2022-04-22,BIMAS.IS,39.01850509643555
2022-04-25,BIMAS.IS,39.24456787109375
2022-04-26,BIMAS.IS,37.39085388183594
2022-04-27,BIMAS.IS,38.408138275146484
2022-04-28,BIMAS.IS,37.95600891113281
2022-04-29,BIMAS.IS,37.77515411376953
2022-05-05,BIMAS.IS,38.4759521484375
2022-05-06,BIMAS.IS,37.549095153808594
2022-05-09,BIMAS.IS,37.30043029785156
2022-05-10,BIMAS.IS,37.79776382446289
2022-05-11,BIMAS.IS,37.639522552490234
2022-05-12,BIMAS.IS,37.18739700317383
2022-05-13,BIMAS.IS,36.93872833251953
2022-05-16,BIMAS.IS,36.983943939208984
2022-05-17,BIMAS.IS,38.04643249511719
2022-05-18,BIMAS.IS,37.074363708496094
2022-05-20,BIMAS.IS,36.3283576965332
2022-05-23,BIMAS.IS,36.305747985839844
2022-05-24,BIMAS.IS,35.311073303222656
2022-05-25,BIMAS.IS,36.01186752319336
2022-05-26,BIMAS.IS,37.029151916503906
2022-05-27,BIMAS.IS,36.961326599121094
2022-05-30,BIMAS.IS,37.7525520324707
2022-05-31,BIMAS.IS,37.30043029785156
2022-06-01,BIMAS.IS,38.34032440185547
2022-06-02,BIMAS.IS,39.7871208190918
2022-06-03,BIMAS.IS,39.854942321777344
2022-06-06,BIMAS.IS,39.990577697753906
2022-06-07,BIMAS.IS,39.3123779296875
2022-06-08,BIMAS.IS,37.88819122314453
2022-06-09,BIMAS.IS,37.21000289916992
2022-06-10,BIMAS.IS,36.848304748535156
2022-06-13,BIMAS.IS,37.074363708496094
2022-06-14,BIMAS.IS,37.82037353515625
2022-06-15,BIMAS.IS,38.48792266845703
2022-06-16,BIMAS.IS,37.590179443359375
2022-06-17,BIMAS.IS,38.39585494995117
2022-06-20,BIMAS.IS,38.09660339355469
2022-06-21,BIMAS.IS,38.34981155395508
2022-06-22,BIMAS.IS,38.90226745605469
2022-06-23,BIMAS.IS,39.06340408325195
2022-06-24,BIMAS.IS,38.856231689453125
2022-06-27,BIMAS.IS,38.119625091552734
2022-06-28,BIMAS.IS,38.695098876953125
2022-06-29,BIMAS.IS,37.38300704956055
2022-06-30,BIMAS.IS,37.22187805175781
2022-07-01,BIMAS.IS,38.02754592895508
2022-07-04,BIMAS.IS,38.09660339355469
2022-07-05,BIMAS.IS,37.22187805175781
2022-07-06,BIMAS.IS,38.58000183105469
2022-07-07,BIMAS.IS,39.22453308105469
2022-07-08,BIMAS.IS,39.31660842895508
2022-07-13,BIMAS.IS,38.58000183105469
2022-07-14,BIMAS.IS,37.75131607055664
2022-07-18,BIMAS.IS,38.856231689453125
2022-07-19,BIMAS.IS,39.31660842895508
2022-07-20,BIMAS.IS,39.29359436035156
2022-07-21,BIMAS.IS,38.87924575805664
2022-07-22,BIMAS.IS,39.017364501953125
2022-07-25,BIMAS.IS,39.70793533325195
2022-07-26,BIMAS.IS,40.62870788574219
2022-07-27,BIMAS.IS,41.59550476074219
2022-07-28,BIMAS.IS,41.57249069213867
2022-07-29,BIMAS.IS,42.40117645263672
2022-08-01,BIMAS.IS,43.80534362792969
2022-08-02,BIMAS.IS,43.0226936340332
2022-08-03,BIMAS.IS,43.298912048339844
2022-08-04,BIMAS.IS,43.8744010925293
2022-08-05,BIMAS.IS,43.98948669433594
2022-08-08,BIMAS.IS,45.41667556762695
2022-08-09,BIMAS.IS,45.11742401123047
2022-08-10,BIMAS.IS,47.41933822631836
2022-08-11,BIMAS.IS,51.05635452270508
2022-08-12,BIMAS.IS,50.135589599609375
2022-08-15,BIMAS.IS,49.39897918701172
2022-08-16,BIMAS.IS,50.91823196411133
2022-08-17,BIMAS.IS,51.97711181640625
2022-08-18,BIMAS.IS,49.2608642578125
2022-08-19,BIMAS.IS,48.98463439941406
2022-08-22,BIMAS.IS,50.87220001220703
2022-08-23,BIMAS.IS,50.96427536010742
2022-08-24,BIMAS.IS,51.14842987060547
2022-08-25,BIMAS.IS,51.378623962402344
2022-08-26,BIMAS.IS,51.97711181640625
2022-08-29,BIMAS.IS,51.70088577270508
2022-08-31,BIMAS.IS,50.36578369140625
2022-09-01,BIMAS.IS,50.319740295410156
2022-09-02,BIMAS.IS,49.95143508911133
2022-09-05,BIMAS.IS,52.4375
2022-09-06,BIMAS.IS,52.02315139770508
2022-09-07,BIMAS.IS,52.345420837402344
2022-09-08,BIMAS.IS,55.245826721191406
2022-09-09,BIMAS.IS,55.79828643798828
2022-09-12,BIMAS.IS,55.75224304199219
2022-09-13,BIMAS.IS,53.91071701049805
2022-09-14,BIMAS.IS,55.19978332519531
2022-09-15,BIMAS.IS,53.86467361450195
2022-09-16,BIMAS.IS,55.42997741699219
2022-09-19,BIMAS.IS,53.312225341796875
2022-09-20,BIMAS.IS,53.542415618896484
2022-09-21,BIMAS.IS,53.450340270996094
2022-09-22,BIMAS.IS,54.23299026489258
2022-09-23,BIMAS.IS,55.291866302490234
2022-09-26,BIMAS.IS,54.87751770019531
2022-09-27,BIMAS.IS,56.16659164428711
2022-09-28,BIMAS.IS,55.42997741699219
2022-09-29,BIMAS.IS,53.772605895996094
2022-09-30,BIMAS.IS,53.266178131103516
2022-10-03,BIMAS.IS,56.76509094238281
2022-10-04,BIMAS.IS,56.99527359008789
2022-10-05,BIMAS.IS,57.17942428588867
2022-10-06,BIMAS.IS,58.97492599487305
2022-10-07,BIMAS.IS,58.19227981567383
2022-10-10,BIMAS.IS,57.45565414428711
2022-10-11,BIMAS.IS,56.58094024658203
2022-10-12,BIMAS.IS,55.291866302490234
2022-10-13,BIMAS.IS,56.85715866088867
2022-10-14,BIMAS.IS,58.51454162597656
2022-10-17,BIMAS.IS,63.53269958496094
2022-10-18,BIMAS.IS,63.302520751953125
2022-10-19,BIMAS.IS,65.05195617675781
2022-10-20,BIMAS.IS,64.54553985595703
2022-10-21,BIMAS.IS,65.37422943115234
2022-10-24,BIMAS.IS,65.65047454833984
2022-10-25,BIMAS.IS,64.45346069335938
2022-10-26,BIMAS.IS,62.98023986816406
2022-10-27,BIMAS.IS,62.151554107666016
2022-10-28,BIMAS.IS,61.13871383666992
2022-10-31,BIMAS.IS,61.69116973876953
2022-11-01,BIMAS.IS,63.71684646606445
2022-11-02,BIMAS.IS,64.82176971435547
2022-11-03,BIMAS.IS,64.40742492675781
2022-11-04,BIMAS.IS,66.24894714355469
2022-11-07,BIMAS.IS,67.72217559814453
2022-11-08,BIMAS.IS,67.90634155273438
2022-11-09,BIMAS.IS,63.71684646606445
2022-11-10,BIMAS.IS,65.5583724975586
2022-11-11,BIMAS.IS,62.56589126586914
2022-11-14,BIMAS.IS,62.289669036865234
2022-11-15,BIMAS.IS,61.69116973876953
2022-11-16,BIMAS.IS,59.665496826171875
2022-11-17,BIMAS.IS,58.008113861083984
2022-11-18,BIMAS.IS,60.171913146972656
2022-11-21,BIMAS.IS,59.020957946777344
2022-11-22,BIMAS.IS,60.632293701171875
2022-11-23,BIMAS.IS,59.849647521972656
2022-11-24,BIMAS.IS,61.0466423034668
2022-11-25,BIMAS.IS,60.90852355957031
2022-11-28,BIMAS.IS,61.36890411376953
2022-11-29,BIMAS.IS,61.64512634277344
2022-11-30,BIMAS.IS,61.921356201171875
2022-12-01,BIMAS.IS,60.310028076171875
2022-12-02,BIMAS.IS,56.62697982788086
2022-12-05,BIMAS.IS,55.522056579589844
2022-12-06,BIMAS.IS,58.42245864868164
2022-12-07,BIMAS.IS,55.06167221069336
2022-12-08,BIMAS.IS,56.074520111083984
2022-12-09,BIMAS.IS,56.62697982788086
2022-12-12,BIMAS.IS,57.59376907348633
2022-12-13,BIMAS.IS,61.18476104736328
2022-12-14,BIMAS.IS,59.46188735961914
2022-12-15,BIMAS.IS,59.83440399169922
2022-12-16,BIMAS.IS,59.8809700012207
2022-12-19,BIMAS.IS,61.0450553894043
2022-12-20,BIMAS.IS,63.04730224609375
2022-12-21,BIMAS.IS,64.6304702758789
2022-12-22,BIMAS.IS,64.30452728271484
2022-12-23,BIMAS.IS,63.745758056640625
2022-12-26,BIMAS.IS,63.186981201171875
2022-12-27,BIMAS.IS,63.83888244628906
2022-12-28,BIMAS.IS,62.62821960449219
2022-12-29,BIMAS.IS,63.559505462646484
2022-12-30,BIMAS.IS,63.745758056640625
2023-01-02,BIMAS.IS,64.86328125
2023-01-03,BIMAS.IS,65.18923950195312
2023-01-04,BIMAS.IS,63.60606384277344
2023-01-05,BIMAS.IS,61.231319427490234
2023-01-06,BIMAS.IS,60.25347137451172
2023-01-09,BIMAS.IS,60.905372619628906
2023-01-10,BIMAS.IS,60.532859802246094
2023-01-11,BIMAS.IS,57.92529296875
2023-01-12,BIMAS.IS,58.670310974121094
2023-01-13,BIMAS.IS,57.31996536254883
2023-01-16,BIMAS.IS,59.6947135925293
2023-01-17,BIMAS.IS,61.324440002441406
2023-01-18,BIMAS.IS,62.58165740966797
2023-01-19,BIMAS.IS,63.00074005126953
2023-01-20,BIMAS.IS,63.00074005126953
2023-01-23,BIMAS.IS,63.83888244628906
2023-01-24,BIMAS.IS,63.745758056640625
2023-01-25,BIMAS.IS,63.512935638427734
2023-01-26,BIMAS.IS,62.34883499145508
2023-01-27,BIMAS.IS,62.16259002685547
2023-01-30,BIMAS.IS,59.74127197265625
2023-01-31,BIMAS.IS,57.97185516357422
2023-02-01,BIMAS.IS,55.45741653442383
2023-02-02,BIMAS.IS,56.62150955200195
2023-02-03,BIMAS.IS,59.135948181152344
2023-02-06,BIMAS.IS,59.83440399169922
2023-02-07,BIMAS.IS,55.87649154663086
2023-02-08,BIMAS.IS,54.61927032470703
2023-02-15,BIMAS.IS,61.46412658691406
2023-02-16,BIMAS.IS,62.44197082519531
2023-02-17,BIMAS.IS,63.00074005126953
2023-02-20,BIMAS.IS,62.67478942871094
2023-02-21,BIMAS.IS,62.53511047363281
2023-02-22,BIMAS.IS,61.46412658691406
2023-02-23,BIMAS.IS,62.20915985107422
2023-02-24,BIMAS.IS,61.557254791259766
2023-02-27,BIMAS.IS,62.95417404174805
2023-02-28,BIMAS.IS,63.46638107299805
2023-03-01,BIMAS.IS,64.81671905517578
2023-03-02,BIMAS.IS,66.02737426757812
2023-03-03,BIMAS.IS,63.745758056640625
2023-03-06,BIMAS.IS,65.18923950195312
2023-03-07,BIMAS.IS,64.49076843261719
2023-03-08,BIMAS.IS,64.95641326904297
2023-03-09,BIMAS.IS,65.09611511230469
2023-03-10,BIMAS.IS,65.93425750732422
2023-03-13,BIMAS.IS,67.19147491455078
2023-03-14,BIMAS.IS,64.16483306884766
2023-03-15,BIMAS.IS,63.885440826416016
2023-03-16,BIMAS.IS,67.51741790771484
2023-03-17,BIMAS.IS,67.65711975097656
2023-03-20,BIMAS.IS,66.86552429199219
2023-03-21,BIMAS.IS,65.32892608642578
2023-03-22,BIMAS.IS,65.42205047607422
2023-03-23,BIMAS.IS,65.70144653320312
2023-03-24,BIMAS.IS,66.02737426757812
2023-03-27,BIMAS.IS,65.65487670898438
2023-03-28,BIMAS.IS,66.49302673339844
2023-03-29,BIMAS.IS,68.40213012695312
2023-03-30,BIMAS.IS,68.44869995117188
2023-03-31,BIMAS.IS,69.24028778076172
2023-04-03,BIMAS.IS,69.24028778076172
2023-04-04,BIMAS.IS,72.17378997802734
2023-04-05,BIMAS.IS,71.38220977783203
2023-04-06,BIMAS.IS,72.87225341796875
2023-04-07,BIMAS.IS,72.03410339355469
2023-04-10,BIMAS.IS,74.3622817993164
2023-04-11,BIMAS.IS,74.45540618896484
2023-04-12,BIMAS.IS,75.06075286865234
2023-04-13,BIMAS.IS,75.57294464111328
2023-04-14,BIMAS.IS,77.10955810546875
2023-04-17,BIMAS.IS,75.47982788085938
2023-04-18,BIMAS.IS,75.4332504272461
2023-04-19,BIMAS.IS,75.57294464111328
2023-04-20,BIMAS.IS,73.80352020263672
2023-04-24,BIMAS.IS,72.63944244384766
2023-04-25,BIMAS.IS,70.91658020019531
2023-04-26,BIMAS.IS,71.52190399169922
2023-04-27,BIMAS.IS,73.71041107177734
2023-04-28,BIMAS.IS,72.73255920410156
2023-05-02,BIMAS.IS,71.5684814453125
2023-05-03,BIMAS.IS,72.82567596435547
2023-05-04,BIMAS.IS,72.59288024902344
2023-05-05,BIMAS.IS,73.10507202148438
2023-05-08,BIMAS.IS,75.5263900756836
2023-05-09,BIMAS.IS,77.06299591064453
2023-05-10,BIMAS.IS,73.85009002685547
2023-05-11,BIMAS.IS,81.20716094970703
2023-05-12,BIMAS.IS,82.55751037597656
2023-05-15,BIMAS.IS,74.31572723388672
2023-05-16,BIMAS.IS,70.73031616210938
2023-05-17,BIMAS.IS,68.30900573730469
2023-05-18,BIMAS.IS,65.9808120727539
2023-05-22,BIMAS.IS,63.745758056640625
2023-05-23,BIMAS.IS,62.58165740966797
2023-05-24,BIMAS.IS,62.116024017333984
2023-05-25,BIMAS.IS,61.92976760864258
2023-05-26,BIMAS.IS,62.62821960449219
2023-05-29,BIMAS.IS,63.885440826416016
2023-05-30,BIMAS.IS,65.46861267089844
2023-05-31,BIMAS.IS,65.65487670898438
2023-06-01,BIMAS.IS,66.95865631103516
2023-06-02,BIMAS.IS,67.9365005493164
2023-06-05,BIMAS.IS,71.75471496582031
2023-06-06,BIMAS.IS,72.22036743164062
2023-06-07,BIMAS.IS,74.82793426513672
2023-06-08,BIMAS.IS,75.10731506347656
2023-06-09,BIMAS.IS,76.17828369140625
2023-06-12,BIMAS.IS,76.6439208984375
2023-06-13,BIMAS.IS,77.06299591064453
2023-06-14,BIMAS.IS,75.97892761230469
2023-06-15,BIMAS.IS,79.27825164794922
2023-06-16,BIMAS.IS,83.37885284423828
2023-06-19,BIMAS.IS,82.4361801147461
2023-06-20,BIMAS.IS,78.24132537841797
2023-06-21,BIMAS.IS,74.89485168457031
2023-06-22,BIMAS.IS,78.38272094726562
2023-06-23,BIMAS.IS,79.18399810791016
2023-06-26,BIMAS.IS,81.06932067871094
2023-06-27,BIMAS.IS,80.36231994628906
2023-07-03,BIMAS.IS,84.32151794433594
2023-07-04,BIMAS.IS,83.14318084716797
2023-07-05,BIMAS.IS,85.12278747558594
2023-07-06,BIMAS.IS,86.3482437133789
2023-07-07,BIMAS.IS,85.40558624267578
2023-07-10,BIMAS.IS,87.38519287109375
2023-07-11,BIMAS.IS,87.52659606933594
2023-07-12,BIMAS.IS,87.90365600585938
2023-07-13,BIMAS.IS,86.72532653808594
2023-07-14,BIMAS.IS,87.1023941040039
2023-07-17,BIMAS.IS,91.7214584350586
2023-07-18,BIMAS.IS,93.98384094238281
2023-07-19,BIMAS.IS,94.21951293945312
2023-07-20,BIMAS.IS,95.02078247070312
2023-07-21,BIMAS.IS,95.68064880371094
2023-07-24,BIMAS.IS,93.46538543701172
2023-07-25,BIMAS.IS,91.53291320800781
2023-07-26,BIMAS.IS,95.91631317138672
2023-07-27,BIMAS.IS,96.1519775390625
2023-07-28,BIMAS.IS,102.37358856201172
2023-07-31,BIMAS.IS,101.8551254272461
2023-08-01,BIMAS.IS,101.24237823486328
2023-08-02,BIMAS.IS,103.7875747680664
2023-08-03,BIMAS.IS,107.60539245605469
2023-08-04,BIMAS.IS,108.7837142944336
2023-08-07,BIMAS.IS,107.32257843017578
2023-08-08,BIMAS.IS,108.97225189208984
2023-08-09,BIMAS.IS,119.86004638671875
2023-08-10,BIMAS.IS,125.70460510253906
2023-08-11,BIMAS.IS,128.53257751464844
2023-08-14,BIMAS.IS,128.4383087158203
2023-08-15,BIMAS.IS,122.21671295166016
2023-08-16,BIMAS.IS,120.66130065917969
2023-08-17,BIMAS.IS,119.01165008544922
2023-08-18,BIMAS.IS,110.76332092285156
2023-08-21,BIMAS.IS,118.8702392578125
2023-08-22,BIMAS.IS,118.30464935302734
2023-08-23,BIMAS.IS,114.53397369384766
2023-08-24,BIMAS.IS,113.1671142578125
2023-08-25,BIMAS.IS,121.13264465332031
2023-08-28,BIMAS.IS,120.66130065917969
2023-08-29,BIMAS.IS,121.17977905273438
2023-08-31,BIMAS.IS,118.8702392578125
2023-09-01,BIMAS.IS,122.16958618164062
2023-09-04,BIMAS.IS,123.6778564453125
2023-09-05,BIMAS.IS,124.5262451171875
2023-09-06,BIMAS.IS,121.98103332519531
2023-09-07,BIMAS.IS,128.67398071289062
2023-09-08,BIMAS.IS,127.2599868774414
2023-09-11,BIMAS.IS,127.2599868774414
2023-09-12,BIMAS.IS,127.49565124511719
2023-09-13,BIMAS.IS,127.2599868774414
2023-09-14,BIMAS.IS,129.0981903076172
2023-09-15,BIMAS.IS,127.2599868774414
2023-09-18,BIMAS.IS,126.31731414794922
2023-09-19,BIMAS.IS,130.1351318359375
2023-09-20,BIMAS.IS,127.2599868774414
2023-09-21,BIMAS.IS,129.94659423828125
2023-09-22,BIMAS.IS,128.8625030517578
2023-09-25,BIMAS.IS,130.88926696777344
2023-09-26,BIMAS.IS,129.80519104003906
2023-09-27,BIMAS.IS,127.2599868774414
2023-09-28,BIMAS.IS,127.2599868774414
2023-09-29,BIMAS.IS,129.47525024414062
2023-10-02,BIMAS.IS,137.39364624023438
2023-10-03,BIMAS.IS,134.0943145751953
2023-10-04,BIMAS.IS,136.6395263671875
2023-10-05,BIMAS.IS,138.71339416503906
2023-10-06,BIMAS.IS,146.11331176757812
2023-10-09,BIMAS.IS,147.5272979736328
2023-10-10,BIMAS.IS,150.82664489746094
2023-10-11,BIMAS.IS,151.10946655273438
2023-10-12,BIMAS.IS,150.82664489746094
2023-10-13,BIMAS.IS,150.82664489746094
2023-10-16,BIMAS.IS,150.6852264404297
2023-10-17,BIMAS.IS,147.5272979736328
2023-10-18,BIMAS.IS,140.4573211669922
2023-10-19,BIMAS.IS,138.5248565673828
2023-10-20,BIMAS.IS,134.23570251464844
2023-10-23,BIMAS.IS,136.87518310546875
2023-10-24,BIMAS.IS,142.1069793701172
2023-10-25,BIMAS.IS,133.57583618164062
2023-10-26,BIMAS.IS,130.88926696777344
2023-10-27,BIMAS.IS,130.6064453125
2023-10-30,BIMAS.IS,131.40769958496094
2023-10-31,BIMAS.IS,128.20265197753906
2023-11-01,BIMAS.IS,130.04086303710938
2023-11-02,BIMAS.IS,136.45098876953125
2023-11-03,BIMAS.IS,134.80130004882812
2023-11-06,BIMAS.IS,137.15797424316406
2023-11-07,BIMAS.IS,139.6324920654297
2023-11-08,BIMAS.IS,144.463623046875
2023-11-09,BIMAS.IS,144.22799682617188
2023-11-10,BIMAS.IS,138.45416259765625
2023-11-13,BIMAS.IS,133.85862731933594
2023-11-14,BIMAS.IS,135.2726593017578
2023-11-15,BIMAS.IS,136.8044891357422
2023-11-16,BIMAS.IS,142.1069793701172
2023-11-17,BIMAS.IS,145.28846740722656
2023-11-20,BIMAS.IS,143.40313720703125
2023-11-21,BIMAS.IS,147.6451416015625
2023-11-22,BIMAS.IS,145.87765502929688
2023-11-23,BIMAS.IS,145.87765502929688
2023-11-24,BIMAS.IS,149.17698669433594
2023-11-27,BIMAS.IS,151.06231689453125
2023-11-28,BIMAS.IS,148.5878143310547
2023-11-29,BIMAS.IS,147.05596923828125
2023-11-30,BIMAS.IS,145.170654296875
2023-12-01,BIMAS.IS,143.9923095703125
2023-12-04,BIMAS.IS,145.05279541015625
2023-12-05,BIMAS.IS,145.52413940429688
2023-12-06,BIMAS.IS,147.5272979736328
2023-12-07,BIMAS.IS,152.47628784179688
2023-12-08,BIMAS.IS,151.65147399902344
2023-12-11,BIMAS.IS,149.05914306640625
2023-12-12,BIMAS.IS,146.34896850585938
2023-12-13,BIMAS.IS,142.3426513671875
2023-12-14,BIMAS.IS,147.6451416015625
2023-12-15,BIMAS.IS,151.06231689453125
2023-12-18,BIMAS.IS,149.88397216796875
2023-12-19,BIMAS.IS,143.87448120117188
2023-12-20,BIMAS.IS,144.70750427246094
2023-12-21,BIMAS.IS,147.20657348632812
2023-12-22,BIMAS.IS,147.32557678222656
2023-12-25,BIMAS.IS,143.27947998046875
2023-12-26,BIMAS.IS,144.5885009765625
2023-12-27,BIMAS.IS,145.65953063964844
2023-12-28,BIMAS.IS,146.37355041503906
2023-12-29,BIMAS.IS,143.1604766845703
2024-01-02,BIMAS.IS,143.27947998046875
2024-01-03,BIMAS.IS,139.1143798828125
2024-01-04,BIMAS.IS,143.9934844970703
2024-01-05,BIMAS.IS,146.2545166015625
2024-01-08,BIMAS.IS,151.84767150878906
2024-01-09,BIMAS.IS,152.08567810058594
2024-01-10,BIMAS.IS,151.49066162109375
2024-01-11,BIMAS.IS,156.2507781982422
2024-01-12,BIMAS.IS,159.4638671875
2024-01-15,BIMAS.IS,161.12989807128906
2024-01-16,BIMAS.IS,159.4638671875
2024-01-17,BIMAS.IS,158.63082885742188
2024-01-18,BIMAS.IS,158.8688507080078
2024-01-19,BIMAS.IS,159.4638671875
2024-01-22,BIMAS.IS,164.46197509765625
2024-01-23,BIMAS.IS,171.8401641845703
2024-01-24,BIMAS.IS,175.05323791503906
2024-01-25,BIMAS.IS,173.38719177246094
2024-01-26,BIMAS.IS,176.2432403564453
2024-01-29,BIMAS.IS,177.0762939453125
2024-01-30,BIMAS.IS,176.12425231933594
2024-01-31,BIMAS.IS,181.3603973388672
2024-02-01,BIMAS.IS,178.0283203125
2024-02-02,BIMAS.IS,175.29124450683594
2024-02-05,BIMAS.IS,179.0993194580078
2024-02-06,BIMAS.IS,180.1703643798828
2024-02-07,BIMAS.IS,178.0283203125
2024-02-08,BIMAS.IS,183.85943603515625
2024-02-09,BIMAS.IS,188.7385711669922
2024-02-12,BIMAS.IS,186.95352172851562
2024-02-13,BIMAS.IS,180.88436889648438
2024-02-14,BIMAS.IS,181.3603973388672
2024-02-15,BIMAS.IS,190.04759216308594
2024-02-16,BIMAS.IS,185.7635040283203
2024-02-19,BIMAS.IS,185.64451599121094
2024-02-20,BIMAS.IS,188.26255798339844
2024-02-21,BIMAS.IS,191.47564697265625
2024-02-22,BIMAS.IS,187.90554809570312
2024-02-23,BIMAS.IS,188.02455139160156
2024-02-26,BIMAS.IS,188.02455139160156
2024-02-27,BIMAS.IS,183.26441955566406
2024-02-28,BIMAS.IS,181.2413787841797
2024-02-29,BIMAS.IS,184.81146240234375
2024-03-01,BIMAS.IS,181.3603973388672
2024-03-04,BIMAS.IS,177.55230712890625
2024-03-05,BIMAS.IS,177.0762939453125
2024-03-06,BIMAS.IS,177.19528198242188
2024-03-07,BIMAS.IS,183.26441955566406
2024-03-08,BIMAS.IS,184.93048095703125
2024-03-11,BIMAS.IS,186.0015106201172
2024-03-12,BIMAS.IS,189.80960083007812
2024-03-13,BIMAS.IS,183.85943603515625
2024-03-14,BIMAS.IS,185.16847229003906
2024-03-15,BIMAS.IS,180.1703643798828
2024-03-18,BIMAS.IS,180.28936767578125
2024-03-19,BIMAS.IS,183.97845458984375
2024-03-20,BIMAS.IS,182.07440185546875
2024-03-21,BIMAS.IS,182.78842163085938
2024-03-22,BIMAS.IS,176.36224365234375
2024-03-25,BIMAS.IS,169.4601287841797
2024-03-26,BIMAS.IS,164.93800354003906
2024-03-27,BIMAS.IS,166.3660125732422
2024-03-28,BIMAS.IS,167.3180389404297
2024-03-29,BIMAS.IS,171.8401641845703
2024-04-01,BIMAS.IS,172.55418395996094
2024-04-02,BIMAS.IS,173.6251983642578
2024-04-03,BIMAS.IS,176.4812774658203
2024-04-04,BIMAS.IS,180.88436889648438
2024-04-05,BIMAS.IS,192.78466796875
2024-04-08,BIMAS.IS,191.47564697265625
2024-04-09,BIMAS.IS,191.47564697265625
2024-04-15,BIMAS.IS,186.95352172851562
2024-04-16,BIMAS.IS,186.59649658203125
2024-04-17,BIMAS.IS,184.57347106933594
2024-04-18,BIMAS.IS,175.05323791503906
2024-04-19,BIMAS.IS,176.83828735351562
2024-04-22,BIMAS.IS,176.12425231933594
2024-04-24,BIMAS.IS,175.17225646972656
2024-04-25,BIMAS.IS,177.4333038330078
2024-04-26,BIMAS.IS,183.97845458984375
2024-04-29,BIMAS.IS,184.57347106933594
2024-04-30,BIMAS.IS,184.21644592285156
2024-05-02,BIMAS.IS,192.18963623046875
2024-05-03,BIMAS.IS,198.61581420898438
2024-05-06,BIMAS.IS,198.7348175048828
2024-05-07,BIMAS.IS,199.44882202148438
2024-05-08,BIMAS.IS,199.9248504638672
2024-05-09,BIMAS.IS,202.3048858642578
2024-05-10,BIMAS.IS,202.18588256835938
2024-05-13,BIMAS.IS,202.78089904785156
2024-05-14,BIMAS.IS,216.94224548339844
2024-05-15,BIMAS.IS,223.368408203125
2024-05-16,BIMAS.IS,222.1783905029297
2024-05-17,BIMAS.IS,231.6986083984375
2024-05-20,BIMAS.IS,231.9365997314453
2024-05-21,BIMAS.IS,231.9365997314453
2024-05-22,BIMAS.IS,230.86558532714844
2024-05-23,BIMAS.IS,230.62757873535156
2024-05-24,BIMAS.IS,222.53536987304688
2024-05-27,BIMAS.IS,227.05747985839844
2024-05-28,BIMAS.IS,229.31854248046875
2024-05-29,BIMAS.IS,227.05747985839844
2024-05-30,BIMAS.IS,225.98646545410156
2024-05-31,BIMAS.IS,228.48553466796875
2024-06-03,BIMAS.IS,236.45872497558594
2024-06-04,BIMAS.IS,234.19769287109375
2024-06-05,BIMAS.IS,239.9097900390625
2024-06-06,BIMAS.IS,238.24380493164062
2024-06-07,BIMAS.IS,234.91168212890625
2024-06-10,BIMAS.IS,231.3415985107422
2024-06-11,BIMAS.IS,237.29173278808594
2024-06-12,BIMAS.IS,232.5316162109375
2024-06-13,BIMAS.IS,250.38204956054688
2024-06-14,BIMAS.IS,263.2344055175781
2024-06-20,BIMAS.IS,271.08856201171875
2024-06-21,BIMAS.IS,273.2306213378906
2024-06-24,BIMAS.IS,266.804443359375
2024-06-25,BIMAS.IS,271.5645751953125
2024-06-26,BIMAS.IS,266.32843017578125
2024-06-27,BIMAS.IS,266.32843017578125
2024-06-28,BIMAS.IS,259.42626953125
2024-07-01,BIMAS.IS,263.7103271484375
2024-07-02,BIMAS.IS,263.9483642578125
2024-07-03,BIMAS.IS,261.8063659667969
2024-07-04,BIMAS.IS,259.6642761230469
2024-07-05,BIMAS.IS,263.47235107421875
2024-07-08,BIMAS.IS,265.8524475097656
2024-07-09,BIMAS.IS,263.7103271484375
2024-07-10,BIMAS.IS,258.4742431640625
2024-07-11,BIMAS.IS,271.32659912109375
2024-07-12,BIMAS.IS,275.3726501464844
2024-07-16,BIMAS.IS,278.70477294921875
2024-07-17,BIMAS.IS,284.6753234863281
2024-07-18,BIMAS.IS,291.3623046875
2024-07-19,BIMAS.IS,293.5116271972656
2024-07-22,BIMAS.IS,293.98931884765625
2024-07-23,BIMAS.IS,293.7505187988281
2024-07-24,BIMAS.IS,298.2881164550781
2024-07-25,BIMAS.IS,292.7951965332031
2024-07-26,BIMAS.IS,292.556396484375
2024-07-29,BIMAS.IS,286.1081848144531
2024-07-30,BIMAS.IS,293.98931884765625
2024-07-31,BIMAS.IS,298.7657165527344
2024-08-01,BIMAS.IS,292.3175964355469
2024-08-02,BIMAS.IS,280.8541259765625
2024-08-05,BIMAS.IS,266.2860107421875
2024-08-06,BIMAS.IS,269.86834716796875
2024-08-07,BIMAS.IS,266.5248107910156
2024-08-08,BIMAS.IS,260.5543212890625
2024-08-09,BIMAS.IS,269.6295471191406
2024-08-12,BIMAS.IS,268.67425537109375
2024-08-13,BIMAS.IS,272.4953918457031
2024-08-14,BIMAS.IS,271.30126953125
2024-08-15,BIMAS.IS,273.2118225097656
2024-08-16,BIMAS.IS,265.5695495605469
2024-08-19,BIMAS.IS,273.9283142089844
2024-08-20,BIMAS.IS,268.4354248046875
2024-08-21,BIMAS.IS,265.5695495605469
2024-08-22,BIMAS.IS,268.4354248046875
2024-08-23,BIMAS.IS,260.7931213378906
2024-08-26,BIMAS.IS,257.6884765625
2024-08-27,BIMAS.IS,264.6142272949219
2024-08-28,BIMAS.IS,264.3754577636719
2024-08-29,BIMAS.IS,257.92724609375
2024-09-02,BIMAS.IS,268.67425537109375
2024-09-03,BIMAS.IS,268.1965637207031
2024-09-04,BIMAS.IS,266.2860107421875
2024-09-05,BIMAS.IS,261.5096435546875
2024-09-06,BIMAS.IS,261.5096435546875
2024-09-09,BIMAS.IS,261.9872131347656
2024-09-10,BIMAS.IS,267.4801330566406
2024-09-11,BIMAS.IS,268.67425537109375
2024-09-12,BIMAS.IS,266.2860107421875
2024-09-13,BIMAS.IS,271.0624694824219
2024-09-16,BIMAS.IS,271.30126953125
2024-09-17,BIMAS.IS,285.3917236328125
2024-09-18,BIMAS.IS,293.98931884765625
2024-09-19,BIMAS.IS,291.12347412109375
2024-09-20,BIMAS.IS,272.2565612792969
2024-09-23,BIMAS.IS,279.4211730957031
2024-09-24,BIMAS.IS,277.2718200683594
2024-09-25,BIMAS.IS,267.71893310546875
2024-09-26,BIMAS.IS,257.2108154296875
2024-09-27,BIMAS.IS,237.8662567138672
2024-09-30,BIMAS.IS,237.03038024902344
2024-10-01,BIMAS.IS,230.9404296875
2024-10-02,BIMAS.IS,224.43846130371094
2024-10-03,BIMAS.IS,229.97718811035156
2024-10-04,BIMAS.IS,231.66287231445312
2024-10-07,BIMAS.IS,222.7527618408203
2024-10-08,BIMAS.IS,232.866943359375
2024-10-09,BIMAS.IS,233.58938598632812
2024-10-10,BIMAS.IS,223.59561157226562
2024-10-11,BIMAS.IS,224.43846130371094
2024-10-14,BIMAS.IS,225.52212524414062
2024-10-15,BIMAS.IS,225.28131103515625
2024-10-16,BIMAS.IS,227.32821655273438
2024-10-17,BIMAS.IS,226.48538208007812
2024-10-18,BIMAS.IS,222.0303192138672
2024-10-21,BIMAS.IS,214.6855010986328
2024-10-22,BIMAS.IS,221.7895050048828
2024-10-23,BIMAS.IS,217.45484924316406
2024-10-24,BIMAS.IS,229.01393127441406
2024-10-25,BIMAS.IS,228.89352416992188
2024-10-28,BIMAS.IS,227.689453125
2024-10-30,BIMAS.IS,234.31182861328125
2024-10-31,BIMAS.IS,224.6792755126953
2024-11-01,BIMAS.IS,223.9568328857422
2024-11-04,BIMAS.IS,222.7527618408203
2024-11-05,BIMAS.IS,221.54869079589844
2024-11-06,BIMAS.IS,237.2015838623047
2024-11-07,BIMAS.IS,235.1546630859375
2024-11-08,BIMAS.IS,237.6832275390625
2024-11-11,BIMAS.IS,236.47915649414062
2024-11-12,BIMAS.IS,226.8466033935547
2024-11-13,BIMAS.IS,227.08740234375
2024-11-14,BIMAS.IS,228.89352416992188
2024-11-15,BIMAS.IS,224.43846130371094
2024-11-18,BIMAS.IS,221.4282684326172
2024-11-19,BIMAS.IS,220.34461975097656
2024-11-20,BIMAS.IS,213.84263610839844
2024-11-21,BIMAS.IS,219.7425994873047
2024-11-22,BIMAS.IS,225.52212524414062
2024-11-25,BIMAS.IS,230.33839416503906
2024-11-26,BIMAS.IS,228.41189575195312
2024-11-27,BIMAS.IS,230.33839416503906
2024-11-28,BIMAS.IS,234.07101440429688
2024-11-29,BIMAS.IS,228.0506591796875
2024-12-02,BIMAS.IS,234.67303466796875
2024-12-03,BIMAS.IS,241.7770538330078
2024-12-04,BIMAS.IS,243.9443817138672
2024-12-05,BIMAS.IS,246.11170959472656
2024-12-06,BIMAS.IS,248.0382080078125
2024-12-09,BIMAS.IS,253.33612060546875
2024-12-10,BIMAS.IS,253.33612060546875
2024-12-11,BIMAS.IS,259.1156311035156
2024-12-12,BIMAS.IS,258.15240478515625
2024-12-13,BIMAS.IS,254.78097534179688
2024-12-16,BIMAS.IS,247.074951171875
2024-12-17,BIMAS.IS,249.7239227294922
2024-12-18,BIMAS.IS,246.0836181640625
2024-12-19,BIMAS.IS,243.65676879882812
2024-12-20,BIMAS.IS,240.13783264160156
2024-12-23,BIMAS.IS,238.3176727294922
2024-12-24,BIMAS.IS,237.22557067871094
2024-12-25,BIMAS.IS,248.02511596679688
2024-12-26,BIMAS.IS,251.42269897460938
2024-12-27,BIMAS.IS,253.36419677734375
2024-12-30,BIMAS.IS,254.3349609375
2024-12-31,BIMAS.IS,256.51910400390625
2015-03-11,TUPRS.IS,3.1940600872039795
2015-03-12,TUPRS.IS,3.1816439628601074
2015-03-13,TUPRS.IS,3.1257717609405518
2015-03-16,TUPRS.IS,3.1909563541412354
2015-03-17,TUPRS.IS,3.32132625579834
2015-03-18,TUPRS.IS,3.2964932918548584
2015-03-19,TUPRS.IS,3.4206552505493164
2015-03-20,TUPRS.IS,3.5230886936187744
2015-03-23,TUPRS.IS,3.6006901264190674
2015-03-24,TUPRS.IS,3.653458595275879
2015-03-25,TUPRS.IS,3.662771224975586
2015-03-26,TUPRS.IS,3.641042470932007
2015-03-27,TUPRS.IS,3.687603712081909
2015-03-30,TUPRS.IS,3.8397016525268555
2015-03-31,TUPRS.IS,3.8397016525268555
2015-04-01,TUPRS.IS,3.746579885482788
2015-04-02,TUPRS.IS,3.7000200748443604
2015-04-03,TUPRS.IS,3.8086612224578857
2015-04-06,TUPRS.IS,3.8397016525268555
2015-04-07,TUPRS.IS,3.783827781677246
2015-04-08,TUPRS.IS,3.743475914001465
2015-04-09,TUPRS.IS,3.7652034759521484
2015-04-10,TUPRS.IS,3.743475914001465
2015-04-13,TUPRS.IS,3.7589967250823975
2015-04-14,TUPRS.IS,3.7527883052825928
2015-04-15,TUPRS.IS,3.7279558181762695
2015-04-16,TUPRS.IS,3.8614296913146973
2015-04-17,TUPRS.IS,3.836597204208374
2015-04-20,TUPRS.IS,3.8179728984832764
2015-04-21,TUPRS.IS,3.9421350955963135
2015-04-22,TUPRS.IS,4.00731897354126
2015-04-23,TUPRS.IS,4.00731897354126
2015-04-24,TUPRS.IS,4.134584426879883
2015-04-27,TUPRS.IS,4.12216854095459
2015-04-28,TUPRS.IS,4.109753131866455
2015-04-29,TUPRS.IS,4.112856864929199
2015-04-30,TUPRS.IS,4.029047966003418
2015-05-01,TUPRS.IS,4.029047966003418
2015-05-04,TUPRS.IS,4.091128349304199
2015-05-05,TUPRS.IS,3.973174810409546
2015-05-06,TUPRS.IS,3.8490138053894043
2015-05-07,TUPRS.IS,3.8179728984832764
2015-05-08,TUPRS.IS,3.9669673442840576
2015-05-11,TUPRS.IS,3.973174810409546
2015-05-12,TUPRS.IS,4.05077600479126
2015-05-13,TUPRS.IS,4.053880214691162
2015-05-14,TUPRS.IS,4.053880214691162
2015-05-15,TUPRS.IS,4.044567108154297
2015-05-18,TUPRS.IS,4.106649398803711
2015-05-19,TUPRS.IS,4.106649398803711
2015-05-20,TUPRS.IS,4.271162986755371
2015-05-21,TUPRS.IS,4.07250452041626
2015-05-22,TUPRS.IS,4.08181619644165
2015-05-25,TUPRS.IS,4.0569844245910645
2015-05-26,TUPRS.IS,3.985591173171997
2015-05-27,TUPRS.IS,4.0352559089660645
2015-05-28,TUPRS.IS,4.044567108154297
2015-05-29,TUPRS.IS,4.134584426879883
2015-06-01,TUPRS.IS,4.041464805603027
2015-06-02,TUPRS.IS,4.097336292266846
2015-06-03,TUPRS.IS,4.156312942504883
2015-06-04,TUPRS.IS,4.041464805603027
2015-06-05,TUPRS.IS,3.954551935195923
2015-06-08,TUPRS.IS,3.8707408905029297
2015-06-09,TUPRS.IS,3.8645334243774414
2015-06-10,TUPRS.IS,3.892469882965088
2015-06-11,TUPRS.IS,3.9235103130340576
2015-06-12,TUPRS.IS,3.957655191421509
2015-06-15,TUPRS.IS,3.97627854347229
2015-06-16,TUPRS.IS,4.029047966003418
2015-06-17,TUPRS.IS,3.985591173171997
2015-06-18,TUPRS.IS,4.171833515167236
2015-06-19,TUPRS.IS,4.131480693817139
2015-06-22,TUPRS.IS,4.202874183654785
2015-06-23,TUPRS.IS,4.2152910232543945
2015-06-24,TUPRS.IS,4.283579349517822
2015-06-25,TUPRS.IS,4.2370195388793945
2015-06-26,TUPRS.IS,4.261850833892822
2015-06-29,TUPRS.IS,4.156312942504883
2015-06-30,TUPRS.IS,4.2152910232543945
2015-07-01,TUPRS.IS,4.243227005004883
2015-07-02,TUPRS.IS,4.286683559417725
2015-07-03,TUPRS.IS,4.23081111907959
2015-07-06,TUPRS.IS,4.243227005004883
2015-07-07,TUPRS.IS,4.193562984466553
2015-07-08,TUPRS.IS,4.23081111907959
2015-07-09,TUPRS.IS,4.283579349517822
2015-07-10,TUPRS.IS,4.255643367767334
2015-07-13,TUPRS.IS,4.472927093505859
2015-07-14,TUPRS.IS,4.488446235656738
2015-07-15,TUPRS.IS,4.460509777069092
2015-07-16,TUPRS.IS,4.494654178619385
2015-07-17,TUPRS.IS,4.494654178619385
2015-07-20,TUPRS.IS,4.488446235656738
2015-07-21,TUPRS.IS,4.395325183868408
2015-07-22,TUPRS.IS,4.339452266693115
2015-07-23,TUPRS.IS,4.283579349517822
2015-07-24,TUPRS.IS,4.314620018005371
2015-07-27,TUPRS.IS,4.283579349517822
2015-07-28,TUPRS.IS,4.274267673492432
2015-07-29,TUPRS.IS,4.283579349517822
2015-07-30,TUPRS.IS,4.36738920211792
2015-07-31,TUPRS.IS,4.469821929931641
2015-08-03,TUPRS.IS,4.351868629455566
2015-08-04,TUPRS.IS,4.317724704742432
2015-08-05,TUPRS.IS,4.264955520629883
2015-08-06,TUPRS.IS,4.395325183868408
2015-08-07,TUPRS.IS,4.469821929931641
2015-08-10,TUPRS.IS,4.485342025756836
2015-08-11,TUPRS.IS,4.634335994720459
2015-08-12,TUPRS.IS,4.659168243408203
2015-08-13,TUPRS.IS,4.587775707244873
2015-08-14,TUPRS.IS,4.603295803070068
2015-08-17,TUPRS.IS,4.606400012969971
2015-08-18,TUPRS.IS,4.615711688995361
2015-08-19,TUPRS.IS,4.55363130569458
2015-08-20,TUPRS.IS,4.451198101043701
2015-08-21,TUPRS.IS,4.413949012756348
2015-08-24,TUPRS.IS,4.246331691741943
2015-08-25,TUPRS.IS,4.429469585418701
2015-08-26,TUPRS.IS,4.386013507843018
2015-08-27,TUPRS.IS,4.578464031219482
2015-08-28,TUPRS.IS,4.612607955932617
2015-08-31,TUPRS.IS,4.662272930145264
2015-09-01,TUPRS.IS,4.488446235656738
2015-09-02,TUPRS.IS,4.503966808319092
2015-09-03,TUPRS.IS,4.550527095794678
2015-09-04,TUPRS.IS,4.472927093505859
2015-09-07,TUPRS.IS,4.339452266693115
2015-09-08,TUPRS.IS,4.342556476593018
2015-09-09,TUPRS.IS,4.354972839355469
2015-09-10,TUPRS.IS,4.3891167640686035
2015-09-11,TUPRS.IS,4.4449896812438965
2015-09-14,TUPRS.IS,4.395325183868408
2015-09-15,TUPRS.IS,4.438781261444092
2015-09-16,TUPRS.IS,4.491550445556641
2015-09-17,TUPRS.IS,4.550527095794678
2015-09-18,TUPRS.IS,4.621919631958008
2015-09-21,TUPRS.IS,4.637440204620361
2015-09-22,TUPRS.IS,4.566047668457031
2015-09-23,TUPRS.IS,4.572255611419678
2015-09-24,TUPRS.IS,4.572255611419678
2015-09-25,TUPRS.IS,4.572255611419678
2015-09-28,TUPRS.IS,4.581568241119385
2015-09-29,TUPRS.IS,4.538110733032227
2015-09-30,TUPRS.IS,4.600191593170166
2015-10-01,TUPRS.IS,4.656064510345459
2015-10-02,TUPRS.IS,4.702625274658203
2015-10-05,TUPRS.IS,4.857827663421631
2015-10-06,TUPRS.IS,4.870243549346924
2015-10-07,TUPRS.IS,4.798851013183594
2015-10-08,TUPRS.IS,4.777122497558594
2015-10-09,TUPRS.IS,4.668481349945068
2015-10-12,TUPRS.IS,4.482238292694092
2015-10-13,TUPRS.IS,4.4791340827941895
2015-10-14,TUPRS.IS,4.556735038757324
2015-10-15,TUPRS.IS,4.621919631958008
2015-10-16,TUPRS.IS,4.625024795532227
2015-10-19,TUPRS.IS,4.7678093910217285
2015-10-20,TUPRS.IS,4.8329949378967285
2015-10-21,TUPRS.IS,4.8329949378967285
2015-10-22,TUPRS.IS,4.8547234535217285
2015-10-23,TUPRS.IS,4.770914077758789
2015-10-26,TUPRS.IS,4.798851013183594
2015-10-27,TUPRS.IS,4.780226707458496
2015-10-28,TUPRS.IS,4.839203357696533
2015-10-29,TUPRS.IS,4.839203357696533
2015-10-30,TUPRS.IS,4.780226707458496
2015-11-02,TUPRS.IS,4.801955223083496
2015-11-03,TUPRS.IS,4.75229024887085
2015-11-04,TUPRS.IS,4.780226707458496
2015-11-05,TUPRS.IS,4.86713981628418
2015-11-06,TUPRS.IS,4.826786994934082
2015-11-09,TUPRS.IS,4.817474842071533
2015-11-10,TUPRS.IS,4.755394458770752
2015-11-11,TUPRS.IS,4.786434173583984
2015-11-12,TUPRS.IS,4.7678093910217285
2015-11-13,TUPRS.IS,4.742977619171143
2015-11-16,TUPRS.IS,4.656064510345459
2015-11-17,TUPRS.IS,4.6498565673828125
2015-11-18,TUPRS.IS,4.637440204620361
2015-11-19,TUPRS.IS,4.628127574920654
2015-11-20,TUPRS.IS,4.5939836502075195
2015-11-23,TUPRS.IS,4.631232261657715
2015-11-24,TUPRS.IS,4.426365852355957
2015-11-25,TUPRS.IS,4.628127574920654
2015-11-26,TUPRS.IS,4.5939836502075195
2015-11-27,TUPRS.IS,4.535006523132324
2015-11-30,TUPRS.IS,4.4667181968688965
2015-12-01,TUPRS.IS,4.472927093505859
2015-12-02,TUPRS.IS,4.51017427444458
2015-12-03,TUPRS.IS,4.358077049255371
2015-12-04,TUPRS.IS,4.274267673492432
2015-12-07,TUPRS.IS,4.3332438468933105
2015-12-08,TUPRS.IS,4.314620018005371
2015-12-09,TUPRS.IS,4.379805088043213
2015-12-10,TUPRS.IS,4.330140113830566
2015-12-11,TUPRS.IS,4.268059253692627
2015-12-14,TUPRS.IS,4.140793323516846
2015-12-15,TUPRS.IS,4.4325737953186035
2015-12-16,TUPRS.IS,4.485342025756836
2015-12-17,TUPRS.IS,4.538110733032227
2015-12-18,TUPRS.IS,4.457406520843506
2015-12-21,TUPRS.IS,4.497758865356445
2015-12-22,TUPRS.IS,4.584671974182129
2015-12-23,TUPRS.IS,4.55363130569458
2015-12-24,TUPRS.IS,4.522590160369873
2015-12-25,TUPRS.IS,4.541214942932129
2015-12-28,TUPRS.IS,4.562943935394287
2015-12-29,TUPRS.IS,4.503966808319092
2015-12-30,TUPRS.IS,4.4791340827941895
2015-12-31,TUPRS.IS,4.320828437805176
2016-01-01,TUPRS.IS,4.320828437805176
2016-01-04,TUPRS.IS,4.407741069793701
2016-01-05,TUPRS.IS,4.382909774780273
2016-01-06,TUPRS.IS,4.547422885894775
2016-01-07,TUPRS.IS,4.696417331695557
2016-01-08,TUPRS.IS,4.562943935394287
2016-01-11,TUPRS.IS,4.550527095794678
2016-01-12,TUPRS.IS,4.625024795532227
2016-01-13,TUPRS.IS,4.724353313446045
2016-01-14,TUPRS.IS,4.6498565673828125
2016-01-15,TUPRS.IS,4.550527095794678
2016-01-18,TUPRS.IS,4.677793025970459
2016-01-19,TUPRS.IS,4.569150924682617
2016-01-20,TUPRS.IS,4.5008625984191895
2016-01-21,TUPRS.IS,4.441885471343994
2016-01-22,TUPRS.IS,4.441885471343994
2016-01-25,TUPRS.IS,4.559839248657227
2016-01-26,TUPRS.IS,4.603295803070068
2016-01-27,TUPRS.IS,4.587775707244873
2016-01-28,TUPRS.IS,4.597087860107422
2016-01-29,TUPRS.IS,4.6498565673828125
2016-02-01,TUPRS.IS,4.587775707244873
2016-02-02,TUPRS.IS,4.522590160369873
2016-02-03,TUPRS.IS,4.522590160369873
2016-02-04,TUPRS.IS,4.497758865356445
2016-02-05,TUPRS.IS,4.435677528381348
2016-02-08,TUPRS.IS,4.240123271942139
2016-02-09,TUPRS.IS,4.30220365524292
2016-02-10,TUPRS.IS,4.305307388305664
2016-02-11,TUPRS.IS,4.240123271942139
2016-02-12,TUPRS.IS,4.274267673492432
2016-02-15,TUPRS.IS,4.472927093505859
2016-02-16,TUPRS.IS,4.451198101043701
2016-02-17,TUPRS.IS,4.494654178619385
2016-02-18,TUPRS.IS,4.525695323944092
2016-02-19,TUPRS.IS,4.584671974182129
2016-02-22,TUPRS.IS,4.609503269195557
2016-02-23,TUPRS.IS,4.662272930145264
2016-02-24,TUPRS.IS,4.609503269195557
2016-02-25,TUPRS.IS,4.621919631958008
2016-02-26,TUPRS.IS,4.606400012969971
2016-02-29,TUPRS.IS,4.711937427520752
2016-03-01,TUPRS.IS,4.70883321762085
2016-03-02,TUPRS.IS,4.6933135986328125
2016-03-03,TUPRS.IS,4.665377140045166
2016-03-04,TUPRS.IS,4.668481349945068
2016-03-07,TUPRS.IS,4.5939836502075195
2016-03-08,TUPRS.IS,4.702625274658203
2016-03-09,TUPRS.IS,4.814370155334473
2016-03-10,TUPRS.IS,4.817474842071533
2016-03-11,TUPRS.IS,4.764705657958984
2016-03-14,TUPRS.IS,4.814370155334473
2016-03-15,TUPRS.IS,4.715041160583496
2016-03-16,TUPRS.IS,4.808162689208984
2016-03-17,TUPRS.IS,4.923012733459473
2016-03-18,TUPRS.IS,5.044070243835449
2016-03-21,TUPRS.IS,5.044070243835449
2016-03-22,TUPRS.IS,4.941636562347412
2016-03-23,TUPRS.IS,4.845411777496338
2016-03-24,TUPRS.IS,4.87334680557251
2016-03-25,TUPRS.IS,4.885764122009277
2016-03-28,TUPRS.IS,4.913700103759766
2016-03-29,TUPRS.IS,4.923012733459473
2016-03-30,TUPRS.IS,4.89818000793457
2016-03-31,TUPRS.IS,4.926115989685059
2016-04-01,TUPRS.IS,4.888867378234863
2016-04-04,TUPRS.IS,4.935428619384766
2016-04-05,TUPRS.IS,4.891972064971924
2016-04-06,TUPRS.IS,4.891972064971924
2016-04-07,TUPRS.IS,4.8649067878723145
2016-04-08,TUPRS.IS,4.9359517097473145
2016-04-11,TUPRS.IS,4.966400146484375
2016-04-12,TUPRS.IS,5.013763904571533
2016-04-13,TUPRS.IS,5.149087429046631
2016-04-14,TUPRS.IS,5.19983434677124
2016-04-15,TUPRS.IS,5.0002312660217285
2016-04-18,TUPRS.IS,5.006997585296631
2016-04-19,TUPRS.IS,5.013763904571533
2016-04-20,TUPRS.IS,4.983315944671631
2016-04-21,TUPRS.IS,5.064510345458984
2016-04-22,TUPRS.IS,5.091575622558594
2016-04-25,TUPRS.IS,5.04759407043457
2016-04-26,TUPRS.IS,5.0712761878967285
2016-04-27,TUPRS.IS,5.010380744934082
2016-04-28,TUPRS.IS,5.030679225921631
2016-04-29,TUPRS.IS,4.9968485832214355
2016-05-02,TUPRS.IS,4.95286750793457
2016-05-03,TUPRS.IS,4.8649067878723145
2016-05-04,TUPRS.IS,4.78032922744751
2016-05-05,TUPRS.IS,4.814159870147705
2016-05-06,TUPRS.IS,4.50968074798584
2016-05-09,TUPRS.IS,4.577342987060547
2016-05-10,TUPRS.IS,4.577342987060547
2016-05-11,TUPRS.IS,4.5874924659729
2016-05-12,TUPRS.IS,4.469083309173584
2016-05-13,TUPRS.IS,4.370973587036133
2016-05-16,TUPRS.IS,4.452167510986328
2016-05-17,TUPRS.IS,4.347291469573975
2016-05-18,TUPRS.IS,4.337141990661621
2016-05-19,TUPRS.IS,4.337141990661621
2016-05-20,TUPRS.IS,4.262714385986328
2016-05-23,TUPRS.IS,4.293161869049072
2016-05-24,TUPRS.IS,4.465699672698975
2016-05-25,TUPRS.IS,4.5739593505859375
2016-05-26,TUPRS.IS,4.519830226898193
2016-05-27,TUPRS.IS,4.543512344360352
2016-05-30,TUPRS.IS,4.550278186798096
2016-05-31,TUPRS.IS,4.5062971115112305
2016-06-01,TUPRS.IS,4.4792327880859375
2016-06-02,TUPRS.IS,4.452167510986328
2016-06-03,TUPRS.IS,4.472466945648193
2016-06-06,TUPRS.IS,4.53336238861084
2016-06-07,TUPRS.IS,4.5062971115112305
2016-06-08,TUPRS.IS,4.462316989898682
2016-06-09,TUPRS.IS,4.3100786209106445
2016-06-10,TUPRS.IS,4.276246547698975
2016-06-13,TUPRS.IS,4.228882789611816
2016-06-14,TUPRS.IS,4.19166898727417
2016-06-15,TUPRS.IS,4.232265949249268
2016-06-16,TUPRS.IS,4.171370029449463
2016-06-17,TUPRS.IS,4.178136348724365
2016-06-20,TUPRS.IS,4.266097068786621
2016-06-21,TUPRS.IS,4.249181270599365
2016-06-22,TUPRS.IS,4.249181270599365
2016-06-23,TUPRS.IS,4.262714385986328
2016-06-24,TUPRS.IS,4.157837390899658
2016-06-27,TUPRS.IS,4.16798734664917
2016-06-28,TUPRS.IS,4.222116470336914
2016-06-29,TUPRS.IS,4.269480228424072
2016-06-30,TUPRS.IS,4.313460826873779
2016-07-01,TUPRS.IS,4.360823631286621
2016-07-04,TUPRS.IS,4.320227146148682
2016-07-05,TUPRS.IS,4.320227146148682
2016-07-06,TUPRS.IS,4.320227146148682
2016-07-07,TUPRS.IS,4.320227146148682
2016-07-08,TUPRS.IS,4.134155750274658
2016-07-11,TUPRS.IS,4.232265949249268
2016-07-12,TUPRS.IS,4.255947589874268
2016-07-13,TUPRS.IS,4.299928188323975
2016-07-14,TUPRS.IS,4.4115705490112305
2016-07-15,TUPRS.IS,4.421720504760742
2016-07-18,TUPRS.IS,4.235649108886719
2016-07-19,TUPRS.IS,4.299928188323975
2016-07-20,TUPRS.IS,4.296545028686523
2016-07-21,TUPRS.IS,4.161220073699951
2016-07-22,TUPRS.IS,4.100324630737305
2016-07-25,TUPRS.IS,4.255947589874268
2016-07-26,TUPRS.IS,4.320227146148682
2016-07-27,TUPRS.IS,4.306695938110352
2016-07-28,TUPRS.IS,4.340525150299072
2016-07-29,TUPRS.IS,4.320227146148682
2016-08-01,TUPRS.IS,4.354057788848877
2016-08-02,TUPRS.IS,4.320227146148682
2016-08-03,TUPRS.IS,4.205201625823975
2016-08-04,TUPRS.IS,4.252563953399658
2016-08-05,TUPRS.IS,4.21535062789917
2016-08-08,TUPRS.IS,4.21535062789917
2016-08-09,TUPRS.IS,4.205201625823975
2016-08-10,TUPRS.IS,4.19166898727417
2016-08-11,TUPRS.IS,4.225500106811523
2016-08-12,TUPRS.IS,3.941319227218628
2016-08-15,TUPRS.IS,3.897338628768921
2016-08-16,TUPRS.IS,3.924403667449951
2016-08-17,TUPRS.IS,3.924403667449951
2016-08-18,TUPRS.IS,3.924403667449951
2016-08-19,TUPRS.IS,3.9379355907440186
2016-08-22,TUPRS.IS,3.941319227218628
2016-08-23,TUPRS.IS,3.948085308074951
2016-08-24,TUPRS.IS,3.917637348175049
2016-08-25,TUPRS.IS,3.900721788406372
2016-08-26,TUPRS.IS,3.873656749725342
2016-08-29,TUPRS.IS,3.853358030319214
2016-08-30,TUPRS.IS,3.853358030319214
2016-08-31,TUPRS.IS,3.917637348175049
2016-09-01,TUPRS.IS,3.9074883460998535
2016-09-02,TUPRS.IS,3.9514684677124023
2016-09-05,TUPRS.IS,4.036046028137207
2016-09-06,TUPRS.IS,4.07326078414917
2016-09-07,TUPRS.IS,3.9852991104125977
2016-09-08,TUPRS.IS,3.9650003910064697
2016-09-09,TUPRS.IS,3.917637348175049
2016-09-12,TUPRS.IS,3.917637348175049
2016-09-13,TUPRS.IS,3.917637348175049
2016-09-14,TUPRS.IS,3.917637348175049
2016-09-15,TUPRS.IS,3.917637348175049
2016-09-16,TUPRS.IS,3.8229105472564697
2016-09-19,TUPRS.IS,3.8770394325256348
2016-09-20,TUPRS.IS,3.833059787750244
2016-09-21,TUPRS.IS,3.8296761512756348
2016-09-22,TUPRS.IS,3.873656749725342
2016-09-23,TUPRS.IS,3.941319227218628
2016-09-26,TUPRS.IS,3.816143274307251
2016-09-27,TUPRS.IS,3.826293468475342
2016-09-28,TUPRS.IS,3.8398256301879883
2016-09-29,TUPRS.IS,3.8905723094940186
2016-09-30,TUPRS.IS,3.8432090282440186
2016-10-03,TUPRS.IS,3.853358030319214
2016-10-04,TUPRS.IS,3.8871891498565674
2016-10-05,TUPRS.IS,4.046195030212402
2016-10-06,TUPRS.IS,4.0867919921875
2016-10-07,TUPRS.IS,4.093558311462402
2016-10-10,TUPRS.IS,4.113857269287109
2016-10-11,TUPRS.IS,4.113857269287109
2016-10-12,TUPRS.IS,4.080026149749756
2016-10-13,TUPRS.IS,3.995448589324951
2016-10-14,TUPRS.IS,4.039429187774658
2016-10-17,TUPRS.IS,4.039429187774658
2016-10-18,TUPRS.IS,4.039429187774658
2016-10-19,TUPRS.IS,4.130772590637207
2016-10-20,TUPRS.IS,4.232265949249268
2016-10-21,TUPRS.IS,4.222116470336914
2016-10-24,TUPRS.IS,4.28639554977417
2016-10-25,TUPRS.IS,4.255947589874268
2016-10-26,TUPRS.IS,4.198434829711914
2016-10-27,TUPRS.IS,4.178136348724365
2016-10-28,TUPRS.IS,4.2119669914245605
2016-10-31,TUPRS.IS,4.266097068786621
2016-11-01,TUPRS.IS,4.3303751945495605
2016-11-02,TUPRS.IS,4.28639554977417
2016-11-03,TUPRS.IS,4.252563953399658
2016-11-04,TUPRS.IS,4.1172404289245605
2016-11-07,TUPRS.IS,4.3100786209106445
2016-11-08,TUPRS.IS,4.4115705490112305
2016-11-09,TUPRS.IS,4.374356746673584
2016-11-10,TUPRS.IS,4.367589473724365
2016-11-11,TUPRS.IS,4.398038387298584
2016-11-14,TUPRS.IS,4.303311824798584
2016-11-15,TUPRS.IS,4.326992511749268
2016-11-16,TUPRS.IS,4.43863582611084
2016-11-17,TUPRS.IS,4.489381790161133
2016-11-18,TUPRS.IS,4.536745071411133
2016-11-21,TUPRS.IS,4.563809871673584
2016-11-22,TUPRS.IS,4.513063907623291
2016-11-23,TUPRS.IS,4.516447067260742
2016-11-24,TUPRS.IS,4.485998153686523
2016-11-25,TUPRS.IS,4.469083309173584
2016-11-28,TUPRS.IS,4.496148109436035
2016-11-29,TUPRS.IS,4.445401191711426
2016-11-30,TUPRS.IS,4.6348557472229
2016-12-01,TUPRS.IS,4.5739593505859375
2016-12-02,TUPRS.IS,4.6111741065979
2016-12-05,TUPRS.IS,4.6280903816223145
2016-12-06,TUPRS.IS,4.716050624847412
2016-12-07,TUPRS.IS,4.736348628997803
2016-12-08,TUPRS.IS,4.770179748535156
2016-12-09,TUPRS.IS,4.783712387084961
2016-12-12,TUPRS.IS,4.847991466522217
2016-12-13,TUPRS.IS,4.820926666259766
2016-12-14,TUPRS.IS,4.85814094543457
2016-12-15,TUPRS.IS,4.837841987609863
2016-12-16,TUPRS.IS,4.851374626159668
2016-12-19,TUPRS.IS,4.783712387084961
2016-12-20,TUPRS.IS,4.844607830047607
2016-12-21,TUPRS.IS,4.8006272315979
2016-12-22,TUPRS.IS,4.739731788635254
2016-12-23,TUPRS.IS,4.776946544647217
2016-12-26,TUPRS.IS,4.770179748535156
2016-12-27,TUPRS.IS,4.78032922744751
2016-12-28,TUPRS.IS,4.770179748535156
2016-12-29,TUPRS.IS,4.824310302734375
2016-12-30,TUPRS.IS,4.78709602355957
2017-01-02,TUPRS.IS,4.763413906097412
2017-01-03,TUPRS.IS,4.658537864685059
2017-01-04,TUPRS.IS,4.702517986297607
2017-01-05,TUPRS.IS,4.80401086807251
2017-01-06,TUPRS.IS,4.83445930480957
2017-01-09,TUPRS.IS,4.854757785797119
2017-01-10,TUPRS.IS,4.837841987609863
2017-01-11,TUPRS.IS,4.837841987609863
2017-01-12,TUPRS.IS,5.017146110534668
2017-01-13,TUPRS.IS,5.1152567863464355
2017-01-16,TUPRS.IS,5.145705223083496
2017-01-17,TUPRS.IS,5.176151752471924
2017-01-18,TUPRS.IS,5.125406265258789
2017-01-19,TUPRS.IS,5.203217506408691
2017-01-20,TUPRS.IS,5.19983434677124
2017-01-23,TUPRS.IS,5.277646064758301
2017-01-24,TUPRS.IS,5.341925144195557
2017-01-25,TUPRS.IS,5.301327705383301
2017-01-26,TUPRS.IS,5.345308303833008
2017-01-27,TUPRS.IS,5.484014987945557
2017-01-30,TUPRS.IS,5.524612903594971
2017-01-31,TUPRS.IS,5.544910907745361
2017-02-01,TUPRS.IS,5.615957260131836
2017-02-02,TUPRS.IS,5.653170585632324
2017-02-03,TUPRS.IS,5.6937689781188965
2017-02-06,TUPRS.IS,5.71744966506958
2017-02-07,TUPRS.IS,5.727599620819092
2017-02-08,TUPRS.IS,5.829092502593994
2017-02-09,TUPRS.IS,5.920436859130859
2017-02-10,TUPRS.IS,5.869688987731934
2017-02-13,TUPRS.IS,5.879838943481445
2017-02-14,TUPRS.IS,5.71744966506958
2017-02-15,TUPRS.IS,5.771579265594482
2017-02-16,TUPRS.IS,5.602424621582031
2017-02-17,TUPRS.IS,5.602424621582031
2017-02-20,TUPRS.IS,5.670085906982422
2017-02-21,TUPRS.IS,5.649787902832031
2017-02-22,TUPRS.IS,5.676852703094482
2017-02-23,TUPRS.IS,5.683619499206543
2017-02-24,TUPRS.IS,5.690384864807129
2017-02-27,TUPRS.IS,5.6937689781188965
2017-02-28,TUPRS.IS,5.761429786682129
2017-03-01,TUPRS.IS,5.8527750968933105
2017-03-02,TUPRS.IS,5.846009254455566
2017-03-03,TUPRS.IS,5.984715461730957
2017-03-06,TUPRS.IS,6.055760383605957
2017-03-07,TUPRS.IS,6.028695583343506
2017-03-08,TUPRS.IS,5.961034297943115
2017-03-09,TUPRS.IS,5.913670539855957
2017-03-10,TUPRS.IS,6.069293022155762
2017-03-13,TUPRS.IS,5.971182823181152
2017-03-14,TUPRS.IS,6.005014419555664
2017-03-15,TUPRS.IS,5.961034297943115
2017-03-16,TUPRS.IS,5.964416980743408
2017-03-17,TUPRS.IS,6.052377700805664
2017-03-20,TUPRS.IS,6.086208820343018
2017-03-21,TUPRS.IS,6.170785427093506
2017-03-22,TUPRS.IS,6.0456109046936035
2017-03-23,TUPRS.IS,6.055760383605957
2017-03-24,TUPRS.IS,5.998248100280762
2017-03-27,TUPRS.IS,5.9305853843688965
2017-03-28,TUPRS.IS,5.9745659828186035
2017-03-29,TUPRS.IS,6.079443454742432
2017-03-30,TUPRS.IS,6.160636901855469
2017-03-31,TUPRS.IS,6.103123188018799
2017-04-03,TUPRS.IS,6.038845539093018
2017-04-04,TUPRS.IS,6.021972179412842
2017-04-05,TUPRS.IS,6.185611724853516
2017-04-06,TUPRS.IS,6.076519012451172
2017-04-07,TUPRS.IS,6.17833948135376
2017-04-10,TUPRS.IS,6.192884922027588
2017-04-11,TUPRS.IS,6.254705429077148
2017-04-12,TUPRS.IS,6.232885837554932
2017-04-13,TUPRS.IS,6.160157203674316
2017-04-14,TUPRS.IS,6.17833948135376
2017-04-17,TUPRS.IS,6.2147040367126465
2017-04-18,TUPRS.IS,6.160157203674316
2017-04-19,TUPRS.IS,6.105609893798828
2017-04-20,TUPRS.IS,6.167430877685547
2017-04-21,TUPRS.IS,6.163793563842773
2017-04-24,TUPRS.IS,6.236522674560547
2017-04-25,TUPRS.IS,6.254705429077148
2017-04-26,TUPRS.IS,6.400163173675537
2017-04-27,TUPRS.IS,6.45107364654541
2017-04-28,TUPRS.IS,6.5092573165893555
2017-05-01,TUPRS.IS,6.5092573165893555
2017-05-02,TUPRS.IS,6.418345928192139
2017-05-03,TUPRS.IS,6.389254570007324
2017-05-04,TUPRS.IS,6.349252223968506
2017-05-05,TUPRS.IS,6.676534652709961
2017-05-08,TUPRS.IS,6.6510796546936035
2017-05-09,TUPRS.IS,6.803809642791748
2017-05-10,TUPRS.IS,6.829265117645264
2017-05-11,TUPRS.IS,6.683806419372559
2017-05-12,TUPRS.IS,6.851083278656006
2017-05-15,TUPRS.IS,6.891084671020508
2017-05-16,TUPRS.IS,6.912904262542725
2017-05-17,TUPRS.IS,6.934722423553467
2017-05-18,TUPRS.IS,6.905631065368652
2017-05-19,TUPRS.IS,6.905631065368652
2017-05-22,TUPRS.IS,6.8729023933410645
2017-05-23,TUPRS.IS,6.8765387535095215
2017-05-24,TUPRS.IS,7.025634288787842
2017-05-25,TUPRS.IS,6.960177421569824
2017-05-26,TUPRS.IS,6.978359222412109
2017-05-29,TUPRS.IS,6.971086025238037
2017-05-30,TUPRS.IS,6.9674506187438965
2017-05-31,TUPRS.IS,6.909268379211426
2017-06-01,TUPRS.IS,6.960177421569824
2017-06-02,TUPRS.IS,7.0329084396362305
2017-06-05,TUPRS.IS,7.1310906410217285
2017-06-06,TUPRS.IS,7.24382209777832
2017-06-07,TUPRS.IS,7.145637512207031
2017-06-08,TUPRS.IS,7.12745475769043
2017-06-09,TUPRS.IS,7.171092987060547
2017-06-12,TUPRS.IS,7.1565470695495605
2017-06-13,TUPRS.IS,7.2256388664245605
2017-06-14,TUPRS.IS,7.367461204528809
2017-06-15,TUPRS.IS,7.272913932800293
2017-06-16,TUPRS.IS,7.200183868408203
2017-06-19,TUPRS.IS,7.272913932800293
2017-06-20,TUPRS.IS,7.163819789886475
2017-06-21,TUPRS.IS,7.171092987060547
2017-06-22,TUPRS.IS,7.272913932800293
2017-06-23,TUPRS.IS,7.152910232543945
2017-06-26,TUPRS.IS,7.152910232543945
2017-06-27,TUPRS.IS,7.152910232543945
2017-06-28,TUPRS.IS,7.272913932800293
2017-06-29,TUPRS.IS,7.251094341278076
2017-06-30,TUPRS.IS,7.3601884841918945
2017-07-03,TUPRS.IS,7.251094341278076
2017-07-04,TUPRS.IS,7.280186176300049
2017-07-05,TUPRS.IS,7.287458896636963
2017-07-06,TUPRS.IS,7.272913932800293
2017-07-07,TUPRS.IS,7.247457504272461
2017-07-10,TUPRS.IS,7.294732570648193
2017-07-11,TUPRS.IS,7.45473575592041
2017-07-12,TUPRS.IS,7.425644397735596
2017-07-13,TUPRS.IS,7.6365580558776855
2017-07-14,TUPRS.IS,7.803837299346924
2017-07-17,TUPRS.IS,7.782016277313232
2017-07-18,TUPRS.IS,7.658377647399902
2017-07-19,TUPRS.IS,7.854746341705322
2017-07-20,TUPRS.IS,7.912929534912109
2017-07-21,TUPRS.IS,7.912929534912109
2017-07-24,TUPRS.IS,7.832927227020264
2017-07-25,TUPRS.IS,7.796562194824219
2017-07-26,TUPRS.IS,7.862018585205078
2017-07-27,TUPRS.IS,7.891110420227051
2017-07-28,TUPRS.IS,7.8401994705200195
2017-07-31,TUPRS.IS,7.883837699890137
2017-08-01,TUPRS.IS,7.782016277313232
2017-08-02,TUPRS.IS,7.854746341705322
2017-08-03,TUPRS.IS,8.291120529174805
2017-08-04,TUPRS.IS,8.298395156860352
2017-08-07,TUPRS.IS,8.291120529174805
2017-08-08,TUPRS.IS,8.509308815002441
2017-08-09,TUPRS.IS,8.531126976013184
2017-08-10,TUPRS.IS,8.509308815002441
2017-08-11,TUPRS.IS,8.363850593566895
2017-08-14,TUPRS.IS,8.502036094665527
2017-08-15,TUPRS.IS,8.385668754577637
2017-08-16,TUPRS.IS,8.218391418457031
2017-08-17,TUPRS.IS,8.28384780883789
2017-08-18,TUPRS.IS,8.363850593566895
2017-08-21,TUPRS.IS,8.385668754577637
2017-08-22,TUPRS.IS,8.378396034240723
2017-08-23,TUPRS.IS,8.407486915588379
2017-08-24,TUPRS.IS,8.42203426361084
2017-08-25,TUPRS.IS,8.472944259643555
2017-08-28,TUPRS.IS,8.509308815002441
2017-08-29,TUPRS.IS,8.56021785736084
2017-08-30,TUPRS.IS,8.56021785736084
2017-08-31,TUPRS.IS,8.531126976013184
2017-09-01,TUPRS.IS,8.531126976013184
2017-09-04,TUPRS.IS,8.531126976013184
2017-09-05,TUPRS.IS,8.502036094665527
2017-09-06,TUPRS.IS,8.982047080993652
2017-09-07,TUPRS.IS,9.011139869689941
2017-09-08,TUPRS.IS,9.083868026733398
2017-09-11,TUPRS.IS,9.054776191711426
2017-09-12,TUPRS.IS,8.945682525634766
2017-09-13,TUPRS.IS,8.872954368591309
2017-09-14,TUPRS.IS,8.909318923950195
2017-09-15,TUPRS.IS,8.88749885559082
2017-09-18,TUPRS.IS,8.88749885559082
2017-09-19,TUPRS.IS,8.84386157989502
2017-09-20,TUPRS.IS,8.705677032470703
2017-09-21,TUPRS.IS,8.63294792175293
2017-09-22,TUPRS.IS,8.582037925720215
2017-09-25,TUPRS.IS,8.698403358459473
2017-09-26,TUPRS.IS,8.836589813232422
2017-09-27,TUPRS.IS,8.640220642089844
2017-09-28,TUPRS.IS,8.654766082763672
2017-09-29,TUPRS.IS,8.84386157989502
2017-10-02,TUPRS.IS,8.91659164428711
2017-10-03,TUPRS.IS,8.967500686645508
2017-10-04,TUPRS.IS,8.952956199645996
2017-10-05,TUPRS.IS,8.84386157989502
2017-10-06,TUPRS.IS,8.967500686645508
2017-10-09,TUPRS.IS,8.78567886352539
2017-10-10,TUPRS.IS,8.923863410949707
2017-10-11,TUPRS.IS,8.909318923950195
2017-10-12,TUPRS.IS,9.272963523864746
2017-10-13,TUPRS.IS,9.302055358886719
2017-10-16,TUPRS.IS,9.360238075256348
2017-10-17,TUPRS.IS,9.31659984588623
2017-10-18,TUPRS.IS,9.360238075256348
2017-10-19,TUPRS.IS,9.476603507995605
2017-10-20,TUPRS.IS,9.505697250366211
2017-10-23,TUPRS.IS,9.672974586486816
2017-10-24,TUPRS.IS,9.63661003112793
2017-10-25,TUPRS.IS,9.585700035095215
2017-10-26,TUPRS.IS,9.592972755432129
2017-10-27,TUPRS.IS,9.767522811889648
2017-10-30,TUPRS.IS,9.832978248596191
2017-10-31,TUPRS.IS,9.927526473999023
2017-11-01,TUPRS.IS,9.971163749694824
2017-11-02,TUPRS.IS,10.232988357543945
2017-11-03,TUPRS.IS,10.167531967163086
2017-11-06,TUPRS.IS,10.443903923034668
2017-11-07,TUPRS.IS,10.218442916870117
2017-11-08,TUPRS.IS,10.182077407836914
2017-11-09,TUPRS.IS,9.200234413146973
2017-11-10,TUPRS.IS,9.02568531036377
2017-11-13,TUPRS.IS,9.25114631652832
2017-11-14,TUPRS.IS,9.134778022766113
2017-11-15,TUPRS.IS,8.902046203613281
2017-11-16,TUPRS.IS,8.836589813232422
2017-11-17,TUPRS.IS,9.076595306396484
2017-11-20,TUPRS.IS,8.938408851623535
2017-11-21,TUPRS.IS,9.24387264251709
2017-11-22,TUPRS.IS,9.236599922180176
2017-11-23,TUPRS.IS,9.171142578125
2017-11-24,TUPRS.IS,9.02568531036377
2017-11-27,TUPRS.IS,9.06204891204834
2017-11-28,TUPRS.IS,8.931137084960938
2017-11-29,TUPRS.IS,8.763860702514648
2017-11-30,TUPRS.IS,8.814770698547363
2017-12-01,TUPRS.IS,8.582037925720215
2017-12-04,TUPRS.IS,8.63294792175293
2017-12-05,TUPRS.IS,8.763860702514648
2017-12-06,TUPRS.IS,8.516581535339355
2017-12-07,TUPRS.IS,8.531126976013184
2017-12-08,TUPRS.IS,8.582037925720215
2017-12-11,TUPRS.IS,8.552946090698242
2017-12-12,TUPRS.IS,8.56021785736084
2017-12-13,TUPRS.IS,8.611128807067871
2017-12-14,TUPRS.IS,8.407486915588379
2017-12-15,TUPRS.IS,8.349305152893066
2017-12-18,TUPRS.IS,8.17475414276123
2017-12-19,TUPRS.IS,8.436579704284668
2017-12-20,TUPRS.IS,8.88749885559082
2017-12-21,TUPRS.IS,8.756587982177734
2017-12-22,TUPRS.IS,8.691130638122559
2017-12-25,TUPRS.IS,8.756587982177734
2017-12-26,TUPRS.IS,8.712949752807617
2017-12-27,TUPRS.IS,8.654766082763672
2017-12-28,TUPRS.IS,8.880227088928223
2017-12-29,TUPRS.IS,8.836589813232422
2018-01-01,TUPRS.IS,8.836589813232422
2018-01-02,TUPRS.IS,8.945682525634766
2018-01-03,TUPRS.IS,8.89477252960205
2018-01-04,TUPRS.IS,8.858407974243164
2018-01-05,TUPRS.IS,8.931137084960938
2018-01-08,TUPRS.IS,8.909318923950195
2018-01-09,TUPRS.IS,8.727496147155762
2018-01-10,TUPRS.IS,8.662039756774902
2018-01-11,TUPRS.IS,8.836589813232422
2018-01-12,TUPRS.IS,8.691130638122559
2018-01-15,TUPRS.IS,8.516581535339355
2018-01-16,TUPRS.IS,8.552946090698242
2018-01-17,TUPRS.IS,8.640220642089844
2018-01-18,TUPRS.IS,8.545672416687012
2018-01-19,TUPRS.IS,8.56021785736084
2018-01-22,TUPRS.IS,8.465669631958008
2018-01-23,TUPRS.IS,8.480216979980469
2018-01-24,TUPRS.IS,8.472944259643555
2018-01-25,TUPRS.IS,8.363850593566895
2018-01-26,TUPRS.IS,8.342031478881836
2018-01-29,TUPRS.IS,8.494763374328613
2018-01-30,TUPRS.IS,8.378396034240723
2018-01-31,TUPRS.IS,8.392943382263184
2018-02-01,TUPRS.IS,8.254755973815918
2018-02-02,TUPRS.IS,8.189299583435059
2018-02-05,TUPRS.IS,8.014750480651855
2018-02-06,TUPRS.IS,8.152935028076172
2018-02-07,TUPRS.IS,8.189299583435059
2018-02-08,TUPRS.IS,8.189299583435059
2018-02-09,TUPRS.IS,8.123842239379883
2018-02-12,TUPRS.IS,7.992931842803955
2018-02-13,TUPRS.IS,8.145662307739258
2018-02-14,TUPRS.IS,8.291120529174805
2018-02-15,TUPRS.IS,8.291120529174805
2018-02-16,TUPRS.IS,8.196572303771973
2018-02-19,TUPRS.IS,8.232937812805176
2018-02-20,TUPRS.IS,8.09475326538086
2018-02-21,TUPRS.IS,8.24748420715332
2018-02-22,TUPRS.IS,8.611128807067871
2018-02-23,TUPRS.IS,8.618402481079102
2018-02-26,TUPRS.IS,8.5747652053833
2018-02-27,TUPRS.IS,8.465669631958008
2018-02-28,TUPRS.IS,8.531126976013184
2018-03-01,TUPRS.IS,8.52385425567627
2018-03-02,TUPRS.IS,8.436579704284668
2018-03-05,TUPRS.IS,8.480216979980469
2018-03-06,TUPRS.IS,8.407486915588379
2018-03-07,TUPRS.IS,8.276575088500977
2018-03-08,TUPRS.IS,8.276575088500977
2018-03-09,TUPRS.IS,8.262029647827148
2018-03-12,TUPRS.IS,8.429306983947754
2018-03-13,TUPRS.IS,8.400215148925781
2018-03-14,TUPRS.IS,8.429306983947754
2018-03-15,TUPRS.IS,8.436579704284668
2018-03-16,TUPRS.IS,8.407486915588379
2018-03-19,TUPRS.IS,8.414759635925293
2018-03-20,TUPRS.IS,8.407486915588379
2018-03-21,TUPRS.IS,8.611128807067871
2018-03-22,TUPRS.IS,8.720223426818848
2018-03-23,TUPRS.IS,9.003868103027344
2018-03-26,TUPRS.IS,9.112959861755371
2018-03-27,TUPRS.IS,9.098413467407227
2018-03-28,TUPRS.IS,8.800224304199219
2018-03-29,TUPRS.IS,9.00532341003418
2018-03-30,TUPRS.IS,8.915189743041992
2018-04-02,TUPRS.IS,8.866023063659668
2018-04-03,TUPRS.IS,8.988935470581055
2018-04-04,TUPRS.IS,8.947965621948242
2018-04-05,TUPRS.IS,9.038100242614746
2018-04-06,TUPRS.IS,9.3248929977417
2018-04-09,TUPRS.IS,9.210176467895508
2018-04-10,TUPRS.IS,9.136429786682129
2018-04-11,TUPRS.IS,9.242953300476074
2018-04-12,TUPRS.IS,9.292118072509766
2018-04-13,TUPRS.IS,9.242953300476074
2018-04-16,TUPRS.IS,9.242953300476074
2018-04-17,TUPRS.IS,9.1610107421875
2018-04-18,TUPRS.IS,9.251147270202637
2018-04-19,TUPRS.IS,9.111846923828125
2018-04-20,TUPRS.IS,8.775888442993164
2018-04-23,TUPRS.IS,8.775888442993164
2018-04-24,TUPRS.IS,8.71852970123291
2018-04-25,TUPRS.IS,8.554647445678711
2018-04-26,TUPRS.IS,8.636588096618652
2018-04-27,TUPRS.IS,8.751306533813477
2018-04-30,TUPRS.IS,8.439929008483887
2018-05-01,TUPRS.IS,8.439929008483887
2018-05-02,TUPRS.IS,8.38257122039795
2018-05-03,TUPRS.IS,8.341601371765137
2018-05-04,TUPRS.IS,8.292435646057129
2018-05-07,TUPRS.IS,8.276047706604004
2018-05-08,TUPRS.IS,8.103971481323242
2018-05-09,TUPRS.IS,7.87453556060791
2018-05-10,TUPRS.IS,8.112166404724121
2018-05-11,TUPRS.IS,8.579230308532715
2018-05-14,TUPRS.IS,8.562841415405273
2018-05-15,TUPRS.IS,8.194107055664062
2018-05-16,TUPRS.IS,8.357989311218262
2018-05-17,TUPRS.IS,8.439929008483887
2018-05-18,TUPRS.IS,8.431735038757324
2018-05-21,TUPRS.IS,8.210494995117188
2018-05-22,TUPRS.IS,8.3497953414917
2018-05-23,TUPRS.IS,8.276047706604004
2018-05-24,TUPRS.IS,8.112166404724121
2018-05-25,TUPRS.IS,8.431735038757324
2018-05-28,TUPRS.IS,8.751306533813477
2018-05-29,TUPRS.IS,8.833247184753418
2018-05-30,TUPRS.IS,8.636588096618652
2018-05-31,TUPRS.IS,8.69394588470459
2018-06-01,TUPRS.IS,8.644782066345215
2018-06-04,TUPRS.IS,8.554647445678711
2018-06-05,TUPRS.IS,8.767693519592285
2018-06-06,TUPRS.IS,8.71852970123291
2018-06-07,TUPRS.IS,9.259340286254883
2018-06-08,TUPRS.IS,9.013519287109375
2018-06-11,TUPRS.IS,9.169205665588379
2018-06-12,TUPRS.IS,9.038100242614746
2018-06-13,TUPRS.IS,8.906993865966797
2018-06-14,TUPRS.IS,9.177400588989258
2018-06-15,TUPRS.IS,9.177400588989258
2018-06-18,TUPRS.IS,9.300312042236328
2018-06-19,TUPRS.IS,9.259340286254883
2018-06-20,TUPRS.IS,9.365863800048828
2018-06-21,TUPRS.IS,9.169205665588379
2018-06-22,TUPRS.IS,9.259340286254883
2018-06-25,TUPRS.IS,9.47238826751709
2018-06-26,TUPRS.IS,9.333086967468262
2018-06-27,TUPRS.IS,8.792276382446289
2018-06-28,TUPRS.IS,8.792276382446289
2018-06-29,TUPRS.IS,8.88241195678711
2018-07-02,TUPRS.IS,8.825052261352539
2018-07-03,TUPRS.IS,9.029905319213867
2018-07-04,TUPRS.IS,8.849635124206543
2018-07-05,TUPRS.IS,8.9315767288208
2018-07-06,TUPRS.IS,8.849635124206543
2018-07-09,TUPRS.IS,8.849635124206543
2018-07-10,TUPRS.IS,8.849635124206543
2018-07-11,TUPRS.IS,8.669364929199219
2018-07-12,TUPRS.IS,8.03841781616211
2018-07-13,TUPRS.IS,8.153135299682617
2018-07-16,TUPRS.IS,8.210494995117188
2018-07-17,TUPRS.IS,8.308823585510254
2018-07-18,TUPRS.IS,8.185914039611816
2018-07-19,TUPRS.IS,8.185914039611816
2018-07-20,TUPRS.IS,8.480901718139648
2018-07-23,TUPRS.IS,8.554647445678711
2018-07-24,TUPRS.IS,8.53006362915039
2018-07-25,TUPRS.IS,8.603811264038086
2018-07-26,TUPRS.IS,8.612006187438965
2018-07-27,TUPRS.IS,8.644782066345215
2018-07-30,TUPRS.IS,8.677558898925781
2018-07-31,TUPRS.IS,8.80866527557373
2018-08-01,TUPRS.IS,9.21837043762207
2018-08-02,TUPRS.IS,9.185593605041504
2018-08-03,TUPRS.IS,8.74311351776123
2018-08-06,TUPRS.IS,8.595617294311523
2018-08-07,TUPRS.IS,8.644782066345215
2018-08-08,TUPRS.IS,8.546453475952148
2018-08-09,TUPRS.IS,8.431735038757324
2018-08-10,TUPRS.IS,9.079071998596191
2018-08-13,TUPRS.IS,9.906676292419434
2018-08-14,TUPRS.IS,10.193467140197754
2018-08-15,TUPRS.IS,9.865704536437988
2018-08-16,TUPRS.IS,9.578911781311035
2018-08-17,TUPRS.IS,9.865704536437988
2018-08-20,TUPRS.IS,10.119721412658691
2018-08-21,TUPRS.IS,10.119721412658691
2018-08-22,TUPRS.IS,10.119721412658691
2018-08-23,TUPRS.IS,10.119721412658691
2018-08-24,TUPRS.IS,10.119721412658691
2018-08-27,TUPRS.IS,9.82473373413086
2018-08-28,TUPRS.IS,9.996810913085938
2018-08-29,TUPRS.IS,10.062363624572754
2018-08-30,TUPRS.IS,10.062363624572754
2018-08-31,TUPRS.IS,9.710018157958984
2018-09-03,TUPRS.IS,9.742794036865234
2018-09-04,TUPRS.IS,9.767374992370605
2018-09-05,TUPRS.IS,10.037781715393066
2018-09-06,TUPRS.IS,10.39012622833252
2018-09-07,TUPRS.IS,10.185273170471191
2018-09-10,TUPRS.IS,10.20166301727295
2018-09-11,TUPRS.IS,10.44748592376709
2018-09-12,TUPRS.IS,10.54581356048584
2018-09-13,TUPRS.IS,10.619562149047852
2018-09-14,TUPRS.IS,10.939133644104004
2018-09-17,TUPRS.IS,10.78344440460205
2018-09-18,TUPRS.IS,10.644145011901855
2018-09-19,TUPRS.IS,10.726086616516113
2018-09-20,TUPRS.IS,10.554009437561035
2018-09-21,TUPRS.IS,11.0784330368042
2018-09-24,TUPRS.IS,11.16037368774414
2018-09-25,TUPRS.IS,11.217732429504395
2018-09-26,TUPRS.IS,11.324254989624023
2018-09-27,TUPRS.IS,11.062043190002441
2018-09-28,TUPRS.IS,10.947327613830566
2018-10-01,TUPRS.IS,10.69330883026123
2018-10-02,TUPRS.IS,10.635951042175293
2018-10-03,TUPRS.IS,10.865386009216309
2018-10-04,TUPRS.IS,11.373421669006348
2018-10-05,TUPRS.IS,11.111207962036133
2018-10-08,TUPRS.IS,11.365227699279785
2018-10-09,TUPRS.IS,11.70118522644043
2018-10-10,TUPRS.IS,11.291481018066406
2018-10-11,TUPRS.IS,11.20134449005127
2018-10-12,TUPRS.IS,11.307868003845215
2018-10-15,TUPRS.IS,11.193150520324707
2018-10-16,TUPRS.IS,11.258702278137207
2018-10-17,TUPRS.IS,11.635631561279297
2018-10-18,TUPRS.IS,11.602855682373047
2018-10-19,TUPRS.IS,11.119402885437012
2018-10-22,TUPRS.IS,10.963715553283691
2018-10-23,TUPRS.IS,10.922743797302246
2018-10-24,TUPRS.IS,10.652338981628418
2018-10-25,TUPRS.IS,10.816221237182617
2018-10-26,TUPRS.IS,10.291799545288086
2018-10-29,TUPRS.IS,10.291799545288086
2018-10-30,TUPRS.IS,10.299991607666016
2018-10-31,TUPRS.IS,10.660531997680664
2018-11-01,TUPRS.IS,10.619562149047852
2018-11-02,TUPRS.IS,10.742473602294922
2018-11-05,TUPRS.IS,11.299674034118652
2018-11-06,TUPRS.IS,11.03746223449707
2018-11-07,TUPRS.IS,11.266898155212402
2018-11-08,TUPRS.IS,10.291799545288086
2018-11-09,TUPRS.IS,9.890286445617676
2018-11-12,TUPRS.IS,9.923062324523926
2018-11-13,TUPRS.IS,9.996810913085938
2018-11-14,TUPRS.IS,9.98042106628418
2018-11-15,TUPRS.IS,9.923062324523926
2018-11-16,TUPRS.IS,10.070557594299316
2018-11-19,TUPRS.IS,10.242633819580078
2018-11-20,TUPRS.IS,9.906676292419434
2018-11-21,TUPRS.IS,9.890286445617676
2018-11-22,TUPRS.IS,10.1688871383667
2018-11-23,TUPRS.IS,9.955839157104492
2018-11-26,TUPRS.IS,9.947646141052246
2018-11-27,TUPRS.IS,9.988615036010742
2018-11-28,TUPRS.IS,9.964033126831055
2018-11-29,TUPRS.IS,10.283604621887207
2018-11-30,TUPRS.IS,10.160691261291504
2018-12-03,TUPRS.IS,10.414709091186523
2018-12-04,TUPRS.IS,10.209856033325195
2018-12-05,TUPRS.IS,10.31637954711914
2018-12-06,TUPRS.IS,10.218050956726074
2018-12-07,TUPRS.IS,10.521232604980469
2018-12-10,TUPRS.IS,10.250826835632324
2018-12-11,TUPRS.IS,10.037781715393066
2018-12-12,TUPRS.IS,9.857510566711426
2018-12-13,TUPRS.IS,9.898479461669922
2018-12-14,TUPRS.IS,10.095139503479004
2018-12-17,TUPRS.IS,10.226244926452637
2018-12-18,TUPRS.IS,10.021392822265625
2018-12-19,TUPRS.IS,10.062363624572754
2018-12-20,TUPRS.IS,9.964033126831055
2018-12-21,TUPRS.IS,9.767374992370605
2018-12-24,TUPRS.IS,9.603492736816406
2018-12-25,TUPRS.IS,9.447805404663086
2018-12-26,TUPRS.IS,9.496969223022461
2018-12-27,TUPRS.IS,9.53794002532959
2018-12-28,TUPRS.IS,9.652657508850098
2018-12-31,TUPRS.IS,9.546134948730469
2019-01-01,TUPRS.IS,9.546134948730469
2019-01-02,TUPRS.IS,9.431416511535645
2019-01-03,TUPRS.IS,9.415029525756836
2019-01-04,TUPRS.IS,9.38225269317627
2019-01-07,TUPRS.IS,9.415029525756836
2019-01-08,TUPRS.IS,9.69362735748291
2019-01-09,TUPRS.IS,9.955839157104492
2019-01-10,TUPRS.IS,9.923062324523926
2019-01-11,TUPRS.IS,10.029586791992188
2019-01-14,TUPRS.IS,9.767374992370605
2019-01-15,TUPRS.IS,9.87389850616455
2019-01-16,TUPRS.IS,10.021392822265625
2019-01-17,TUPRS.IS,10.291799545288086
2019-01-18,TUPRS.IS,10.685114860534668
2019-01-21,TUPRS.IS,10.562203407287598
2019-01-22,TUPRS.IS,10.775250434875488
2019-01-23,TUPRS.IS,10.996491432189941
2019-01-24,TUPRS.IS,11.250509262084961
2019-01-25,TUPRS.IS,11.053848266601562
2019-01-28,TUPRS.IS,11.22592544555664
2019-01-29,TUPRS.IS,11.193150520324707
2019-01-30,TUPRS.IS,11.22592544555664
2019-01-31,TUPRS.IS,11.438972473144531
2019-02-01,TUPRS.IS,11.389808654785156
2019-02-04,TUPRS.IS,11.10301399230957
2019-02-05,TUPRS.IS,11.23412036895752
2019-02-06,TUPRS.IS,11.471750259399414
2019-02-07,TUPRS.IS,11.504526138305664
2019-02-08,TUPRS.IS,11.545496940612793
2019-02-11,TUPRS.IS,11.783123970031738
2019-02-12,TUPRS.IS,11.897843360900879
2019-02-13,TUPRS.IS,11.627437591552734
2019-02-14,TUPRS.IS,11.873262405395508
2019-02-15,TUPRS.IS,11.955202102661133
2019-02-18,TUPRS.IS,11.815902709960938
2019-02-19,TUPRS.IS,11.520915985107422
2019-02-20,TUPRS.IS,11.512721061706543
2019-02-21,TUPRS.IS,11.815902709960938
2019-02-22,TUPRS.IS,11.955202102661133
2019-02-25,TUPRS.IS,11.766736030578613
2019-02-26,TUPRS.IS,12.004366874694824
2019-02-27,TUPRS.IS,11.897843360900879
2019-02-28,TUPRS.IS,11.824094772338867
2019-03-01,TUPRS.IS,11.684795379638672
2019-03-04,TUPRS.IS,11.955202102661133
2019-03-05,TUPRS.IS,12.037144660949707
2019-03-06,TUPRS.IS,11.971588134765625
2019-03-07,TUPRS.IS,11.963397026062012
2019-03-08,TUPRS.IS,11.725767135620117
2019-03-11,TUPRS.IS,11.914231300354004
2019-03-12,TUPRS.IS,12.061724662780762
2019-03-13,TUPRS.IS,12.373100280761719
2019-03-14,TUPRS.IS,12.217411994934082
2019-03-15,TUPRS.IS,12.23380184173584
2019-03-18,TUPRS.IS,12.217411994934082
2019-03-19,TUPRS.IS,12.750030517578125
2019-03-20,TUPRS.IS,12.446849822998047
2019-03-21,TUPRS.IS,12.151859283447266
2019-03-22,TUPRS.IS,12.069920539855957
2019-03-25,TUPRS.IS,12.397683143615723
2019-03-26,TUPRS.IS,12.258383750915527
2019-03-27,TUPRS.IS,11.283285140991211
2019-03-28,TUPRS.IS,11.720621109008789
2019-03-29,TUPRS.IS,11.481236457824707
2019-04-01,TUPRS.IS,12.006040573120117
2019-04-02,TUPRS.IS,12.355911254882812
2019-04-03,TUPRS.IS,12.16256046295166
2019-04-04,TUPRS.IS,12.061283111572266
2019-04-05,TUPRS.IS,12.401946067810059
2019-04-08,TUPRS.IS,12.217803955078125
2019-04-09,TUPRS.IS,12.16256046295166
2019-04-10,TUPRS.IS,12.263839721679688
2019-04-11,TUPRS.IS,12.125733375549316
2019-04-12,TUPRS.IS,11.932382583618164
2019-04-15,TUPRS.IS,11.74824333190918
2019-04-16,TUPRS.IS,12.098111152648926
2019-04-17,TUPRS.IS,12.16256046295166
2019-04-18,TUPRS.IS,11.88634967803955
2019-04-19,TUPRS.IS,11.8218994140625
2019-04-22,TUPRS.IS,11.564101219177246
2019-04-23,TUPRS.IS,11.564101219177246
2019-04-24,TUPRS.IS,11.324716567993164
2019-04-25,TUPRS.IS,11.573307991027832
2019-04-26,TUPRS.IS,11.665380477905273
2019-04-29,TUPRS.IS,11.49044418334961
2019-04-30,TUPRS.IS,11.343132972717285
2019-05-01,TUPRS.IS,11.343132972717285
2019-05-02,TUPRS.IS,11.508858680725098
2019-05-03,TUPRS.IS,11.40758228302002
2019-05-06,TUPRS.IS,11.324716567993164
2019-05-07,TUPRS.IS,11.158987998962402
2019-05-08,TUPRS.IS,11.232647895812988
2019-05-09,TUPRS.IS,10.855155944824219
2019-05-10,TUPRS.IS,10.606562614440918
2019-05-13,TUPRS.IS,10.744670867919922
2019-05-14,TUPRS.IS,10.901191711425781
2019-05-15,TUPRS.IS,11.232647895812988
2019-05-16,TUPRS.IS,11.195816993713379
2019-05-17,TUPRS.IS,11.066919326782227
2019-05-20,TUPRS.IS,11.094538688659668
2019-05-21,TUPRS.IS,10.864361763000488
2019-05-22,TUPRS.IS,10.781497955322266
2019-05-23,TUPRS.IS,10.882776260375977
2019-05-24,TUPRS.IS,10.91960620880127
2019-05-27,TUPRS.IS,10.80911922454834
2019-05-28,TUPRS.IS,10.965639114379883
2019-05-29,TUPRS.IS,10.956433296203613
2019-05-30,TUPRS.IS,11.40758228302002
2019-05-31,TUPRS.IS,12.006040573120117
2019-06-03,TUPRS.IS,11.831107139587402
2019-06-04,TUPRS.IS,11.831107139587402
2019-06-05,TUPRS.IS,11.831107139587402
2019-06-06,TUPRS.IS,11.831107139587402
2019-06-07,TUPRS.IS,11.674586296081543
2019-06-10,TUPRS.IS,11.600929260253906
2019-06-11,TUPRS.IS,11.453615188598633
2019-06-12,TUPRS.IS,11.195816993713379
2019-06-13,TUPRS.IS,10.99326229095459
2019-06-14,TUPRS.IS,10.864361763000488
2019-06-17,TUPRS.IS,10.974847793579102
2019-06-18,TUPRS.IS,11.076125144958496
2019-06-19,TUPRS.IS,10.974847793579102
2019-06-20,TUPRS.IS,10.652597427368164
2019-06-21,TUPRS.IS,10.56973648071289
2019-06-24,TUPRS.IS,10.440836906433105
2019-06-25,TUPRS.IS,10.551321029663086
2019-06-26,TUPRS.IS,10.450044631958008
2019-06-27,TUPRS.IS,10.486870765686035
2019-06-28,TUPRS.IS,10.56973648071289
2019-07-01,TUPRS.IS,10.818326950073242
2019-07-02,TUPRS.IS,10.661806106567383
2019-07-03,TUPRS.IS,10.643391609191895
2019-07-04,TUPRS.IS,10.643391609191895
2019-07-05,TUPRS.IS,10.551321029663086
2019-07-08,TUPRS.IS,10.450044631958008
2019-07-09,TUPRS.IS,10.634186744689941
2019-07-10,TUPRS.IS,10.781497955322266
2019-07-11,TUPRS.IS,11.149782180786133
2019-07-12,TUPRS.IS,11.40758228302002
2019-07-15,TUPRS.IS,11.40758228302002
2019-07-16,TUPRS.IS,11.545686721801758
2019-07-17,TUPRS.IS,11.637757301330566
2019-07-18,TUPRS.IS,11.89555549621582
2019-07-19,TUPRS.IS,12.070490837097168
2019-07-22,TUPRS.IS,11.840314865112305
2019-07-23,TUPRS.IS,12.08890438079834
2019-07-24,TUPRS.IS,12.429566383361816
2019-07-25,TUPRS.IS,12.254631996154785
2019-07-26,TUPRS.IS,12.365117073059082
2019-07-29,TUPRS.IS,12.540050506591797
2019-07-30,TUPRS.IS,12.797849655151367
2019-07-31,TUPRS.IS,12.889922142028809
2019-08-01,TUPRS.IS,13.175342559814453
2019-08-02,TUPRS.IS,12.586085319519043
2019-08-05,TUPRS.IS,12.484807968139648
2019-08-06,TUPRS.IS,12.622916221618652
2019-08-07,TUPRS.IS,12.576878547668457
2019-08-08,TUPRS.IS,12.604501724243164
2019-08-09,TUPRS.IS,12.484807968139648
2019-08-12,TUPRS.IS,12.484807968139648
2019-08-13,TUPRS.IS,12.484807968139648
2019-08-14,TUPRS.IS,12.484807968139648
2019-08-15,TUPRS.IS,11.978419303894043
2019-08-16,TUPRS.IS,11.582515716552734
2019-08-19,TUPRS.IS,11.656171798706055
2019-08-20,TUPRS.IS,11.960006713867188
2019-08-21,TUPRS.IS,12.484807968139648
2019-08-22,TUPRS.IS,12.31908130645752
2019-08-23,TUPRS.IS,12.190183639526367
2019-08-26,TUPRS.IS,12.42035961151123
2019-08-27,TUPRS.IS,12.033662796020508
2019-08-28,TUPRS.IS,11.7022066116333
2019-08-29,TUPRS.IS,11.619342803955078
2019-08-30,TUPRS.IS,11.619342803955078
2019-09-02,TUPRS.IS,11.85872745513916
2019-09-03,TUPRS.IS,11.996834754943848
2019-09-04,TUPRS.IS,12.199390411376953
2019-09-05,TUPRS.IS,12.134940147399902
2019-09-06,TUPRS.IS,11.840314865112305
2019-09-09,TUPRS.IS,12.05207633972168
2019-09-10,TUPRS.IS,12.245424270629883
2019-09-11,TUPRS.IS,12.31908130645752
2019-09-12,TUPRS.IS,12.650535583496094
2019-09-13,TUPRS.IS,12.622916221618652
2019-09-16,TUPRS.IS,12.576878547668457
2019-09-17,TUPRS.IS,12.392740249633789
2019-09-18,TUPRS.IS,12.604501724243164
2019-09-19,TUPRS.IS,12.438775062561035
2019-09-20,TUPRS.IS,12.484807968139648
2019-09-23,TUPRS.IS,12.429566383361816
2019-09-24,TUPRS.IS,12.696573257446289
2019-09-25,TUPRS.IS,12.49401569366455
2019-09-26,TUPRS.IS,12.80705738067627
2019-09-27,TUPRS.IS,13.110894203186035
2019-09-30,TUPRS.IS,13.221375465393066
2019-10-01,TUPRS.IS,13.018821716308594
2019-10-02,TUPRS.IS,12.714985847473145
2019-10-03,TUPRS.IS,12.696573257446289
2019-10-04,TUPRS.IS,12.843886375427246
2019-10-07,TUPRS.IS,13.000407218933105
2019-10-08,TUPRS.IS,12.788644790649414
2019-10-09,TUPRS.IS,12.291460990905762
2019-10-10,TUPRS.IS,11.766654968261719
2019-10-11,TUPRS.IS,11.692999839782715
2019-10-14,TUPRS.IS,11.214231491088867
2019-10-15,TUPRS.IS,11.158987998962402
2019-10-16,TUPRS.IS,10.965639114379883
2019-10-17,TUPRS.IS,11.10374641418457
2019-10-18,TUPRS.IS,11.44440746307373
2019-10-21,TUPRS.IS,11.10374641418457
2019-10-22,TUPRS.IS,11.232647895812988
2019-10-23,TUPRS.IS,11.508858680725098
2019-10-24,TUPRS.IS,11.453615188598633
2019-10-25,TUPRS.IS,11.637757301330566
2019-10-28,TUPRS.IS,11.462821960449219
2019-10-30,TUPRS.IS,11.425994873046875
2019-10-31,TUPRS.IS,11.44440746307373
2019-11-01,TUPRS.IS,11.610136032104492
2019-11-04,TUPRS.IS,11.766654968261719
2019-11-05,TUPRS.IS,11.600929260253906
2019-11-06,TUPRS.IS,11.683792114257812
2019-11-07,TUPRS.IS,11.913970947265625
2019-11-08,TUPRS.IS,11.757451057434082
2019-11-11,TUPRS.IS,11.720621109008789
2019-11-12,TUPRS.IS,11.637757301330566
2019-11-13,TUPRS.IS,11.646964073181152
2019-11-14,TUPRS.IS,11.343132972717285
2019-11-15,TUPRS.IS,11.352337837219238
2019-11-18,TUPRS.IS,11.3983736038208
2019-11-19,TUPRS.IS,11.720621109008789
2019-11-20,TUPRS.IS,11.62855052947998
2019-11-21,TUPRS.IS,11.600929260253906
2019-11-22,TUPRS.IS,11.573307991027832
2019-11-25,TUPRS.IS,11.315509796142578
2019-11-26,TUPRS.IS,11.333924293518066
2019-11-27,TUPRS.IS,11.306302070617676
2019-11-28,TUPRS.IS,11.361544609069824
2019-11-29,TUPRS.IS,11.37075138092041
2019-12-02,TUPRS.IS,11.343132972717285
2019-12-03,TUPRS.IS,11.122159957885742
2019-12-04,TUPRS.IS,11.10374641418457
2019-12-05,TUPRS.IS,11.131366729736328
2019-12-06,TUPRS.IS,11.232647895812988
2019-12-09,TUPRS.IS,11.29709529876709
2019-12-10,TUPRS.IS,11.269474029541016
2019-12-11,TUPRS.IS,11.122159957885742
2019-12-12,TUPRS.IS,11.195816993713379
2019-12-13,TUPRS.IS,11.149782180786133
2019-12-16,TUPRS.IS,11.195816993713379
2019-12-17,TUPRS.IS,11.462821960449219
2019-12-18,TUPRS.IS,11.315509796142578
2019-12-19,TUPRS.IS,11.343132972717285
2019-12-20,TUPRS.IS,11.435201644897461
2019-12-23,TUPRS.IS,11.600929260253906
2019-12-24,TUPRS.IS,11.656171798706055
2019-12-25,TUPRS.IS,11.646964073181152
2019-12-26,TUPRS.IS,11.775863647460938
2019-12-27,TUPRS.IS,11.757451057434082
2019-12-30,TUPRS.IS,11.720621109008789
2019-12-31,TUPRS.IS,11.656171798706055
2020-01-02,TUPRS.IS,11.78507137298584
2020-01-03,TUPRS.IS,11.573307991027832
2020-01-06,TUPRS.IS,11.389167785644531
2020-01-07,TUPRS.IS,11.315509796142578
2020-01-08,TUPRS.IS,11.085332870483398
2020-01-09,TUPRS.IS,11.51806640625
2020-01-10,TUPRS.IS,11.536479949951172
2020-01-13,TUPRS.IS,11.573307991027832
2020-01-14,TUPRS.IS,11.416787147521973
2020-01-15,TUPRS.IS,11.37075138092041
2020-01-16,TUPRS.IS,11.269474029541016
2020-01-17,TUPRS.IS,11.149782180786133
2020-01-20,TUPRS.IS,11.223440170288086
2020-01-21,TUPRS.IS,11.186610221862793
2020-01-22,TUPRS.IS,11.186610221862793
2020-01-23,TUPRS.IS,11.112955093383789
2020-01-24,TUPRS.IS,11.011675834655762
2020-01-27,TUPRS.IS,10.671012878417969
2020-01-28,TUPRS.IS,10.634186744689941
2020-01-29,TUPRS.IS,10.514493942260742
2020-01-30,TUPRS.IS,10.606562614440918
2020-01-31,TUPRS.IS,10.38559341430664
2020-02-03,TUPRS.IS,10.34876537322998
2020-02-04,TUPRS.IS,10.431629180908203
2020-02-05,TUPRS.IS,10.50528621673584
2020-02-06,TUPRS.IS,10.46845817565918
2020-02-07,TUPRS.IS,10.413214683532715
2020-02-10,TUPRS.IS,10.192245483398438
2020-02-11,TUPRS.IS,10.38559341430664
2020-02-12,TUPRS.IS,10.588149070739746
2020-02-13,TUPRS.IS,10.330349922180176
2020-02-14,TUPRS.IS,10.127795219421387
2020-02-17,TUPRS.IS,10.31193733215332
2020-02-18,TUPRS.IS,10.127795219421387
2020-02-19,TUPRS.IS,10.219865798950195
2020-02-20,TUPRS.IS,10.155416488647461
2020-02-21,TUPRS.IS,10.27510929107666
2020-02-24,TUPRS.IS,10.183038711547852
2020-02-25,TUPRS.IS,10.081759452819824
2020-02-26,TUPRS.IS,10.054139137268066
2020-02-27,TUPRS.IS,9.474092483520508
2020-02-28,TUPRS.IS,9.317571640014648
2020-03-02,TUPRS.IS,9.345193862915039
2020-03-03,TUPRS.IS,9.382019996643066
2020-03-04,TUPRS.IS,9.22550106048584
2020-03-05,TUPRS.IS,9.18406867980957
2020-03-06,TUPRS.IS,8.746732711791992
2020-03-09,TUPRS.IS,8.622435569763184
2020-03-10,TUPRS.IS,8.521158218383789
2020-03-11,TUPRS.IS,8.521158218383789
2020-03-12,TUPRS.IS,7.733953952789307
2020-03-13,TUPRS.IS,7.8812665939331055
2020-03-16,TUPRS.IS,7.273599147796631
2020-03-17,TUPRS.IS,6.711966037750244
2020-03-18,TUPRS.IS,6.408132076263428
2020-03-19,TUPRS.IS,6.177955627441406
2020-03-20,TUPRS.IS,6.325267791748047
2020-03-23,TUPRS.IS,6.366699695587158
2020-03-24,TUPRS.IS,6.799434185028076
2020-03-25,TUPRS.IS,6.928332328796387
2020-03-26,TUPRS.IS,7.227563381195068
2020-03-27,TUPRS.IS,7.038817405700684
2020-03-30,TUPRS.IS,6.859280109405518
2020-03-31,TUPRS.IS,6.98357629776001
2020-04-01,TUPRS.IS,7.181528091430664
2020-04-02,TUPRS.IS,7.60965633392334
2020-04-03,TUPRS.IS,7.816816329956055
2020-04-06,TUPRS.IS,7.8536458015441895
2020-04-07,TUPRS.IS,8.304792404174805
2020-04-08,TUPRS.IS,8.369242668151855
2020-04-09,TUPRS.IS,8.765146255493164
2020-04-10,TUPRS.IS,8.571799278259277
2020-04-13,TUPRS.IS,8.332413673400879
2020-04-14,TUPRS.IS,8.387656211853027
2020-04-15,TUPRS.IS,8.051597595214844
2020-04-16,TUPRS.IS,7.8398332595825195
2020-04-17,TUPRS.IS,8.042389869689941
2020-04-20,TUPRS.IS,8.005561828613281
2020-04-21,TUPRS.IS,7.775384426116943
2020-04-22,TUPRS.IS,7.8812665939331055
2020-04-24,TUPRS.IS,7.895077228546143
2020-04-27,TUPRS.IS,7.90428352355957
2020-04-28,TUPRS.IS,7.941112995147705
2020-04-29,TUPRS.IS,8.20351505279541
2020-04-30,TUPRS.IS,8.323205947875977
2020-05-04,TUPRS.IS,7.968732833862305
2020-05-05,TUPRS.IS,7.987148761749268
2020-05-06,TUPRS.IS,7.8398332595825195
2020-05-07,TUPRS.IS,7.826023101806641
2020-05-08,TUPRS.IS,7.826023101806641
2020-05-11,TUPRS.IS,7.8122124671936035
2020-05-12,TUPRS.IS,7.8398332595825195
2020-05-13,TUPRS.IS,7.775384426116943
2020-05-14,TUPRS.IS,7.6050543785095215
2020-05-15,TUPRS.IS,7.540604114532471
2020-05-18,TUPRS.IS,7.517585277557373
2020-05-20,TUPRS.IS,7.430119037628174
2020-05-21,TUPRS.IS,7.2966156005859375
2020-05-22,TUPRS.IS,7.388686656951904
2020-05-27,TUPRS.IS,7.729349136352539
2020-05-28,TUPRS.IS,7.876662731170654
2020-05-29,TUPRS.IS,7.885870456695557
2020-06-01,TUPRS.IS,8.185100555419922
2020-06-02,TUPRS.IS,8.263360977172852
2020-06-03,TUPRS.IS,8.111443519592285
2020-06-04,TUPRS.IS,7.973336696624756
2020-06-05,TUPRS.IS,8.221927642822266
2020-06-08,TUPRS.IS,8.221927642822266
2020-06-09,TUPRS.IS,8.180497169494629
2020-06-10,TUPRS.IS,8.152874946594238
2020-06-11,TUPRS.IS,8.01016616821289
2020-06-12,TUPRS.IS,8.051597595214844
2020-06-15,TUPRS.IS,7.922698020935059
2020-06-16,TUPRS.IS,8.042389869689941
2020-06-17,TUPRS.IS,7.964130878448486
2020-06-18,TUPRS.IS,8.01016616821289
2020-06-19,TUPRS.IS,8.157477378845215
2020-06-22,TUPRS.IS,8.295584678649902
2020-06-23,TUPRS.IS,8.258756637573242
2020-06-24,TUPRS.IS,8.212721824645996
2020-06-25,TUPRS.IS,8.17589282989502
2020-06-26,TUPRS.IS,8.226531982421875
2020-06-29,TUPRS.IS,8.272567749023438
2020-06-30,TUPRS.IS,8.286378860473633
2020-07-01,TUPRS.IS,8.051597595214844
2020-07-02,TUPRS.IS,8.1022367477417
2020-07-03,TUPRS.IS,7.991750717163086
2020-07-06,TUPRS.IS,8.005561828613281
2020-07-07,TUPRS.IS,8.17589282989502
2020-07-08,TUPRS.IS,8.116047859191895
2020-07-09,TUPRS.IS,7.968732833862305
2020-07-10,TUPRS.IS,7.890472412109375
2020-07-13,TUPRS.IS,8.070012092590332
2020-07-14,TUPRS.IS,7.945716857910156
2020-07-16,TUPRS.IS,8.000956535339355
2020-07-17,TUPRS.IS,7.996353626251221
2020-07-20,TUPRS.IS,7.945716857910156
2020-07-21,TUPRS.IS,7.954923629760742
2020-07-22,TUPRS.IS,7.968732833862305
2020-07-23,TUPRS.IS,8.079217910766602
2020-07-24,TUPRS.IS,8.033183097839355
2020-07-27,TUPRS.IS,8.023975372314453
2020-07-28,TUPRS.IS,7.775384426116943
2020-07-29,TUPRS.IS,7.591243267059326
2020-07-30,TUPRS.IS,7.60045051574707
2020-08-04,TUPRS.IS,7.278202533721924
2020-08-05,TUPRS.IS,7.3334431648254395
2020-08-06,TUPRS.IS,7.052628517150879
2020-08-07,TUPRS.IS,7.186130523681641
2020-08-10,TUPRS.IS,7.0157999992370605
2020-08-11,TUPRS.IS,7.1493024826049805
2020-08-12,TUPRS.IS,7.158509731292725
2020-08-13,TUPRS.IS,7.222959518432617
2020-08-14,TUPRS.IS,7.213752746582031
2020-08-17,TUPRS.IS,7.439326763153076
2020-08-18,TUPRS.IS,7.36106538772583
2020-08-19,TUPRS.IS,7.908888339996338
2020-08-20,TUPRS.IS,8.484330177307129
2020-08-21,TUPRS.IS,7.64188289642334
2020-08-24,TUPRS.IS,7.7569708824157715
2020-08-25,TUPRS.IS,7.6326751708984375
2020-08-26,TUPRS.IS,7.545207500457764
2020-08-27,TUPRS.IS,7.701728343963623
2020-08-28,TUPRS.IS,7.64188289642334
2020-08-31,TUPRS.IS,7.3656697273254395
2020-09-01,TUPRS.IS,7.453136920928955
2020-09-02,TUPRS.IS,7.374876499176025
2020-09-03,TUPRS.IS,7.301220417022705
2020-09-04,TUPRS.IS,7.370273113250732
2020-09-07,TUPRS.IS,7.4163079261779785
2020-09-08,TUPRS.IS,7.2966156005859375
2020-09-09,TUPRS.IS,7.807609558105469
2020-09-10,TUPRS.IS,7.476154804229736
2020-09-11,TUPRS.IS,7.46694803237915
2020-09-14,TUPRS.IS,7.5037760734558105
2020-09-15,TUPRS.IS,7.471551418304443
2020-09-16,TUPRS.IS,7.457740306854248
2020-09-17,TUPRS.IS,7.4163079261779785
2020-09-18,TUPRS.IS,7.4255146980285645
2020-09-21,TUPRS.IS,7.268993377685547
2020-09-22,TUPRS.IS,7.301220417022705
2020-09-23,TUPRS.IS,7.301220417022705
2020-09-24,TUPRS.IS,7.347256183624268
2020-09-25,TUPRS.IS,7.4024977684021
2020-09-28,TUPRS.IS,7.310427188873291
2020-09-29,TUPRS.IS,7.28740930557251
2020-09-30,TUPRS.IS,7.338048458099365
2020-10-01,TUPRS.IS,7.3334431648254395
2020-10-02,TUPRS.IS,7.328840732574463
2020-10-05,TUPRS.IS,7.36106538772583
2020-10-06,TUPRS.IS,7.374876499176025
2020-10-07,TUPRS.IS,7.39789342880249
2020-10-08,TUPRS.IS,7.545207500457764
2020-10-09,TUPRS.IS,7.664899826049805
2020-10-12,TUPRS.IS,7.489964008331299
2020-10-13,TUPRS.IS,7.39789342880249
2020-10-14,TUPRS.IS,7.697124481201172
2020-10-15,TUPRS.IS,7.499172210693359
2020-10-16,TUPRS.IS,7.591243267059326
2020-10-19,TUPRS.IS,7.462343692779541
2020-10-20,TUPRS.IS,7.430119037628174
2020-10-21,TUPRS.IS,7.388686656951904
2020-10-22,TUPRS.IS,7.3334431648254395
2020-10-23,TUPRS.IS,7.2966156005859375
2020-10-26,TUPRS.IS,7.001989841461182
2020-10-27,TUPRS.IS,7.1400957107543945
2020-10-28,TUPRS.IS,6.997386455535889
2020-10-30,TUPRS.IS,6.859280109405518
2020-11-02,TUPRS.IS,6.951350688934326
2020-11-03,TUPRS.IS,7.066439151763916
2020-11-04,TUPRS.IS,7.1493024826049805
2020-11-05,TUPRS.IS,7.121682167053223
2020-11-06,TUPRS.IS,7.11707878112793
2020-11-09,TUPRS.IS,7.582035541534424
2020-11-10,TUPRS.IS,7.761574745178223
2020-11-11,TUPRS.IS,8.051597595214844
2020-11-12,TUPRS.IS,8.217324256896973
2020-11-13,TUPRS.IS,8.189702033996582
2020-11-16,TUPRS.IS,8.198909759521484
2020-11-17,TUPRS.IS,7.890472412109375
2020-11-18,TUPRS.IS,8.129858016967773
2020-11-19,TUPRS.IS,8.272567749023438
2020-11-20,TUPRS.IS,8.208117485046387
2020-11-23,TUPRS.IS,8.083823204040527
2020-11-24,TUPRS.IS,8.300187110900879
2020-11-25,TUPRS.IS,8.553383827209473
2020-11-26,TUPRS.IS,8.627041816711426
2020-11-27,TUPRS.IS,8.70069694519043
2020-11-30,TUPRS.IS,8.39225959777832
2020-12-01,TUPRS.IS,8.567193984985352
2020-12-02,TUPRS.IS,8.55798625946045
2020-12-03,TUPRS.IS,8.484330177307129
2020-12-04,TUPRS.IS,8.640850067138672
2020-12-07,TUPRS.IS,8.88023567199707
2020-12-08,TUPRS.IS,8.792768478393555
2020-12-09,TUPRS.IS,8.792768478393555
2020-12-10,TUPRS.IS,8.990720748901367
2020-12-11,TUPRS.IS,9.345193862915039
2020-12-14,TUPRS.IS,9.639819145202637
2020-12-15,TUPRS.IS,9.989688873291016
2020-12-16,TUPRS.IS,10.017312049865723
2020-12-17,TUPRS.IS,9.952861785888672
2020-12-18,TUPRS.IS,9.916031837463379
2020-12-21,TUPRS.IS,9.575370788574219
2020-12-22,TUPRS.IS,9.612197875976562
2020-12-23,TUPRS.IS,9.916031837463379
2020-12-24,TUPRS.IS,9.842376708984375
2020-12-25,TUPRS.IS,9.787134170532227
2020-12-28,TUPRS.IS,9.925238609313965
2020-12-29,TUPRS.IS,10.081759452819824
2020-12-30,TUPRS.IS,9.952861785888672
2020-12-31,TUPRS.IS,10.00810432434082
2021-01-04,TUPRS.IS,10.100173950195312
2021-01-05,TUPRS.IS,10.210659980773926
2021-01-06,TUPRS.IS,10.302729606628418
2021-01-07,TUPRS.IS,10.265901565551758
2021-01-08,TUPRS.IS,10.34876537322998
2021-01-11,TUPRS.IS,10.164623260498047
2021-01-12,TUPRS.IS,10.090967178344727
2021-01-13,TUPRS.IS,10.017312049865723
2021-01-14,TUPRS.IS,10.127795219421387
2021-01-15,TUPRS.IS,9.82396125793457
2021-01-18,TUPRS.IS,9.934446334838867
2021-01-19,TUPRS.IS,9.98048210144043
2021-01-20,TUPRS.IS,10.00810432434082
2021-01-21,TUPRS.IS,9.86078929901123
2021-01-22,TUPRS.IS,9.842376708984375
2021-01-25,TUPRS.IS,9.621404647827148
2021-01-26,TUPRS.IS,9.428056716918945
2021-01-27,TUPRS.IS,9.115015983581543
2021-01-28,TUPRS.IS,9.437264442443848
2021-01-29,TUPRS.IS,9.15184497833252
2021-02-01,TUPRS.IS,9.138032913208008
2021-02-02,TUPRS.IS,9.243915557861328
2021-02-03,TUPRS.IS,9.326778411865234
2021-02-04,TUPRS.IS,9.326778411865234
2021-02-05,TUPRS.IS,9.271535873413086
2021-02-08,TUPRS.IS,9.280743598937988
2021-02-09,TUPRS.IS,9.575370788574219
2021-02-10,TUPRS.IS,9.584577560424805
2021-02-11,TUPRS.IS,9.741097450256348
2021-02-12,TUPRS.IS,9.446470260620117
2021-02-15,TUPRS.IS,9.6858549118042
2021-02-16,TUPRS.IS,9.547749519348145
2021-02-17,TUPRS.IS,9.400435447692871
2021-02-18,TUPRS.IS,9.354401588439941
2021-02-19,TUPRS.IS,9.474092483520508
2021-02-22,TUPRS.IS,9.28995132446289
2021-02-23,TUPRS.IS,9.372814178466797
2021-02-24,TUPRS.IS,9.446470260620117
2021-02-25,TUPRS.IS,9.474092483520508
2021-02-26,TUPRS.IS,9.308364868164062
2021-03-01,TUPRS.IS,9.741097450256348
2021-03-02,TUPRS.IS,9.906825065612793
2021-03-03,TUPRS.IS,9.741097450256348
2021-03-04,TUPRS.IS,9.741097450256348
2021-03-05,TUPRS.IS,9.82396125793457
2021-03-08,TUPRS.IS,9.897619247436523
2021-03-09,TUPRS.IS,9.86078929901123
2021-03-10,TUPRS.IS,9.82396125793457
2021-03-11,TUPRS.IS,9.851583480834961
2021-03-12,TUPRS.IS,9.879204750061035
2021-03-15,TUPRS.IS,9.796339988708496
2021-03-16,TUPRS.IS,9.722683906555176
2021-03-17,TUPRS.IS,9.483299255371094
2021-03-18,TUPRS.IS,9.418850898742676
2021-03-19,TUPRS.IS,9.262328147888184
2021-03-22,TUPRS.IS,8.337017059326172
2021-03-23,TUPRS.IS,8.16208267211914
2021-03-24,TUPRS.IS,8.479726791381836
2021-03-25,TUPRS.IS,8.69149112701416
2021-03-26,TUPRS.IS,8.617833137512207
2021-03-29,TUPRS.IS,8.539573669433594
2021-03-30,TUPRS.IS,8.332413673400879
2021-03-31,TUPRS.IS,8.286378860473633
2021-04-01,TUPRS.IS,8.502744674682617
2021-04-02,TUPRS.IS,8.479726791381836
2021-04-05,TUPRS.IS,8.498141288757324
2021-04-06,TUPRS.IS,8.369242668151855
2021-04-07,TUPRS.IS,8.373845100402832
2021-04-08,TUPRS.IS,8.286378860473633
2021-04-09,TUPRS.IS,8.16208267211914
2021-04-12,TUPRS.IS,8.01016616821289
2021-04-13,TUPRS.IS,7.954923629760742
2021-04-14,TUPRS.IS,8.198909759521484
2021-04-15,TUPRS.IS,8.24034309387207
2021-04-16,TUPRS.IS,8.217324256896973
2021-04-19,TUPRS.IS,8.051597595214844
2021-04-20,TUPRS.IS,7.968732833862305
2021-04-21,TUPRS.IS,7.826023101806641
2021-04-22,TUPRS.IS,7.964130878448486
2021-04-26,TUPRS.IS,7.941112995147705
2021-04-27,TUPRS.IS,7.964130878448486
2021-04-28,TUPRS.IS,8.019373893737793
2021-04-29,TUPRS.IS,8.097633361816406
2021-04-30,TUPRS.IS,8.079217910766602
2021-05-03,TUPRS.IS,8.364638328552246
2021-05-04,TUPRS.IS,8.300187110900879
2021-05-05,TUPRS.IS,8.406070709228516
2021-05-06,TUPRS.IS,8.442898750305176
2021-05-07,TUPRS.IS,8.89404582977295
2021-05-10,TUPRS.IS,8.871027946472168
2021-05-11,TUPRS.IS,8.81578540802002
2021-05-12,TUPRS.IS,9.078187942504883
2021-05-17,TUPRS.IS,9.317571640014648
2021-05-18,TUPRS.IS,9.354401588439941
2021-05-20,TUPRS.IS,9.22550106048584
2021-05-21,TUPRS.IS,9.474092483520508
2021-05-24,TUPRS.IS,9.483299255371094
2021-05-25,TUPRS.IS,9.10580825805664
2021-05-26,TUPRS.IS,9.133429527282715
2021-05-27,TUPRS.IS,8.912461280822754
2021-05-28,TUPRS.IS,8.986116409301758
2021-05-31,TUPRS.IS,8.963098526000977
2021-06-01,TUPRS.IS,9.078187942504883
2021-06-02,TUPRS.IS,9.345193862915039
2021-06-03,TUPRS.IS,9.483299255371094
2021-06-04,TUPRS.IS,9.483299255371094
2021-06-07,TUPRS.IS,9.474092483520508
2021-06-08,TUPRS.IS,9.520127296447754
2021-06-09,TUPRS.IS,9.446470260620117
2021-06-10,TUPRS.IS,9.49250602722168
2021-06-11,TUPRS.IS,9.547749519348145
2021-06-14,TUPRS.IS,9.575370788574219
2021-06-15,TUPRS.IS,9.474092483520508
2021-06-16,TUPRS.IS,9.483299255371094
2021-06-17,TUPRS.IS,9.566164016723633
2021-06-18,TUPRS.IS,9.354401588439941
2021-06-21,TUPRS.IS,9.170258522033691
2021-06-22,TUPRS.IS,9.253122329711914
2021-06-23,TUPRS.IS,9.22550106048584
2021-06-24,TUPRS.IS,9.216293334960938
2021-06-25,TUPRS.IS,9.055171012878418
2021-06-28,TUPRS.IS,8.875631332397461
2021-06-29,TUPRS.IS,8.797370910644531
2021-06-30,TUPRS.IS,8.723714828491211
2021-07-01,TUPRS.IS,8.85261344909668
2021-07-02,TUPRS.IS,8.8065767288208
2021-07-05,TUPRS.IS,8.986116409301758
2021-07-06,TUPRS.IS,8.85261344909668
2021-07-07,TUPRS.IS,8.871027946472168
2021-07-08,TUPRS.IS,8.769750595092773
2021-07-09,TUPRS.IS,8.89404582977295
2021-07-12,TUPRS.IS,8.70069694519043
2021-07-13,TUPRS.IS,8.654661178588867
2021-07-14,TUPRS.IS,8.746732711791992
2021-07-16,TUPRS.IS,8.723714828491211
2021-07-19,TUPRS.IS,8.636247634887695
2021-07-26,TUPRS.IS,8.475122451782227
2021-07-27,TUPRS.IS,8.502744674682617
2021-07-28,TUPRS.IS,8.461312294006348
2021-07-29,TUPRS.IS,8.663867950439453
2021-07-30,TUPRS.IS,8.636247634887695
2021-08-02,TUPRS.IS,8.797370910644531
2021-08-03,TUPRS.IS,8.755940437316895
2021-08-04,TUPRS.IS,8.705300331115723
2021-08-05,TUPRS.IS,8.999926567077637
2021-08-06,TUPRS.IS,9.036755561828613
2021-08-09,TUPRS.IS,9.03215217590332
2021-08-10,TUPRS.IS,9.174860954284668
2021-08-11,TUPRS.IS,8.884839057922363
2021-08-12,TUPRS.IS,9.050565719604492
2021-08-13,TUPRS.IS,9.262328147888184
2021-08-16,TUPRS.IS,9.262328147888184
2021-08-17,TUPRS.IS,9.45567798614502
2021-08-18,TUPRS.IS,9.363607406616211
2021-08-19,TUPRS.IS,9.243915557861328
2021-08-20,TUPRS.IS,9.128826141357422
2021-08-23,TUPRS.IS,9.207086563110352
2021-08-24,TUPRS.IS,9.22550106048584
2021-08-25,TUPRS.IS,9.161050796508789
2021-08-26,TUPRS.IS,9.10580825805664
2021-08-27,TUPRS.IS,9.170258522033691
2021-08-31,TUPRS.IS,9.363607406616211
2021-09-01,TUPRS.IS,9.538541793823242
2021-09-02,TUPRS.IS,9.667441368103027
2021-09-03,TUPRS.IS,9.547749519348145
2021-09-06,TUPRS.IS,9.602991104125977
2021-09-07,TUPRS.IS,9.501713752746582
2021-09-08,TUPRS.IS,9.400435447692871
2021-09-09,TUPRS.IS,9.602991104125977
2021-09-10,TUPRS.IS,9.464885711669922
2021-09-13,TUPRS.IS,9.538541793823242
2021-09-14,TUPRS.IS,9.82396125793457
2021-09-15,TUPRS.IS,10.054139137268066
2021-09-16,TUPRS.IS,9.952861785888672
2021-09-17,TUPRS.IS,10.00810432434082
2021-09-20,TUPRS.IS,9.897619247436523
2021-09-21,TUPRS.IS,10.100173950195312
2021-09-22,TUPRS.IS,10.20145320892334
2021-09-23,TUPRS.IS,10.238280296325684
2021-09-24,TUPRS.IS,10.20145320892334
2021-09-27,TUPRS.IS,10.31193733215332
2021-09-28,TUPRS.IS,10.394801139831543
2021-09-29,TUPRS.IS,10.376387596130371
2021-09-30,TUPRS.IS,10.551321029663086
2021-10-01,TUPRS.IS,10.450044631958008
2021-10-04,TUPRS.IS,10.680221557617188
2021-10-05,TUPRS.IS,11.131366729736328
2021-10-06,TUPRS.IS,10.956433296203613
2021-10-07,TUPRS.IS,11.333924293518066
2021-10-08,TUPRS.IS,11.324716567993164
2021-10-11,TUPRS.IS,11.582515716552734
2021-10-12,TUPRS.IS,11.692999839782715
2021-10-13,TUPRS.IS,11.306302070617676
2021-10-14,TUPRS.IS,11.508858680725098
2021-10-15,TUPRS.IS,11.877142906188965
2021-10-18,TUPRS.IS,11.923176765441895
2021-10-19,TUPRS.IS,11.987627029418945
2021-10-20,TUPRS.IS,12.144147872924805
2021-10-21,TUPRS.IS,12.549260139465332
2021-10-22,TUPRS.IS,12.816264152526855
2021-10-25,TUPRS.IS,13.055648803710938
2021-10-26,TUPRS.IS,12.87150764465332
2021-10-27,TUPRS.IS,13.009613990783691
2021-10-28,TUPRS.IS,12.87150764465332
2021-11-01,TUPRS.IS,12.687365531921387
2021-11-02,TUPRS.IS,12.917542457580566
2021-11-03,TUPRS.IS,13.138510704040527
2021-11-04,TUPRS.IS,13.138510704040527
2021-11-05,TUPRS.IS,13.37789535522461
2021-11-08,TUPRS.IS,13.58966064453125
2021-11-09,TUPRS.IS,14.086843490600586
2021-11-10,TUPRS.IS,14.537986755371094
2021-11-11,TUPRS.IS,14.409090995788574
2021-11-12,TUPRS.IS,14.326228141784668
2021-11-15,TUPRS.IS,14.169706344604492
2021-11-16,TUPRS.IS,14.169706344604492
2021-11-17,TUPRS.IS,14.565613746643066
2021-11-18,TUPRS.IS,14.528783798217773
2021-11-19,TUPRS.IS,14.280191421508789
2021-11-22,TUPRS.IS,14.556405067443848
2021-11-23,TUPRS.IS,15.550768852233887
2021-11-24,TUPRS.IS,14.72213077545166
2021-11-25,TUPRS.IS,14.455126762390137
2021-11-26,TUPRS.IS,13.718560218811035
2021-11-29,TUPRS.IS,14.307815551757812
2021-11-30,TUPRS.IS,13.96715259552002
2021-12-01,TUPRS.IS,14.473542213439941
2021-12-02,TUPRS.IS,14.363056182861328
2021-12-03,TUPRS.IS,14.27098560333252
2021-12-06,TUPRS.IS,14.455126762390137
2021-12-07,TUPRS.IS,15.035172462463379
2021-12-08,TUPRS.IS,15.071999549865723
2021-12-09,TUPRS.IS,15.173280715942383
2021-12-10,TUPRS.IS,15.928261756896973
2021-12-13,TUPRS.IS,17.364566802978516
2021-12-14,TUPRS.IS,17.603952407836914
2021-12-15,TUPRS.IS,17.824922561645508
2021-12-16,TUPRS.IS,18.994220733642578
2021-12-17,TUPRS.IS,17.180423736572266
2021-12-20,TUPRS.IS,17.005489349365234
2021-12-21,TUPRS.IS,15.311384201049805
2021-12-22,TUPRS.IS,13.783007621765137
2021-12-23,TUPRS.IS,13.156927108764648
2021-12-24,TUPRS.IS,14.23415756225586
2021-12-27,TUPRS.IS,14.068428993225098
2021-12-28,TUPRS.IS,13.773802757263184
2021-12-29,TUPRS.IS,14.3814697265625
2021-12-30,TUPRS.IS,14.050015449523926
2021-12-31,TUPRS.IS,14.215742111206055
2022-01-03,TUPRS.IS,15.311384201049805
2022-01-04,TUPRS.IS,15.606012344360352
2022-01-05,TUPRS.IS,16.471477508544922
2022-01-06,TUPRS.IS,17.208045959472656
2022-01-07,TUPRS.IS,17.208045959472656
2022-01-10,TUPRS.IS,17.226459503173828
2022-01-11,TUPRS.IS,17.244871139526367
2022-01-12,TUPRS.IS,17.419809341430664
2022-01-13,TUPRS.IS,17.410600662231445
2022-01-14,TUPRS.IS,17.180423736572266
2022-01-17,TUPRS.IS,17.410600662231445
2022-01-18,TUPRS.IS,16.46227264404297
2022-01-19,TUPRS.IS,17.198837280273438
2022-01-20,TUPRS.IS,16.60958480834961
2022-01-21,TUPRS.IS,16.499101638793945
2022-01-24,TUPRS.IS,15.320590019226074
2022-01-25,TUPRS.IS,15.467907905578613
2022-01-26,TUPRS.IS,15.375837326049805
2022-01-27,TUPRS.IS,15.854604721069336
2022-01-28,TUPRS.IS,15.532357215881348
2022-01-31,TUPRS.IS,15.762533187866211
2022-02-01,TUPRS.IS,15.578391075134277
2022-02-02,TUPRS.IS,15.606012344360352
2022-02-03,TUPRS.IS,15.412666320800781
2022-02-04,TUPRS.IS,15.237726211547852
2022-02-07,TUPRS.IS,15.790154457092285
2022-02-08,TUPRS.IS,16.91341781616211
2022-02-09,TUPRS.IS,17.17121696472168
2022-02-10,TUPRS.IS,17.493465423583984
2022-02-11,TUPRS.IS,18.202411651611328
2022-02-14,TUPRS.IS,17.843334197998047
2022-02-15,TUPRS.IS,17.926197052001953
2022-02-16,TUPRS.IS,18.009061813354492
2022-02-17,TUPRS.IS,17.58553695678711
2022-02-18,TUPRS.IS,17.70522689819336
2022-02-21,TUPRS.IS,17.438222885131836
2022-02-22,TUPRS.IS,16.950244903564453
2022-02-23,TUPRS.IS,16.93183135986328
2022-02-24,TUPRS.IS,15.366626739501953
2022-02-25,TUPRS.IS,16.563549041748047
2022-02-28,TUPRS.IS,17.76047134399414
2022-03-01,TUPRS.IS,17.778884887695312
2022-03-02,TUPRS.IS,17.70522689819336
2022-03-03,TUPRS.IS,18.101131439208984
2022-03-04,TUPRS.IS,17.999853134155273
2022-03-07,TUPRS.IS,17.778884887695312
2022-03-08,TUPRS.IS,18.009061813354492
2022-03-09,TUPRS.IS,18.04589080810547
2022-03-10,TUPRS.IS,18.9573917388916
2022-03-11,TUPRS.IS,18.865320205688477
2022-03-14,TUPRS.IS,18.671972274780273
2022-03-15,TUPRS.IS,17.86174964904785
2022-03-16,TUPRS.IS,17.6776065826416
2022-03-17,TUPRS.IS,18.257652282714844
2022-03-18,TUPRS.IS,18.04589080810547
2022-03-21,TUPRS.IS,18.773252487182617
2022-03-22,TUPRS.IS,19.021841049194336
2022-03-23,TUPRS.IS,18.93897819519043
2022-03-24,TUPRS.IS,18.902151107788086
2022-03-25,TUPRS.IS,18.994220733642578
2022-03-28,TUPRS.IS,18.902151107788086
2022-03-29,TUPRS.IS,19.003427505493164
2022-03-30,TUPRS.IS,19.003427505493164
2022-03-31,TUPRS.IS,19.739994049072266
2022-04-01,TUPRS.IS,20.93691635131836
2022-04-04,TUPRS.IS,22.271942138671875
2022-04-05,TUPRS.IS,22.189077377319336
2022-04-06,TUPRS.IS,22.161457061767578
2022-04-07,TUPRS.IS,21.949695587158203
2022-04-08,TUPRS.IS,22.483707427978516
2022-04-11,TUPRS.IS,22.713882446289062
2022-04-12,TUPRS.IS,23.32155418395996
2022-04-13,TUPRS.IS,23.58855628967285
2022-04-14,TUPRS.IS,23.864768981933594
2022-04-15,TUPRS.IS,23.910804748535156
2022-04-18,TUPRS.IS,23.15582275390625
2022-04-19,TUPRS.IS,23.551729202270508
2022-04-20,TUPRS.IS,23.432039260864258
2022-04-21,TUPRS.IS,23.708248138427734
2022-04-22,TUPRS.IS,23.38599967956543
2022-04-25,TUPRS.IS,23.883182525634766
2022-04-26,TUPRS.IS,22.557363510131836
2022-04-27,TUPRS.IS,22.603397369384766
2022-04-28,TUPRS.IS,21.912866592407227
2022-04-29,TUPRS.IS,21.56299591064453
2022-05-05,TUPRS.IS,22.584983825683594
2022-05-06,TUPRS.IS,23.49648666381836
2022-05-09,TUPRS.IS,22.584983825683594
2022-05-10,TUPRS.IS,23.04533576965332
2022-05-11,TUPRS.IS,23.18344497680664
2022-05-12,TUPRS.IS,23.229482650756836
2022-05-13,TUPRS.IS,23.58855628967285
2022-05-16,TUPRS.IS,23.634593963623047
2022-05-17,TUPRS.IS,23.662214279174805
2022-05-18,TUPRS.IS,23.10978889465332
2022-05-20,TUPRS.IS,22.833574295043945
2022-05-23,TUPRS.IS,22.888816833496094
2022-05-24,TUPRS.IS,22.502117156982422
2022-05-25,TUPRS.IS,22.962472915649414
2022-05-26,TUPRS.IS,23.48727798461914
2022-05-27,TUPRS.IS,23.054542541503906
2022-05-30,TUPRS.IS,23.84635353088379
2022-05-31,TUPRS.IS,24.96041488647461
2022-06-01,TUPRS.IS,24.9880313873291
2022-06-02,TUPRS.IS,24.951208114624023
2022-06-03,TUPRS.IS,25.25503921508789
2022-06-06,TUPRS.IS,25.917953491210938
2022-06-07,TUPRS.IS,26.369094848632812
2022-06-08,TUPRS.IS,24.969619750976562
2022-06-09,TUPRS.IS,25.660154342651367
2022-06-10,TUPRS.IS,24.76706314086914
2022-06-13,TUPRS.IS,25.006446838378906
2022-06-14,TUPRS.IS,24.89596176147461
2022-06-15,TUPRS.IS,24.6197509765625
2022-06-16,TUPRS.IS,24.28829574584961
2022-06-17,TUPRS.IS,24.711822509765625
2022-06-20,TUPRS.IS,23.97525405883789
2022-06-21,TUPRS.IS,24.610544204711914
2022-06-22,TUPRS.IS,24.536888122558594
2022-06-23,TUPRS.IS,24.54609489440918
2022-06-24,TUPRS.IS,24.573713302612305
2022-06-27,TUPRS.IS,25.107725143432617
2022-06-28,TUPRS.IS,24.601337432861328
2022-06-29,TUPRS.IS,24.150190353393555
2022-06-30,TUPRS.IS,24.35274314880371
2022-07-01,TUPRS.IS,24.721031188964844
2022-07-04,TUPRS.IS,24.35274314880371
2022-07-05,TUPRS.IS,23.49648666381836
2022-07-06,TUPRS.IS,22.53894805908203
2022-07-07,TUPRS.IS,22.520532608032227
2022-07-08,TUPRS.IS,22.382431030273438
2022-07-13,TUPRS.IS,21.47092628479004
2022-07-14,TUPRS.IS,20.973745346069336
2022-07-18,TUPRS.IS,22.41925811767578
2022-07-19,TUPRS.IS,22.520532608032227
2022-07-20,TUPRS.IS,23.432039260864258
2022-07-21,TUPRS.IS,22.934852600097656
2022-07-22,TUPRS.IS,22.842782974243164
2022-07-25,TUPRS.IS,23.293928146362305
2022-07-26,TUPRS.IS,23.735870361328125
2022-07-27,TUPRS.IS,23.69904136657715
2022-07-28,TUPRS.IS,23.689830780029297
2022-07-29,TUPRS.IS,24.711822509765625
2022-08-01,TUPRS.IS,25.135347366333008
2022-08-02,TUPRS.IS,24.93279266357422
2022-08-03,TUPRS.IS,25.135347366333008
2022-08-04,TUPRS.IS,24.89596176147461
2022-08-05,TUPRS.IS,24.76706314086914
2022-08-08,TUPRS.IS,25.18138313293457
2022-08-09,TUPRS.IS,26.212575912475586
2022-08-10,TUPRS.IS,26.175748825073242
2022-08-11,TUPRS.IS,26.88469696044922
2022-08-12,TUPRS.IS,27.032007217407227
2022-08-15,TUPRS.IS,26.470373153686523
2022-08-16,TUPRS.IS,27.6120548248291
2022-08-17,TUPRS.IS,28.12765121459961
2022-08-18,TUPRS.IS,30.291311264038086
2022-08-19,TUPRS.IS,30.09796905517578
2022-08-22,TUPRS.IS,29.757307052612305
2022-08-23,TUPRS.IS,31.386964797973633
2022-08-24,TUPRS.IS,31.396167755126953
2022-08-25,TUPRS.IS,32.09590148925781
2022-08-26,TUPRS.IS,31.644758224487305
2022-08-29,TUPRS.IS,33.24679183959961
2022-08-31,TUPRS.IS,33.0810661315918
2022-09-01,TUPRS.IS,31.20281410217285
2022-09-02,TUPRS.IS,31.00946807861328
2022-09-05,TUPRS.IS,31.07391929626465
2022-09-06,TUPRS.IS,30.917396545410156
2022-09-07,TUPRS.IS,31.184402465820312
2022-09-08,TUPRS.IS,30.8897762298584
2022-09-09,TUPRS.IS,30.87136459350586
2022-09-12,TUPRS.IS,31.037092208862305
2022-09-13,TUPRS.IS,30.328142166137695
2022-09-14,TUPRS.IS,31.36854362487793
2022-09-15,TUPRS.IS,30.843740463256836
2022-09-16,TUPRS.IS,30.641183853149414
2022-09-19,TUPRS.IS,28.680076599121094
2022-09-20,TUPRS.IS,28.219722747802734
2022-09-21,TUPRS.IS,28.201303482055664
2022-09-22,TUPRS.IS,29.315364837646484
2022-09-23,TUPRS.IS,28.302581787109375
2022-09-26,TUPRS.IS,27.685710906982422
2022-09-27,TUPRS.IS,27.160905838012695
2022-09-28,TUPRS.IS,27.1148681640625
2022-09-29,TUPRS.IS,27.206945419311523
2022-09-30,TUPRS.IS,26.663724899291992
2022-10-03,TUPRS.IS,29.324575424194336
2022-10-04,TUPRS.IS,30.8897762298584
2022-10-05,TUPRS.IS,31.258060455322266
2022-10-06,TUPRS.IS,31.94859504699707
2022-10-07,TUPRS.IS,31.89335060119629
2022-10-10,TUPRS.IS,31.76445198059082
2022-10-11,TUPRS.IS,31.626340866088867
2022-10-12,TUPRS.IS,31.027883529663086
2022-10-13,TUPRS.IS,30.438629150390625
2022-10-14,TUPRS.IS,30.76087760925293
2022-10-17,TUPRS.IS,33.65190505981445
2022-10-18,TUPRS.IS,33.03502655029297
2022-10-19,TUPRS.IS,33.14551544189453
2022-10-20,TUPRS.IS,33.900489807128906
2022-10-21,TUPRS.IS,34.98693084716797
2022-10-24,TUPRS.IS,35.097412109375
2022-10-25,TUPRS.IS,34.48054504394531
2022-10-26,TUPRS.IS,33.87287139892578
2022-10-27,TUPRS.IS,34.32402038574219
2022-10-28,TUPRS.IS,33.661109924316406
2022-10-31,TUPRS.IS,34.894859313964844
2022-11-01,TUPRS.IS,35.90764236450195
2022-11-02,TUPRS.IS,36.36799240112305
2022-11-03,TUPRS.IS,37.51887893676758
2022-11-04,TUPRS.IS,39.424747467041016
2022-11-07,TUPRS.IS,41.24774932861328
2022-11-08,TUPRS.IS,40.6953239440918
2022-11-09,TUPRS.IS,39.645721435546875
2022-11-10,TUPRS.IS,39.93113708496094
2022-11-11,TUPRS.IS,39.61809158325195
2022-11-14,TUPRS.IS,39.553646087646484
2022-11-15,TUPRS.IS,40.281005859375
2022-11-16,TUPRS.IS,39.44315719604492
2022-11-17,TUPRS.IS,39.028839111328125
2022-11-18,TUPRS.IS,39.185359954833984
2022-11-21,TUPRS.IS,39.84827423095703
2022-11-22,TUPRS.IS,43.36538314819336
2022-11-23,TUPRS.IS,43.37459182739258
2022-11-24,TUPRS.IS,43.06155014038086
2022-11-25,TUPRS.IS,43.61396789550781
2022-11-28,TUPRS.IS,43.34696578979492
2022-11-29,TUPRS.IS,44.322914123535156
2022-11-30,TUPRS.IS,44.3137092590332
2022-12-01,TUPRS.IS,44.65436553955078
2022-12-02,TUPRS.IS,44.29529571533203
2022-12-05,TUPRS.IS,43.567935943603516
2022-12-06,TUPRS.IS,44.41498565673828
2022-12-07,TUPRS.IS,42.352596282958984
2022-12-08,TUPRS.IS,40.13369369506836
2022-12-09,TUPRS.IS,40.27179718017578
2022-12-12,TUPRS.IS,41.91065979003906
2022-12-13,TUPRS.IS,43.37459182739258
2022-12-14,TUPRS.IS,41.625240325927734
2022-12-15,TUPRS.IS,42.113216400146484
2022-12-16,TUPRS.IS,41.708106994628906
2022-12-19,TUPRS.IS,43.181236267089844
2022-12-20,TUPRS.IS,43.567935943603516
2022-12-21,TUPRS.IS,43.95463180541992
2022-12-22,TUPRS.IS,43.74287033081055
2022-12-23,TUPRS.IS,45.20680236816406
2022-12-26,TUPRS.IS,46.84566116333008
2022-12-27,TUPRS.IS,46.615482330322266
2022-12-28,TUPRS.IS,46.68913650512695
2022-12-29,TUPRS.IS,46.6338996887207
2022-12-30,TUPRS.IS,48.78835678100586
2023-01-02,TUPRS.IS,49.239501953125
2023-01-03,TUPRS.IS,48.291175842285156
2023-01-04,TUPRS.IS,47.18632125854492
2023-01-05,TUPRS.IS,45.99860763549805
2023-01-06,TUPRS.IS,46.799625396728516
2023-01-09,TUPRS.IS,46.10908508300781
2023-01-10,TUPRS.IS,43.761287689208984
2023-01-11,TUPRS.IS,43.54951858520508
2023-01-12,TUPRS.IS,47.33363342285156
2023-01-13,TUPRS.IS,46.97455596923828
2023-01-16,TUPRS.IS,49.74589538574219
2023-01-17,TUPRS.IS,52.44357681274414
2023-01-18,TUPRS.IS,53.953529357910156
2023-01-19,TUPRS.IS,53.77859115600586
2023-01-20,TUPRS.IS,54.84661102294922
2023-01-23,TUPRS.IS,56.11719512939453
2023-01-24,TUPRS.IS,57.277286529541016
2023-01-25,TUPRS.IS,57.728431701660156
2023-01-26,TUPRS.IS,56.64200210571289
2023-01-27,TUPRS.IS,58.437374114990234
2023-01-30,TUPRS.IS,55.638423919677734
2023-01-31,TUPRS.IS,54.45071029663086
2023-02-01,TUPRS.IS,51.80827713012695
2023-02-02,TUPRS.IS,50.79549789428711
2023-02-03,TUPRS.IS,55.150447845458984
2023-02-06,TUPRS.IS,53.29982376098633
2023-02-07,TUPRS.IS,48.12544250488281
2023-02-08,TUPRS.IS,44.88454818725586
2023-02-15,TUPRS.IS,52.93154525756836
2023-02-16,TUPRS.IS,58.041481018066406
2023-02-17,TUPRS.IS,57.45222854614258
2023-02-20,TUPRS.IS,56.743282318115234
2023-02-21,TUPRS.IS,55.61080551147461
2023-02-22,TUPRS.IS,54.04560470581055
2023-02-23,TUPRS.IS,53.99957275390625
2023-02-24,TUPRS.IS,55.205692291259766
2023-02-27,TUPRS.IS,55.242523193359375
2023-02-28,TUPRS.IS,54.60723114013672
2023-03-01,TUPRS.IS,55.2241096496582
2023-03-02,TUPRS.IS,55.48190689086914
2023-03-03,TUPRS.IS,56.20927047729492
2023-03-06,TUPRS.IS,57.30491256713867
2023-03-07,TUPRS.IS,59.46857452392578
2023-03-08,TUPRS.IS,59.29364013671875
2023-03-09,TUPRS.IS,58.833290100097656
2023-03-10,TUPRS.IS,57.90281677246094
2023-03-13,TUPRS.IS,56.891841888427734
2023-03-14,TUPRS.IS,55.02848815917969
2023-03-15,TUPRS.IS,56.18812561035156
2023-03-16,TUPRS.IS,57.010780334472656
2023-03-17,TUPRS.IS,55.03839874267578
2023-03-20,TUPRS.IS,52.857872009277344
2023-03-21,TUPRS.IS,52.639827728271484
2023-03-22,TUPRS.IS,54.364418029785156
2023-03-23,TUPRS.IS,54.18601608276367
2023-03-24,TUPRS.IS,52.90742874145508
2023-03-27,TUPRS.IS,51.92620086669922
2023-03-28,TUPRS.IS,50.786376953125
2023-03-29,TUPRS.IS,53.175045013427734
2023-03-30,TUPRS.IS,53.42283248901367
2023-03-31,TUPRS.IS,52.54071044921875
2023-04-03,TUPRS.IS,55.940338134765625
2023-04-04,TUPRS.IS,56.92653274536133
2023-04-05,TUPRS.IS,55.122650146484375
2023-04-06,TUPRS.IS,53.839107513427734
2023-04-07,TUPRS.IS,53.24937057495117
2023-04-10,TUPRS.IS,54.67167663574219
2023-04-11,TUPRS.IS,54.32477569580078
2023-04-12,TUPRS.IS,54.18601608276367
2023-04-13,TUPRS.IS,53.90849304199219
2023-04-14,TUPRS.IS,53.075931549072266
2023-04-17,TUPRS.IS,51.723018646240234
2023-04-18,TUPRS.IS,50.95983123779297
2023-04-19,TUPRS.IS,52.27806091308594
2023-04-20,TUPRS.IS,51.27204513549805
2023-04-24,TUPRS.IS,51.02920913696289
2023-04-25,TUPRS.IS,49.95381546020508
2023-04-26,TUPRS.IS,48.14992904663086
2023-04-27,TUPRS.IS,48.045860290527344
2023-04-28,TUPRS.IS,45.99913787841797
2023-05-02,TUPRS.IS,45.340023040771484
2023-05-03,TUPRS.IS,47.872406005859375
2023-05-04,TUPRS.IS,46.31134796142578
2023-05-05,TUPRS.IS,45.02781295776367
2023-05-08,TUPRS.IS,46.31134796142578
2023-05-09,TUPRS.IS,45.2359504699707
2023-05-10,TUPRS.IS,45.09719467163086
2023-05-11,TUPRS.IS,49.60691452026367
2023-05-12,TUPRS.IS,49.260013580322266
2023-05-15,TUPRS.IS,44.54214859008789
2023-05-16,TUPRS.IS,46.207275390625
2023-05-17,TUPRS.IS,47.247982025146484
2023-05-18,TUPRS.IS,45.47878646850586
2023-05-22,TUPRS.IS,44.40338897705078
2023-05-23,TUPRS.IS,45.51347732543945
2023-05-24,TUPRS.IS,44.680912017822266
2023-05-25,TUPRS.IS,44.33401107788086
2023-05-26,TUPRS.IS,45.582855224609375
2023-05-29,TUPRS.IS,47.31736373901367
2023-05-30,TUPRS.IS,48.21930694580078
2023-05-31,TUPRS.IS,46.48480224609375
2023-06-01,TUPRS.IS,46.93577575683594
2023-06-02,TUPRS.IS,48.32337951660156
2023-06-05,TUPRS.IS,50.71699905395508
2023-06-06,TUPRS.IS,50.85576248168945
2023-06-07,TUPRS.IS,53.73503875732422
2023-06-08,TUPRS.IS,53.87380599975586
2023-06-09,TUPRS.IS,53.76972961425781
2023-06-12,TUPRS.IS,53.56159210205078
2023-06-13,TUPRS.IS,51.3414192199707
2023-06-14,TUPRS.IS,49.95381546020508
2023-06-15,TUPRS.IS,51.61894607543945
2023-06-16,TUPRS.IS,50.682308197021484
2023-06-19,TUPRS.IS,49.884437561035156
2023-06-20,TUPRS.IS,50.647613525390625
2023-06-21,TUPRS.IS,50.19664764404297
2023-06-22,TUPRS.IS,52.1392936706543
2023-06-23,TUPRS.IS,53.24937057495117
2023-06-26,TUPRS.IS,54.810428619384766
2023-06-27,TUPRS.IS,55.018585205078125
2023-07-03,TUPRS.IS,58.9732551574707
2023-07-04,TUPRS.IS,58.27945327758789
2023-07-05,TUPRS.IS,58.730430603027344
2023-07-06,TUPRS.IS,61.08936309814453
2023-07-07,TUPRS.IS,62.997314453125
2023-07-10,TUPRS.IS,62.8238639831543
2023-07-11,TUPRS.IS,62.89324188232422
2023-07-12,TUPRS.IS,62.85855484008789
2023-07-13,TUPRS.IS,61.78315734863281
2023-07-14,TUPRS.IS,61.470947265625
2023-07-17,TUPRS.IS,62.51164245605469
2023-07-18,TUPRS.IS,60.01396560668945
2023-07-19,TUPRS.IS,62.06068420410156
2023-07-20,TUPRS.IS,63.13608169555664
2023-07-21,TUPRS.IS,63.413597106933594
2023-07-24,TUPRS.IS,63.72580337524414
2023-07-25,TUPRS.IS,64.83589935302734
2023-07-26,TUPRS.IS,64.73182678222656
2023-07-27,TUPRS.IS,66.98667907714844
2023-07-28,TUPRS.IS,68.61711120605469
2023-07-31,TUPRS.IS,71.73922729492188
2023-08-01,TUPRS.IS,70.28224182128906
2023-08-02,TUPRS.IS,70.62914276123047
2023-08-03,TUPRS.IS,69.03340148925781
2023-08-04,TUPRS.IS,71.94737243652344
2023-08-07,TUPRS.IS,72.22488403320312
2023-08-08,TUPRS.IS,70.62914276123047
2023-08-09,TUPRS.IS,74.23692321777344
2023-08-10,TUPRS.IS,72.71055603027344
2023-08-11,TUPRS.IS,77.01213073730469
2023-08-14,TUPRS.IS,79.78733825683594
2023-08-15,TUPRS.IS,79.37106323242188
2023-08-16,TUPRS.IS,82.70130920410156
2023-08-17,TUPRS.IS,85.3377685546875
2023-08-18,TUPRS.IS,88.11297607421875
2023-08-21,TUPRS.IS,96.92427062988281
2023-08-22,TUPRS.IS,96.43861389160156
2023-08-23,TUPRS.IS,89.84748840332031
2023-08-24,TUPRS.IS,88.11297607421875
2023-08-25,TUPRS.IS,92.62269592285156
2023-08-28,TUPRS.IS,101.85028076171875
2023-08-29,TUPRS.IS,98.65878295898438
2023-08-31,TUPRS.IS,97.89561462402344
2023-09-01,TUPRS.IS,99.00569152832031
2023-09-04,TUPRS.IS,100.53205108642578
2023-09-05,TUPRS.IS,101.85028076171875
2023-09-06,TUPRS.IS,99.90763092041016
2023-09-07,TUPRS.IS,100.46267700195312
2023-09-08,TUPRS.IS,99.76887512207031
2023-09-11,TUPRS.IS,97.27117919921875
2023-09-12,TUPRS.IS,98.79754638671875
2023-09-13,TUPRS.IS,97.82621765136719
2023-09-14,TUPRS.IS,100.25453186035156
2023-09-15,TUPRS.IS,98.1731185913086
2023-09-18,TUPRS.IS,96.09172058105469
2023-09-19,TUPRS.IS,100.53205108642578
2023-09-20,TUPRS.IS,98.03436279296875
2023-09-21,TUPRS.IS,102.5440902709961
2023-09-22,TUPRS.IS,106.9150390625
2023-09-25,TUPRS.IS,115.17127990722656
2023-09-26,TUPRS.IS,117.7383804321289
2023-09-27,TUPRS.IS,113.57555389404297
2023-09-28,TUPRS.IS,113.78368377685547
2023-09-29,TUPRS.IS,121.46166229248047
2023-10-02,TUPRS.IS,120.16302490234375
2023-10-03,TUPRS.IS,118.4060287475586
2023-10-04,TUPRS.IS,112.90587615966797
2023-10-05,TUPRS.IS,115.4267807006836
2023-10-06,TUPRS.IS,112.82947540283203
2023-10-09,TUPRS.IS,112.98225402832031
2023-10-10,TUPRS.IS,112.75308990478516
2023-10-11,TUPRS.IS,110.30858612060547
2023-10-12,TUPRS.IS,112.44751739501953
2023-10-13,TUPRS.IS,111.91279602050781
2023-10-16,TUPRS.IS,107.32933807373047
2023-10-17,TUPRS.IS,110.30858612060547
2023-10-18,TUPRS.IS,107.86406707763672
2023-10-19,TUPRS.IS,101.90557098388672
2023-10-20,TUPRS.IS,98.77354431152344
2023-10-23,TUPRS.IS,103.35700225830078
2023-10-24,TUPRS.IS,104.65565490722656
2023-10-25,TUPRS.IS,98.16241455078125
2023-10-26,TUPRS.IS,103.81534576416016
2023-10-27,TUPRS.IS,105.87791442871094
2023-10-30,TUPRS.IS,108.016845703125
2023-10-31,TUPRS.IS,108.39879608154297
2023-11-01,TUPRS.IS,110.76692962646484
2023-11-02,TUPRS.IS,112.67670440673828
2023-11-03,TUPRS.IS,114.28091430664062
2023-11-06,TUPRS.IS,117.0309829711914
2023-11-07,TUPRS.IS,113.82256317138672
2023-11-08,TUPRS.IS,114.81565856933594
2023-11-09,TUPRS.IS,115.04483032226562
2023-11-10,TUPRS.IS,114.4336929321289
2023-11-13,TUPRS.IS,112.29474639892578
2023-11-14,TUPRS.IS,116.26708984375
2023-11-15,TUPRS.IS,115.88511657714844
2023-11-16,TUPRS.IS,117.71851348876953
2023-11-17,TUPRS.IS,117.26016235351562
2023-11-20,TUPRS.IS,117.33655548095703
2023-11-21,TUPRS.IS,118.0240707397461
2023-11-22,TUPRS.IS,118.8643798828125
2023-11-23,TUPRS.IS,114.51007843017578
2023-11-24,TUPRS.IS,114.96842956542969
2023-11-27,TUPRS.IS,119.169921875
2023-11-28,TUPRS.IS,119.169921875
2023-11-29,TUPRS.IS,118.32963562011719
2023-11-30,TUPRS.IS,116.80181884765625
2023-12-01,TUPRS.IS,117.10738372802734
2023-12-04,TUPRS.IS,117.71851348876953
2023-12-05,TUPRS.IS,118.25325012207031
2023-12-06,TUPRS.IS,114.51007843017578
2023-12-07,TUPRS.IS,118.4060287475586
2023-12-08,TUPRS.IS,116.57264709472656
2023-12-11,TUPRS.IS,113.66979217529297
2023-12-12,TUPRS.IS,112.29474639892578
2023-12-13,TUPRS.IS,110.07940673828125
2023-12-14,TUPRS.IS,115.88511657714844
2023-12-15,TUPRS.IS,115.50316619873047
2023-12-18,TUPRS.IS,111.76001739501953
2023-12-19,TUPRS.IS,112.52391815185547
2023-12-20,TUPRS.IS,114.35729217529297
2023-12-21,TUPRS.IS,116.49625396728516
2023-12-22,TUPRS.IS,110.61415100097656
2023-12-25,TUPRS.IS,106.1834716796875
2023-12-26,TUPRS.IS,109.62106323242188
2023-12-27,TUPRS.IS,111.68362426757812
2023-12-28,TUPRS.IS,110.46138000488281
2023-12-29,TUPRS.IS,109.23910522460938
2024-01-02,TUPRS.IS,110.00300598144531
2024-01-03,TUPRS.IS,107.32933807373047
2024-01-04,TUPRS.IS,109.77383422851562
2024-01-05,TUPRS.IS,109.85023498535156
2024-01-08,TUPRS.IS,106.94738006591797
2024-01-09,TUPRS.IS,105.49595642089844
2024-01-10,TUPRS.IS,106.71820068359375
2024-01-11,TUPRS.IS,106.6418228149414
2024-01-12,TUPRS.IS,106.71820068359375
2024-01-15,TUPRS.IS,107.63489532470703
2024-01-16,TUPRS.IS,109.39189147949219
2024-01-17,TUPRS.IS,108.55158996582031
2024-01-18,TUPRS.IS,106.87098693847656
2024-01-19,TUPRS.IS,106.41264343261719
2024-01-22,TUPRS.IS,107.86406707763672
2024-01-23,TUPRS.IS,106.94738006591797
2024-01-24,TUPRS.IS,108.85716247558594
2024-01-25,TUPRS.IS,110.61415100097656
2024-01-26,TUPRS.IS,112.75308990478516
2024-01-29,TUPRS.IS,116.3434829711914
2024-01-30,TUPRS.IS,114.81565856933594
2024-01-31,TUPRS.IS,114.58647155761719
2024-02-01,TUPRS.IS,118.17684936523438
2024-02-02,TUPRS.IS,118.63520050048828
2024-02-05,TUPRS.IS,118.48242950439453
2024-02-06,TUPRS.IS,118.0240707397461
2024-02-07,TUPRS.IS,117.87130737304688
2024-02-08,TUPRS.IS,120.54497528076172
2024-02-09,TUPRS.IS,120.46858215332031
2024-02-12,TUPRS.IS,124.36453247070312
2024-02-13,TUPRS.IS,122.68392944335938
2024-02-14,TUPRS.IS,125.73957824707031
2024-02-15,TUPRS.IS,127.87850189208984
2024-02-16,TUPRS.IS,127.57295227050781
2024-02-19,TUPRS.IS,132.1564178466797
2024-02-20,TUPRS.IS,130.85775756835938
2024-02-21,TUPRS.IS,126.19791412353516
2024-02-22,TUPRS.IS,125.28121948242188
2024-02-23,TUPRS.IS,125.35762023925781
2024-02-26,TUPRS.IS,122.68392944335938
2024-02-27,TUPRS.IS,122.37834167480469
2024-02-28,TUPRS.IS,123.37145233154297
2024-02-29,TUPRS.IS,123.60061645507812
2024-03-01,TUPRS.IS,125.89234924316406
2024-03-04,TUPRS.IS,123.29505157470703
2024-03-05,TUPRS.IS,126.12153625488281
2024-03-06,TUPRS.IS,129.1007537841797
2024-03-07,TUPRS.IS,130.70497131347656
2024-03-08,TUPRS.IS,130.01744079589844
2024-03-11,TUPRS.IS,127.80213165283203
2024-03-12,TUPRS.IS,126.65625762939453
2024-03-13,TUPRS.IS,124.67008209228516
2024-03-14,TUPRS.IS,126.3506851196289
2024-03-15,TUPRS.IS,124.51732635498047
2024-03-18,TUPRS.IS,126.19791412353516
2024-03-19,TUPRS.IS,132.69113159179688
2024-03-20,TUPRS.IS,131.2397003173828
2024-03-21,TUPRS.IS,132.92030334472656
2024-03-22,TUPRS.IS,131.39248657226562
2024-03-25,TUPRS.IS,129.8646697998047
2024-03-26,TUPRS.IS,129.4063262939453
2024-03-27,TUPRS.IS,129.63548278808594
2024-03-28,TUPRS.IS,135.13565063476562
2024-03-29,TUPRS.IS,135.21205139160156
2024-04-01,TUPRS.IS,136.35791015625
2024-04-02,TUPRS.IS,134.29534912109375
2024-04-03,TUPRS.IS,132.1682586669922
2024-04-04,TUPRS.IS,137.93235778808594
2024-04-05,TUPRS.IS,145.88844299316406
2024-04-08,TUPRS.IS,148.6487274169922
2024-04-09,TUPRS.IS,148.6487274169922
2024-04-15,TUPRS.IS,148.56752014160156
2024-04-16,TUPRS.IS,151.00303649902344
2024-04-17,TUPRS.IS,151.4089813232422
2024-04-18,TUPRS.IS,150.921875
2024-04-19,TUPRS.IS,154.16925048828125
2024-04-22,TUPRS.IS,153.03265380859375
2024-04-24,TUPRS.IS,152.46437072753906
2024-04-25,TUPRS.IS,153.92568969726562
2024-04-26,TUPRS.IS,155.95530700683594
2024-04-29,TUPRS.IS,159.1215057373047
2024-04-30,TUPRS.IS,158.95913696289062
2024-05-02,TUPRS.IS,165.61624145507812
2024-05-03,TUPRS.IS,163.42428588867188
2024-05-06,TUPRS.IS,162.77479553222656
2024-05-07,TUPRS.IS,160.98873901367188
2024-05-08,TUPRS.IS,156.44239807128906
2024-05-09,TUPRS.IS,153.519775390625
2024-05-10,TUPRS.IS,151.97726440429688
2024-05-13,TUPRS.IS,150.0288543701172
2024-05-14,TUPRS.IS,149.0546417236328
2024-05-15,TUPRS.IS,147.34974670410156
2024-05-16,TUPRS.IS,146.78146362304688
2024-05-17,TUPRS.IS,153.519775390625
2024-05-20,TUPRS.IS,155.79293823242188
2024-05-21,TUPRS.IS,157.9037322998047
2024-05-22,TUPRS.IS,158.22845458984375
2024-05-23,TUPRS.IS,156.11766052246094
2024-05-24,TUPRS.IS,154.49398803710938
2024-05-27,TUPRS.IS,153.68214416503906
2024-05-28,TUPRS.IS,152.2208251953125
2024-05-29,TUPRS.IS,150.8406982421875
2024-05-30,TUPRS.IS,148.486328125
2024-05-31,TUPRS.IS,143.45289611816406
2024-06-03,TUPRS.IS,141.1797332763672
2024-06-04,TUPRS.IS,136.876953125
2024-06-05,TUPRS.IS,135.57801818847656
2024-06-06,TUPRS.IS,132.8177490234375
2024-06-07,TUPRS.IS,133.061279296875
2024-06-10,TUPRS.IS,131.76234436035156
2024-06-11,TUPRS.IS,130.62576293945312
2024-06-12,TUPRS.IS,133.14247131347656
2024-06-13,TUPRS.IS,134.84735107421875
2024-06-14,TUPRS.IS,135.57801818847656
2024-06-20,TUPRS.IS,139.7184295654297
2024-06-21,TUPRS.IS,138.6630096435547
2024-06-24,TUPRS.IS,139.3125
2024-06-25,TUPRS.IS,137.93235778808594
2024-06-26,TUPRS.IS,134.27906799316406
2024-06-27,TUPRS.IS,136.95814514160156
2024-06-28,TUPRS.IS,134.36024475097656
2024-07-01,TUPRS.IS,132.9801025390625
2024-07-02,TUPRS.IS,131.84352111816406
2024-07-03,TUPRS.IS,136.63340759277344
2024-07-04,TUPRS.IS,141.34210205078125
2024-07-05,TUPRS.IS,140.7738037109375
2024-07-08,TUPRS.IS,139.3936767578125
2024-07-09,TUPRS.IS,137.03933715820312
2024-07-10,TUPRS.IS,136.3898468017578
2024-07-11,TUPRS.IS,138.50064086914062
2024-07-12,TUPRS.IS,136.71458435058594
2024-07-16,TUPRS.IS,135.17208862304688
2024-07-17,TUPRS.IS,135.0097198486328
2024-07-18,TUPRS.IS,134.92852783203125
2024-07-19,TUPRS.IS,133.95431518554688
2024-07-22,TUPRS.IS,132.4929962158203
2024-07-23,TUPRS.IS,133.5483856201172
2024-07-24,TUPRS.IS,132.33062744140625
2024-07-25,TUPRS.IS,130.95050048828125
2024-07-26,TUPRS.IS,132.65536499023438
2024-07-29,TUPRS.IS,131.92469787597656
2024-07-30,TUPRS.IS,131.19406127929688
2024-07-31,TUPRS.IS,132.57418823242188
2024-08-01,TUPRS.IS,133.3860321044922
2024-08-02,TUPRS.IS,129.16444396972656
2024-08-05,TUPRS.IS,124.78047943115234
2024-08-06,TUPRS.IS,128.2714080810547
2024-08-07,TUPRS.IS,132.2494354248047
2024-08-08,TUPRS.IS,133.95431518554688
2024-08-09,TUPRS.IS,132.57418823242188
2024-08-12,TUPRS.IS,131.35641479492188
2024-08-13,TUPRS.IS,131.68115234375
2024-08-14,TUPRS.IS,129.08326721191406
2024-08-15,TUPRS.IS,132.00588989257812
2024-08-16,TUPRS.IS,131.27523803710938
2024-08-19,TUPRS.IS,134.11666870117188
2024-08-20,TUPRS.IS,133.14247131347656
2024-08-21,TUPRS.IS,133.8731231689453
2024-08-22,TUPRS.IS,132.8177490234375
2024-08-23,TUPRS.IS,130.7069549560547
2024-08-26,TUPRS.IS,130.7069549560547
2024-08-27,TUPRS.IS,133.71075439453125
2024-08-28,TUPRS.IS,134.27906799316406
2024-08-29,TUPRS.IS,136.876953125
2024-09-02,TUPRS.IS,138.50064086914062
2024-09-03,TUPRS.IS,135.65919494628906
2024-09-04,TUPRS.IS,133.95431518554688
2024-09-05,TUPRS.IS,131.84352111816406
2024-09-06,TUPRS.IS,131.51878356933594
2024-09-09,TUPRS.IS,130.95050048828125
2024-09-10,TUPRS.IS,129.97628784179688
2024-09-11,TUPRS.IS,126.48534393310547
2024-09-12,TUPRS.IS,127.21601867675781
2024-09-13,TUPRS.IS,132.00588989257812
2024-09-16,TUPRS.IS,132.65536499023438
2024-09-17,TUPRS.IS,134.03550720214844
2024-09-18,TUPRS.IS,133.62957763671875
2024-09-19,TUPRS.IS,137.20169067382812
2024-09-20,TUPRS.IS,134.6849822998047
2024-09-23,TUPRS.IS,136.79576110839844
2024-09-24,TUPRS.IS,138.74420166015625
2024-09-25,TUPRS.IS,137.20169067382812
2024-09-26,TUPRS.IS,138.01353454589844
2024-09-27,TUPRS.IS,138.48236083984375
2024-09-30,TUPRS.IS,135.5136260986328
2024-10-01,TUPRS.IS,135.5136260986328
2024-10-02,TUPRS.IS,134.0292510986328
2024-10-03,TUPRS.IS,131.4097900390625
2024-10-04,TUPRS.IS,134.90240478515625
2024-10-07,TUPRS.IS,132.7195281982422
2024-10-08,TUPRS.IS,134.20387268066406
2024-10-09,TUPRS.IS,133.59268188476562
2024-10-10,TUPRS.IS,130.9732208251953
2024-10-11,TUPRS.IS,129.40151977539062
2024-10-14,TUPRS.IS,127.04402160644531
2024-10-15,TUPRS.IS,127.21864318847656
2024-10-16,TUPRS.IS,128.5283966064453
2024-10-17,TUPRS.IS,128.7030029296875
2024-10-18,TUPRS.IS,126.60743713378906
2024-10-21,TUPRS.IS,126.34548950195312
2024-10-22,TUPRS.IS,127.48059844970703
2024-10-23,TUPRS.IS,125.47234344482422
2024-10-24,TUPRS.IS,127.48059844970703
2024-10-25,TUPRS.IS,127.56790924072266
2024-10-28,TUPRS.IS,130.1000518798828
2024-10-30,TUPRS.IS,129.40151977539062
2024-10-31,TUPRS.IS,126.25818634033203
2024-11-01,TUPRS.IS,126.69477081298828
2024-11-04,TUPRS.IS,124.51187133789062
2024-11-05,TUPRS.IS,123.2021484375
2024-11-06,TUPRS.IS,126.08354949951172
2024-11-07,TUPRS.IS,126.52013397216797
2024-11-08,TUPRS.IS,128.2664337158203
2024-11-11,TUPRS.IS,127.48059844970703
2024-11-12,TUPRS.IS,125.73428344726562
2024-11-13,TUPRS.IS,127.65522766113281
2024-11-14,TUPRS.IS,129.13958740234375
2024-11-15,TUPRS.IS,129.31422424316406
2024-11-18,TUPRS.IS,128.5283966064453
2024-11-19,TUPRS.IS,125.29771423339844
2024-11-20,TUPRS.IS,122.94019317626953
2024-11-21,TUPRS.IS,126.52013397216797
2024-11-22,TUPRS.IS,127.82986450195312
2024-11-25,TUPRS.IS,129.66348266601562
2024-11-26,TUPRS.IS,128.96495056152344
2024-11-27,TUPRS.IS,127.91716766357422
2024-11-28,TUPRS.IS,128.7030029296875
2024-11-29,TUPRS.IS,128.5283966064453
2024-12-02,TUPRS.IS,128.61569213867188
2024-12-03,TUPRS.IS,129.83810424804688
2024-12-04,TUPRS.IS,133.06878662109375
2024-12-05,TUPRS.IS,132.02101135253906
2024-12-06,TUPRS.IS,132.8068389892578
2024-12-09,TUPRS.IS,134.90240478515625
2024-12-10,TUPRS.IS,134.46583557128906
2024-12-11,TUPRS.IS,134.55316162109375
2024-12-12,TUPRS.IS,131.75904846191406
2024-12-13,TUPRS.IS,132.02101135253906
2024-12-16,TUPRS.IS,129.7508087158203
2024-12-17,TUPRS.IS,129.66348266601562
2024-12-18,TUPRS.IS,127.74254608154297
2024-12-19,TUPRS.IS,126.08354949951172
2024-12-20,TUPRS.IS,127.04402160644531
2024-12-23,TUPRS.IS,125.12307739257812
2024-12-24,TUPRS.IS,124.42456817626953
2024-12-25,TUPRS.IS,125.55966186523438
2024-12-26,TUPRS.IS,125.47234344482422
2024-12-27,TUPRS.IS,125.9089126586914
2024-12-30,TUPRS.IS,124.42456817626953
2024-12-31,TUPRS.IS,123.90066528320312
