ds,Hisse_Kodu,y
2015-03-11,AKBNK.IS,4.449032306671143
2015-03-12,AKBNK.IS,4.467044830322266
2015-03-13,AKBNK.IS,4.449032306671143
2015-03-16,AKBNK.IS,4.5691142082214355
2015-03-17,AKBNK.IS,4.66517972946167
2015-03-18,AKBNK.IS,4.605139255523682
2015-03-19,AKBNK.IS,4.839299201965332
2015-03-20,AKBNK.IS,4.893336296081543
2015-03-23,AKBNK.IS,4.953376293182373
2015-03-24,AKBNK.IS,4.785261154174805
2015-03-25,AKBNK.IS,4.809277534484863
2015-03-26,AKBNK.IS,4.76724910736084
2015-03-27,AKBNK.IS,4.707208156585693
2015-03-30,AKBNK.IS,4.818748474121094
2015-03-31,AKBNK.IS,4.818748474121094
2015-04-01,AKBNK.IS,4.702560901641846
2015-04-02,AKBNK.IS,4.72702169418335
2015-04-03,AKBNK.IS,4.873785495758057
2015-04-06,AKBNK.IS,4.977743148803711
2015-04-07,AKBNK.IS,4.849324703216553
2015-04-08,AKBNK.IS,4.904361724853516
2015-04-09,AKBNK.IS,4.941052436828613
2015-04-10,AKBNK.IS,4.843209266662598
2015-04-13,AKBNK.IS,4.733137130737305
2015-04-14,AKBNK.IS,4.824864387512207
2015-04-15,AKBNK.IS,4.696445941925049
2015-04-16,AKBNK.IS,4.739251136779785
2015-04-17,AKBNK.IS,4.733137130737305
2015-04-20,AKBNK.IS,4.678100109100342
2015-04-21,AKBNK.IS,4.830978870391846
2015-04-22,AKBNK.IS,4.751482009887695
2015-04-23,AKBNK.IS,4.751482009887695
2015-04-24,AKBNK.IS,4.830978870391846
2015-04-27,AKBNK.IS,4.9349365234375
2015-04-28,AKBNK.IS,4.95939826965332
2015-04-29,AKBNK.IS,4.965511798858643
2015-04-30,AKBNK.IS,4.763711929321289
2015-05-01,AKBNK.IS,4.763711929321289
2015-05-04,AKBNK.IS,4.763711929321289
2015-05-05,AKBNK.IS,4.708675384521484
2015-05-06,AKBNK.IS,4.66586971282959
2015-05-07,AKBNK.IS,4.671984672546387
2015-05-08,AKBNK.IS,4.824864387512207
2015-05-11,AKBNK.IS,4.892130374908447
2015-05-12,AKBNK.IS,4.88601541519165
2015-05-13,AKBNK.IS,5.045010566711426
2015-05-14,AKBNK.IS,5.118391990661621
2015-05-15,AKBNK.IS,5.136736869812012
2015-05-18,AKBNK.IS,5.265155792236328
2015-05-19,AKBNK.IS,5.265155792236328
2015-05-20,AKBNK.IS,5.161197662353516
2015-05-21,AKBNK.IS,5.075585842132568
2015-05-22,AKBNK.IS,4.983859062194824
2015-05-25,AKBNK.IS,4.904361724853516
2015-05-26,AKBNK.IS,4.861555099487305
2015-05-27,AKBNK.IS,4.947166919708252
2015-05-28,AKBNK.IS,4.928822040557861
2015-05-29,AKBNK.IS,4.849324703216553
2015-06-01,AKBNK.IS,4.66586971282959
2015-06-02,AKBNK.IS,4.782058238983154
2015-06-03,AKBNK.IS,4.88601541519165
2015-06-04,AKBNK.IS,4.788173198699951
2015-06-05,AKBNK.IS,4.745367527008057
2015-06-08,AKBNK.IS,4.494645595550537
2015-06-09,AKBNK.IS,4.568027496337891
2015-06-10,AKBNK.IS,4.739251136779785
2015-06-11,AKBNK.IS,4.843209266662598
2015-06-12,AKBNK.IS,4.867670059204102
2015-06-15,AKBNK.IS,4.690329551696777
2015-06-16,AKBNK.IS,4.769827842712402
2015-06-17,AKBNK.IS,4.800404071807861
2015-06-18,AKBNK.IS,4.867670059204102
2015-06-19,AKBNK.IS,4.904361724853516
2015-06-22,AKBNK.IS,4.989973545074463
2015-06-23,AKBNK.IS,4.88601541519165
2015-06-24,AKBNK.IS,4.965511798858643
2015-06-25,AKBNK.IS,4.861555099487305
2015-06-26,AKBNK.IS,4.855440139770508
2015-06-29,AKBNK.IS,4.751482009887695
2015-06-30,AKBNK.IS,4.739251136779785
2015-07-01,AKBNK.IS,4.653639316558838
2015-07-02,AKBNK.IS,4.690329551696777
2015-07-03,AKBNK.IS,4.635293483734131
2015-07-06,AKBNK.IS,4.751482009887695
2015-07-07,AKBNK.IS,4.659754753112793
2015-07-08,AKBNK.IS,4.519105434417725
2015-07-09,AKBNK.IS,4.708675384521484
2015-07-10,AKBNK.IS,4.751482009887695
2015-07-13,AKBNK.IS,4.782058238983154
2015-07-14,AKBNK.IS,4.739251136779785
2015-07-15,AKBNK.IS,4.714791297912598
2015-07-16,AKBNK.IS,4.708675384521484
2015-07-17,AKBNK.IS,4.708675384521484
2015-07-20,AKBNK.IS,4.5924882888793945
2015-07-21,AKBNK.IS,4.555797100067139
2015-07-22,AKBNK.IS,4.543566703796387
2015-07-23,AKBNK.IS,4.421262741088867
2015-07-24,AKBNK.IS,4.48853063583374
2015-07-27,AKBNK.IS,4.3968024253845215
2015-07-28,AKBNK.IS,4.390687942504883
2015-07-29,AKBNK.IS,4.409032821655273
2015-07-30,AKBNK.IS,4.457954406738281
2015-07-31,AKBNK.IS,4.537451267242432
2015-08-03,AKBNK.IS,4.402917385101318
2015-08-04,AKBNK.IS,4.402917385101318
2015-08-05,AKBNK.IS,4.390687942504883
2015-08-06,AKBNK.IS,4.457954406738281
2015-08-07,AKBNK.IS,4.457954406738281
2015-08-10,AKBNK.IS,4.409032821655273
2015-08-11,AKBNK.IS,4.5924882888793945
2015-08-12,AKBNK.IS,4.445724010467529
2015-08-13,AKBNK.IS,4.33565092086792
2015-08-14,AKBNK.IS,4.329535961151123
2015-08-17,AKBNK.IS,4.280613899230957
2015-08-18,AKBNK.IS,4.133850574493408
2015-08-19,AKBNK.IS,4.133850574493408
2015-08-20,AKBNK.IS,4.066583156585693
2015-08-21,AKBNK.IS,3.999317169189453
2015-08-24,AKBNK.IS,3.883129358291626
2015-08-25,AKBNK.IS,4.042123317718506
2015-08-26,AKBNK.IS,4.072698593139648
2015-08-27,AKBNK.IS,4.139965534210205
2015-08-28,AKBNK.IS,4.176657199859619
2015-08-31,AKBNK.IS,4.170541286468506
2015-09-01,AKBNK.IS,4.048238754272461
2015-09-02,AKBNK.IS,4.097158908843994
2015-09-03,AKBNK.IS,4.097158908843994
2015-09-04,AKBNK.IS,4.011547088623047
2015-09-07,AKBNK.IS,3.962625741958618
2015-09-08,AKBNK.IS,3.9870874881744385
2015-09-09,AKBNK.IS,3.980971336364746
2015-09-10,AKBNK.IS,3.968740701675415
2015-09-11,AKBNK.IS,3.9137048721313477
2015-09-14,AKBNK.IS,3.84643816947937
2015-09-15,AKBNK.IS,4.029892444610596
2015-09-16,AKBNK.IS,4.146080493927002
2015-09-17,AKBNK.IS,4.19500207901001
2015-09-18,AKBNK.IS,4.170541286468506
2015-09-21,AKBNK.IS,4.225577354431152
2015-09-22,AKBNK.IS,4.188887119293213
2015-09-23,AKBNK.IS,4.152195930480957
2015-09-24,AKBNK.IS,4.152195930480957
2015-09-25,AKBNK.IS,4.152195930480957
2015-09-28,AKBNK.IS,4.054354190826416
2015-09-29,AKBNK.IS,4.146080493927002
2015-09-30,AKBNK.IS,4.146080493927002
2015-10-01,AKBNK.IS,4.201116561889648
2015-10-02,AKBNK.IS,4.1216206550598145
2015-10-05,AKBNK.IS,4.353996276855469
2015-10-06,AKBNK.IS,4.353996276855469
2015-10-07,AKBNK.IS,4.500760555267334
2015-10-08,AKBNK.IS,4.48853063583374
2015-10-09,AKBNK.IS,4.586372375488281
2015-10-12,AKBNK.IS,4.549680709838867
2015-10-13,AKBNK.IS,4.457954406738281
2015-10-14,AKBNK.IS,4.586372375488281
2015-10-15,AKBNK.IS,4.580257415771484
2015-10-16,AKBNK.IS,4.531336307525635
2015-10-19,AKBNK.IS,4.568027496337891
2015-10-20,AKBNK.IS,4.610832691192627
2015-10-21,AKBNK.IS,4.586372375488281
2015-10-22,AKBNK.IS,4.59860372543335
2015-10-23,AKBNK.IS,4.568027496337891
2015-10-26,AKBNK.IS,4.464069366455078
2015-10-27,AKBNK.IS,4.464069366455078
2015-10-28,AKBNK.IS,4.525221347808838
2015-10-29,AKBNK.IS,4.525221347808838
2015-10-30,AKBNK.IS,4.580257415771484
2015-11-02,AKBNK.IS,4.928822040557861
2015-11-03,AKBNK.IS,4.855440139770508
2015-11-04,AKBNK.IS,4.904361724853516
2015-11-05,AKBNK.IS,4.837094306945801
2015-11-06,AKBNK.IS,4.800404071807861
2015-11-09,AKBNK.IS,4.720906734466553
2015-11-10,AKBNK.IS,4.678100109100342
2015-11-11,AKBNK.IS,4.714791297912598
2015-11-12,AKBNK.IS,4.745367527008057
2015-11-13,AKBNK.IS,4.72702169418335
2015-11-16,AKBNK.IS,4.678100109100342
2015-11-17,AKBNK.IS,4.678100109100342
2015-11-18,AKBNK.IS,4.629179000854492
2015-11-19,AKBNK.IS,4.5924882888793945
2015-11-20,AKBNK.IS,4.574142932891846
2015-11-23,AKBNK.IS,4.506875514984131
2015-11-24,AKBNK.IS,4.329535961151123
2015-11-25,AKBNK.IS,4.33565092086792
2015-11-26,AKBNK.IS,4.201116561889648
2015-11-27,AKBNK.IS,4.219463348388672
2015-11-30,AKBNK.IS,4.2378082275390625
2015-12-01,AKBNK.IS,4.360111236572266
2015-12-02,AKBNK.IS,4.341766357421875
2015-12-03,AKBNK.IS,4.280613899230957
2015-12-04,AKBNK.IS,4.2133469581604
2015-12-07,AKBNK.IS,4.225577354431152
2015-12-08,AKBNK.IS,4.164426326751709
2015-12-09,AKBNK.IS,4.28672981262207
2015-12-10,AKBNK.IS,4.158310890197754
2015-12-11,AKBNK.IS,3.962625741958618
2015-12-14,AKBNK.IS,3.9442803859710693
2015-12-15,AKBNK.IS,4.1093902587890625
2015-12-16,AKBNK.IS,4.188887119293213
2015-12-17,AKBNK.IS,4.219463348388672
2015-12-18,AKBNK.IS,4.139965534210205
2015-12-21,AKBNK.IS,4.207232475280762
2015-12-22,AKBNK.IS,4.201116561889648
2015-12-23,AKBNK.IS,4.311190605163574
2015-12-24,AKBNK.IS,4.353996276855469
2015-12-25,AKBNK.IS,4.366227626800537
2015-12-28,AKBNK.IS,4.347880840301514
2015-12-29,AKBNK.IS,4.329535961151123
2015-12-30,AKBNK.IS,4.2378082275390625
2015-12-31,AKBNK.IS,4.097158908843994
2016-01-01,AKBNK.IS,4.097158908843994
2016-01-04,AKBNK.IS,4.023777484893799
2016-01-05,AKBNK.IS,3.999317169189453
2016-01-06,AKBNK.IS,4.0604681968688965
2016-01-07,AKBNK.IS,4.0849289894104
2016-01-08,AKBNK.IS,4.103274345397949
2016-01-11,AKBNK.IS,4.139965534210205
2016-01-12,AKBNK.IS,4.182771682739258
2016-01-13,AKBNK.IS,4.274499416351318
2016-01-14,AKBNK.IS,4.292844295501709
2016-01-15,AKBNK.IS,4.225577354431152
2016-01-18,AKBNK.IS,4.225577354431152
2016-01-19,AKBNK.IS,4.201116561889648
2016-01-20,AKBNK.IS,4.066583156585693
2016-01-21,AKBNK.IS,4.005432605743408
2016-01-22,AKBNK.IS,4.005432605743408
2016-01-25,AKBNK.IS,4.158310890197754
2016-01-26,AKBNK.IS,4.311190605163574
2016-01-27,AKBNK.IS,4.280613899230957
2016-01-28,AKBNK.IS,4.268383502960205
2016-01-29,AKBNK.IS,4.3968024253845215
2016-02-01,AKBNK.IS,4.3968024253845215
2016-02-02,AKBNK.IS,4.298961162567139
2016-02-03,AKBNK.IS,4.427377700805664
2016-02-04,AKBNK.IS,4.555797100067139
2016-02-05,AKBNK.IS,4.48853063583374
2016-02-08,AKBNK.IS,4.353996276855469
2016-02-09,AKBNK.IS,4.402917385101318
2016-02-10,AKBNK.IS,4.378457069396973
2016-02-11,AKBNK.IS,4.360111236572266
2016-02-12,AKBNK.IS,4.378457069396973
2016-02-15,AKBNK.IS,4.353996276855469
2016-02-16,AKBNK.IS,4.305075168609619
2016-02-17,AKBNK.IS,4.415147304534912
2016-02-18,AKBNK.IS,4.427377700805664
2016-02-19,AKBNK.IS,4.366227626800537
2016-02-22,AKBNK.IS,4.506875514984131
2016-02-23,AKBNK.IS,4.5924882888793945
2016-02-24,AKBNK.IS,4.47629976272583
2016-02-25,AKBNK.IS,4.531336307525635
2016-02-26,AKBNK.IS,4.555797100067139
2016-02-29,AKBNK.IS,4.519105434417725
2016-03-01,AKBNK.IS,4.525221347808838
2016-03-02,AKBNK.IS,4.604717254638672
2016-03-03,AKBNK.IS,4.586372375488281
2016-03-04,AKBNK.IS,4.59860372543335
2016-03-07,AKBNK.IS,4.5924882888793945
2016-03-08,AKBNK.IS,4.684215068817139
2016-03-09,AKBNK.IS,4.812633991241455
2016-03-10,AKBNK.IS,4.861555099487305
2016-03-11,AKBNK.IS,4.861555099487305
2016-03-14,AKBNK.IS,4.916591644287109
2016-03-15,AKBNK.IS,4.75759744644165
2016-03-16,AKBNK.IS,4.72702169418335
2016-03-17,AKBNK.IS,4.953282356262207
2016-03-18,AKBNK.IS,5.0205488204956055
2016-03-21,AKBNK.IS,4.983859062194824
2016-03-22,AKBNK.IS,4.812633991241455
2016-03-23,AKBNK.IS,4.812633991241455
2016-03-24,AKBNK.IS,4.9349365234375
2016-03-25,AKBNK.IS,4.904361724853516
2016-03-28,AKBNK.IS,4.861555099487305
2016-03-29,AKBNK.IS,4.849324703216553
2016-03-30,AKBNK.IS,4.986452102661133
2016-03-31,AKBNK.IS,4.9989190101623535
2016-04-01,AKBNK.IS,4.905422687530518
2016-04-04,AKBNK.IS,5.030083179473877
2016-04-05,AKBNK.IS,4.9739861488342285
2016-04-06,AKBNK.IS,4.886722564697266
2016-04-07,AKBNK.IS,4.892956733703613
2016-04-08,AKBNK.IS,4.961520195007324
2016-04-11,AKBNK.IS,5.061248302459717
2016-04-12,AKBNK.IS,5.061248302459717
2016-04-13,AKBNK.IS,5.254473686218262
2016-04-14,AKBNK.IS,5.2731733322143555
2016-04-15,AKBNK.IS,5.291872024536133
2016-04-18,AKBNK.IS,5.428999900817871
2016-04-19,AKBNK.IS,5.416533470153809
2016-04-20,AKBNK.IS,5.304338455200195
2016-04-21,AKBNK.IS,5.323037624359131
2016-04-22,AKBNK.IS,5.291872024536133
2016-04-25,AKBNK.IS,5.2046098709106445
2016-04-26,AKBNK.IS,5.341736793518066
2016-04-27,AKBNK.IS,5.335503578186035
2016-04-28,AKBNK.IS,5.3729023933410645
2016-04-29,AKBNK.IS,5.360435962677002
2016-05-02,AKBNK.IS,5.235774517059326
2016-05-03,AKBNK.IS,5.023850917816162
2016-05-04,AKBNK.IS,4.849325180053711
2016-05-05,AKBNK.IS,4.762061595916748
2016-05-06,AKBNK.IS,4.755828857421875
2016-05-09,AKBNK.IS,4.830625057220459
2016-05-10,AKBNK.IS,4.774527549743652
2016-05-11,AKBNK.IS,4.818159580230713
2016-05-12,AKBNK.IS,4.799459457397461
2016-05-13,AKBNK.IS,4.793227195739746
2016-05-16,AKBNK.IS,4.674798965454102
2016-05-17,AKBNK.IS,4.7433624267578125
2016-05-18,AKBNK.IS,4.805693626403809
2016-05-19,AKBNK.IS,4.805693626403809
2016-05-20,AKBNK.IS,4.674798965454102
2016-05-23,AKBNK.IS,4.774527549743652
2016-05-24,AKBNK.IS,5.017617225646973
2016-05-25,AKBNK.IS,4.9428205490112305
2016-05-26,AKBNK.IS,4.917888641357422
2016-05-27,AKBNK.IS,4.955286979675293
2016-05-30,AKBNK.IS,4.986452102661133
2016-05-31,AKBNK.IS,4.967752933502197
2016-06-01,AKBNK.IS,4.924120903015137
2016-06-02,AKBNK.IS,4.855557441711426
2016-06-03,AKBNK.IS,4.986452102661133
2016-06-06,AKBNK.IS,5.030083179473877
2016-06-07,AKBNK.IS,4.917888641357422
2016-06-08,AKBNK.IS,5.017617225646973
2016-06-09,AKBNK.IS,4.936587810516357
2016-06-10,AKBNK.IS,4.892956733703613
2016-06-13,AKBNK.IS,4.880490303039551
2016-06-14,AKBNK.IS,4.855557441711426
2016-06-15,AKBNK.IS,4.892956733703613
2016-06-16,AKBNK.IS,4.793227195739746
2016-06-17,AKBNK.IS,4.9428205490112305
2016-06-20,AKBNK.IS,5.111114025115967
2016-06-21,AKBNK.IS,5.129812240600586
2016-06-22,AKBNK.IS,5.098647117614746
2016-06-23,AKBNK.IS,5.223308086395264
2016-06-24,AKBNK.IS,5.092414855957031
2016-06-27,AKBNK.IS,5.05501651763916
2016-06-28,AKBNK.IS,5.117346286773682
2016-06-29,AKBNK.IS,5.073714733123779
2016-06-30,AKBNK.IS,5.129812240600586
2016-07-01,AKBNK.IS,5.223308086395264
2016-07-04,AKBNK.IS,5.254473686218262
2016-07-05,AKBNK.IS,5.254473686218262
2016-07-06,AKBNK.IS,5.254473686218262
2016-07-07,AKBNK.IS,5.254473686218262
2016-07-08,AKBNK.IS,5.185910224914551
2016-07-11,AKBNK.IS,5.229542255401611
2016-07-12,AKBNK.IS,5.503796100616455
2016-07-13,AKBNK.IS,5.503796100616455
2016-07-14,AKBNK.IS,5.5100297927856445
2016-07-15,AKBNK.IS,5.559895038604736
2016-07-18,AKBNK.IS,5.123579502105713
2016-07-19,AKBNK.IS,4.967752933502197
2016-07-20,AKBNK.IS,4.805693626403809
2016-07-21,AKBNK.IS,4.624934196472168
2016-07-22,AKBNK.IS,4.637399673461914
2016-07-25,AKBNK.IS,4.768294811248779
2016-07-26,AKBNK.IS,4.656099796295166
2016-07-27,AKBNK.IS,4.768294811248779
2016-07-28,AKBNK.IS,4.7371296882629395
2016-07-29,AKBNK.IS,4.799459457397461
2016-08-01,AKBNK.IS,4.8680243492126465
2016-08-02,AKBNK.IS,4.768294811248779
2016-08-03,AKBNK.IS,4.687265396118164
2016-08-04,AKBNK.IS,4.836858749389648
2016-08-05,AKBNK.IS,4.81192684173584
2016-08-08,AKBNK.IS,4.9989190101623535
2016-08-09,AKBNK.IS,5.048782825469971
2016-08-10,AKBNK.IS,5.017617225646973
2016-08-11,AKBNK.IS,5.098647117614746
2016-08-12,AKBNK.IS,5.061248302459717
2016-08-15,AKBNK.IS,5.086181640625
2016-08-16,AKBNK.IS,4.980218887329102
2016-08-17,AKBNK.IS,5.036316871643066
2016-08-18,AKBNK.IS,5.0674824714660645
2016-08-19,AKBNK.IS,5.111114025115967
2016-08-22,AKBNK.IS,5.0674824714660645
2016-08-23,AKBNK.IS,5.005151271820068
2016-08-24,AKBNK.IS,4.836858749389648
2016-08-25,AKBNK.IS,4.880490303039551
2016-08-26,AKBNK.IS,4.980218887329102
2016-08-29,AKBNK.IS,4.886722564697266
2016-08-30,AKBNK.IS,4.886722564697266
2016-08-31,AKBNK.IS,4.874257564544678
2016-09-01,AKBNK.IS,4.917888641357422
2016-09-02,AKBNK.IS,4.9989190101623535
2016-09-05,AKBNK.IS,5.1048808097839355
2016-09-06,AKBNK.IS,5.123579502105713
2016-09-07,AKBNK.IS,5.092414855957031
2016-09-08,AKBNK.IS,5.136045932769775
2016-09-09,AKBNK.IS,5.017617225646973
2016-09-12,AKBNK.IS,5.017617225646973
2016-09-13,AKBNK.IS,5.017617225646973
2016-09-14,AKBNK.IS,5.017617225646973
2016-09-15,AKBNK.IS,5.017617225646973
2016-09-16,AKBNK.IS,5.005151271820068
2016-09-19,AKBNK.IS,5.160978317260742
2016-09-20,AKBNK.IS,5.111114025115967
2016-09-21,AKBNK.IS,5.142279624938965
2016-09-22,AKBNK.IS,5.248240947723389
2016-09-23,AKBNK.IS,5.235774517059326
2016-09-26,AKBNK.IS,4.961520195007324
2016-09-27,AKBNK.IS,5.0674824714660645
2016-09-28,AKBNK.IS,5.1796770095825195
2016-09-29,AKBNK.IS,5.0674824714660645
2016-09-30,AKBNK.IS,5.0113844871521
2016-10-03,AKBNK.IS,5.098647117614746
2016-10-04,AKBNK.IS,5.0425496101379395
2016-10-05,AKBNK.IS,5.0674824714660645
2016-10-06,AKBNK.IS,5.0674824714660645
2016-10-07,AKBNK.IS,5.048782825469971
2016-10-10,AKBNK.IS,5.061248302459717
2016-10-11,AKBNK.IS,5.0674824714660645
2016-10-12,AKBNK.IS,5.05501651763916
2016-10-13,AKBNK.IS,4.949053764343262
2016-10-14,AKBNK.IS,5.017617225646973
2016-10-17,AKBNK.IS,5.017617225646973
2016-10-18,AKBNK.IS,5.1796770095825195
2016-10-19,AKBNK.IS,5.235774517059326
2016-10-20,AKBNK.IS,5.248240947723389
2016-10-21,AKBNK.IS,5.217075824737549
2016-10-24,AKBNK.IS,5.260706901550293
2016-10-25,AKBNK.IS,5.173444747924805
2016-10-26,AKBNK.IS,5.192143440246582
2016-10-27,AKBNK.IS,5.1048808097839355
2016-10-28,AKBNK.IS,5.1048808097839355
2016-10-31,AKBNK.IS,5.154744625091553
2016-11-01,AKBNK.IS,5.073714733123779
2016-11-02,AKBNK.IS,5.0425496101379395
2016-11-03,AKBNK.IS,4.961520195007324
2016-11-04,AKBNK.IS,4.799459457397461
2016-11-07,AKBNK.IS,4.880490303039551
2016-11-08,AKBNK.IS,4.924120903015137
2016-11-09,AKBNK.IS,4.930355072021484
2016-11-10,AKBNK.IS,4.949053764343262
2016-11-11,AKBNK.IS,4.824393272399902
2016-11-14,AKBNK.IS,4.818159580230713
2016-11-15,AKBNK.IS,4.917888641357422
2016-11-16,AKBNK.IS,4.849325180053711
2016-11-17,AKBNK.IS,4.849325180053711
2016-11-18,AKBNK.IS,4.911655426025391
2016-11-21,AKBNK.IS,4.874257564544678
2016-11-22,AKBNK.IS,4.967752933502197
2016-11-23,AKBNK.IS,4.855557441711426
2016-11-24,AKBNK.IS,4.762061595916748
2016-11-25,AKBNK.IS,4.780760765075684
2016-11-28,AKBNK.IS,4.836858749389648
2016-11-29,AKBNK.IS,4.768294811248779
2016-11-30,AKBNK.IS,4.705964088439941
2016-12-01,AKBNK.IS,4.649867057800293
2016-12-02,AKBNK.IS,4.631167888641357
2016-12-05,AKBNK.IS,4.593769073486328
2016-12-06,AKBNK.IS,4.724663257598877
2016-12-07,AKBNK.IS,4.793227195739746
2016-12-08,AKBNK.IS,4.762061595916748
2016-12-09,AKBNK.IS,4.724663257598877
2016-12-12,AKBNK.IS,4.755828857421875
2016-12-13,AKBNK.IS,4.8680243492126465
2016-12-14,AKBNK.IS,4.911655426025391
2016-12-15,AKBNK.IS,4.961520195007324
2016-12-16,AKBNK.IS,4.892956733703613
2016-12-19,AKBNK.IS,4.855557441711426
2016-12-20,AKBNK.IS,4.892956733703613
2016-12-21,AKBNK.IS,4.8680243492126465
2016-12-22,AKBNK.IS,4.849325180053711
2016-12-23,AKBNK.IS,4.81192684173584
2016-12-26,AKBNK.IS,4.818159580230713
2016-12-27,AKBNK.IS,4.780760765075684
2016-12-28,AKBNK.IS,4.855557441711426
2016-12-29,AKBNK.IS,4.84309196472168
2016-12-30,AKBNK.IS,4.874257564544678
2017-01-02,AKBNK.IS,4.84309196472168
2017-01-03,AKBNK.IS,4.7433624267578125
2017-01-04,AKBNK.IS,4.674798965454102
2017-01-05,AKBNK.IS,4.674798965454102
2017-01-06,AKBNK.IS,4.768294811248779
2017-01-09,AKBNK.IS,4.774527549743652
2017-01-10,AKBNK.IS,4.656099796295166
2017-01-11,AKBNK.IS,4.631167888641357
2017-01-12,AKBNK.IS,4.892956733703613
2017-01-13,AKBNK.IS,4.861791133880615
2017-01-16,AKBNK.IS,4.818159580230713
2017-01-17,AKBNK.IS,4.880490303039551
2017-01-18,AKBNK.IS,4.911655426025391
2017-01-19,AKBNK.IS,4.849325180053711
2017-01-20,AKBNK.IS,4.936587810516357
2017-01-23,AKBNK.IS,4.886722564697266
2017-01-24,AKBNK.IS,4.967752933502197
2017-01-25,AKBNK.IS,4.899188995361328
2017-01-26,AKBNK.IS,5.005151271820068
2017-01-27,AKBNK.IS,4.936587810516357
2017-01-30,AKBNK.IS,5.198376655578613
2017-01-31,AKBNK.IS,5.235774517059326
2017-02-01,AKBNK.IS,5.266940116882324
2017-02-02,AKBNK.IS,5.397834777832031
2017-02-03,AKBNK.IS,5.491330623626709
2017-02-06,AKBNK.IS,5.3791351318359375
2017-02-07,AKBNK.IS,5.410301208496094
2017-02-08,AKBNK.IS,5.491330623626709
2017-02-09,AKBNK.IS,5.52872896194458
2017-02-10,AKBNK.IS,5.3791351318359375
2017-02-13,AKBNK.IS,5.52872896194458
2017-02-14,AKBNK.IS,5.553661346435547
2017-02-15,AKBNK.IS,5.472630977630615
2017-02-16,AKBNK.IS,5.516262054443359
2017-02-17,AKBNK.IS,5.597292423248291
2017-02-20,AKBNK.IS,5.572360038757324
2017-02-21,AKBNK.IS,5.5848259925842285
2017-02-22,AKBNK.IS,5.4788641929626465
2017-02-23,AKBNK.IS,5.49756383895874
2017-02-24,AKBNK.IS,5.4663987159729
2017-02-27,AKBNK.IS,5.447698593139648
2017-02-28,AKBNK.IS,5.416533470153809
2017-03-01,AKBNK.IS,5.572360038757324
2017-03-02,AKBNK.IS,5.615992546081543
2017-03-03,AKBNK.IS,5.6035261154174805
2017-03-06,AKBNK.IS,5.771818161010742
2017-03-07,AKBNK.IS,5.690788745880127
2017-03-08,AKBNK.IS,5.566127777099609
2017-03-09,AKBNK.IS,5.4788641929626465
2017-03-10,AKBNK.IS,5.52872896194458
2017-03-13,AKBNK.IS,5.534963130950928
2017-03-14,AKBNK.IS,5.460165023803711
2017-03-15,AKBNK.IS,5.5100297927856445
2017-03-16,AKBNK.IS,5.559895038604736
2017-03-17,AKBNK.IS,5.553661346435547
2017-03-20,AKBNK.IS,5.5785932540893555
2017-03-21,AKBNK.IS,5.522495746612549
2017-03-22,AKBNK.IS,5.472630977630615
2017-03-23,AKBNK.IS,5.435233116149902
2017-03-24,AKBNK.IS,5.541194438934326
2017-03-27,AKBNK.IS,5.491330623626709
2017-03-28,AKBNK.IS,5.522495746612549
2017-03-29,AKBNK.IS,5.472630977630615
2017-03-30,AKBNK.IS,5.469433307647705
2017-03-31,AKBNK.IS,5.456639766693115
2017-04-03,AKBNK.IS,5.418256759643555
2017-04-04,AKBNK.IS,5.456639766693115
2017-04-05,AKBNK.IS,5.533402442932129
2017-04-06,AKBNK.IS,5.501417636871338
2017-04-07,AKBNK.IS,5.475829601287842
2017-04-10,AKBNK.IS,5.80207633972168
2017-04-11,AKBNK.IS,5.7764892578125
2017-04-12,AKBNK.IS,5.821268081665039
2017-04-13,AKBNK.IS,5.72531270980835
2017-04-14,AKBNK.IS,5.814870834350586
2017-04-17,AKBNK.IS,5.814870834350586
2017-04-18,AKBNK.IS,5.923619270324707
2017-04-19,AKBNK.IS,5.834061145782471
2017-04-20,AKBNK.IS,5.93001651763916
2017-04-21,AKBNK.IS,5.9556050300598145
2017-04-24,AKBNK.IS,6.147515296936035
2017-04-25,AKBNK.IS,6.205087661743164
2017-04-26,AKBNK.IS,6.115530014038086
2017-04-27,AKBNK.IS,6.038765907287598
2017-04-28,AKBNK.IS,6.083544731140137
2017-05-01,AKBNK.IS,6.083544731140137
2017-05-02,AKBNK.IS,6.032368183135986
2017-05-03,AKBNK.IS,6.013177394866943
2017-05-04,AKBNK.IS,5.93001651763916
2017-05-05,AKBNK.IS,5.949207782745361
2017-05-08,AKBNK.IS,5.910825729370117
2017-05-09,AKBNK.IS,6.000383377075195
2017-05-10,AKBNK.IS,6.032368183135986
2017-05-11,AKBNK.IS,5.91722297668457
2017-05-12,AKBNK.IS,5.878840923309326
2017-05-15,AKBNK.IS,5.904428482055664
2017-05-16,AKBNK.IS,5.949207782745361
2017-05-17,AKBNK.IS,5.968398571014404
2017-05-18,AKBNK.IS,5.91722297668457
2017-05-19,AKBNK.IS,5.91722297668457
2017-05-22,AKBNK.IS,5.981192588806152
2017-05-23,AKBNK.IS,6.083544731140137
2017-05-24,AKBNK.IS,6.1922926902771
2017-05-25,AKBNK.IS,6.185897350311279
2017-05-26,AKBNK.IS,6.115530014038086
2017-05-29,AKBNK.IS,6.160308361053467
2017-05-30,AKBNK.IS,6.077147960662842
2017-05-31,AKBNK.IS,6.096339225769043
2017-06-01,AKBNK.IS,6.096339225769043
2017-06-02,AKBNK.IS,6.179499626159668
2017-06-05,AKBNK.IS,6.147515296936035
2017-06-06,AKBNK.IS,6.160308361053467
2017-06-07,AKBNK.IS,6.115530014038086
2017-06-08,AKBNK.IS,6.083544731140137
2017-06-09,AKBNK.IS,6.147515296936035
2017-06-12,AKBNK.IS,6.262660503387451
2017-06-13,AKBNK.IS,6.269057750701904
2017-06-14,AKBNK.IS,6.30743932723999
2017-06-15,AKBNK.IS,6.243469715118408
2017-06-16,AKBNK.IS,6.237072944641113
2017-06-19,AKBNK.IS,6.4033942222595215
2017-06-20,AKBNK.IS,6.377806663513184
2017-06-21,AKBNK.IS,6.384204864501953
2017-06-22,AKBNK.IS,6.4353790283203125
2017-06-23,AKBNK.IS,6.358616352081299
2017-06-26,AKBNK.IS,6.358616352081299
2017-06-27,AKBNK.IS,6.358616352081299
2017-06-28,AKBNK.IS,6.384204864501953
2017-06-29,AKBNK.IS,6.32663106918335
2017-06-30,AKBNK.IS,6.269057750701904
2017-07-03,AKBNK.IS,6.288248538970947
2017-07-04,AKBNK.IS,6.390599727630615
2017-07-05,AKBNK.IS,6.30743932723999
2017-07-06,AKBNK.IS,6.3522186279296875
2017-07-07,AKBNK.IS,6.30743932723999
2017-07-10,AKBNK.IS,6.339424133300781
2017-07-11,AKBNK.IS,6.556922435760498
2017-07-12,AKBNK.IS,6.6400837898254395
2017-07-13,AKBNK.IS,6.537732124328613
2017-07-14,AKBNK.IS,6.6400837898254395
2017-07-17,AKBNK.IS,6.729640483856201
2017-07-18,AKBNK.IS,6.6400837898254395
2017-07-19,AKBNK.IS,6.780817031860352
2017-07-20,AKBNK.IS,6.691259860992432
2017-07-21,AKBNK.IS,6.665671348571777
2017-07-24,AKBNK.IS,6.6528778076171875
2017-07-25,AKBNK.IS,6.633686065673828
2017-07-26,AKBNK.IS,6.672069549560547
2017-07-27,AKBNK.IS,6.736039161682129
2017-07-28,AKBNK.IS,6.659274578094482
2017-07-31,AKBNK.IS,6.691259860992432
2017-08-01,AKBNK.IS,6.601701736450195
2017-08-02,AKBNK.IS,6.646480560302734
2017-08-03,AKBNK.IS,6.633686065673828
2017-08-04,AKBNK.IS,6.755228519439697
2017-08-07,AKBNK.IS,6.800008773803711
2017-08-08,AKBNK.IS,6.787214279174805
2017-08-09,AKBNK.IS,6.665671348571777
2017-08-10,AKBNK.IS,6.608098983764648
2017-08-11,AKBNK.IS,6.505746364593506
2017-08-14,AKBNK.IS,6.697656154632568
2017-08-15,AKBNK.IS,6.537732124328613
2017-08-16,AKBNK.IS,6.537732124328613
2017-08-17,AKBNK.IS,6.492952346801758
2017-08-18,AKBNK.IS,6.467364311218262
2017-08-21,AKBNK.IS,6.524938583374023
2017-08-22,AKBNK.IS,6.524938583374023
2017-08-23,AKBNK.IS,6.556922435760498
2017-08-24,AKBNK.IS,6.614495277404785
2017-08-25,AKBNK.IS,6.684863090515137
2017-08-28,AKBNK.IS,6.7168474197387695
2017-08-29,AKBNK.IS,6.691259860992432
2017-08-30,AKBNK.IS,6.691259860992432
2017-08-31,AKBNK.IS,6.614495277404785
2017-09-01,AKBNK.IS,6.614495277404785
2017-09-04,AKBNK.IS,6.614495277404785
2017-09-05,AKBNK.IS,6.614495277404785
2017-09-06,AKBNK.IS,6.563319206237793
2017-09-07,AKBNK.IS,6.492952346801758
2017-09-08,AKBNK.IS,6.416188716888428
2017-09-11,AKBNK.IS,6.486555576324463
2017-09-12,AKBNK.IS,6.518539905548096
2017-09-13,AKBNK.IS,6.448173522949219
2017-09-14,AKBNK.IS,6.524938583374023
2017-09-15,AKBNK.IS,6.544127941131592
2017-09-18,AKBNK.IS,6.505746364593506
2017-09-19,AKBNK.IS,6.339424133300781
2017-09-20,AKBNK.IS,6.301042079925537
2017-09-21,AKBNK.IS,6.211484432220459
2017-09-22,AKBNK.IS,6.3522186279296875
2017-09-25,AKBNK.IS,6.269057750701904
2017-09-26,AKBNK.IS,6.339424133300781
2017-09-27,AKBNK.IS,5.974795818328857
2017-09-28,AKBNK.IS,6.045162200927734
2017-09-29,AKBNK.IS,6.013177394866943
2017-10-02,AKBNK.IS,6.0515594482421875
2017-10-03,AKBNK.IS,6.045162200927734
2017-10-04,AKBNK.IS,6.153911113739014
2017-10-05,AKBNK.IS,6.089941501617432
2017-10-06,AKBNK.IS,6.0515594482421875
2017-10-09,AKBNK.IS,5.878840923309326
2017-10-10,AKBNK.IS,6.057957172393799
2017-10-11,AKBNK.IS,6.032368183135986
2017-10-12,AKBNK.IS,6.198690891265869
2017-10-13,AKBNK.IS,6.205087661743164
2017-10-16,AKBNK.IS,6.160308361053467
2017-10-17,AKBNK.IS,6.147515296936035
2017-10-18,AKBNK.IS,6.134720802307129
2017-10-19,AKBNK.IS,6.294645309448242
2017-10-20,AKBNK.IS,6.262660503387451
2017-10-23,AKBNK.IS,6.089941501617432
2017-10-24,AKBNK.IS,6.083544731140137
2017-10-25,AKBNK.IS,6.275454521179199
2017-10-26,AKBNK.IS,6.160308361053467
2017-10-27,AKBNK.IS,6.134720802307129
2017-10-30,AKBNK.IS,6.205087661743164
2017-10-31,AKBNK.IS,6.4033942222595215
2017-11-01,AKBNK.IS,6.6528778076171875
2017-11-02,AKBNK.IS,6.627289295196533
2017-11-03,AKBNK.IS,6.384204864501953
2017-11-06,AKBNK.IS,6.595305442810059
2017-11-07,AKBNK.IS,6.428982734680176
2017-11-08,AKBNK.IS,6.288248538970947
2017-11-09,AKBNK.IS,6.166705131530762
2017-11-10,AKBNK.IS,6.166705131530762
2017-11-13,AKBNK.IS,6.262660503387451
2017-11-14,AKBNK.IS,6.333027362823486
2017-11-15,AKBNK.IS,6.160308361053467
2017-11-16,AKBNK.IS,6.141117095947266
2017-11-17,AKBNK.IS,6.115530014038086
2017-11-20,AKBNK.IS,5.814870834350586
2017-11-21,AKBNK.IS,5.795679569244385
2017-11-22,AKBNK.IS,5.94281005859375
2017-11-23,AKBNK.IS,5.750901222229004
2017-11-24,AKBNK.IS,5.674136638641357
2017-11-27,AKBNK.IS,5.693328380584717
2017-11-28,AKBNK.IS,5.597373008728027
2017-11-29,AKBNK.IS,5.6997246742248535
2017-11-30,AKBNK.IS,5.750901222229004
2017-12-01,AKBNK.IS,5.642151832580566
2017-12-04,AKBNK.IS,5.750901222229004
2017-12-05,AKBNK.IS,5.808474063873291
2017-12-06,AKBNK.IS,5.686930179595947
2017-12-07,AKBNK.IS,5.706122398376465
2017-12-08,AKBNK.IS,5.846856117248535
2017-12-11,AKBNK.IS,5.981192588806152
2017-12-12,AKBNK.IS,5.981192588806152
2017-12-13,AKBNK.IS,5.94281005859375
2017-12-14,AKBNK.IS,6.0515594482421875
2017-12-15,AKBNK.IS,5.981192588806152
2017-12-18,AKBNK.IS,6.038765907287598
2017-12-19,AKBNK.IS,5.9939866065979
2017-12-20,AKBNK.IS,5.9939866065979
2017-12-21,AKBNK.IS,6.013177394866943
2017-12-22,AKBNK.IS,5.981192588806152
2017-12-25,AKBNK.IS,6.006780624389648
2017-12-26,AKBNK.IS,6.0195746421813965
2017-12-27,AKBNK.IS,6.013177394866943
2017-12-28,AKBNK.IS,6.224278450012207
2017-12-29,AKBNK.IS,6.301042079925537
2018-01-01,AKBNK.IS,6.301042079925537
2018-01-02,AKBNK.IS,6.45457124710083
2018-01-03,AKBNK.IS,6.358616352081299
2018-01-04,AKBNK.IS,6.294645309448242
2018-01-05,AKBNK.IS,6.428982734680176
2018-01-08,AKBNK.IS,6.358616352081299
2018-01-09,AKBNK.IS,6.275454521179199
2018-01-10,AKBNK.IS,6.160308361053467
2018-01-11,AKBNK.IS,6.198690891265869
2018-01-12,AKBNK.IS,6.269057750701904
2018-01-15,AKBNK.IS,6.128324031829834
2018-01-16,AKBNK.IS,6.294645309448242
2018-01-17,AKBNK.IS,6.460967063903809
2018-01-18,AKBNK.IS,6.492952346801758
2018-01-19,AKBNK.IS,6.4033942222595215
2018-01-22,AKBNK.IS,6.537732124328613
2018-01-23,AKBNK.IS,6.614495277404785
2018-01-24,AKBNK.IS,6.889566898345947
2018-01-25,AKBNK.IS,6.812802314758301
2018-01-26,AKBNK.IS,7.0878729820251465
2018-01-29,AKBNK.IS,7.0878729820251465
2018-01-30,AKBNK.IS,6.902360439300537
2018-01-31,AKBNK.IS,6.9855217933654785
2018-02-01,AKBNK.IS,6.76802396774292
2018-02-02,AKBNK.IS,6.812802314758301
2018-02-05,AKBNK.IS,6.780817031860352
2018-02-06,AKBNK.IS,6.710450649261475
2018-02-07,AKBNK.IS,6.6528778076171875
2018-02-08,AKBNK.IS,6.492952346801758
2018-02-09,AKBNK.IS,6.556922435760498
2018-02-12,AKBNK.IS,6.646480560302734
2018-02-13,AKBNK.IS,6.614495277404785
2018-02-14,AKBNK.IS,6.492952346801758
2018-02-15,AKBNK.IS,6.755228519439697
2018-02-16,AKBNK.IS,6.761626243591309
2018-02-19,AKBNK.IS,6.665671348571777
2018-02-20,AKBNK.IS,6.544127941131592
2018-02-21,AKBNK.IS,6.7168474197387695
2018-02-22,AKBNK.IS,6.7232441902160645
2018-02-23,AKBNK.IS,6.736039161682129
2018-02-26,AKBNK.IS,6.800008773803711
2018-02-27,AKBNK.IS,6.889566898345947
2018-02-28,AKBNK.IS,6.812802314758301
2018-03-01,AKBNK.IS,6.736039161682129
2018-03-02,AKBNK.IS,6.672069549560547
2018-03-05,AKBNK.IS,6.646480560302734
2018-03-06,AKBNK.IS,6.742435932159424
2018-03-07,AKBNK.IS,6.761626243591309
2018-03-08,AKBNK.IS,6.736039161682129
2018-03-09,AKBNK.IS,6.646480560302734
2018-03-12,AKBNK.IS,6.780817031860352
2018-03-13,AKBNK.IS,6.691259860992432
2018-03-14,AKBNK.IS,6.588907241821289
2018-03-15,AKBNK.IS,6.505746364593506
2018-03-16,AKBNK.IS,6.460967063903809
2018-03-19,AKBNK.IS,6.30743932723999
2018-03-20,AKBNK.IS,6.4353790283203125
2018-03-21,AKBNK.IS,6.492952346801758
2018-03-22,AKBNK.IS,6.448173522949219
2018-03-23,AKBNK.IS,6.339424133300781
2018-03-26,AKBNK.IS,6.262660503387451
2018-03-27,AKBNK.IS,6.217881202697754
2018-03-28,AKBNK.IS,6.24456787109375
2018-03-29,AKBNK.IS,6.3579840660095215
2018-03-30,AKBNK.IS,6.398013114929199
2018-04-02,AKBNK.IS,6.317955017089844
2018-04-03,AKBNK.IS,6.331296920776367
2018-04-04,AKBNK.IS,6.398013114929199
2018-04-05,AKBNK.IS,6.504757881164551
2018-04-06,AKBNK.IS,6.424699306488037
2018-04-09,AKBNK.IS,6.344641208648682
2018-04-10,AKBNK.IS,6.13782262802124
2018-04-11,AKBNK.IS,6.004391670227051
2018-04-12,AKBNK.IS,6.124480247497559
2018-04-13,AKBNK.IS,6.117807865142822
2018-04-16,AKBNK.IS,6.117807865142822
2018-04-17,AKBNK.IS,6.0844502449035645
2018-04-18,AKBNK.IS,6.3246259689331055
2018-04-19,AKBNK.IS,6.23122501373291
2018-04-20,AKBNK.IS,6.13782262802124
2018-04-23,AKBNK.IS,6.13782262802124
2018-04-24,AKBNK.IS,6.23122501373291
2018-04-25,AKBNK.IS,5.991048812866211
2018-04-26,AKBNK.IS,5.850946426391602
2018-04-27,AKBNK.IS,5.877633094787598
2018-04-30,AKBNK.IS,5.637456893920898
2018-05-01,AKBNK.IS,5.637456893920898
2018-05-02,AKBNK.IS,5.644128799438477
2018-05-03,AKBNK.IS,5.437311172485352
2018-05-04,AKBNK.IS,5.557398319244385
2018-05-07,AKBNK.IS,5.450654029846191
2018-05-08,AKBNK.IS,5.443982124328613
2018-05-09,AKBNK.IS,5.557398319244385
2018-05-10,AKBNK.IS,5.797573566436768
2018-05-11,AKBNK.IS,5.677486419677734
2018-05-14,AKBNK.IS,5.710843563079834
2018-05-15,AKBNK.IS,5.584084510803223
2018-05-16,AKBNK.IS,5.63078498840332
2018-05-17,AKBNK.IS,5.590755939483643
2018-05-18,AKBNK.IS,5.684157371520996
2018-05-21,AKBNK.IS,5.657472133636475
2018-05-22,AKBNK.IS,5.710843563079834
2018-05-23,AKBNK.IS,5.65079927444458
2018-05-24,AKBNK.IS,5.697500228881836
2018-05-25,AKBNK.IS,5.757544040679932
2018-05-28,AKBNK.IS,5.870960712432861
2018-05-29,AKBNK.IS,5.73085880279541
2018-05-30,AKBNK.IS,5.604098796844482
2018-05-31,AKBNK.IS,5.3906097412109375
2018-06-01,AKBNK.IS,5.1637773513793945
2018-06-04,AKBNK.IS,5.143762588500977
2018-06-05,AKBNK.IS,5.050360679626465
2018-06-06,AKBNK.IS,4.976974010467529
2018-06-07,AKBNK.IS,5.103733062744141
2018-06-08,AKBNK.IS,4.943615913391113
2018-06-11,AKBNK.IS,4.976974010467529
2018-06-12,AKBNK.IS,4.930273056030273
2018-06-13,AKBNK.IS,4.876899719238281
2018-06-14,AKBNK.IS,4.83687162399292
2018-06-15,AKBNK.IS,4.83687162399292
2018-06-18,AKBNK.IS,4.803513050079346
2018-06-19,AKBNK.IS,4.863558292388916
2018-06-20,AKBNK.IS,4.856884956359863
2018-06-21,AKBNK.IS,4.843542575836182
2018-06-22,AKBNK.IS,4.9236016273498535
2018-06-25,AKBNK.IS,4.710111618041992
2018-06-26,AKBNK.IS,4.823527812957764
2018-06-27,AKBNK.IS,4.996988296508789
2018-06-28,AKBNK.IS,4.983645439147949
2018-06-29,AKBNK.IS,5.030345439910889
2018-07-02,AKBNK.IS,5.010331630706787
2018-07-03,AKBNK.IS,4.936944961547852
2018-07-04,AKBNK.IS,4.996988296508789
2018-07-05,AKBNK.IS,5.077046871185303
2018-07-06,AKBNK.IS,5.077046871185303
2018-07-09,AKBNK.IS,5.1237473487854
2018-07-10,AKBNK.IS,4.830198764801025
2018-07-11,AKBNK.IS,4.469935894012451
2018-07-12,AKBNK.IS,4.409892559051514
2018-07-13,AKBNK.IS,4.363192081451416
2018-07-16,AKBNK.IS,4.33650541305542
2018-07-17,AKBNK.IS,4.4432501792907715
2018-07-18,AKBNK.IS,4.416563987731934
2018-07-19,AKBNK.IS,4.396548748016357
2018-07-20,AKBNK.IS,4.423235893249512
2018-07-23,AKBNK.IS,4.570009231567383
2018-07-24,AKBNK.IS,4.356520175933838
2018-07-25,AKBNK.IS,4.676754474639893
2018-07-26,AKBNK.IS,4.663411617279053
2018-07-27,AKBNK.IS,4.71678352355957
2018-07-30,AKBNK.IS,4.77015495300293
2018-07-31,AKBNK.IS,4.816856384277344
2018-08-01,AKBNK.IS,4.72345495223999
2018-08-02,AKBNK.IS,4.503293514251709
2018-08-03,AKBNK.IS,4.5966949462890625
2018-08-06,AKBNK.IS,4.456592559814453
2018-08-07,AKBNK.IS,4.636724472045898
2018-08-08,AKBNK.IS,4.763484477996826
2018-08-09,AKBNK.IS,4.756812572479248
2018-08-10,AKBNK.IS,4.483279228210449
2018-08-13,AKBNK.IS,4.1096720695495605
2018-08-14,AKBNK.IS,4.129687309265137
2018-08-15,AKBNK.IS,3.8694968223571777
2018-08-16,AKBNK.IS,3.7760958671569824
2018-08-17,AKBNK.IS,3.8694968223571777
2018-08-20,AKBNK.IS,3.9628982543945312
2018-08-21,AKBNK.IS,3.9628982543945312
2018-08-22,AKBNK.IS,3.9628982543945312
2018-08-23,AKBNK.IS,3.9628982543945312
2018-08-24,AKBNK.IS,3.9628982543945312
2018-08-27,AKBNK.IS,3.9161980152130127
2018-08-28,AKBNK.IS,4.042956829071045
2018-08-29,AKBNK.IS,3.9895849227905273
2018-08-30,AKBNK.IS,3.9895849227905273
2018-08-31,AKBNK.IS,3.8628251552581787
2018-09-03,AKBNK.IS,3.9295411109924316
2018-09-04,AKBNK.IS,3.882840156555176
2018-09-05,AKBNK.IS,3.782766342163086
2018-09-06,AKBNK.IS,3.756080150604248
2018-09-07,AKBNK.IS,3.816124200820923
2018-09-10,AKBNK.IS,3.7160513401031494
2018-09-11,AKBNK.IS,3.7160513401031494
2018-09-12,AKBNK.IS,3.6026358604431152
2018-09-13,AKBNK.IS,3.796109437942505
2018-09-14,AKBNK.IS,3.9095261096954346
2018-09-17,AKBNK.IS,3.882840156555176
2018-09-18,AKBNK.IS,3.8961832523345947
2018-09-19,AKBNK.IS,4.20974588394165
2018-09-20,AKBNK.IS,4.076314926147461
2018-09-21,AKBNK.IS,4.2164177894592285
2018-09-24,AKBNK.IS,4.489951133728027
2018-09-25,AKBNK.IS,4.409892559051514
2018-09-26,AKBNK.IS,4.429906368255615
2018-09-27,AKBNK.IS,4.623381614685059
2018-09-28,AKBNK.IS,4.616710662841797
2018-10-01,AKBNK.IS,4.4432501792907715
2018-10-02,AKBNK.IS,4.343175888061523
2018-10-03,AKBNK.IS,4.24310302734375
2018-10-04,AKBNK.IS,3.9228696823120117
2018-10-05,AKBNK.IS,4.022942543029785
2018-10-08,AKBNK.IS,4.263118267059326
2018-10-09,AKBNK.IS,4.283132076263428
2018-10-10,AKBNK.IS,4.24310302734375
2018-10-11,AKBNK.IS,4.263118267059326
2018-10-12,AKBNK.IS,4.396548748016357
2018-10-15,AKBNK.IS,4.72345495223999
2018-10-16,AKBNK.IS,4.663411617279053
2018-10-17,AKBNK.IS,4.896915912628174
2018-10-18,AKBNK.IS,4.796842098236084
2018-10-19,AKBNK.IS,4.736798286437988
2018-10-22,AKBNK.IS,4.71678352355957
2018-10-23,AKBNK.IS,4.5966949462890625
2018-10-24,AKBNK.IS,4.570009231567383
2018-10-25,AKBNK.IS,4.496622562408447
2018-10-26,AKBNK.IS,4.269789695739746
2018-10-29,AKBNK.IS,4.269789695739746
2018-10-30,AKBNK.IS,4.429906368255615
2018-10-31,AKBNK.IS,4.329833030700684
2018-11-01,AKBNK.IS,4.670082092285156
2018-11-02,AKBNK.IS,4.7034406661987305
2018-11-05,AKBNK.IS,4.936944961547852
2018-11-06,AKBNK.IS,4.856884956359863
2018-11-07,AKBNK.IS,4.930273056030273
2018-11-08,AKBNK.IS,4.8702287673950195
2018-11-09,AKBNK.IS,4.823527812957764
2018-11-12,AKBNK.IS,4.7034406661987305
2018-11-13,AKBNK.IS,4.790170669555664
2018-11-14,AKBNK.IS,4.83687162399292
2018-11-15,AKBNK.IS,4.816856384277344
2018-11-16,AKBNK.IS,4.910258769989014
2018-11-19,AKBNK.IS,4.983645439147949
2018-11-20,AKBNK.IS,4.83687162399292
2018-11-21,AKBNK.IS,4.876899719238281
2018-11-22,AKBNK.IS,4.876899719238281
2018-11-23,AKBNK.IS,4.936944961547852
2018-11-26,AKBNK.IS,5.017003536224365
2018-11-27,AKBNK.IS,4.983645439147949
2018-11-28,AKBNK.IS,4.956959247589111
2018-11-29,AKBNK.IS,5.010331630706787
2018-11-30,AKBNK.IS,5.103733062744141
2018-12-03,AKBNK.IS,5.057031631469727
2018-12-04,AKBNK.IS,4.883572578430176
2018-12-05,AKBNK.IS,4.656738758087158
2018-12-06,AKBNK.IS,4.4432501792907715
2018-12-07,AKBNK.IS,4.590023994445801
2018-12-10,AKBNK.IS,4.496622562408447
2018-12-11,AKBNK.IS,4.463264465332031
2018-12-12,AKBNK.IS,4.303147315979004
2018-12-13,AKBNK.IS,4.269789695739746
2018-12-14,AKBNK.IS,4.2164177894592285
2018-12-17,AKBNK.IS,4.276461601257324
2018-12-18,AKBNK.IS,4.436577796936035
2018-12-19,AKBNK.IS,4.503293514251709
2018-12-20,AKBNK.IS,4.523308277130127
2018-12-21,AKBNK.IS,4.576680660247803
2018-12-24,AKBNK.IS,4.570009231567383
2018-12-25,AKBNK.IS,4.496622562408447
2018-12-26,AKBNK.IS,4.536651134490967
2018-12-27,AKBNK.IS,4.563337326049805
2018-12-28,AKBNK.IS,4.583352088928223
2018-12-31,AKBNK.IS,4.583352088928223
2019-01-01,AKBNK.IS,4.583352088928223
2019-01-02,AKBNK.IS,4.363192081451416
2019-01-03,AKBNK.IS,4.310522079467773
2019-01-04,AKBNK.IS,4.559504985809326
2019-01-07,AKBNK.IS,4.621750831604004
2019-01-08,AKBNK.IS,4.551723957061768
2019-01-09,AKBNK.IS,4.4350128173828125
2019-01-10,AKBNK.IS,4.4661359786987305
2019-01-11,AKBNK.IS,4.575066089630127
2019-01-14,AKBNK.IS,4.660654544830322
2019-01-15,AKBNK.IS,4.676216125488281
2019-01-16,AKBNK.IS,5.05747127532959
2019-01-17,AKBNK.IS,5.158621311187744
2019-01-18,AKBNK.IS,5.096374988555908
2019-01-21,AKBNK.IS,5.010786533355713
2019-01-22,AKBNK.IS,5.119717597961426
2019-01-23,AKBNK.IS,5.05747127532959
2019-01-24,AKBNK.IS,5.049690246582031
2019-01-25,AKBNK.IS,5.080813884735107
2019-01-28,AKBNK.IS,5.065252304077148
2019-01-29,AKBNK.IS,5.32201623916626
2019-01-30,AKBNK.IS,5.493192195892334
2019-01-31,AKBNK.IS,5.516534805297852
2019-02-01,AKBNK.IS,5.360919952392578
2019-02-04,AKBNK.IS,5.32201623916626
2019-02-05,AKBNK.IS,5.446507453918457
2019-02-06,AKBNK.IS,5.275331497192383
2019-02-07,AKBNK.IS,5.267550945281982
2019-02-08,AKBNK.IS,5.251989841461182
2019-02-11,AKBNK.IS,5.399823188781738
2019-02-12,AKBNK.IS,5.275331497192383
2019-02-13,AKBNK.IS,5.143059730529785
2019-02-14,AKBNK.IS,5.2208662033081055
2019-02-15,AKBNK.IS,5.228647232055664
2019-02-18,AKBNK.IS,5.174182891845703
2019-02-19,AKBNK.IS,5.158621311187744
2019-02-20,AKBNK.IS,5.10415506362915
2019-02-21,AKBNK.IS,5.2208662033081055
2019-02-22,AKBNK.IS,5.174182891845703
2019-02-25,AKBNK.IS,5.337577819824219
2019-02-26,AKBNK.IS,5.345358371734619
2019-02-27,AKBNK.IS,5.267550945281982
2019-02-28,AKBNK.IS,5.376481533050537
2019-03-01,AKBNK.IS,5.197524547576904
2019-03-04,AKBNK.IS,5.298673629760742
2019-03-05,AKBNK.IS,5.290893077850342
2019-03-06,AKBNK.IS,5.228647232055664
2019-03-07,AKBNK.IS,5.065252304077148
2019-03-08,AKBNK.IS,4.956321716308594
2019-03-11,AKBNK.IS,4.917418003082275
2019-03-12,AKBNK.IS,5.041909694671631
2019-03-13,AKBNK.IS,5.158621311187744
2019-03-14,AKBNK.IS,5.096374988555908
2019-03-15,AKBNK.IS,5.2208662033081055
2019-03-18,AKBNK.IS,5.368700981140137
2019-03-19,AKBNK.IS,5.32201623916626
2019-03-20,AKBNK.IS,5.197524547576904
2019-03-21,AKBNK.IS,5.275331497192383
2019-03-22,AKBNK.IS,5.0185675621032715
2019-03-25,AKBNK.IS,4.738461494445801
2019-03-26,AKBNK.IS,4.699557781219482
2019-03-27,AKBNK.IS,4.271617889404297
2019-03-28,AKBNK.IS,4.629530906677246
2019-03-29,AKBNK.IS,4.878514289855957
2019-04-01,AKBNK.IS,4.738461494445801
2019-04-02,AKBNK.IS,4.792926788330078
2019-04-03,AKBNK.IS,4.699557781219482
2019-04-04,AKBNK.IS,4.878514289855957
2019-04-05,AKBNK.IS,5.135278701782227
2019-04-08,AKBNK.IS,5.0030059814453125
2019-04-09,AKBNK.IS,4.971883296966553
2019-04-10,AKBNK.IS,4.901856422424316
2019-04-11,AKBNK.IS,4.925198554992676
2019-04-12,AKBNK.IS,4.82404899597168
2019-04-15,AKBNK.IS,4.792926788330078
2019-04-16,AKBNK.IS,4.901856422424316
2019-04-17,AKBNK.IS,5.088594436645508
2019-04-18,AKBNK.IS,4.909636974334717
2019-04-19,AKBNK.IS,4.862952709197998
2019-04-22,AKBNK.IS,4.76180362701416
2019-04-23,AKBNK.IS,4.76180362701416
2019-04-24,AKBNK.IS,4.948541164398193
2019-04-25,AKBNK.IS,4.769584655761719
2019-04-26,AKBNK.IS,4.8162689208984375
2019-04-29,AKBNK.IS,4.715118885040283
2019-04-30,AKBNK.IS,4.769584655761719
2019-05-01,AKBNK.IS,4.769584655761719
2019-05-02,AKBNK.IS,4.6684346199035645
2019-05-03,AKBNK.IS,4.660654544830322
2019-05-06,AKBNK.IS,4.613969802856445
2019-05-07,AKBNK.IS,4.543943405151367
2019-05-08,AKBNK.IS,4.52060079574585
2019-05-09,AKBNK.IS,4.411671161651611
2019-05-10,AKBNK.IS,4.388329029083252
2019-05-13,AKBNK.IS,4.2638373374938965
2019-05-14,AKBNK.IS,4.4350128173828125
2019-05-15,AKBNK.IS,4.48947811126709
2019-05-16,AKBNK.IS,4.497259140014648
2019-05-17,AKBNK.IS,4.497259140014648
2019-05-20,AKBNK.IS,4.473917007446289
2019-05-21,AKBNK.IS,4.388329029083252
2019-05-22,AKBNK.IS,4.294960021972656
2019-05-23,AKBNK.IS,4.326082706451416
2019-05-24,AKBNK.IS,4.4661359786987305
2019-05-27,AKBNK.IS,4.38054895401001
2019-05-28,AKBNK.IS,4.473917007446289
2019-05-29,AKBNK.IS,4.45835542678833
2019-05-30,AKBNK.IS,4.5984086990356445
2019-05-31,AKBNK.IS,4.637311935424805
2019-06-03,AKBNK.IS,4.621750831604004
2019-06-04,AKBNK.IS,4.621750831604004
2019-06-05,AKBNK.IS,4.621750831604004
2019-06-06,AKBNK.IS,4.621750831604004
2019-06-07,AKBNK.IS,4.940760612487793
2019-06-10,AKBNK.IS,5.0030059814453125
2019-06-11,AKBNK.IS,5.010786533355713
2019-06-12,AKBNK.IS,4.894075870513916
2019-06-13,AKBNK.IS,4.75402307510376
2019-06-14,AKBNK.IS,4.738461494445801
2019-06-17,AKBNK.IS,4.847391605377197
2019-06-18,AKBNK.IS,4.964102745056152
2019-06-19,AKBNK.IS,5.119717597961426
2019-06-20,AKBNK.IS,5.189743518829346
2019-06-21,AKBNK.IS,5.236428260803223
2019-06-24,AKBNK.IS,5.384261608123779
2019-06-25,AKBNK.IS,5.337577819824219
2019-06-26,AKBNK.IS,5.236428260803223
2019-06-27,AKBNK.IS,5.205305099487305
2019-06-28,AKBNK.IS,5.298673629760742
2019-07-01,AKBNK.IS,5.672148704528809
2019-07-02,AKBNK.IS,5.65658712387085
2019-07-03,AKBNK.IS,5.578779697418213
2019-07-04,AKBNK.IS,5.563218593597412
2019-07-05,AKBNK.IS,5.843324661254883
2019-07-08,AKBNK.IS,5.835543632507324
2019-07-09,AKBNK.IS,5.734394073486328
2019-07-10,AKBNK.IS,5.874447345733643
2019-07-11,AKBNK.IS,5.8044209480285645
2019-07-12,AKBNK.IS,5.672148704528809
2019-07-15,AKBNK.IS,5.672148704528809
2019-07-16,AKBNK.IS,5.594341278076172
2019-07-17,AKBNK.IS,5.749955654144287
2019-07-18,AKBNK.IS,5.890008926391602
2019-07-19,AKBNK.IS,5.866666793823242
2019-07-22,AKBNK.IS,5.851105213165283
2019-07-23,AKBNK.IS,5.991157531738281
2019-07-24,AKBNK.IS,5.944473743438721
2019-07-25,AKBNK.IS,5.835543632507324
2019-07-26,AKBNK.IS,5.890008926391602
2019-07-29,AKBNK.IS,5.991157531738281
2019-07-30,AKBNK.IS,5.882228374481201
2019-07-31,AKBNK.IS,5.874447345733643
2019-08-01,AKBNK.IS,5.8044209480285645
2019-08-02,AKBNK.IS,5.664368152618408
2019-08-05,AKBNK.IS,5.648806571960449
2019-08-06,AKBNK.IS,5.781078338623047
2019-08-07,AKBNK.IS,5.749955654144287
2019-08-08,AKBNK.IS,5.851105213165283
2019-08-09,AKBNK.IS,5.921131610870361
2019-08-12,AKBNK.IS,5.921131610870361
2019-08-13,AKBNK.IS,5.921131610870361
2019-08-14,AKBNK.IS,5.921131610870361
2019-08-15,AKBNK.IS,5.586560249328613
2019-08-16,AKBNK.IS,5.415384292602539
2019-08-19,AKBNK.IS,5.298673629760742
2019-08-20,AKBNK.IS,5.32201623916626
2019-08-21,AKBNK.IS,5.298673629760742
2019-08-22,AKBNK.IS,5.251989841461182
2019-08-23,AKBNK.IS,5.430945873260498
2019-08-26,AKBNK.IS,5.376481533050537
2019-08-27,AKBNK.IS,5.345358371734619
2019-08-28,AKBNK.IS,5.360919952392578
2019-08-29,AKBNK.IS,5.368700981140137
2019-08-30,AKBNK.IS,5.368700981140137
2019-09-02,AKBNK.IS,5.586560249328613
2019-09-03,AKBNK.IS,5.664368152618408
2019-09-04,AKBNK.IS,5.679929256439209
2019-09-05,AKBNK.IS,5.672148704528809
2019-09-06,AKBNK.IS,5.547657489776611
2019-09-09,AKBNK.IS,5.69549036026001
2019-09-10,AKBNK.IS,5.703271389007568
2019-09-11,AKBNK.IS,5.749955654144287
2019-09-12,AKBNK.IS,5.882228374481201
2019-09-13,AKBNK.IS,5.9600348472595215
2019-09-16,AKBNK.IS,5.835543632507324
2019-09-17,AKBNK.IS,5.8044209480285645
2019-09-18,AKBNK.IS,5.913351058959961
2019-09-19,AKBNK.IS,5.757736682891846
2019-09-20,AKBNK.IS,5.718832969665527
2019-09-23,AKBNK.IS,5.726613998413086
2019-09-24,AKBNK.IS,5.905570030212402
2019-09-25,AKBNK.IS,5.9755964279174805
2019-09-26,AKBNK.IS,5.9755964279174805
2019-09-27,AKBNK.IS,6.4268798828125
2019-09-30,AKBNK.IS,6.3257293701171875
2019-10-01,AKBNK.IS,6.193457126617432
2019-10-02,AKBNK.IS,6.131211280822754
2019-10-03,AKBNK.IS,6.053404808044434
2019-10-04,AKBNK.IS,6.1234307289123535
2019-10-07,AKBNK.IS,6.022280693054199
2019-10-08,AKBNK.IS,6.037842273712158
2019-10-09,AKBNK.IS,5.8044209480285645
2019-10-10,AKBNK.IS,5.65658712387085
2019-10-11,AKBNK.IS,5.625463962554932
2019-10-14,AKBNK.IS,5.158621311187744
2019-10-15,AKBNK.IS,5.236428260803223
2019-10-16,AKBNK.IS,5.189743518829346
2019-10-17,AKBNK.IS,5.3531389236450195
2019-10-18,AKBNK.IS,5.648806571960449
2019-10-21,AKBNK.IS,5.500972747802734
2019-10-22,AKBNK.IS,5.508753299713135
2019-10-23,AKBNK.IS,5.602121829986572
2019-10-24,AKBNK.IS,5.602121829986572
2019-10-25,AKBNK.IS,5.563218593597412
2019-10-28,AKBNK.IS,5.5243144035339355
2019-10-30,AKBNK.IS,5.407603740692139
2019-10-31,AKBNK.IS,5.384261608123779
2019-11-01,AKBNK.IS,5.39204216003418
2019-11-04,AKBNK.IS,5.508753299713135
2019-11-05,AKBNK.IS,5.485411167144775
2019-11-06,AKBNK.IS,5.563218593597412
2019-11-07,AKBNK.IS,5.711052417755127
2019-11-08,AKBNK.IS,5.718832969665527
2019-11-11,AKBNK.IS,5.711052417755127
2019-11-12,AKBNK.IS,5.819982051849365
2019-11-13,AKBNK.IS,5.952254772186279
2019-11-14,AKBNK.IS,5.858886241912842
2019-11-15,AKBNK.IS,5.96781587600708
2019-11-18,AKBNK.IS,6.053404808044434
2019-11-19,AKBNK.IS,6.053404808044434
2019-11-20,AKBNK.IS,6.037842273712158
2019-11-21,AKBNK.IS,6.053404808044434
2019-11-22,AKBNK.IS,6.068965435028076
2019-11-25,AKBNK.IS,5.983376979827881
2019-11-26,AKBNK.IS,6.068965435028076
2019-11-27,AKBNK.IS,6.022280693054199
2019-11-28,AKBNK.IS,6.084527015686035
2019-11-29,AKBNK.IS,6.030061721801758
2019-12-02,AKBNK.IS,6.045623302459717
2019-12-03,AKBNK.IS,5.9755964279174805
2019-12-04,AKBNK.IS,5.991157531738281
2019-12-05,AKBNK.IS,6.045623302459717
2019-12-06,AKBNK.IS,6.037842273712158
2019-12-09,AKBNK.IS,5.983376979827881
2019-12-10,AKBNK.IS,5.99893856048584
2019-12-11,AKBNK.IS,5.952254772186279
2019-12-12,AKBNK.IS,6.138991832733154
2019-12-13,AKBNK.IS,6.22458028793335
2019-12-16,AKBNK.IS,6.3568525314331055
2019-12-17,AKBNK.IS,6.411317348480225
2019-12-18,AKBNK.IS,6.333510875701904
2019-12-19,AKBNK.IS,6.3101677894592285
2019-12-20,AKBNK.IS,6.333510875701904
2019-12-23,AKBNK.IS,6.3568525314331055
2019-12-24,AKBNK.IS,6.395756244659424
2019-12-25,AKBNK.IS,6.403536319732666
2019-12-26,AKBNK.IS,6.434659957885742
2019-12-27,AKBNK.IS,6.403536319732666
2019-12-30,AKBNK.IS,6.4268798828125
2019-12-31,AKBNK.IS,6.317949295043945
2020-01-02,AKBNK.IS,6.364633083343506
2020-01-03,AKBNK.IS,6.193457126617432
2020-01-06,AKBNK.IS,5.99893856048584
2020-01-07,AKBNK.IS,6.061184883117676
2020-01-08,AKBNK.IS,6.193457126617432
2020-01-09,AKBNK.IS,6.621397972106934
2020-01-10,AKBNK.IS,6.745888710021973
2020-01-13,AKBNK.IS,6.80813455581665
2020-01-14,AKBNK.IS,6.885941505432129
2020-01-15,AKBNK.IS,6.870380401611328
2020-01-16,AKBNK.IS,6.847038269042969
2020-01-17,AKBNK.IS,6.854819297790527
2020-01-20,AKBNK.IS,6.917064666748047
2020-01-21,AKBNK.IS,6.932626247406006
2020-01-22,AKBNK.IS,6.769229888916016
2020-01-23,AKBNK.IS,6.847038269042969
2020-01-24,AKBNK.IS,6.80813455581665
2020-01-27,AKBNK.IS,6.644739151000977
2020-01-28,AKBNK.IS,6.582493305206299
2020-01-29,AKBNK.IS,6.442440986633301
2020-01-30,AKBNK.IS,6.551370143890381
2020-01-31,AKBNK.IS,6.4891252517700195
2020-02-03,AKBNK.IS,6.473562717437744
2020-02-04,AKBNK.IS,6.706984519958496
2020-02-05,AKBNK.IS,6.738108158111572
2020-02-06,AKBNK.IS,6.7225470542907715
2020-02-07,AKBNK.IS,6.535808563232422
2020-02-10,AKBNK.IS,6.434659957885742
2020-02-11,AKBNK.IS,6.50468635559082
2020-02-12,AKBNK.IS,6.3257293701171875
2020-02-13,AKBNK.IS,6.333510875701904
2020-02-14,AKBNK.IS,6.302387714385986
2020-02-17,AKBNK.IS,6.302387714385986
2020-02-18,AKBNK.IS,6.279045104980469
2020-02-19,AKBNK.IS,6.170114517211914
2020-02-20,AKBNK.IS,5.96781587600708
2020-02-21,AKBNK.IS,5.9755964279174805
2020-02-24,AKBNK.IS,5.851105213165283
2020-02-25,AKBNK.IS,5.819982051849365
2020-02-26,AKBNK.IS,5.905570030212402
2020-02-27,AKBNK.IS,5.641025066375732
2020-02-28,AKBNK.IS,5.251989841461182
2020-03-02,AKBNK.IS,5.3531389236450195
2020-03-03,AKBNK.IS,5.563218593597412
2020-03-04,AKBNK.IS,5.788858890533447
2020-03-05,AKBNK.IS,5.812201023101807
2020-03-06,AKBNK.IS,5.69549036026001
2020-03-09,AKBNK.IS,5.407603740692139
2020-03-10,AKBNK.IS,5.345358371734619
2020-03-11,AKBNK.IS,5.345358371734619
2020-03-12,AKBNK.IS,4.909636974334717
2020-03-13,AKBNK.IS,5.0030059814453125
2020-03-16,AKBNK.IS,4.738461494445801
2020-03-17,AKBNK.IS,4.722899913787842
2020-03-18,AKBNK.IS,4.5984086990356445
2020-03-19,AKBNK.IS,4.419451713562012
2020-03-20,AKBNK.IS,4.333863735198975
2020-03-23,AKBNK.IS,4.209372520446777
2020-03-24,AKBNK.IS,4.4661359786987305
2020-03-25,AKBNK.IS,4.341644763946533
2020-03-26,AKBNK.IS,4.45057487487793
2020-03-27,AKBNK.IS,4.310522079467773
2020-03-30,AKBNK.IS,4.2793989181518555
2020-03-31,AKBNK.IS,4.372767925262451
2020-04-01,AKBNK.IS,4.240495204925537
2020-04-02,AKBNK.IS,4.2327141761779785
2020-04-03,AKBNK.IS,4.201592445373535
2020-04-06,AKBNK.IS,4.333863735198975
2020-04-07,AKBNK.IS,4.349424839019775
2020-04-08,AKBNK.IS,4.388329029083252
2020-04-09,AKBNK.IS,4.6684346199035645
2020-04-10,AKBNK.IS,4.75402307510376
2020-04-13,AKBNK.IS,4.683996677398682
2020-04-14,AKBNK.IS,4.699557781219482
2020-04-15,AKBNK.IS,4.4350128173828125
2020-04-16,AKBNK.IS,4.411671161651611
2020-04-17,AKBNK.IS,4.505039691925049
2020-04-20,AKBNK.IS,4.505039691925049
2020-04-21,AKBNK.IS,4.419451713562012
2020-04-22,AKBNK.IS,4.42723274230957
2020-04-24,AKBNK.IS,4.4661359786987305
2020-04-27,AKBNK.IS,4.699557781219482
2020-04-28,AKBNK.IS,4.606189250946045
2020-04-29,AKBNK.IS,4.660654544830322
2020-04-30,AKBNK.IS,4.5828471183776855
2020-05-04,AKBNK.IS,4.45835542678833
2020-05-05,AKBNK.IS,4.45057487487793
2020-05-06,AKBNK.IS,4.4350128173828125
2020-05-07,AKBNK.IS,4.419451713562012
2020-05-08,AKBNK.IS,4.333863735198975
2020-05-11,AKBNK.IS,4.333863735198975
2020-05-12,AKBNK.IS,4.364986419677734
2020-05-13,AKBNK.IS,4.341644763946533
2020-05-14,AKBNK.IS,4.224933624267578
2020-05-15,AKBNK.IS,4.224933624267578
2020-05-18,AKBNK.IS,4.2638373374938965
2020-05-20,AKBNK.IS,4.287179946899414
2020-05-21,AKBNK.IS,4.2793989181518555
2020-05-22,AKBNK.IS,4.287179946899414
2020-05-27,AKBNK.IS,4.357205867767334
2020-05-28,AKBNK.IS,4.403890132904053
2020-05-29,AKBNK.IS,4.419451713562012
2020-06-01,AKBNK.IS,4.512820720672607
2020-06-02,AKBNK.IS,4.505039691925049
2020-06-03,AKBNK.IS,4.551723957061768
2020-06-04,AKBNK.IS,4.528381824493408
2020-06-05,AKBNK.IS,4.606189250946045
2020-06-08,AKBNK.IS,4.575066089630127
2020-06-09,AKBNK.IS,4.551723957061768
2020-06-10,AKBNK.IS,4.559504985809326
2020-06-11,AKBNK.IS,4.512820720672607
2020-06-12,AKBNK.IS,4.528381824493408
2020-06-15,AKBNK.IS,4.481698036193848
2020-06-16,AKBNK.IS,4.551723957061768
2020-06-17,AKBNK.IS,4.536162376403809
2020-06-18,AKBNK.IS,4.536162376403809
2020-06-19,AKBNK.IS,4.652873516082764
2020-06-22,AKBNK.IS,4.792926788330078
2020-06-23,AKBNK.IS,4.769584655761719
2020-06-24,AKBNK.IS,4.645092487335205
2020-06-25,AKBNK.IS,4.590628147125244
2020-06-26,AKBNK.IS,4.590628147125244
2020-06-29,AKBNK.IS,4.75402307510376
2020-06-30,AKBNK.IS,4.75402307510376
2020-07-01,AKBNK.IS,4.629530906677246
2020-07-02,AKBNK.IS,4.660654544830322
2020-07-03,AKBNK.IS,4.590628147125244
2020-07-06,AKBNK.IS,4.746242523193359
2020-07-07,AKBNK.IS,4.683996677398682
2020-07-08,AKBNK.IS,4.606189250946045
2020-07-09,AKBNK.IS,4.512820720672607
2020-07-10,AKBNK.IS,4.45835542678833
2020-07-13,AKBNK.IS,4.551723957061768
2020-07-14,AKBNK.IS,4.505039691925049
2020-07-16,AKBNK.IS,4.551723957061768
2020-07-17,AKBNK.IS,4.528381824493408
2020-07-20,AKBNK.IS,4.52060079574585
2020-07-21,AKBNK.IS,4.528381824493408
2020-07-22,AKBNK.IS,4.512820720672607
2020-07-23,AKBNK.IS,4.52060079574585
2020-07-24,AKBNK.IS,4.48947811126709
2020-07-27,AKBNK.IS,4.45057487487793
2020-07-28,AKBNK.IS,4.2793989181518555
2020-07-29,AKBNK.IS,4.139345645904541
2020-07-30,AKBNK.IS,4.077099800109863
2020-08-04,AKBNK.IS,3.9448273181915283
2020-08-05,AKBNK.IS,3.905923843383789
2020-08-06,AKBNK.IS,3.672502040863037
2020-08-07,AKBNK.IS,3.703625202178955
2020-08-10,AKBNK.IS,3.6958446502685547
2020-08-11,AKBNK.IS,3.952608346939087
2020-08-12,AKBNK.IS,3.9448273181915283
2020-08-13,AKBNK.IS,3.905923843383789
2020-08-14,AKBNK.IS,3.8358969688415527
2020-08-17,AKBNK.IS,3.89036226272583
2020-08-18,AKBNK.IS,3.921485424041748
2020-08-19,AKBNK.IS,4.014854431152344
2020-08-20,AKBNK.IS,3.9603893756866455
2020-08-21,AKBNK.IS,3.937047004699707
2020-08-24,AKBNK.IS,3.89036226272583
2020-08-25,AKBNK.IS,3.804774045944214
2020-08-26,AKBNK.IS,3.859239339828491
2020-08-27,AKBNK.IS,3.9137048721313477
2020-08-28,AKBNK.IS,3.89036226272583
2020-08-31,AKBNK.IS,3.8125550746917725
2020-09-01,AKBNK.IS,3.8436779975891113
2020-09-02,AKBNK.IS,3.8358969688415527
2020-09-03,AKBNK.IS,3.804774045944214
2020-09-04,AKBNK.IS,3.820335865020752
2020-09-07,AKBNK.IS,3.8436779975891113
2020-09-08,AKBNK.IS,3.8125550746917725
2020-09-09,AKBNK.IS,3.8125550746917725
2020-09-10,AKBNK.IS,3.8436779975891113
2020-09-11,AKBNK.IS,3.8281168937683105
2020-09-14,AKBNK.IS,3.8125550746917725
2020-09-15,AKBNK.IS,3.7969939708709717
2020-09-16,AKBNK.IS,3.804774045944214
2020-09-17,AKBNK.IS,3.7814323902130127
2020-09-18,AKBNK.IS,3.773651123046875
2020-09-21,AKBNK.IS,3.6802830696105957
2020-09-22,AKBNK.IS,3.6802830696105957
2020-09-23,AKBNK.IS,3.7191860675811768
2020-09-24,AKBNK.IS,3.921485424041748
2020-09-25,AKBNK.IS,3.9837310314178467
2020-09-28,AKBNK.IS,3.905923843383789
2020-09-29,AKBNK.IS,3.8825817108154297
2020-09-30,AKBNK.IS,4.007073879241943
2020-10-01,AKBNK.IS,4.022634983062744
2020-10-02,AKBNK.IS,4.014854431152344
2020-10-05,AKBNK.IS,4.030416011810303
2020-10-06,AKBNK.IS,3.999293088912964
2020-10-07,AKBNK.IS,3.9448273181915283
2020-10-08,AKBNK.IS,3.937047004699707
2020-10-09,AKBNK.IS,4.007073879241943
2020-10-12,AKBNK.IS,4.038196563720703
2020-10-13,AKBNK.IS,4.014854431152344
2020-10-14,AKBNK.IS,4.014854431152344
2020-10-15,AKBNK.IS,3.968169927597046
2020-10-16,AKBNK.IS,4.0459771156311035
2020-10-19,AKBNK.IS,4.209372520446777
2020-10-20,AKBNK.IS,4.201592445373535
2020-10-21,AKBNK.IS,4.217153072357178
2020-10-22,AKBNK.IS,3.999293088912964
2020-10-23,AKBNK.IS,3.9448273181915283
2020-10-26,AKBNK.IS,3.789212942123413
2020-10-27,AKBNK.IS,3.859239339828491
2020-10-28,AKBNK.IS,3.804774045944214
2020-10-30,AKBNK.IS,3.7191860675811768
2020-11-02,AKBNK.IS,3.7425286769866943
2020-11-03,AKBNK.IS,3.921485424041748
2020-11-04,AKBNK.IS,3.8981432914733887
2020-11-05,AKBNK.IS,3.8981432914733887
2020-11-06,AKBNK.IS,3.8981432914733887
2020-11-09,AKBNK.IS,4.186030387878418
2020-11-10,AKBNK.IS,4.396110534667969
2020-11-11,AKBNK.IS,4.8396100997924805
2020-11-12,AKBNK.IS,4.870734214782715
2020-11-13,AKBNK.IS,4.909636974334717
2020-11-16,AKBNK.IS,4.917418003082275
2020-11-17,AKBNK.IS,4.6684346199035645
2020-11-18,AKBNK.IS,4.878514289855957
2020-11-19,AKBNK.IS,5.049690246582031
2020-11-20,AKBNK.IS,5.080813884735107
2020-11-23,AKBNK.IS,4.862952709197998
2020-11-24,AKBNK.IS,4.894075870513916
2020-11-25,AKBNK.IS,4.901856422424316
2020-11-26,AKBNK.IS,5.010786533355713
2020-11-27,AKBNK.IS,4.956321716308594
2020-11-30,AKBNK.IS,4.730680465698242
2020-12-01,AKBNK.IS,4.909636974334717
2020-12-02,AKBNK.IS,4.855172157287598
2020-12-03,AKBNK.IS,4.855172157287598
2020-12-04,AKBNK.IS,4.808487892150879
2020-12-07,AKBNK.IS,4.707338333129883
2020-12-08,AKBNK.IS,4.715118885040283
2020-12-09,AKBNK.IS,4.8396100997924805
2020-12-10,AKBNK.IS,4.878514289855957
2020-12-11,AKBNK.IS,4.901856422424316
2020-12-14,AKBNK.IS,4.956321716308594
2020-12-15,AKBNK.IS,4.956321716308594
2020-12-16,AKBNK.IS,4.940760612487793
2020-12-17,AKBNK.IS,4.979663848876953
2020-12-18,AKBNK.IS,5.0341291427612305
2020-12-21,AKBNK.IS,4.917418003082275
2020-12-22,AKBNK.IS,5.049690246582031
2020-12-23,AKBNK.IS,5.0341291427612305
2020-12-24,AKBNK.IS,5.10415506362915
2020-12-25,AKBNK.IS,5.073032855987549
2020-12-28,AKBNK.IS,5.096374988555908
2020-12-29,AKBNK.IS,5.1508402824401855
2020-12-30,AKBNK.IS,5.376481533050537
2020-12-31,AKBNK.IS,5.454288482666016
2021-01-04,AKBNK.IS,5.5243144035339355
2021-01-05,AKBNK.IS,5.454288482666016
2021-01-06,AKBNK.IS,5.718832969665527
2021-01-07,AKBNK.IS,5.858886241912842
2021-01-08,AKBNK.IS,5.851105213165283
2021-01-11,AKBNK.IS,5.687710285186768
2021-01-12,AKBNK.IS,5.664368152618408
2021-01-13,AKBNK.IS,5.641025066375732
2021-01-14,AKBNK.IS,5.539876461029053
2021-01-15,AKBNK.IS,5.384261608123779
2021-01-18,AKBNK.IS,5.438726425170898
2021-01-19,AKBNK.IS,5.462069511413574
2021-01-20,AKBNK.IS,5.384261608123779
2021-01-21,AKBNK.IS,5.384261608123779
2021-01-22,AKBNK.IS,5.228647232055664
2021-01-25,AKBNK.IS,5.10415506362915
2021-01-26,AKBNK.IS,5.143059730529785
2021-01-27,AKBNK.IS,4.932979583740234
2021-01-28,AKBNK.IS,5.065252304077148
2021-01-29,AKBNK.IS,4.964102745056152
2021-02-01,AKBNK.IS,5.049690246582031
2021-02-02,AKBNK.IS,5.096374988555908
2021-02-03,AKBNK.IS,5.267550945281982
2021-02-04,AKBNK.IS,5.197524547576904
2021-02-05,AKBNK.IS,5.143059730529785
2021-02-08,AKBNK.IS,5.189743518829346
2021-02-09,AKBNK.IS,5.314235210418701
2021-02-10,AKBNK.IS,5.306455135345459
2021-02-11,AKBNK.IS,5.213085651397705
2021-02-12,AKBNK.IS,5.1664018630981445
2021-02-15,AKBNK.IS,5.213085651397705
2021-02-16,AKBNK.IS,5.065252304077148
2021-02-17,AKBNK.IS,4.987444877624512
2021-02-18,AKBNK.IS,4.917418003082275
2021-02-19,AKBNK.IS,5.010786533355713
2021-02-22,AKBNK.IS,4.901856422424316
2021-02-23,AKBNK.IS,4.855172157287598
2021-02-24,AKBNK.IS,4.676216125488281
2021-02-25,AKBNK.IS,4.808487892150879
2021-02-26,AKBNK.IS,4.715118885040283
2021-03-01,AKBNK.IS,4.901856422424316
2021-03-02,AKBNK.IS,4.901856422424316
2021-03-03,AKBNK.IS,4.847391605377197
2021-03-04,AKBNK.IS,4.940760612487793
2021-03-05,AKBNK.IS,4.917418003082275
2021-03-08,AKBNK.IS,4.76180362701416
2021-03-09,AKBNK.IS,4.769584655761719
2021-03-10,AKBNK.IS,4.82404899597168
2021-03-11,AKBNK.IS,4.746242523193359
2021-03-12,AKBNK.IS,4.769584655761719
2021-03-15,AKBNK.IS,4.707338333129883
2021-03-16,AKBNK.IS,4.738461494445801
2021-03-17,AKBNK.IS,4.660654544830322
2021-03-18,AKBNK.IS,4.746242523193359
2021-03-19,AKBNK.IS,4.606189250946045
2021-03-22,AKBNK.IS,4.147126197814941
2021-03-23,AKBNK.IS,3.734748125076294
2021-03-24,AKBNK.IS,3.820335865020752
2021-03-25,AKBNK.IS,3.773651123046875
2021-03-26,AKBNK.IS,3.7659919261932373
2021-03-29,AKBNK.IS,3.7979073524475098
2021-03-30,AKBNK.IS,3.7659919261932373
2021-03-31,AKBNK.IS,3.7420554161071777
2021-04-01,AKBNK.IS,3.9016308784484863
2021-04-02,AKBNK.IS,3.9016308784484863
2021-04-05,AKBNK.IS,3.9016308784484863
2021-04-06,AKBNK.IS,3.8457798957824707
2021-04-07,AKBNK.IS,3.8697164058685303
2021-04-08,AKBNK.IS,3.8298227787017822
2021-04-09,AKBNK.IS,3.7979073524475098
2021-04-12,AKBNK.IS,3.7500343322753906
2021-04-13,AKBNK.IS,3.7979073524475098
2021-04-14,AKBNK.IS,3.94152569770813
2021-04-15,AKBNK.IS,4.029292106628418
2021-04-16,AKBNK.IS,3.9654619693756104
2021-04-19,AKBNK.IS,3.8298227787017822
2021-04-20,AKBNK.IS,3.8936526775360107
2021-04-21,AKBNK.IS,3.8936526775360107
2021-04-22,AKBNK.IS,3.885673761367798
2021-04-26,AKBNK.IS,3.9096105098724365
2021-04-27,AKBNK.IS,3.8697164058685303
2021-04-28,AKBNK.IS,3.8697164058685303
2021-04-29,AKBNK.IS,3.8936526775360107
2021-04-30,AKBNK.IS,3.8936526775360107
2021-05-03,AKBNK.IS,3.981419801712036
2021-05-04,AKBNK.IS,3.94152569770813
2021-05-05,AKBNK.IS,3.94152569770813
2021-05-06,AKBNK.IS,3.9893980026245117
2021-05-07,AKBNK.IS,4.1090803146362305
2021-05-10,AKBNK.IS,4.117059230804443
2021-05-11,AKBNK.IS,4.021313190460205
2021-05-12,AKBNK.IS,4.01333475112915
2021-05-17,AKBNK.IS,4.101101875305176
2021-05-18,AKBNK.IS,4.1489739418029785
2021-05-20,AKBNK.IS,4.228762149810791
2021-05-21,AKBNK.IS,4.180889129638672
2021-05-24,AKBNK.IS,4.15695333480835
2021-05-25,AKBNK.IS,4.069186210632324
2021-05-26,AKBNK.IS,4.172910690307617
2021-05-27,AKBNK.IS,4.117059230804443
2021-05-28,AKBNK.IS,4.140995502471924
2021-05-31,AKBNK.IS,4.1489739418029785
2021-06-01,AKBNK.IS,4.236741542816162
2021-06-02,AKBNK.IS,4.204825401306152
2021-06-03,AKBNK.IS,4.196846961975098
2021-06-04,AKBNK.IS,4.212804794311523
2021-06-07,AKBNK.IS,4.292593002319336
2021-06-08,AKBNK.IS,4.308550834655762
2021-06-09,AKBNK.IS,4.348443984985352
2021-06-10,AKBNK.IS,4.404295921325684
2021-06-11,AKBNK.IS,4.396317005157471
2021-06-14,AKBNK.IS,4.372380256652832
2021-06-15,AKBNK.IS,4.388338565826416
2021-06-16,AKBNK.IS,4.332486629486084
2021-06-17,AKBNK.IS,4.196846961975098
2021-06-18,AKBNK.IS,4.196846961975098
2021-06-21,AKBNK.IS,4.228762149810791
2021-06-22,AKBNK.IS,4.284613609313965
2021-06-23,AKBNK.IS,4.260677337646484
2021-06-24,AKBNK.IS,4.300570964813232
2021-06-25,AKBNK.IS,4.260677337646484
2021-06-28,AKBNK.IS,4.25269889831543
2021-06-29,AKBNK.IS,4.244719982147217
2021-06-30,AKBNK.IS,4.212804794311523
2021-07-01,AKBNK.IS,4.292593002319336
2021-07-02,AKBNK.IS,4.25269889831543
2021-07-05,AKBNK.IS,4.3404645919799805
2021-07-06,AKBNK.IS,4.284613609313965
2021-07-07,AKBNK.IS,4.292593002319336
2021-07-08,AKBNK.IS,4.244719982147217
2021-07-09,AKBNK.IS,4.244719982147217
2021-07-12,AKBNK.IS,4.220783710479736
2021-07-13,AKBNK.IS,4.180889129638672
2021-07-14,AKBNK.IS,4.220783710479736
2021-07-16,AKBNK.IS,4.180889129638672
2021-07-19,AKBNK.IS,4.117059230804443
2021-07-26,AKBNK.IS,4.093122959136963
2021-07-27,AKBNK.IS,4.101101875305176
2021-07-28,AKBNK.IS,4.069186210632324
2021-07-29,AKBNK.IS,4.15695333480835
2021-07-30,AKBNK.IS,4.196846961975098
2021-08-02,AKBNK.IS,4.228762149810791
2021-08-03,AKBNK.IS,4.268656253814697
2021-08-04,AKBNK.IS,4.324507713317871
2021-08-05,AKBNK.IS,4.404295921325684
2021-08-06,AKBNK.IS,4.332486629486084
2021-08-09,AKBNK.IS,4.3165283203125
2021-08-10,AKBNK.IS,4.380359649658203
2021-08-11,AKBNK.IS,4.27663516998291
2021-08-12,AKBNK.IS,4.380359649658203
2021-08-13,AKBNK.IS,4.372380256652832
2021-08-16,AKBNK.IS,4.500041484832764
2021-08-17,AKBNK.IS,4.523977756500244
2021-08-18,AKBNK.IS,4.484083652496338
2021-08-19,AKBNK.IS,4.44419002532959
2021-08-20,AKBNK.IS,4.460147380828857
2021-08-23,AKBNK.IS,4.547913551330566
2021-08-24,AKBNK.IS,4.5558929443359375
2021-08-25,AKBNK.IS,4.547913551330566
2021-08-26,AKBNK.IS,4.53993558883667
2021-08-27,AKBNK.IS,4.571850776672363
2021-08-31,AKBNK.IS,4.6995110511779785
2021-09-01,AKBNK.IS,4.691532611846924
2021-09-02,AKBNK.IS,4.715468883514404
2021-09-03,AKBNK.IS,4.6995110511779785
2021-09-06,AKBNK.IS,4.715468883514404
2021-09-07,AKBNK.IS,4.651638507843018
2021-09-08,AKBNK.IS,4.500041484832764
2021-09-09,AKBNK.IS,4.57982873916626
2021-09-10,AKBNK.IS,4.500041484832764
2021-09-13,AKBNK.IS,4.508020401000977
2021-09-14,AKBNK.IS,4.508020401000977
2021-09-15,AKBNK.IS,4.436211109161377
2021-09-16,AKBNK.IS,4.420253753662109
2021-09-17,AKBNK.IS,4.428232192993164
2021-09-20,AKBNK.IS,4.268656253814697
2021-09-21,AKBNK.IS,4.292593002319336
2021-09-22,AKBNK.IS,4.372380256652832
2021-09-23,AKBNK.IS,4.228762149810791
2021-09-24,AKBNK.IS,4.101101875305176
2021-09-27,AKBNK.IS,4.140995502471924
2021-09-28,AKBNK.IS,4.125038146972656
2021-09-29,AKBNK.IS,4.180889129638672
2021-09-30,AKBNK.IS,4.25269889831543
2021-10-01,AKBNK.IS,4.228762149810791
2021-10-04,AKBNK.IS,4.212804794311523
2021-10-05,AKBNK.IS,4.204825401306152
2021-10-06,AKBNK.IS,4.164931297302246
2021-10-07,AKBNK.IS,4.212804794311523
2021-10-08,AKBNK.IS,4.196846961975098
2021-10-11,AKBNK.IS,4.244719982147217
2021-10-12,AKBNK.IS,4.236741542816162
2021-10-13,AKBNK.IS,4.188868045806885
2021-10-14,AKBNK.IS,4.188868045806885
2021-10-15,AKBNK.IS,4.101101875305176
2021-10-18,AKBNK.IS,4.053228378295898
2021-10-19,AKBNK.IS,4.172910690307617
2021-10-20,AKBNK.IS,4.228762149810791
2021-10-21,AKBNK.IS,4.244719982147217
2021-10-22,AKBNK.IS,4.348443984985352
2021-10-25,AKBNK.IS,4.420253753662109
2021-10-26,AKBNK.IS,4.452167987823486
2021-10-27,AKBNK.IS,4.611744403839111
2021-10-28,AKBNK.IS,4.675575256347656
2021-11-01,AKBNK.IS,4.747384071350098
2021-11-02,AKBNK.IS,4.843129634857178
2021-11-03,AKBNK.IS,4.946854114532471
2021-11-04,AKBNK.IS,5.042599678039551
2021-11-05,AKBNK.IS,5.050577640533447
2021-11-08,AKBNK.IS,5.082493305206299
2021-11-09,AKBNK.IS,5.026641845703125
2021-11-10,AKBNK.IS,5.106429576873779
2021-11-11,AKBNK.IS,5.026641845703125
2021-11-12,AKBNK.IS,5.058557510375977
2021-11-15,AKBNK.IS,5.561220645904541
2021-11-16,AKBNK.IS,5.609094142913818
2021-11-17,AKBNK.IS,5.672924518585205
2021-11-18,AKBNK.IS,5.784627437591553
2021-11-19,AKBNK.IS,5.768669605255127
2021-11-22,AKBNK.IS,5.736754894256592
2021-11-23,AKBNK.IS,5.505369663238525
2021-11-24,AKBNK.IS,5.56920051574707
2021-11-25,AKBNK.IS,5.4574971199035645
2021-11-26,AKBNK.IS,5.273984909057617
2021-11-29,AKBNK.IS,5.266005992889404
2021-11-30,AKBNK.IS,5.202175140380859
2021-12-01,AKBNK.IS,5.369729995727539
2021-12-02,AKBNK.IS,5.433559894561768
2021-12-03,AKBNK.IS,5.4894118309021
2021-12-06,AKBNK.IS,5.736754894256592
2021-12-07,AKBNK.IS,5.752711772918701
2021-12-08,AKBNK.IS,5.912288188934326
2021-12-09,AKBNK.IS,5.920267105102539
2021-12-10,AKBNK.IS,5.8005852699279785
2021-12-13,AKBNK.IS,5.992076396942139
2021-12-14,AKBNK.IS,6.311227798461914
2021-12-15,AKBNK.IS,6.279313087463379
2021-12-16,AKBNK.IS,6.558570861816406
2021-12-17,AKBNK.IS,5.904308795928955
2021-12-20,AKBNK.IS,5.8484578132629395
2021-12-21,AKBNK.IS,5.784627437591553
2021-12-22,AKBNK.IS,6.055906772613525
2021-12-23,AKBNK.IS,6.079843044281006
2021-12-24,AKBNK.IS,6.079843044281006
2021-12-27,AKBNK.IS,6.2473978996276855
2021-12-28,AKBNK.IS,5.87239408493042
2021-12-29,AKBNK.IS,5.864415168762207
2021-12-30,AKBNK.IS,5.8564372062683105
2021-12-31,AKBNK.IS,5.7447333335876465
2022-01-03,AKBNK.IS,5.8484578132629395
2022-01-04,AKBNK.IS,5.8005852699279785
2022-01-05,AKBNK.IS,5.8564372062683105
2022-01-06,AKBNK.IS,5.840479373931885
2022-01-07,AKBNK.IS,6.079843044281006
2022-01-10,AKBNK.IS,6.047927379608154
2022-01-11,AKBNK.IS,6.071864128112793
2022-01-12,AKBNK.IS,6.087821960449219
2022-01-13,AKBNK.IS,6.031970024108887
2022-01-14,AKBNK.IS,5.992076396942139
2022-01-17,AKBNK.IS,6.183567523956299
2022-01-18,AKBNK.IS,5.912288188934326
2022-01-19,AKBNK.IS,6.287291526794434
2022-01-20,AKBNK.IS,6.25537633895874
2022-01-21,AKBNK.IS,6.319206714630127
2022-01-24,AKBNK.IS,6.047927379608154
2022-01-25,AKBNK.IS,6.143672943115234
2022-01-26,AKBNK.IS,6.143672943115234
2022-01-27,AKBNK.IS,6.1915459632873535
2022-01-28,AKBNK.IS,6.167609691619873
2022-01-31,AKBNK.IS,6.414952754974365
2022-02-01,AKBNK.IS,6.383037567138672
2022-02-02,AKBNK.IS,6.478782653808594
2022-02-03,AKBNK.IS,6.199524402618408
2022-02-04,AKBNK.IS,6.23144006729126
2022-02-07,AKBNK.IS,6.25537633895874
2022-02-08,AKBNK.IS,6.319206714630127
2022-02-09,AKBNK.IS,6.486761093139648
2022-02-10,AKBNK.IS,6.414952754974365
2022-02-11,AKBNK.IS,6.478782653808594
2022-02-14,AKBNK.IS,6.367080211639404
2022-02-15,AKBNK.IS,6.4468674659729
2022-02-16,AKBNK.IS,6.335164546966553
2022-02-17,AKBNK.IS,6.25537633895874
2022-02-18,AKBNK.IS,6.343142986297607
2022-02-21,AKBNK.IS,6.319206714630127
2022-02-22,AKBNK.IS,6.2952704429626465
2022-02-23,AKBNK.IS,6.1915459632873535
2022-02-24,AKBNK.IS,5.577178001403809
2022-02-25,AKBNK.IS,5.720797538757324
2022-02-28,AKBNK.IS,5.609094142913818
2022-03-01,AKBNK.IS,5.617072105407715
2022-03-02,AKBNK.IS,5.6410088539123535
2022-03-03,AKBNK.IS,5.696860313415527
2022-03-04,AKBNK.IS,5.6011152267456055
2022-03-07,AKBNK.IS,5.529306411743164
2022-03-08,AKBNK.IS,5.505369663238525
2022-03-09,AKBNK.IS,5.664945602416992
2022-03-10,AKBNK.IS,5.585157871246338
2022-03-11,AKBNK.IS,5.6569671630859375
2022-03-14,AKBNK.IS,5.712818145751953
2022-03-15,AKBNK.IS,5.720797538757324
2022-03-16,AKBNK.IS,5.77664852142334
2022-03-17,AKBNK.IS,5.904308795928955
2022-03-18,AKBNK.IS,5.904308795928955
2022-03-21,AKBNK.IS,5.992076396942139
2022-03-22,AKBNK.IS,6.06388521194458
2022-03-23,AKBNK.IS,6.047927379608154
2022-03-24,AKBNK.IS,5.920267105102539
2022-03-25,AKBNK.IS,5.8005852699279785
2022-03-28,AKBNK.IS,5.760690689086914
2022-03-29,AKBNK.IS,5.8564372062683105
2022-03-30,AKBNK.IS,6.023716449737549
2022-03-31,AKBNK.IS,5.98251485824585
2022-04-01,AKBNK.IS,6.023716449737549
2022-04-04,AKBNK.IS,6.361571788787842
2022-04-05,AKBNK.IS,6.328610420227051
2022-04-06,AKBNK.IS,6.336850643157959
2022-04-07,AKBNK.IS,6.6252641677856445
2022-04-08,AKBNK.IS,7.004321575164795
2022-04-11,AKBNK.IS,7.539945602416992
2022-04-12,AKBNK.IS,7.506984710693359
2022-04-13,AKBNK.IS,7.40809965133667
2022-04-14,AKBNK.IS,7.614109039306641
2022-04-15,AKBNK.IS,7.745955467224121
2022-04-18,AKBNK.IS,7.861320972442627
2022-04-19,AKBNK.IS,7.7294745445251465
2022-04-20,AKBNK.IS,7.803638458251953
2022-04-21,AKBNK.IS,7.853079795837402
2022-04-22,AKBNK.IS,7.531705379486084
2022-04-25,AKBNK.IS,7.712993621826172
2022-04-26,AKBNK.IS,7.441061019897461
2022-04-27,AKBNK.IS,7.539945602416992
2022-04-28,AKBNK.IS,7.3916192054748535
2022-04-29,AKBNK.IS,7.350417137145996
2022-05-05,AKBNK.IS,7.235052108764648
2022-05-06,AKBNK.IS,7.185610294342041
2022-05-09,AKBNK.IS,7.136167049407959
2022-05-10,AKBNK.IS,7.185610294342041
2022-05-11,AKBNK.IS,6.97960090637207
2022-05-12,AKBNK.IS,6.814792633056641
2022-05-13,AKBNK.IS,6.798311710357666
2022-05-16,AKBNK.IS,6.567581653594971
2022-05-17,AKBNK.IS,6.4686970710754395
2022-05-18,AKBNK.IS,6.68294620513916
2022-05-20,AKBNK.IS,6.6252641677856445
2022-05-23,AKBNK.IS,6.724148750305176
2022-05-24,AKBNK.IS,6.641745090484619
2022-05-25,AKBNK.IS,6.732388973236084
2022-05-26,AKBNK.IS,6.7488694190979
2022-05-27,AKBNK.IS,6.641745090484619
2022-05-30,AKBNK.IS,6.78183126449585
2022-05-31,AKBNK.IS,6.888956069946289
2022-06-01,AKBNK.IS,6.971360206604004
2022-06-02,AKBNK.IS,7.276253700256348
2022-06-03,AKBNK.IS,7.218571186065674
2022-06-06,AKBNK.IS,7.498744487762451
2022-06-07,AKBNK.IS,7.309215545654297
2022-06-08,AKBNK.IS,6.814792633056641
2022-06-09,AKBNK.IS,6.8971967697143555
2022-06-10,AKBNK.IS,7.020802021026611
2022-06-13,AKBNK.IS,6.987840175628662
2022-06-14,AKBNK.IS,6.946638584136963
2022-06-15,AKBNK.IS,7.136167049407959
2022-06-16,AKBNK.IS,6.97960090637207
2022-06-17,AKBNK.IS,7.498744487762451
2022-06-20,AKBNK.IS,7.457542896270752
2022-06-21,AKBNK.IS,7.523465156555176
2022-06-22,AKBNK.IS,7.490504264831543
2022-06-23,AKBNK.IS,7.268012523651123
2022-06-24,AKBNK.IS,7.226812839508057
2022-06-27,AKBNK.IS,7.078484535217285
2022-06-28,AKBNK.IS,6.84775447845459
2022-06-29,AKBNK.IS,6.60878324508667
2022-06-30,AKBNK.IS,6.60878324508667
2022-07-01,AKBNK.IS,6.724148750305176
2022-07-04,AKBNK.IS,6.551100254058838
2022-07-05,AKBNK.IS,6.42749547958374
2022-07-06,AKBNK.IS,6.518138885498047
2022-07-07,AKBNK.IS,6.641745090484619
2022-07-08,AKBNK.IS,6.666466236114502
2022-07-13,AKBNK.IS,6.559340953826904
2022-07-14,AKBNK.IS,6.518138885498047
2022-07-18,AKBNK.IS,6.814792633056641
2022-07-19,AKBNK.IS,7.004321575164795
2022-07-20,AKBNK.IS,7.0537638664245605
2022-07-21,AKBNK.IS,7.070244789123535
2022-07-22,AKBNK.IS,7.119687080383301
2022-07-25,AKBNK.IS,7.375138759613037
2022-07-26,AKBNK.IS,7.177369594573975
2022-07-27,AKBNK.IS,7.276253700256348
2022-07-28,AKBNK.IS,7.012562274932861
2022-07-29,AKBNK.IS,7.111446380615234
2022-08-01,AKBNK.IS,7.292734622955322
2022-08-02,AKBNK.IS,7.243291854858398
2022-08-03,AKBNK.IS,7.3256964683532715
2022-08-04,AKBNK.IS,7.506984710693359
2022-08-05,AKBNK.IS,7.72123384475708
2022-08-08,AKBNK.IS,7.647069931030273
2022-08-09,AKBNK.IS,7.811877727508545
2022-08-10,AKBNK.IS,8.075571060180664
2022-08-11,AKBNK.IS,8.29806137084961
2022-08-12,AKBNK.IS,8.240377426147461
2022-08-15,AKBNK.IS,8.421667098999023
2022-08-16,AKBNK.IS,8.718320846557617
2022-08-17,AKBNK.IS,9.319868087768555
2022-08-18,AKBNK.IS,9.09737777709961
2022-08-19,AKBNK.IS,8.734801292419434
2022-08-22,AKBNK.IS,8.866647720336914
2022-08-23,AKBNK.IS,9.459953308105469
2022-08-24,AKBNK.IS,9.122097969055176
2022-08-25,AKBNK.IS,9.871973037719727
2022-08-26,AKBNK.IS,9.871973037719727
2022-08-29,AKBNK.IS,9.797810554504395
2022-08-31,AKBNK.IS,9.657724380493164
2022-09-01,AKBNK.IS,9.764848709106445
2022-09-02,AKBNK.IS,10.737213134765625
2022-09-05,AKBNK.IS,11.693096160888672
2022-09-06,AKBNK.IS,12.830268859863281
2022-09-07,AKBNK.IS,12.929152488708496
2022-09-08,AKBNK.IS,12.484172821044922
2022-09-09,AKBNK.IS,13.118681907653809
2022-09-12,AKBNK.IS,14.428901672363281
2022-09-13,AKBNK.IS,12.986835479736328
2022-09-14,AKBNK.IS,11.693096160888672
2022-09-15,AKBNK.IS,10.531203269958496
2022-09-16,AKBNK.IS,10.045021057128906
2022-09-19,AKBNK.IS,9.113858222961426
2022-09-20,AKBNK.IS,9.789568901062012
2022-09-21,AKBNK.IS,9.492916107177734
2022-09-22,AKBNK.IS,9.575319290161133
2022-09-23,AKBNK.IS,9.295146942138672
2022-09-26,AKBNK.IS,9.352829933166504
2022-09-27,AKBNK.IS,9.740127563476562
2022-09-28,AKBNK.IS,9.41051197052002
2022-09-29,AKBNK.IS,9.278665542602539
2022-09-30,AKBNK.IS,9.303386688232422
2022-10-03,AKBNK.IS,10.226308822631836
2022-10-04,AKBNK.IS,10.20158863067627
2022-10-05,AKBNK.IS,10.193347930908203
2022-10-06,AKBNK.IS,10.630087852478027
2022-10-07,AKBNK.IS,10.597126960754395
2022-10-10,AKBNK.IS,10.539443969726562
2022-10-11,AKBNK.IS,10.761934280395508
2022-10-12,AKBNK.IS,10.654809951782227
2022-10-13,AKBNK.IS,10.720731735229492
2022-10-14,AKBNK.IS,11.124510765075684
2022-10-17,AKBNK.IS,12.23696231842041
2022-10-18,AKBNK.IS,12.434731483459473
2022-10-19,AKBNK.IS,12.945633888244629
2022-10-20,AKBNK.IS,12.978595733642578
2022-10-21,AKBNK.IS,12.813788414001465
2022-10-24,AKBNK.IS,12.739624977111816
2022-10-25,AKBNK.IS,12.789066314697266
2022-10-26,AKBNK.IS,13.003316879272461
2022-10-27,AKBNK.IS,12.550095558166504
2022-10-28,AKBNK.IS,12.09687614440918
2022-10-31,AKBNK.IS,12.047432899475098
2022-11-01,AKBNK.IS,11.989749908447266
2022-11-02,AKBNK.IS,11.907346725463867
2022-11-03,AKBNK.IS,11.693096160888672
2022-11-04,AKBNK.IS,12.006231307983398
2022-11-07,AKBNK.IS,12.55833625793457
2022-11-08,AKBNK.IS,12.533615112304688
2022-11-09,AKBNK.IS,12.311123847961426
2022-11-10,AKBNK.IS,12.714903831481934
2022-11-11,AKBNK.IS,12.344086647033691
2022-11-14,AKBNK.IS,12.550095558166504
2022-11-15,AKBNK.IS,13.34117317199707
2022-11-16,AKBNK.IS,13.736711502075195
2022-11-17,AKBNK.IS,13.07748031616211
2022-11-18,AKBNK.IS,13.39061450958252
2022-11-21,AKBNK.IS,13.621346473693848
2022-11-22,AKBNK.IS,13.983920097351074
2022-11-23,AKBNK.IS,14.527785301208496
2022-11-24,AKBNK.IS,14.17345142364502
2022-11-25,AKBNK.IS,13.860315322875977
2022-11-28,AKBNK.IS,14.412422180175781
2022-11-29,AKBNK.IS,14.519546508789062
2022-11-30,AKBNK.IS,14.264093399047852
2022-12-01,AKBNK.IS,14.362979888916016
2022-12-02,AKBNK.IS,13.893277168273926
2022-12-05,AKBNK.IS,13.415335655212402
2022-12-06,AKBNK.IS,13.374133110046387
2022-12-07,AKBNK.IS,12.978595733642578
2022-12-08,AKBNK.IS,13.34941291809082
2022-12-09,AKBNK.IS,13.736711502075195
2022-12-12,AKBNK.IS,14.470104217529297
2022-12-13,AKBNK.IS,14.387699127197266
2022-12-14,AKBNK.IS,14.247614860534668
2022-12-15,AKBNK.IS,15.24470043182373
2022-12-16,AKBNK.IS,15.467190742492676
2022-12-19,AKBNK.IS,16.89277458190918
2022-12-20,AKBNK.IS,16.480754852294922
2022-12-21,AKBNK.IS,16.439556121826172
2022-12-22,AKBNK.IS,16.35715103149414
2022-12-23,AKBNK.IS,16.250024795532227
2022-12-26,AKBNK.IS,16.414833068847656
2022-12-27,AKBNK.IS,16.175861358642578
2022-12-28,AKBNK.IS,15.763843536376953
2022-12-29,AKBNK.IS,16.25826644897461
2022-12-30,AKBNK.IS,16.10993766784668
2023-01-02,AKBNK.IS,16.497238159179688
2023-01-03,AKBNK.IS,16.134660720825195
2023-01-04,AKBNK.IS,16.19234275817871
2023-01-05,AKBNK.IS,15.714400291442871
2023-01-06,AKBNK.IS,15.40950870513916
2023-01-09,AKBNK.IS,14.67611312866211
2023-01-10,AKBNK.IS,14.033364295959473
2023-01-11,AKBNK.IS,13.267009735107422
2023-01-12,AKBNK.IS,13.72022819519043
2023-01-13,AKBNK.IS,13.637825965881348
2023-01-16,AKBNK.IS,14.231135368347168
2023-01-17,AKBNK.IS,14.437142372131348
2023-01-18,AKBNK.IS,14.305296897888184
2023-01-19,AKBNK.IS,14.494824409484863
2023-01-20,AKBNK.IS,15.417747497558594
2023-01-23,AKBNK.IS,15.30238151550293
2023-01-24,AKBNK.IS,15.088133811950684
2023-01-25,AKBNK.IS,14.618431091308594
2023-01-26,AKBNK.IS,14.049843788146973
2023-01-27,AKBNK.IS,13.72022819519043
2023-01-30,AKBNK.IS,14.033364295959473
2023-01-31,AKBNK.IS,13.99216079711914
2023-02-01,AKBNK.IS,12.813788414001465
2023-02-02,AKBNK.IS,12.41001033782959
2023-02-03,AKBNK.IS,13.604865074157715
2023-02-06,AKBNK.IS,13.34941291809082
2023-02-07,AKBNK.IS,12.11335563659668
2023-02-08,AKBNK.IS,11.28931713104248
2023-02-15,AKBNK.IS,13.324691772460938
2023-02-16,AKBNK.IS,13.267009735107422
2023-02-17,AKBNK.IS,13.17636489868164
2023-02-20,AKBNK.IS,13.17636489868164
2023-02-21,AKBNK.IS,13.102200508117676
2023-02-22,AKBNK.IS,13.234046936035156
2023-02-23,AKBNK.IS,13.275249481201172
2023-02-24,AKBNK.IS,13.151644706726074
2023-02-27,AKBNK.IS,14.272334098815918
2023-02-28,AKBNK.IS,14.420661926269531
2023-03-01,AKBNK.IS,14.511307716369629
2023-03-02,AKBNK.IS,14.618431091308594
2023-03-03,AKBNK.IS,14.346498489379883
2023-03-06,AKBNK.IS,15.45071029663086
2023-03-07,AKBNK.IS,15.343583106994629
2023-03-08,AKBNK.IS,16.423072814941406
2023-03-09,AKBNK.IS,16.324190139770508
2023-03-10,AKBNK.IS,16.08521842956543
2023-03-13,AKBNK.IS,15.40950870513916
2023-03-14,AKBNK.IS,15.285900115966797
2023-03-15,AKBNK.IS,15.327104568481445
2023-03-16,AKBNK.IS,15.557833671569824
2023-03-17,AKBNK.IS,15.005727767944336
2023-03-20,AKBNK.IS,14.95628547668457
2023-03-21,AKBNK.IS,14.494824409484863
2023-03-22,AKBNK.IS,14.774998664855957
2023-03-23,AKBNK.IS,15.088133811950684
2023-03-24,AKBNK.IS,14.832679748535156
2023-03-27,AKBNK.IS,15.121092796325684
2023-03-28,AKBNK.IS,14.651392936706543
2023-03-29,AKBNK.IS,15.368306159973145
2023-03-30,AKBNK.IS,15.168481826782227
2023-03-31,AKBNK.IS,15.386472702026367
2023-04-03,AKBNK.IS,15.459135055541992
2023-04-04,AKBNK.IS,15.767953872680664
2023-04-05,AKBNK.IS,15.313807487487793
2023-04-06,AKBNK.IS,15.123064994812012
2023-04-07,AKBNK.IS,15.28656005859375
2023-04-10,AKBNK.IS,15.686209678649902
2023-04-11,AKBNK.IS,16.213016510009766
2023-04-12,AKBNK.IS,16.612667083740234
2023-04-13,AKBNK.IS,16.213016510009766
2023-04-14,AKBNK.IS,15.958694458007812
2023-04-17,AKBNK.IS,16.240266799926758
2023-04-18,AKBNK.IS,16.322011947631836
2023-04-19,AKBNK.IS,16.785240173339844
2023-04-20,AKBNK.IS,16.076772689819336
2023-04-24,AKBNK.IS,16.058609008789062
2023-04-25,AKBNK.IS,15.66804027557373
2023-04-26,AKBNK.IS,15.313807487487793
2023-04-27,AKBNK.IS,15.440969467163086
2023-04-28,AKBNK.IS,14.57809066772461
2023-05-02,AKBNK.IS,14.232940673828125
2023-05-03,AKBNK.IS,14.096695899963379
2023-05-04,AKBNK.IS,14.114861488342285
2023-05-05,AKBNK.IS,13.842373847961426
2023-05-08,AKBNK.IS,14.977740287780762
2023-05-09,AKBNK.IS,15.177562713623047
2023-05-10,AKBNK.IS,15.268392562866211
2023-05-11,AKBNK.IS,16.794322967529297
2023-05-12,AKBNK.IS,17.520957946777344
2023-05-15,AKBNK.IS,15.777036666870117
2023-05-16,AKBNK.IS,14.323770523071289
2023-05-17,AKBNK.IS,14.151193618774414
2023-05-18,AKBNK.IS,13.606218338012695
2023-05-22,AKBNK.IS,13.115739822387695
2023-05-23,AKBNK.IS,13.079408645629883
2023-05-24,AKBNK.IS,12.670677185058594
2023-05-25,AKBNK.IS,12.988579750061035
2023-05-26,AKBNK.IS,13.1793212890625
2023-05-29,AKBNK.IS,13.524473190307617
2023-05-30,AKBNK.IS,14.868744850158691
2023-05-31,AKBNK.IS,14.351018905639648
2023-06-01,AKBNK.IS,14.841495513916016
2023-06-02,AKBNK.IS,15.940529823303223
2023-06-05,AKBNK.IS,16.503671646118164
2023-06-06,AKBNK.IS,16.385595321655273
2023-06-07,AKBNK.IS,16.703495025634766
2023-06-08,AKBNK.IS,16.939651489257812
2023-06-09,AKBNK.IS,16.767074584960938
2023-06-12,AKBNK.IS,16.42192268371582
2023-06-13,AKBNK.IS,16.376510620117188
2023-06-14,AKBNK.IS,16.685331344604492
2023-06-15,AKBNK.IS,17.466459274291992
2023-06-16,AKBNK.IS,17.15764045715332
2023-06-19,AKBNK.IS,16.812490463256836
2023-06-20,AKBNK.IS,17.293886184692383
2023-06-21,AKBNK.IS,17.53912353515625
2023-06-22,AKBNK.IS,17.430130004882812
2023-06-23,AKBNK.IS,17.97510528564453
2023-06-26,AKBNK.IS,18.54732894897461
2023-06-27,AKBNK.IS,18.347503662109375
2023-07-03,AKBNK.IS,18.801651000976562
2023-07-04,AKBNK.IS,19.164966583251953
2023-07-05,AKBNK.IS,18.946977615356445
2023-07-06,AKBNK.IS,18.583660125732422
2023-07-07,AKBNK.IS,18.402000427246094
2023-07-10,AKBNK.IS,18.619991302490234
2023-07-11,AKBNK.IS,19.873435974121094
2023-07-12,AKBNK.IS,20.981552124023438
2023-07-13,AKBNK.IS,22.19866371154785
2023-07-14,AKBNK.IS,22.489316940307617
2023-07-17,AKBNK.IS,22.99795913696289
2023-07-18,AKBNK.IS,21.363035202026367
2023-07-19,AKBNK.IS,22.725475311279297
2023-07-20,AKBNK.IS,22.4348201751709
2023-07-21,AKBNK.IS,21.76268196105957
2023-07-24,AKBNK.IS,22.52564811706543
2023-07-25,AKBNK.IS,22.616477966308594
2023-07-26,AKBNK.IS,22.707305908203125
2023-07-27,AKBNK.IS,24.015249252319336
2023-07-28,AKBNK.IS,25.940826416015625
2023-07-31,AKBNK.IS,25.377687454223633
2023-08-01,AKBNK.IS,24.578388214111328
2023-08-02,AKBNK.IS,25.468517303466797
2023-08-03,AKBNK.IS,24.778215408325195
2023-08-04,AKBNK.IS,25.704669952392578
2023-08-07,AKBNK.IS,25.541179656982422
2023-08-08,AKBNK.IS,25.5775089263916
2023-08-09,AKBNK.IS,28.1207275390625
2023-08-10,AKBNK.IS,27.848241806030273
2023-08-11,AKBNK.IS,28.048065185546875
2023-08-14,AKBNK.IS,27.43042755126953
2023-08-15,AKBNK.IS,27.575754165649414
2023-08-16,AKBNK.IS,27.048946380615234
2023-08-17,AKBNK.IS,27.394094467163086
2023-08-18,AKBNK.IS,26.03165626525879
2023-08-21,AKBNK.IS,25.741003036499023
2023-08-22,AKBNK.IS,24.978038787841797
2023-08-23,AKBNK.IS,25.123363494873047
2023-08-24,AKBNK.IS,27.630250930786133
2023-08-25,AKBNK.IS,27.19426918029785
2023-08-28,AKBNK.IS,27.067108154296875
2023-08-29,AKBNK.IS,27.43042755126953
2023-08-31,AKBNK.IS,26.14065170288086
2023-09-01,AKBNK.IS,26.685625076293945
2023-09-04,AKBNK.IS,27.448593139648438
2023-09-05,AKBNK.IS,28.66570472717285
2023-09-06,AKBNK.IS,28.52037811279297
2023-09-07,AKBNK.IS,29.62849235534668
2023-09-08,AKBNK.IS,29.337839126586914
2023-09-11,AKBNK.IS,27.81191062927246
2023-09-12,AKBNK.IS,26.90361976623535
2023-09-13,AKBNK.IS,26.46763801574707
2023-09-14,AKBNK.IS,26.158817291259766
2023-09-15,AKBNK.IS,25.831832885742188
2023-09-18,AKBNK.IS,25.92266273498535
2023-09-19,AKBNK.IS,26.322309494018555
2023-09-20,AKBNK.IS,26.88545036315918
2023-09-21,AKBNK.IS,28.338720321655273
2023-09-22,AKBNK.IS,27.975400924682617
2023-09-25,AKBNK.IS,29.265178680419922
2023-09-26,AKBNK.IS,28.774700164794922
2023-09-27,AKBNK.IS,28.66570472717285
2023-09-28,AKBNK.IS,29.101686477661133
2023-09-29,AKBNK.IS,30.391460418701172
2023-10-02,AKBNK.IS,31.317916870117188
2023-10-03,AKBNK.IS,30.79111099243164
2023-10-04,AKBNK.IS,30.373292922973633
2023-10-05,AKBNK.IS,31.0635986328125
2023-10-06,AKBNK.IS,30.5731201171875
2023-10-09,AKBNK.IS,29.3015079498291
2023-10-10,AKBNK.IS,30.100805282592773
2023-10-11,AKBNK.IS,30.264301300048828
2023-10-12,AKBNK.IS,29.900981903076172
2023-10-13,AKBNK.IS,28.702037811279297
2023-10-16,AKBNK.IS,28.738367080688477
2023-10-17,AKBNK.IS,29.265178680419922
2023-10-18,AKBNK.IS,28.429546356201172
2023-10-19,AKBNK.IS,28.08439826965332
2023-10-20,AKBNK.IS,27.176105499267578
2023-10-23,AKBNK.IS,27.70291519165039
2023-10-24,AKBNK.IS,28.756532669067383
2023-10-25,AKBNK.IS,26.88545036315918
2023-10-26,AKBNK.IS,27.975400924682617
2023-10-27,AKBNK.IS,28.08439826965332
2023-10-30,AKBNK.IS,27.448593139648438
2023-10-31,AKBNK.IS,26.758289337158203
2023-11-01,AKBNK.IS,26.9399471282959
2023-11-02,AKBNK.IS,27.26693344116211
2023-11-03,AKBNK.IS,27.248769760131836
2023-11-06,AKBNK.IS,27.75741195678711
2023-11-07,AKBNK.IS,27.466758728027344
2023-11-08,AKBNK.IS,27.067108154296875
2023-11-09,AKBNK.IS,26.667463302612305
2023-11-10,AKBNK.IS,26.322309494018555
2023-11-13,AKBNK.IS,25.43218421936035
2023-11-14,AKBNK.IS,25.940826416015625
2023-11-15,AKBNK.IS,25.97715950012207
2023-11-16,AKBNK.IS,27.230602264404297
2023-11-17,AKBNK.IS,27.321430206298828
2023-11-20,AKBNK.IS,27.648418426513672
2023-11-21,AKBNK.IS,28.102563858032227
2023-11-22,AKBNK.IS,28.048065185546875
2023-11-23,AKBNK.IS,28.574872970581055
2023-11-24,AKBNK.IS,28.938190460205078
2023-11-27,AKBNK.IS,31.154422760009766
2023-11-28,AKBNK.IS,30.70027732849121
2023-11-29,AKBNK.IS,30.80927276611328
2023-11-30,AKBNK.IS,30.554950714111328
2023-12-01,AKBNK.IS,31.663070678710938
2023-12-04,AKBNK.IS,32.89834976196289
2023-12-05,AKBNK.IS,33.2071647644043
2023-12-06,AKBNK.IS,33.15266799926758
2023-12-07,AKBNK.IS,32.58952713012695
2023-12-08,AKBNK.IS,31.753896713256836
2023-12-11,AKBNK.IS,31.69940185546875
2023-12-12,AKBNK.IS,33.82480239868164
2023-12-13,AKBNK.IS,33.40699005126953
2023-12-14,AKBNK.IS,34.82392501831055
2023-12-15,AKBNK.IS,35.514225006103516
2023-12-18,AKBNK.IS,35.78671646118164
2023-12-19,AKBNK.IS,35.31440353393555
2023-12-20,AKBNK.IS,36.277191162109375
2023-12-21,AKBNK.IS,35.514225006103516
2023-12-22,AKBNK.IS,35.5687255859375
2023-12-25,AKBNK.IS,34.55144119262695
2023-12-26,AKBNK.IS,34.22445297241211
2023-12-27,AKBNK.IS,32.58952713012695
2023-12-28,AKBNK.IS,32.73485565185547
2023-12-29,AKBNK.IS,33.170833587646484
2024-01-02,AKBNK.IS,33.18899917602539
2024-01-03,AKBNK.IS,32.09905242919922
2024-01-04,AKBNK.IS,32.97100830078125
2024-01-05,AKBNK.IS,33.40699005126953
2024-01-08,AKBNK.IS,36.73133850097656
2024-01-09,AKBNK.IS,36.186363220214844
2024-01-10,AKBNK.IS,37.00382995605469
2024-01-11,AKBNK.IS,37.34897994995117
2024-01-12,AKBNK.IS,39.292720794677734
2024-01-15,AKBNK.IS,39.220062255859375
2024-01-16,AKBNK.IS,37.966617584228516
2024-01-17,AKBNK.IS,38.148277282714844
2024-01-18,AKBNK.IS,37.25815200805664
2024-01-19,AKBNK.IS,37.167320251464844
2024-01-22,AKBNK.IS,36.386192321777344
2024-01-23,AKBNK.IS,34.66043472290039
2024-01-24,AKBNK.IS,36.69500732421875
2024-01-25,AKBNK.IS,36.64051055908203
2024-01-26,AKBNK.IS,36.622344970703125
2024-01-29,AKBNK.IS,36.02286911010742
2024-01-30,AKBNK.IS,36.02286911010742
2024-01-31,AKBNK.IS,35.913875579833984
2024-02-01,AKBNK.IS,36.404354095458984
2024-02-02,AKBNK.IS,35.65955352783203
2024-02-05,AKBNK.IS,36.531517028808594
2024-02-06,AKBNK.IS,37.27631759643555
2024-02-07,AKBNK.IS,36.73133850097656
2024-02-08,AKBNK.IS,36.676841735839844
2024-02-09,AKBNK.IS,36.56784439086914
2024-02-12,AKBNK.IS,37.385311126708984
2024-02-13,AKBNK.IS,36.80400085449219
2024-02-14,AKBNK.IS,37.23998260498047
2024-02-15,AKBNK.IS,38.021114349365234
2024-02-16,AKBNK.IS,37.67596435546875
2024-02-19,AKBNK.IS,37.73046112060547
2024-02-20,AKBNK.IS,39.147396087646484
2024-02-21,AKBNK.IS,39.510711669921875
2024-02-22,AKBNK.IS,38.45709991455078
2024-02-23,AKBNK.IS,38.96574401855469
2024-02-26,AKBNK.IS,37.839454650878906
2024-02-27,AKBNK.IS,37.78495788574219
2024-02-28,AKBNK.IS,36.749507904052734
2024-02-29,AKBNK.IS,37.76679611206055
2024-03-01,AKBNK.IS,36.60417938232422
2024-03-04,AKBNK.IS,35.44156265258789
2024-03-05,AKBNK.IS,35.768550872802734
2024-03-06,AKBNK.IS,35.15091323852539
2024-03-07,AKBNK.IS,37.20364761352539
2024-03-08,AKBNK.IS,38.00294876098633
2024-03-11,AKBNK.IS,38.874908447265625
2024-03-12,AKBNK.IS,39.765037536621094
2024-03-13,AKBNK.IS,37.966617584228516
2024-03-14,AKBNK.IS,36.840335845947266
2024-03-15,AKBNK.IS,36.077369689941406
2024-03-18,AKBNK.IS,36.4588508605957
2024-03-19,AKBNK.IS,38.43893051147461
2024-03-20,AKBNK.IS,38.729583740234375
2024-03-21,AKBNK.IS,40.90948486328125
2024-03-22,AKBNK.IS,41.617950439453125
2024-03-25,AKBNK.IS,41.78144454956055
2024-03-26,AKBNK.IS,41.96863555908203
2024-03-27,AKBNK.IS,42.082374572753906
2024-03-28,AKBNK.IS,44.338138580322266
2024-03-29,AKBNK.IS,44.338138580322266
2024-04-01,AKBNK.IS,45.304893493652344
2024-04-02,AKBNK.IS,46.72659683227539
2024-04-03,AKBNK.IS,46.669734954833984
2024-04-04,AKBNK.IS,49.6647834777832
2024-04-05,AKBNK.IS,52.74513626098633
2024-04-08,AKBNK.IS,52.60296630859375
2024-04-09,AKBNK.IS,52.99562726702009
2024-04-15,AKBNK.IS,55.351593017578125
2024-04-16,AKBNK.IS,52.9346923828125
2024-04-17,AKBNK.IS,53.1242561340332
2024-04-18,AKBNK.IS,55.49375915527344
2024-04-19,AKBNK.IS,59.237571716308594
2024-04-22,AKBNK.IS,56.72590255737305
2024-04-24,AKBNK.IS,57.152408599853516
2024-04-25,AKBNK.IS,54.45117950439453
2024-04-26,AKBNK.IS,55.96765899658203
2024-04-29,AKBNK.IS,57.199798583984375
2024-04-30,AKBNK.IS,56.34678268432617
2024-05-02,AKBNK.IS,55.11463928222656
2024-05-03,AKBNK.IS,56.915462493896484
2024-05-06,AKBNK.IS,57.10502243041992
2024-05-07,AKBNK.IS,58.384552001953125
2024-05-08,AKBNK.IS,56.868072509765625
2024-05-09,AKBNK.IS,56.29939270019531
2024-05-10,AKBNK.IS,54.78290939331055
2024-05-13,AKBNK.IS,53.076866149902344
2024-05-14,AKBNK.IS,54.49856948852539
2024-05-15,AKBNK.IS,54.214229583740234
2024-05-16,AKBNK.IS,56.06243896484375
2024-05-17,AKBNK.IS,59.616695404052734
2024-05-20,AKBNK.IS,61.1331787109375
2024-05-21,AKBNK.IS,63.83441162109375
2024-05-22,AKBNK.IS,62.79182815551758
2024-05-23,AKBNK.IS,63.076171875
2024-05-24,AKBNK.IS,63.028778076171875
2024-05-27,AKBNK.IS,64.45048522949219
2024-05-28,AKBNK.IS,66.15652465820312
2024-05-29,AKBNK.IS,62.55487823486328
2024-05-30,AKBNK.IS,62.270538330078125
2024-05-31,AKBNK.IS,62.933998107910156
2024-06-03,AKBNK.IS,63.3131217956543
2024-06-04,AKBNK.IS,60.18537521362305
2024-06-05,AKBNK.IS,59.095401763916016
2024-06-06,AKBNK.IS,57.958045959472656
2024-06-07,AKBNK.IS,56.20460891723633
2024-06-10,AKBNK.IS,56.34678268432617
2024-06-11,AKBNK.IS,57.43675231933594
2024-06-12,AKBNK.IS,58.9532356262207
2024-06-13,AKBNK.IS,58.289772033691406
2024-06-14,AKBNK.IS,57.91065216064453
2024-06-20,AKBNK.IS,60.4697151184082
2024-06-21,AKBNK.IS,62.55487823486328
2024-06-24,AKBNK.IS,63.64485549926758
2024-06-25,AKBNK.IS,61.796634674072266
2024-06-26,AKBNK.IS,61.417518615722656
2024-06-27,AKBNK.IS,63.360511779785156
2024-06-28,AKBNK.IS,60.706668853759766
2024-07-01,AKBNK.IS,58.716285705566406
2024-07-02,AKBNK.IS,59.4271354675293
2024-07-03,AKBNK.IS,62.79182815551758
2024-07-04,AKBNK.IS,63.7396354675293
2024-07-05,AKBNK.IS,63.26573181152344
2024-07-08,AKBNK.IS,64.1661376953125
2024-07-09,AKBNK.IS,61.22795486450195
2024-07-10,AKBNK.IS,60.65927505493164
2024-07-11,AKBNK.IS,63.21833419799805
2024-07-12,AKBNK.IS,63.21833419799805
2024-07-16,AKBNK.IS,64.73482513427734
2024-07-17,AKBNK.IS,64.30830383300781
2024-07-18,AKBNK.IS,64.6400375366211
2024-07-19,AKBNK.IS,65.16133117675781
2024-07-22,AKBNK.IS,65.68262481689453
2024-07-23,AKBNK.IS,65.68262481689453
2024-07-24,AKBNK.IS,63.97658157348633
2024-07-25,AKBNK.IS,62.12837219238281
2024-07-26,AKBNK.IS,62.22315216064453
2024-07-29,AKBNK.IS,61.27534866333008
2024-07-30,AKBNK.IS,59.474525451660156
2024-07-31,AKBNK.IS,58.66889572143555
2024-08-01,AKBNK.IS,59.901039123535156
2024-08-02,AKBNK.IS,57.05763244628906
2024-08-05,AKBNK.IS,53.92988967895508
2024-08-06,AKBNK.IS,52.74513626098633
2024-08-07,AKBNK.IS,52.79252624511719
2024-08-08,AKBNK.IS,52.9346923828125
2024-08-09,AKBNK.IS,50.186073303222656
2024-08-12,AKBNK.IS,51.370826721191406
2024-08-13,AKBNK.IS,52.83991622924805
2024-08-14,AKBNK.IS,53.26642990112305
2024-08-15,AKBNK.IS,55.30419921875
2024-08-16,AKBNK.IS,53.88249588012695
2024-08-19,AKBNK.IS,57.10502243041992
2024-08-20,AKBNK.IS,56.773292541503906
2024-08-21,AKBNK.IS,56.06243896484375
2024-08-22,AKBNK.IS,56.441558837890625
2024-08-23,AKBNK.IS,55.06724548339844
2024-08-26,AKBNK.IS,55.44636917114258
2024-08-27,AKBNK.IS,56.01504898071289
2024-08-28,AKBNK.IS,55.63593292236328
2024-08-29,AKBNK.IS,55.25680923461914
2024-09-02,AKBNK.IS,58.24238204956055
2024-09-03,AKBNK.IS,57.76848602294922
2024-09-04,AKBNK.IS,57.91065216064453
2024-09-05,AKBNK.IS,57.43675231933594
2024-09-06,AKBNK.IS,56.53634262084961
2024-09-09,AKBNK.IS,55.01985549926758
2024-09-10,AKBNK.IS,53.503379821777344
2024-09-11,AKBNK.IS,52.41340637207031
2024-09-12,AKBNK.IS,53.835105895996094
2024-09-13,AKBNK.IS,53.645545959472656
2024-09-16,AKBNK.IS,53.26642990112305
2024-09-17,AKBNK.IS,54.83029556274414
2024-09-18,AKBNK.IS,55.49375915527344
2024-09-19,AKBNK.IS,58.14760208129883
2024-09-20,AKBNK.IS,57.0102424621582
2024-09-23,AKBNK.IS,58.05282211303711
2024-09-24,AKBNK.IS,60.51710510253906
2024-09-25,AKBNK.IS,60.56449890136719
2024-09-26,AKBNK.IS,59.80625534057617
2024-09-27,AKBNK.IS,60.232765197753906
2024-09-30,AKBNK.IS,58.384552001953125
2024-10-01,AKBNK.IS,54.640743255615234
2024-10-02,AKBNK.IS,50.09129333496094
2024-10-03,AKBNK.IS,48.85914993286133
2024-10-04,AKBNK.IS,51.512996673583984
2024-10-07,AKBNK.IS,52.74513626098633
2024-10-08,AKBNK.IS,53.1242561340332
2024-10-09,AKBNK.IS,54.214229583740234
2024-10-10,AKBNK.IS,52.83991622924805
2024-10-11,AKBNK.IS,52.65035629272461
2024-10-14,AKBNK.IS,51.08648681640625
2024-10-15,AKBNK.IS,51.512996673583984
2024-10-16,AKBNK.IS,51.6551628112793
2024-10-17,AKBNK.IS,50.47041702270508
2024-10-18,AKBNK.IS,47.532230377197266
2024-10-21,AKBNK.IS,45.930442810058594
2024-10-22,AKBNK.IS,47.295284271240234
2024-10-23,AKBNK.IS,46.555992126464844
2024-10-24,AKBNK.IS,47.08676528930664
2024-10-25,AKBNK.IS,47.37110137939453
2024-10-28,AKBNK.IS,47.35214614868164
2024-10-30,AKBNK.IS,48.33786392211914
2024-10-31,AKBNK.IS,47.958740234375
2024-11-01,AKBNK.IS,47.31423568725586
2024-11-04,AKBNK.IS,44.50874328613281
2024-11-05,AKBNK.IS,43.97797775268555
2024-11-06,AKBNK.IS,44.982643127441406
2024-11-07,AKBNK.IS,45.87358093261719
2024-11-08,AKBNK.IS,48.52742004394531
2024-11-11,AKBNK.IS,49.806949615478516
2024-11-12,AKBNK.IS,50.233463287353516
2024-11-13,AKBNK.IS,51.08648681640625
2024-11-14,AKBNK.IS,52.5081901550293
2024-11-15,AKBNK.IS,51.98689270019531
2024-11-18,AKBNK.IS,52.176456451416016
2024-11-19,AKBNK.IS,50.75475311279297
2024-11-20,AKBNK.IS,49.475223541259766
2024-11-21,AKBNK.IS,53.92988967895508
2024-11-22,AKBNK.IS,57.43675231933594
2024-11-25,AKBNK.IS,56.488948822021484
2024-11-26,AKBNK.IS,56.10982894897461
2024-11-27,AKBNK.IS,56.34678268432617
2024-11-28,AKBNK.IS,56.58373260498047
2024-11-29,AKBNK.IS,57.673702239990234
2024-12-02,AKBNK.IS,57.81587219238281
2024-12-03,AKBNK.IS,60.090599060058594
2024-12-04,AKBNK.IS,59.474525451660156
2024-12-05,AKBNK.IS,60.13798522949219
2024-12-06,AKBNK.IS,61.891422271728516
2024-12-09,AKBNK.IS,62.8866081237793
2024-12-10,AKBNK.IS,61.74924850463867
2024-12-11,AKBNK.IS,60.56449890136719
2024-12-12,AKBNK.IS,60.327545166015625
2024-12-13,AKBNK.IS,60.232765197753906
2024-12-16,AKBNK.IS,59.4271354675293
2024-12-17,AKBNK.IS,59.4271354675293
2024-12-18,AKBNK.IS,59.616695404052734
2024-12-19,AKBNK.IS,57.958045959472656
2024-12-20,AKBNK.IS,57.531532287597656
2024-12-23,AKBNK.IS,56.20460891723633
2024-12-24,AKBNK.IS,57.10502243041992
2024-12-25,AKBNK.IS,61.65446853637695
2024-12-26,AKBNK.IS,62.22315216064453
2024-12-27,AKBNK.IS,62.79182815551758
2024-12-30,AKBNK.IS,62.22315216064453
2024-12-31,AKBNK.IS,61.46490478515625
2015-03-11,BIMAS.IS,7.95467472076416
2015-03-12,BIMAS.IS,7.883011341094971
2015-03-13,BIMAS.IS,7.739683628082275
2015-03-16,BIMAS.IS,7.909883975982666
2015-03-17,BIMAS.IS,7.963634490966797
2015-03-18,BIMAS.IS,8.160707473754883
2015-03-19,BIMAS.IS,8.11591625213623
2015-03-20,BIMAS.IS,8.357784271240234
2015-03-23,BIMAS.IS,8.330909729003906
2015-03-24,BIMAS.IS,8.133832931518555
2015-03-25,BIMAS.IS,8.10695743560791
2015-03-26,BIMAS.IS,8.241328239440918
2015-03-27,BIMAS.IS,8.259245872497559
2015-03-30,BIMAS.IS,8.366742134094238
2015-03-31,BIMAS.IS,8.366742134094238
2015-04-01,BIMAS.IS,8.330909729003906
2015-04-02,BIMAS.IS,8.56381607055664
2015-04-03,BIMAS.IS,8.725059509277344
2015-04-06,BIMAS.IS,8.769848823547363
2015-04-07,BIMAS.IS,8.823596954345703
2015-04-08,BIMAS.IS,8.841512680053711
2015-04-09,BIMAS.IS,8.97588062286377
2015-04-10,BIMAS.IS,8.904219627380371
2015-04-13,BIMAS.IS,8.841512680053711
2015-04-14,BIMAS.IS,8.8146390914917
2015-04-15,BIMAS.IS,8.716100692749023
2015-04-16,BIMAS.IS,8.662353515625
2015-04-17,BIMAS.IS,8.689226150512695
2015-04-20,BIMAS.IS,8.742972373962402
2015-04-21,BIMAS.IS,8.913177490234375
2015-04-22,BIMAS.IS,8.796722412109375
2015-04-23,BIMAS.IS,8.796722412109375
2015-04-24,BIMAS.IS,8.97588062286377
2015-04-27,BIMAS.IS,8.94005298614502
2015-04-28,BIMAS.IS,8.99379825592041
2015-04-29,BIMAS.IS,8.957969665527344
2015-04-30,BIMAS.IS,8.868385314941406
2015-05-01,BIMAS.IS,8.868385314941406
2015-05-04,BIMAS.IS,8.778806686401367
2015-05-05,BIMAS.IS,8.680268287658691
2015-05-06,BIMAS.IS,8.734017372131348
2015-05-07,BIMAS.IS,8.65339469909668
2015-05-08,BIMAS.IS,8.805681228637695
2015-05-11,BIMAS.IS,8.8146390914917
2015-05-12,BIMAS.IS,8.778806686401367
2015-05-13,BIMAS.IS,8.83255386352539
2015-05-14,BIMAS.IS,8.957969665527344
2015-05-15,BIMAS.IS,9.164002418518066
2015-05-18,BIMAS.IS,9.038588523864746
2015-05-19,BIMAS.IS,9.038588523864746
2015-05-20,BIMAS.IS,9.120017051696777
2015-05-21,BIMAS.IS,9.174302101135254
2015-05-22,BIMAS.IS,9.192399024963379
2015-05-25,BIMAS.IS,9.120017051696777
2015-05-26,BIMAS.IS,8.948110580444336
2015-05-27,BIMAS.IS,8.866683006286621
2015-05-28,BIMAS.IS,8.839540481567383
2015-05-29,BIMAS.IS,8.839540481567383
2015-06-01,BIMAS.IS,8.504777908325195
2015-06-02,BIMAS.IS,8.495729446411133
2015-06-03,BIMAS.IS,8.767160415649414
2015-06-04,BIMAS.IS,8.613349914550781
2015-06-05,BIMAS.IS,8.531923294067383
2015-06-08,BIMAS.IS,8.269537925720215
2015-06-09,BIMAS.IS,8.224299430847168
2015-06-10,BIMAS.IS,8.305728912353516
2015-06-11,BIMAS.IS,8.540968894958496
2015-06-12,BIMAS.IS,8.486682891845703
2015-06-15,BIMAS.IS,8.531923294067383
2015-06-16,BIMAS.IS,8.712875366210938
2015-06-17,BIMAS.IS,8.540968894958496
2015-06-18,BIMAS.IS,8.640493392944336
2015-06-19,BIMAS.IS,8.531923294067383
2015-06-22,BIMAS.IS,8.758111000061035
2015-06-23,BIMAS.IS,8.685729026794434
2015-06-24,BIMAS.IS,8.74001693725586
2015-06-25,BIMAS.IS,8.749062538146973
2015-06-26,BIMAS.IS,8.721920013427734
2015-06-29,BIMAS.IS,8.57716178894043
2015-06-30,BIMAS.IS,8.685729026794434
2015-07-01,BIMAS.IS,8.712875366210938
2015-07-02,BIMAS.IS,8.74001693725586
2015-07-03,BIMAS.IS,8.749062538146973
2015-07-06,BIMAS.IS,8.749062538146973
2015-07-07,BIMAS.IS,8.631444931030273
2015-07-08,BIMAS.IS,8.667634010314941
2015-07-09,BIMAS.IS,8.703824996948242
2015-07-10,BIMAS.IS,8.685729026794434
2015-07-13,BIMAS.IS,8.74001693725586
2015-07-14,BIMAS.IS,8.821447372436523
2015-07-15,BIMAS.IS,8.866683006286621
2015-07-16,BIMAS.IS,8.893828392028809
2015-07-17,BIMAS.IS,8.893828392028809
2015-07-20,BIMAS.IS,8.586207389831543
2015-07-21,BIMAS.IS,8.812395095825195
2015-07-22,BIMAS.IS,8.848587989807129
2015-07-23,BIMAS.IS,8.586207389831543
2015-07-24,BIMAS.IS,8.522870063781738
2015-07-27,BIMAS.IS,8.540968894958496
2015-07-28,BIMAS.IS,8.540968894958496
2015-07-29,BIMAS.IS,8.550016403198242
2015-07-30,BIMAS.IS,8.550016403198242
2015-07-31,BIMAS.IS,8.504777908325195
2015-08-03,BIMAS.IS,8.450492858886719
2015-08-04,BIMAS.IS,8.522870063781738
2015-08-05,BIMAS.IS,8.604302406311035
2015-08-06,BIMAS.IS,8.550016403198242
2015-08-07,BIMAS.IS,8.57716178894043
2015-08-10,BIMAS.IS,8.540968894958496
2015-08-11,BIMAS.IS,8.703824996948242
2015-08-12,BIMAS.IS,8.785253524780273
2015-08-13,BIMAS.IS,8.875732421875
2015-08-14,BIMAS.IS,8.911921501159668
2015-08-17,BIMAS.IS,8.966206550598145
2015-08-18,BIMAS.IS,9.083826065063477
2015-08-19,BIMAS.IS,8.920970916748047
2015-08-20,BIMAS.IS,8.984301567077637
2015-08-21,BIMAS.IS,9.101920127868652
2015-08-24,BIMAS.IS,8.758111000061035
2015-08-25,BIMAS.IS,8.911921501159668
2015-08-26,BIMAS.IS,8.866683006286621
2015-08-27,BIMAS.IS,9.020492553710938
2015-08-28,BIMAS.IS,9.029540061950684
2015-08-31,BIMAS.IS,9.12906265258789
2015-09-01,BIMAS.IS,9.083826065063477
2015-09-02,BIMAS.IS,9.346205711364746
2015-09-03,BIMAS.IS,9.66287899017334
2015-09-04,BIMAS.IS,9.472875595092773
2015-09-07,BIMAS.IS,9.192399024963379
2015-09-08,BIMAS.IS,9.110969543457031
2015-09-09,BIMAS.IS,9.083826065063477
2015-09-10,BIMAS.IS,9.23763370513916
2015-09-11,BIMAS.IS,9.28287410736084
2015-09-14,BIMAS.IS,9.436685562133789
2015-09-15,BIMAS.IS,9.644779205322266
2015-09-16,BIMAS.IS,9.7171630859375
2015-09-17,BIMAS.IS,9.898112297058105
2015-09-18,BIMAS.IS,10.042875289916992
2015-09-21,BIMAS.IS,10.070018768310547
2015-09-22,BIMAS.IS,9.934305191040039
2015-09-23,BIMAS.IS,9.834779739379883
2015-09-24,BIMAS.IS,9.834779739379883
2015-09-25,BIMAS.IS,9.834779739379883
2015-09-28,BIMAS.IS,9.581446647644043
2015-09-29,BIMAS.IS,9.73525619506836
2015-09-30,BIMAS.IS,9.708112716674805
2015-10-01,BIMAS.IS,9.834779739379883
2015-10-02,BIMAS.IS,9.943351745605469
2015-10-05,BIMAS.IS,10.223828315734863
2015-10-06,BIMAS.IS,10.359543800354004
2015-10-07,BIMAS.IS,10.413825988769531
2015-10-08,BIMAS.IS,10.359543800354004
2015-10-09,BIMAS.IS,10.495258331298828
2015-10-12,BIMAS.IS,10.630974769592285
2015-10-13,BIMAS.IS,10.431923866271973
2015-10-14,BIMAS.IS,10.450018882751465
2015-10-15,BIMAS.IS,10.712401390075684
2015-10-16,BIMAS.IS,10.57668685913086
2015-10-19,BIMAS.IS,10.748590469360352
2015-10-20,BIMAS.IS,10.830018997192383
2015-10-21,BIMAS.IS,10.629631996154785
2015-10-22,BIMAS.IS,10.711609840393066
2015-10-23,BIMAS.IS,10.8300199508667
2015-10-26,BIMAS.IS,10.92110824584961
2015-10-27,BIMAS.IS,10.748043060302734
2015-10-28,BIMAS.IS,10.8300199508667
2015-10-29,BIMAS.IS,10.8300199508667
2015-10-30,BIMAS.IS,10.802694320678711
2015-11-02,BIMAS.IS,11.03951358795166
2015-11-03,BIMAS.IS,10.93021297454834
2015-11-04,BIMAS.IS,10.93021297454834
2015-11-05,BIMAS.IS,10.839131355285645
2015-11-06,BIMAS.IS,10.802694320678711
2015-11-09,BIMAS.IS,10.91199779510498
2015-11-10,BIMAS.IS,10.81180191040039
2015-11-11,BIMAS.IS,10.729827880859375
2015-11-12,BIMAS.IS,10.775369644165039
2015-11-13,BIMAS.IS,10.775369644165039
2015-11-16,BIMAS.IS,10.547657012939453
2015-11-17,BIMAS.IS,10.38370132446289
2015-11-18,BIMAS.IS,10.33815860748291
2015-11-19,BIMAS.IS,10.210640907287598
2015-11-20,BIMAS.IS,10.347268104553223
2015-11-23,BIMAS.IS,10.33815860748291
2015-11-24,BIMAS.IS,10.137773513793945
2015-11-25,BIMAS.IS,10.24707317352295
2015-11-26,BIMAS.IS,10.01936149597168
2015-11-27,BIMAS.IS,10.028471946716309
2015-11-30,BIMAS.IS,9.928276062011719
2015-12-01,BIMAS.IS,10.028471946716309
2015-12-02,BIMAS.IS,9.9738187789917
2015-12-03,BIMAS.IS,9.79164981842041
2015-12-04,BIMAS.IS,9.627695083618164
2015-12-07,BIMAS.IS,9.618589401245117
2015-12-08,BIMAS.IS,9.700566291809082
2015-12-09,BIMAS.IS,9.809867858886719
2015-12-10,BIMAS.IS,9.864517211914062
2015-12-11,BIMAS.IS,9.79164981842041
2015-12-14,BIMAS.IS,9.673238754272461
2015-12-15,BIMAS.IS,9.873623847961426
2015-12-16,BIMAS.IS,9.782544136047363
2015-12-17,BIMAS.IS,9.828084945678711
2015-12-18,BIMAS.IS,9.800758361816406
2015-12-21,BIMAS.IS,9.709671974182129
2015-12-22,BIMAS.IS,9.727893829345703
2015-12-23,BIMAS.IS,9.755215644836426
2015-12-24,BIMAS.IS,9.736998558044434
2015-12-25,BIMAS.IS,9.746108055114746
2015-12-28,BIMAS.IS,9.746108055114746
2015-12-29,BIMAS.IS,9.746108055114746
2015-12-30,BIMAS.IS,9.63680648803711
2015-12-31,BIMAS.IS,9.354437828063965
2016-01-01,BIMAS.IS,9.354437828063965
2016-01-04,BIMAS.IS,9.254247665405273
2016-01-05,BIMAS.IS,9.290680885314941
2016-01-06,BIMAS.IS,9.172271728515625
2016-01-07,BIMAS.IS,9.236029624938965
2016-01-08,BIMAS.IS,9.050216674804688
2016-01-11,BIMAS.IS,8.962776184082031
2016-01-12,BIMAS.IS,9.090293884277344
2016-01-13,BIMAS.IS,9.154053688049316
2016-01-14,BIMAS.IS,9.172271728515625
2016-01-15,BIMAS.IS,9.097580909729004
2016-01-18,BIMAS.IS,9.010137557983398
2016-01-19,BIMAS.IS,8.95184326171875
2016-01-20,BIMAS.IS,8.838899612426758
2016-01-21,BIMAS.IS,8.664016723632812
2016-01-22,BIMAS.IS,8.664016723632812
2016-01-25,BIMAS.IS,8.878976821899414
2016-01-26,BIMAS.IS,8.868046760559082
2016-01-27,BIMAS.IS,9.079361915588379
2016-01-28,BIMAS.IS,9.16316032409668
2016-01-29,BIMAS.IS,9.101225852966309
2016-02-01,BIMAS.IS,9.154053688049316
2016-02-02,BIMAS.IS,9.372658729553223
2016-02-03,BIMAS.IS,9.52750301361084
2016-02-04,BIMAS.IS,9.445527076721191
2016-02-05,BIMAS.IS,9.38176441192627
2016-02-08,BIMAS.IS,9.208704948425293
2016-02-09,BIMAS.IS,9.097580909729004
2016-02-10,BIMAS.IS,9.028356552124023
2016-02-11,BIMAS.IS,8.88261890411377
2016-02-12,BIMAS.IS,9.05385971069336
2016-02-15,BIMAS.IS,9.072074890136719
2016-02-16,BIMAS.IS,8.980993270874023
2016-02-17,BIMAS.IS,9.199594497680664
2016-02-18,BIMAS.IS,9.518391609191895
2016-02-19,BIMAS.IS,9.809867858886719
2016-02-22,BIMAS.IS,9.982929229736328
2016-02-23,BIMAS.IS,10.028471946716309
2016-02-24,BIMAS.IS,9.982929229736328
2016-02-25,BIMAS.IS,10.18331527709961
2016-02-26,BIMAS.IS,9.864517211914062
2016-02-29,BIMAS.IS,9.9738187789917
2016-03-01,BIMAS.IS,9.9738187789917
2016-03-02,BIMAS.IS,10.01936149597168
2016-03-03,BIMAS.IS,9.910061836242676
2016-03-04,BIMAS.IS,9.837191581726074
2016-03-07,BIMAS.IS,9.800758361816406
2016-03-08,BIMAS.IS,9.655021667480469
2016-03-09,BIMAS.IS,9.837191581726074
2016-03-10,BIMAS.IS,10.429245948791504
2016-03-11,BIMAS.IS,10.465677261352539
2016-03-14,BIMAS.IS,10.593198776245117
2016-03-15,BIMAS.IS,10.638741493225098
2016-03-16,BIMAS.IS,10.638741493225098
2016-03-17,BIMAS.IS,10.857346534729004
2016-03-18,BIMAS.IS,11.021299362182617
2016-03-21,BIMAS.IS,11.103273391723633
2016-03-22,BIMAS.IS,11.167035102844238
2016-03-23,BIMAS.IS,11.012190818786621
2016-03-24,BIMAS.IS,11.03040599822998
2016-03-25,BIMAS.IS,10.884672164916992
2016-03-28,BIMAS.IS,10.91199779510498
2016-03-29,BIMAS.IS,11.103273391723633
2016-03-30,BIMAS.IS,11.349205017089844
2016-03-31,BIMAS.IS,11.121491432189941
2016-04-01,BIMAS.IS,11.057732582092285
2016-04-04,BIMAS.IS,11.25811767578125
2016-04-05,BIMAS.IS,11.130599021911621
2016-04-06,BIMAS.IS,10.948431015014648
2016-04-07,BIMAS.IS,10.91199779510498
2016-04-08,BIMAS.IS,11.212577819824219
2016-04-11,BIMAS.IS,11.340096473693848
2016-04-12,BIMAS.IS,11.13970947265625
2016-04-13,BIMAS.IS,11.35831356048584
2016-04-14,BIMAS.IS,11.467616081237793
2016-04-15,BIMAS.IS,11.494939804077148
2016-04-18,BIMAS.IS,11.35831356048584
2016-04-19,BIMAS.IS,11.330987930297852
2016-04-20,BIMAS.IS,11.25811767578125
2016-04-21,BIMAS.IS,11.221683502197266
2016-04-22,BIMAS.IS,11.403854370117188
2016-04-25,BIMAS.IS,11.349205017089844
2016-04-26,BIMAS.IS,11.249011993408203
2016-04-27,BIMAS.IS,11.19435977935791
2016-04-28,BIMAS.IS,11.112383842468262
2016-04-29,BIMAS.IS,11.221683502197266
2016-05-02,BIMAS.IS,10.993973731994629
2016-05-03,BIMAS.IS,10.502113342285156
2016-05-04,BIMAS.IS,10.18331527709961
2016-05-05,BIMAS.IS,10.401920318603516
2016-05-06,BIMAS.IS,10.984865188598633
2016-05-09,BIMAS.IS,10.884672164916992
2016-05-10,BIMAS.IS,10.93021297454834
2016-05-11,BIMAS.IS,10.857346534729004
2016-05-12,BIMAS.IS,10.784477233886719
2016-05-13,BIMAS.IS,10.857346534729004
2016-05-16,BIMAS.IS,10.8300199508667
2016-05-17,BIMAS.IS,11.03040599822998
2016-05-18,BIMAS.IS,10.966647148132324
2016-05-19,BIMAS.IS,10.966647148132324
2016-05-20,BIMAS.IS,10.620524406433105
2016-05-23,BIMAS.IS,10.60230827331543
2016-05-24,BIMAS.IS,11.003081321716309
2016-05-25,BIMAS.IS,10.729827880859375
2016-05-26,BIMAS.IS,10.493002891540527
2016-05-27,BIMAS.IS,10.647850036621094
2016-05-30,BIMAS.IS,10.81180191040039
2016-05-31,BIMAS.IS,10.547657012939453
2016-06-01,BIMAS.IS,10.638741493225098
2016-06-02,BIMAS.IS,10.502113342285156
2016-06-03,BIMAS.IS,10.656956672668457
2016-06-06,BIMAS.IS,10.721378326416016
2016-06-07,BIMAS.IS,10.702974319458008
2016-06-08,BIMAS.IS,10.758190155029297
2016-06-09,BIMAS.IS,10.84101676940918
2016-06-10,BIMAS.IS,10.601739883422852
2016-06-13,BIMAS.IS,10.574131965637207
2016-06-14,BIMAS.IS,10.38087272644043
2016-06-15,BIMAS.IS,10.45449447631836
2016-06-16,BIMAS.IS,10.26123332977295
2016-06-17,BIMAS.IS,10.298047065734863
2016-06-20,BIMAS.IS,10.463695526123047
2016-06-21,BIMAS.IS,10.426887512207031
2016-06-22,BIMAS.IS,10.30724811553955
2016-06-23,BIMAS.IS,10.279638290405273
2016-06-24,BIMAS.IS,10.206015586853027
2016-06-27,BIMAS.IS,10.141595840454102
2016-06-28,BIMAS.IS,10.48210334777832
2016-06-29,BIMAS.IS,10.38087272644043
2016-06-30,BIMAS.IS,10.316450119018555
2016-07-01,BIMAS.IS,10.528118133544922
2016-07-04,BIMAS.IS,10.555724143981934
2016-07-05,BIMAS.IS,10.555724143981934
2016-07-06,BIMAS.IS,10.555724143981934
2016-07-07,BIMAS.IS,10.555724143981934
2016-07-08,BIMAS.IS,10.528118133544922
2016-07-11,BIMAS.IS,10.537320137023926
2016-07-12,BIMAS.IS,10.638550758361816
2016-07-13,BIMAS.IS,10.610941886901855
2016-07-14,BIMAS.IS,10.656956672668457
2016-07-15,BIMAS.IS,10.574131965637207
2016-07-18,BIMAS.IS,10.077178955078125
2016-07-19,BIMAS.IS,9.709057807922363
2016-07-20,BIMAS.IS,10.021957397460938
2016-07-21,BIMAS.IS,9.810290336608887
2016-07-22,BIMAS.IS,9.939131736755371
2016-07-25,BIMAS.IS,10.141595840454102
2016-07-26,BIMAS.IS,10.215219497680664
2016-07-27,BIMAS.IS,10.252031326293945
2016-07-28,BIMAS.IS,10.279638290405273
2016-07-29,BIMAS.IS,10.15999984741211
2016-08-01,BIMAS.IS,10.353262901306152
2016-08-02,BIMAS.IS,10.353262901306152
2016-08-03,BIMAS.IS,10.334855079650879
2016-08-04,BIMAS.IS,10.298047065734863
2016-08-05,BIMAS.IS,10.436091423034668
2016-08-08,BIMAS.IS,10.48210334777832
2016-08-09,BIMAS.IS,10.30724811553955
2016-08-10,BIMAS.IS,10.123189926147461
2016-08-11,BIMAS.IS,10.15999984741211
2016-08-12,BIMAS.IS,10.279638290405273
2016-08-15,BIMAS.IS,10.224420547485352
2016-08-16,BIMAS.IS,10.298047065734863
2016-08-17,BIMAS.IS,9.709057807922363
2016-08-18,BIMAS.IS,9.571017265319824
2016-08-19,BIMAS.IS,9.46058177947998
2016-08-22,BIMAS.IS,9.525001525878906
2016-08-23,BIMAS.IS,9.368550300598145
2016-08-24,BIMAS.IS,9.386957168579102
2016-08-25,BIMAS.IS,9.414566993713379
2016-08-26,BIMAS.IS,9.350147247314453
2016-08-29,BIMAS.IS,9.304132461547852
2016-08-30,BIMAS.IS,9.304132461547852
2016-08-31,BIMAS.IS,9.331740379333496
2016-09-01,BIMAS.IS,9.331740379333496
2016-09-02,BIMAS.IS,9.442173957824707
2016-09-05,BIMAS.IS,9.46058177947998
2016-09-06,BIMAS.IS,9.663045883178711
2016-09-07,BIMAS.IS,9.515799522399902
2016-09-08,BIMAS.IS,9.607830047607422
2016-09-09,BIMAS.IS,9.50659465789795
2016-09-12,BIMAS.IS,9.50659465789795
2016-09-13,BIMAS.IS,9.50659465789795
2016-09-14,BIMAS.IS,9.50659465789795
2016-09-15,BIMAS.IS,9.50659465789795
2016-09-16,BIMAS.IS,9.202899932861328
2016-09-19,BIMAS.IS,9.359347343444824
2016-09-20,BIMAS.IS,9.27652359008789
2016-09-21,BIMAS.IS,9.386957168579102
2016-09-22,BIMAS.IS,9.63543701171875
2016-09-23,BIMAS.IS,9.690652847290039
2016-09-26,BIMAS.IS,9.497392654418945
2016-09-27,BIMAS.IS,9.43297290802002
2016-09-28,BIMAS.IS,9.331740379333496
2016-09-29,BIMAS.IS,9.258116722106934
2016-09-30,BIMAS.IS,9.212104797363281
2016-10-03,BIMAS.IS,9.24891471862793
2016-10-04,BIMAS.IS,9.26732063293457
2016-10-05,BIMAS.IS,9.350147247314453
2016-10-06,BIMAS.IS,9.24891471862793
2016-10-07,BIMAS.IS,9.285725593566895
2016-10-10,BIMAS.IS,9.258116722106934
2016-10-11,BIMAS.IS,9.350147247314453
2016-10-12,BIMAS.IS,9.221304893493652
2016-10-13,BIMAS.IS,9.162405014038086
2016-10-14,BIMAS.IS,9.188176155090332
2016-10-17,BIMAS.IS,9.17344856262207
2016-10-18,BIMAS.IS,9.258116722106934
2016-10-19,BIMAS.IS,9.350147247314453
2016-10-20,BIMAS.IS,9.414566993713379
2016-10-21,BIMAS.IS,9.386957168579102
2016-10-24,BIMAS.IS,9.46058177947998
2016-10-25,BIMAS.IS,9.442173957824707
2016-10-26,BIMAS.IS,9.46058177947998
2016-10-27,BIMAS.IS,9.43297290802002
2016-10-28,BIMAS.IS,9.27652359008789
2016-10-31,BIMAS.IS,9.27652359008789
2016-11-01,BIMAS.IS,9.136638641357422
2016-11-02,BIMAS.IS,8.970988273620605
2016-11-03,BIMAS.IS,8.875277519226074
2016-11-04,BIMAS.IS,8.742756843566895
2016-11-07,BIMAS.IS,9.166871070861816
2016-11-08,BIMAS.IS,9.421712875366211
2016-11-09,BIMAS.IS,9.365907669067383
2016-11-10,BIMAS.IS,9.533324241638184
2016-11-11,BIMAS.IS,9.1705904006958
2016-11-14,BIMAS.IS,9.10734748840332
2016-11-15,BIMAS.IS,9.04410171508789
2016-11-16,BIMAS.IS,9.118507385253906
2016-11-17,BIMAS.IS,9.166871070861816
2016-11-18,BIMAS.IS,9.114787101745605
2016-11-21,BIMAS.IS,9.099905967712402
2016-11-22,BIMAS.IS,9.025500297546387
2016-11-23,BIMAS.IS,9.07386302947998
2016-11-24,BIMAS.IS,9.006896018981934
2016-11-25,BIMAS.IS,8.932493209838867
2016-11-28,BIMAS.IS,9.029220581054688
2016-11-29,BIMAS.IS,8.913887977600098
2016-11-30,BIMAS.IS,8.965974807739258
2016-12-01,BIMAS.IS,8.731592178344727
2016-12-02,BIMAS.IS,8.850646018981934
2016-12-05,BIMAS.IS,8.858084678649902
2016-12-06,BIMAS.IS,8.9213285446167
2016-12-07,BIMAS.IS,9.018060684204102
2016-12-08,BIMAS.IS,8.962252616882324
2016-12-09,BIMAS.IS,8.928771018981934
2016-12-12,BIMAS.IS,8.925050735473633
2016-12-13,BIMAS.IS,9.114787101745605
2016-12-14,BIMAS.IS,9.297085762023926
2016-12-15,BIMAS.IS,9.328703880310059
2016-12-16,BIMAS.IS,9.347306251525879
2016-12-19,BIMAS.IS,9.185474395751953
2016-12-20,BIMAS.IS,9.178030967712402
2016-12-21,BIMAS.IS,9.081303596496582
2016-12-22,BIMAS.IS,9.051541328430176
2016-12-23,BIMAS.IS,8.995735168457031
2016-12-26,BIMAS.IS,8.999459266662598
2016-12-27,BIMAS.IS,8.977132797241211
2016-12-28,BIMAS.IS,9.085023880004883
2016-12-29,BIMAS.IS,9.192913055419922
2016-12-30,BIMAS.IS,9.114787101745605
2017-01-02,BIMAS.IS,9.058981895446777
2017-01-03,BIMAS.IS,9.010618209838867
2017-01-04,BIMAS.IS,9.103623390197754
2017-01-05,BIMAS.IS,9.085023880004883
2017-01-06,BIMAS.IS,9.04410171508789
2017-01-09,BIMAS.IS,8.988296508789062
2017-01-10,BIMAS.IS,8.973416328430176
2017-01-11,BIMAS.IS,9.148270606994629
2017-01-12,BIMAS.IS,9.598428726196289
2017-01-13,BIMAS.IS,9.830947875976562
2017-01-16,BIMAS.IS,9.793744087219238
2017-01-17,BIMAS.IS,9.682134628295898
2017-01-18,BIMAS.IS,9.784444808959961
2017-01-19,BIMAS.IS,9.877452850341797
2017-01-20,BIMAS.IS,10.11927318572998
2017-01-23,BIMAS.IS,9.989062309265137
2017-01-24,BIMAS.IS,10.072769165039062
2017-01-25,BIMAS.IS,9.905354499816895
2017-01-26,BIMAS.IS,9.858850479125977
2017-01-27,BIMAS.IS,9.821646690368652
2017-01-30,BIMAS.IS,9.989062309265137
2017-01-31,BIMAS.IS,10.01696491241455
2017-02-01,BIMAS.IS,9.812346458435059
2017-02-02,BIMAS.IS,9.877452850341797
2017-02-03,BIMAS.IS,9.886754035949707
2017-02-06,BIMAS.IS,9.76584243774414
2017-02-07,BIMAS.IS,9.76584243774414
2017-02-08,BIMAS.IS,9.76584243774414
2017-02-09,BIMAS.IS,9.728639602661133
2017-02-10,BIMAS.IS,9.598428726196289
2017-02-13,BIMAS.IS,9.607731819152832
2017-02-14,BIMAS.IS,9.486820220947266
2017-02-15,BIMAS.IS,9.840250968933105
2017-02-16,BIMAS.IS,9.942558288574219
2017-02-17,BIMAS.IS,9.951859474182129
2017-02-20,BIMAS.IS,9.858850479125977
2017-02-21,BIMAS.IS,9.868151664733887
2017-02-22,BIMAS.IS,9.942558288574219
2017-02-23,BIMAS.IS,9.989062309265137
2017-02-24,BIMAS.IS,9.75654125213623
2017-02-27,BIMAS.IS,9.64493179321289
2017-02-28,BIMAS.IS,9.747241973876953
2017-03-01,BIMAS.IS,9.803048133850098
2017-03-02,BIMAS.IS,9.821646690368652
2017-03-03,BIMAS.IS,9.719338417053223
2017-03-06,BIMAS.IS,9.951859474182129
2017-03-07,BIMAS.IS,10.519208908081055
2017-03-08,BIMAS.IS,10.733126640319824
2017-03-09,BIMAS.IS,10.56571102142334
2017-03-10,BIMAS.IS,10.388992309570312
2017-03-13,BIMAS.IS,10.34249496459961
2017-03-14,BIMAS.IS,10.361093521118164
2017-03-15,BIMAS.IS,10.286687850952148
2017-03-16,BIMAS.IS,10.314589500427246
2017-03-17,BIMAS.IS,10.34249496459961
2017-03-20,BIMAS.IS,10.482006072998047
2017-03-21,BIMAS.IS,10.509907722473145
2017-03-22,BIMAS.IS,10.33319091796875
2017-03-23,BIMAS.IS,10.519208908081055
2017-03-24,BIMAS.IS,10.658719062805176
2017-03-27,BIMAS.IS,10.714526176452637
2017-03-28,BIMAS.IS,10.630817413330078
2017-03-29,BIMAS.IS,10.630817413330078
2017-03-30,BIMAS.IS,10.602914810180664
2017-03-31,BIMAS.IS,10.398297309875488
2017-04-03,BIMAS.IS,10.416898727416992
2017-04-04,BIMAS.IS,10.407599449157715
2017-04-05,BIMAS.IS,10.407599449157715
2017-04-06,BIMAS.IS,10.416898727416992
2017-04-07,BIMAS.IS,10.435502052307129
2017-04-10,BIMAS.IS,10.491308212280273
2017-04-11,BIMAS.IS,10.56571102142334
2017-04-12,BIMAS.IS,10.584312438964844
2017-04-13,BIMAS.IS,10.528508186340332
2017-04-14,BIMAS.IS,10.491308212280273
2017-04-17,BIMAS.IS,10.388992309570312
2017-04-18,BIMAS.IS,10.407599449157715
2017-04-19,BIMAS.IS,10.379697799682617
2017-04-20,BIMAS.IS,10.33319091796875
2017-04-21,BIMAS.IS,10.46340274810791
2017-04-24,BIMAS.IS,10.519208908081055
2017-04-25,BIMAS.IS,10.788930892944336
2017-04-26,BIMAS.IS,10.658719062805176
2017-04-27,BIMAS.IS,10.705224990844727
2017-04-28,BIMAS.IS,10.798233985900879
2017-05-01,BIMAS.IS,10.798233985900879
2017-05-02,BIMAS.IS,10.714526176452637
2017-05-03,BIMAS.IS,10.686623573303223
2017-05-04,BIMAS.IS,10.714526176452637
2017-05-05,BIMAS.IS,10.677323341369629
2017-05-08,BIMAS.IS,10.658719062805176
2017-05-09,BIMAS.IS,11.160962104797363
2017-05-10,BIMAS.IS,11.709709167480469
2017-05-11,BIMAS.IS,11.746915817260742
2017-05-12,BIMAS.IS,11.774815559387207
2017-05-15,BIMAS.IS,11.923628807067871
2017-05-16,BIMAS.IS,11.90502643585205
2017-05-17,BIMAS.IS,11.653904914855957
2017-05-18,BIMAS.IS,11.672506332397461
2017-05-19,BIMAS.IS,11.672506332397461
2017-05-22,BIMAS.IS,11.774815559387207
2017-05-23,BIMAS.IS,11.877124786376953
2017-05-24,BIMAS.IS,11.62600326538086
2017-05-25,BIMAS.IS,11.746915817260742
2017-05-26,BIMAS.IS,11.793416976928711
2017-05-29,BIMAS.IS,11.76551342010498
2017-05-30,BIMAS.IS,11.830619812011719
2017-05-31,BIMAS.IS,11.672506332397461
2017-06-01,BIMAS.IS,11.877124786376953
2017-06-02,BIMAS.IS,12.14684772491455
2017-06-05,BIMAS.IS,12.025938987731934
2017-06-06,BIMAS.IS,11.942232131958008
2017-06-07,BIMAS.IS,11.791301727294922
2017-06-08,BIMAS.IS,11.998828887939453
2017-06-09,BIMAS.IS,12.00826358795166
2017-06-12,BIMAS.IS,12.093160629272461
2017-06-13,BIMAS.IS,12.178059577941895
2017-06-14,BIMAS.IS,12.262954711914062
2017-06-15,BIMAS.IS,12.262954711914062
2017-06-16,BIMAS.IS,12.102594375610352
2017-06-19,BIMAS.IS,12.112025260925293
2017-06-20,BIMAS.IS,12.215790748596191
2017-06-21,BIMAS.IS,12.121461868286133
2017-06-22,BIMAS.IS,12.27238941192627
2017-06-23,BIMAS.IS,12.281819343566895
2017-06-26,BIMAS.IS,12.281819343566895
2017-06-27,BIMAS.IS,12.281819343566895
2017-06-28,BIMAS.IS,12.225221633911133
2017-06-29,BIMAS.IS,12.168622970581055
2017-06-30,BIMAS.IS,12.3101224899292
2017-07-03,BIMAS.IS,12.206354141235352
2017-07-04,BIMAS.IS,12.149757385253906
2017-07-05,BIMAS.IS,12.253520965576172
2017-07-06,BIMAS.IS,12.328985214233398
2017-07-07,BIMAS.IS,12.149757385253906
2017-07-10,BIMAS.IS,12.093160629272461
2017-07-11,BIMAS.IS,12.19692325592041
2017-07-12,BIMAS.IS,12.404448509216309
2017-07-13,BIMAS.IS,12.451617240905762
2017-07-14,BIMAS.IS,12.753471374511719
2017-07-17,BIMAS.IS,12.76290512084961
2017-07-18,BIMAS.IS,12.73460578918457
2017-07-19,BIMAS.IS,12.998733520507812
2017-07-20,BIMAS.IS,12.932701110839844
2017-07-21,BIMAS.IS,12.960997581481934
2017-07-24,BIMAS.IS,12.876103401184082
2017-07-25,BIMAS.IS,12.88553524017334
2017-07-26,BIMAS.IS,12.838371276855469
2017-07-27,BIMAS.IS,12.942132949829102
2017-07-28,BIMAS.IS,12.95156478881836
2017-07-31,BIMAS.IS,12.942132949829102
2017-08-01,BIMAS.IS,13.074196815490723
2017-08-02,BIMAS.IS,13.16852855682373
2017-08-03,BIMAS.IS,12.979866981506348
2017-08-04,BIMAS.IS,13.187393188476562
2017-08-07,BIMAS.IS,13.291153907775879
2017-08-08,BIMAS.IS,12.95156478881836
2017-08-09,BIMAS.IS,12.92326545715332
2017-08-10,BIMAS.IS,12.88553524017334
2017-08-11,BIMAS.IS,12.81007194519043
2017-08-14,BIMAS.IS,12.781774520874023
2017-08-15,BIMAS.IS,13.338319778442383
2017-08-16,BIMAS.IS,13.23455810546875
2017-08-17,BIMAS.IS,13.300588607788086
2017-08-18,BIMAS.IS,13.979767799377441
2017-08-21,BIMAS.IS,13.970337867736816
2017-08-22,BIMAS.IS,13.979767799377441
2017-08-23,BIMAS.IS,14.14955997467041
2017-08-24,BIMAS.IS,13.970337867736816
2017-08-25,BIMAS.IS,14.300494194030762
2017-08-28,BIMAS.IS,14.309927940368652
2017-08-29,BIMAS.IS,14.423118591308594
2017-08-30,BIMAS.IS,14.423118591308594
2017-08-31,BIMAS.IS,14.432552337646484
2017-09-01,BIMAS.IS,14.432552337646484
2017-09-04,BIMAS.IS,14.432552337646484
2017-09-05,BIMAS.IS,14.328788757324219
2017-09-06,BIMAS.IS,14.602347373962402
2017-09-07,BIMAS.IS,14.724977493286133
2017-09-08,BIMAS.IS,14.328788757324219
2017-09-11,BIMAS.IS,14.300494194030762
2017-09-12,BIMAS.IS,14.196727752685547
2017-09-13,BIMAS.IS,14.196727752685547
2017-09-14,BIMAS.IS,14.03636360168457
2017-09-15,BIMAS.IS,13.960901260375977
2017-09-18,BIMAS.IS,14.225027084350586
2017-09-19,BIMAS.IS,14.21558952331543
2017-09-20,BIMAS.IS,14.338226318359375
2017-09-21,BIMAS.IS,14.243895530700684
2017-09-22,BIMAS.IS,14.451422691345215
2017-09-25,BIMAS.IS,14.300494194030762
2017-09-26,BIMAS.IS,14.026932716369629
2017-09-27,BIMAS.IS,13.819406509399414
2017-09-28,BIMAS.IS,13.93260383605957
2017-09-29,BIMAS.IS,14.008069038391113
2017-10-02,BIMAS.IS,14.083535194396973
2017-10-03,BIMAS.IS,13.989200592041016
2017-10-04,BIMAS.IS,13.970337867736816
2017-10-05,BIMAS.IS,13.885436058044434
2017-10-06,BIMAS.IS,13.819406509399414
2017-10-09,BIMAS.IS,13.526981353759766
2017-10-10,BIMAS.IS,13.59301471710205
2017-10-11,BIMAS.IS,14.03636360168457
2017-10-12,BIMAS.IS,14.225027084350586
2017-10-13,BIMAS.IS,14.328788757324219
2017-10-16,BIMAS.IS,14.291057586669922
2017-10-17,BIMAS.IS,14.375953674316406
2017-10-18,BIMAS.IS,14.58348274230957
2017-10-19,BIMAS.IS,14.319356918334961
2017-10-20,BIMAS.IS,14.545751571655273
2017-10-23,BIMAS.IS,14.545751571655273
2017-10-24,BIMAS.IS,14.262760162353516
2017-10-25,BIMAS.IS,14.39482307434082
2017-10-26,BIMAS.IS,14.460856437683105
2017-10-27,BIMAS.IS,14.498586654663086
2017-10-30,BIMAS.IS,14.6212158203125
2017-10-31,BIMAS.IS,14.592914581298828
2017-11-01,BIMAS.IS,15.074002265930176
2017-11-02,BIMAS.IS,15.055139541625977
2017-11-03,BIMAS.IS,15.007970809936523
2017-11-06,BIMAS.IS,15.083433151245117
2017-11-07,BIMAS.IS,15.347559928894043
2017-11-08,BIMAS.IS,15.44258975982666
2017-11-09,BIMAS.IS,15.119486808776855
2017-11-10,BIMAS.IS,14.967436790466309
2017-11-13,BIMAS.IS,14.929421424865723
2017-11-14,BIMAS.IS,14.853398323059082
2017-11-15,BIMAS.IS,14.634824752807617
2017-11-16,BIMAS.IS,14.644327163696289
2017-11-17,BIMAS.IS,14.682337760925293
2017-11-20,BIMAS.IS,14.397245407104492
2017-11-21,BIMAS.IS,14.349733352661133
2017-11-22,BIMAS.IS,14.169172286987305
2017-11-23,BIMAS.IS,14.188180923461914
2017-11-24,BIMAS.IS,14.007616996765137
2017-11-27,BIMAS.IS,13.87457275390625
2017-11-28,BIMAS.IS,13.912586212158203
2017-11-29,BIMAS.IS,13.732027053833008
2017-11-30,BIMAS.IS,13.751029968261719
2017-12-01,BIMAS.IS,13.998116493225098
2017-12-04,BIMAS.IS,13.84606647491455
2017-12-05,BIMAS.IS,13.836563110351562
2017-12-06,BIMAS.IS,13.912586212158203
2017-12-07,BIMAS.IS,13.798548698425293
2017-12-08,BIMAS.IS,14.007616996765137
2017-12-11,BIMAS.IS,13.865068435668945
2017-12-12,BIMAS.IS,14.197680473327637
2017-12-13,BIMAS.IS,14.140661239624023
2017-12-14,BIMAS.IS,14.359231948852539
2017-12-15,BIMAS.IS,14.302216529846191
2017-12-18,BIMAS.IS,14.235695838928223
2017-12-19,BIMAS.IS,14.235695838928223
2017-12-20,BIMAS.IS,14.04562759399414
2017-12-21,BIMAS.IS,14.653829574584961
2017-12-22,BIMAS.IS,14.492276191711426
2017-12-25,BIMAS.IS,14.691845893859863
2017-12-26,BIMAS.IS,14.853398323059082
2017-12-27,BIMAS.IS,14.644327163696289
2017-12-28,BIMAS.IS,14.786877632141113
2017-12-29,BIMAS.IS,14.843892097473145
2018-01-01,BIMAS.IS,14.843892097473145
2018-01-02,BIMAS.IS,15.15749740600586
2018-01-03,BIMAS.IS,14.672836303710938
2018-01-04,BIMAS.IS,14.444762229919434
2018-01-05,BIMAS.IS,14.5683012008667
2018-01-08,BIMAS.IS,14.444762229919434
2018-01-09,BIMAS.IS,14.482770919799805
2018-01-10,BIMAS.IS,14.444762229919434
2018-01-11,BIMAS.IS,14.378239631652832
2018-01-12,BIMAS.IS,14.330726623535156
2018-01-15,BIMAS.IS,14.425755500793457
2018-01-16,BIMAS.IS,14.473268508911133
2018-01-17,BIMAS.IS,14.644327163696289
2018-01-18,BIMAS.IS,14.691845893859863
2018-01-19,BIMAS.IS,14.397245407104492
2018-01-22,BIMAS.IS,14.359231948852539
2018-01-23,BIMAS.IS,14.530287742614746
2018-01-24,BIMAS.IS,14.52078628540039
2018-01-25,BIMAS.IS,14.444762229919434
2018-01-26,BIMAS.IS,14.577804565429688
2018-01-29,BIMAS.IS,14.444762229919434
2018-01-30,BIMAS.IS,14.387742042541504
2018-01-31,BIMAS.IS,14.283208847045898
2018-02-01,BIMAS.IS,14.29271411895752
2018-02-02,BIMAS.IS,14.064638137817383
2018-02-05,BIMAS.IS,14.112153053283691
2018-02-06,BIMAS.IS,13.751029968261719
2018-02-07,BIMAS.IS,13.684514045715332
2018-02-08,BIMAS.IS,13.751029968261719
2018-02-09,BIMAS.IS,13.494451522827148
2018-02-12,BIMAS.IS,13.51345443725586
2018-02-13,BIMAS.IS,13.656001091003418
2018-02-14,BIMAS.IS,13.694013595581055
2018-02-15,BIMAS.IS,13.817553520202637
2018-02-16,BIMAS.IS,13.960103988647461
2018-02-19,BIMAS.IS,14.074142456054688
2018-02-20,BIMAS.IS,14.02662181854248
2018-02-21,BIMAS.IS,14.074142456054688
2018-02-22,BIMAS.IS,13.93159294128418
2018-02-23,BIMAS.IS,13.89357852935791
2018-02-26,BIMAS.IS,14.29271411895752
2018-02-27,BIMAS.IS,14.349733352661133
2018-02-28,BIMAS.IS,14.330726623535156
2018-03-01,BIMAS.IS,13.779542922973633
2018-03-02,BIMAS.IS,13.88408088684082
2018-03-05,BIMAS.IS,14.159669876098633
2018-03-06,BIMAS.IS,13.98861026763916
2018-03-07,BIMAS.IS,13.88408088684082
2018-03-08,BIMAS.IS,14.235695838928223
2018-03-09,BIMAS.IS,14.79637622833252
2018-03-12,BIMAS.IS,14.587305068969727
2018-03-13,BIMAS.IS,14.634824752807617
2018-03-14,BIMAS.IS,14.340227127075195
2018-03-15,BIMAS.IS,14.378239631652832
2018-03-16,BIMAS.IS,14.397245407104492
2018-03-19,BIMAS.IS,14.387742042541504
2018-03-20,BIMAS.IS,14.12165641784668
2018-03-21,BIMAS.IS,14.207180976867676
2018-03-22,BIMAS.IS,14.102646827697754
2018-03-23,BIMAS.IS,13.798548698425293
2018-03-26,BIMAS.IS,13.789044380187988
2018-03-27,BIMAS.IS,13.741531372070312
2018-03-28,BIMAS.IS,13.665506362915039
2018-03-29,BIMAS.IS,13.579975128173828
2018-03-30,BIMAS.IS,13.665506362915039
2018-04-02,BIMAS.IS,13.656001091003418
2018-04-03,BIMAS.IS,13.570476531982422
2018-04-04,BIMAS.IS,13.53246021270752
2018-04-05,BIMAS.IS,13.5609712600708
2018-04-06,BIMAS.IS,13.51345443725586
2018-04-09,BIMAS.IS,13.52295970916748
2018-04-10,BIMAS.IS,13.456437110900879
2018-04-11,BIMAS.IS,13.351897239685059
2018-04-12,BIMAS.IS,13.351897239685059
2018-04-13,BIMAS.IS,13.33289623260498
2018-04-16,BIMAS.IS,13.399418830871582
2018-04-17,BIMAS.IS,13.475441932678223
2018-04-18,BIMAS.IS,13.465936660766602
2018-04-19,BIMAS.IS,13.399418830871582
2018-04-20,BIMAS.IS,13.370906829833984
2018-04-23,BIMAS.IS,13.370906829833984
2018-04-24,BIMAS.IS,13.53246021270752
2018-04-25,BIMAS.IS,13.789044380187988
2018-04-26,BIMAS.IS,13.72252368927002
2018-04-27,BIMAS.IS,13.51345443725586
2018-04-30,BIMAS.IS,13.114323616027832
2018-05-01,BIMAS.IS,13.114323616027832
2018-05-02,BIMAS.IS,13.114323616027832
2018-05-03,BIMAS.IS,13.123825073242188
2018-05-04,BIMAS.IS,12.962272644042969
2018-05-07,BIMAS.IS,12.990782737731934
2018-05-08,BIMAS.IS,13.047800064086914
2018-05-09,BIMAS.IS,13.152336120605469
2018-05-10,BIMAS.IS,13.076311111450195
2018-05-11,BIMAS.IS,13.16183853149414
2018-05-14,BIMAS.IS,13.000285148620605
2018-05-15,BIMAS.IS,12.876747131347656
2018-05-16,BIMAS.IS,13.370906829833984
2018-05-17,BIMAS.IS,13.579975128173828
2018-05-18,BIMAS.IS,13.52295970916748
2018-05-21,BIMAS.IS,13.494451522827148
2018-05-22,BIMAS.IS,13.52295970916748
2018-05-23,BIMAS.IS,13.304386138916016
2018-05-24,BIMAS.IS,13.380414962768555
2018-05-25,BIMAS.IS,13.465936660766602
2018-05-28,BIMAS.IS,13.760533332824707
2018-05-29,BIMAS.IS,13.570476531982422
2018-05-30,BIMAS.IS,13.24736499786377
2018-05-31,BIMAS.IS,13.21886157989502
2018-06-01,BIMAS.IS,12.962272644042969
2018-06-04,BIMAS.IS,12.867240905761719
2018-06-05,BIMAS.IS,12.639165878295898
2018-06-06,BIMAS.IS,12.600512504577637
2018-06-07,BIMAS.IS,13.045011520385742
2018-06-08,BIMAS.IS,12.793773651123047
2018-06-11,BIMAS.IS,12.938715934753418
2018-06-12,BIMAS.IS,12.764784812927246
2018-06-13,BIMAS.IS,12.523211479187012
2018-06-14,BIMAS.IS,13.31557559967041
2018-06-15,BIMAS.IS,13.31557559967041
2018-06-18,BIMAS.IS,12.648829460144043
2018-06-19,BIMAS.IS,12.552200317382812
2018-06-20,BIMAS.IS,12.30096435546875
2018-06-21,BIMAS.IS,12.542535781860352
2018-06-22,BIMAS.IS,13.083663940429688
2018-06-25,BIMAS.IS,12.880741119384766
2018-06-26,BIMAS.IS,12.755122184753418
2018-06-27,BIMAS.IS,12.851751327514648
2018-06-28,BIMAS.IS,13.131978034973145
2018-06-29,BIMAS.IS,12.996694564819336
2018-07-02,BIMAS.IS,12.793773651123047
2018-07-03,BIMAS.IS,12.871078491210938
2018-07-04,BIMAS.IS,13.334901809692383
2018-07-05,BIMAS.IS,13.595799446105957
2018-07-06,BIMAS.IS,13.45085620880127
2018-07-09,BIMAS.IS,13.180293083190918
2018-07-10,BIMAS.IS,13.035348892211914
2018-07-11,BIMAS.IS,12.929059028625488
2018-07-12,BIMAS.IS,12.619841575622559
2018-07-13,BIMAS.IS,12.735795974731445
2018-07-16,BIMAS.IS,12.822763442993164
2018-07-17,BIMAS.IS,12.958045959472656
2018-07-18,BIMAS.IS,13.41220474243164
2018-07-19,BIMAS.IS,13.982316970825195
2018-07-20,BIMAS.IS,14.078951835632324
2018-07-23,BIMAS.IS,13.92434310913086
2018-07-24,BIMAS.IS,13.644116401672363
2018-07-25,BIMAS.IS,13.624791145324707
2018-07-26,BIMAS.IS,13.460515975952148
2018-07-27,BIMAS.IS,13.528158187866211
2018-07-30,BIMAS.IS,13.528158187866211
2018-07-31,BIMAS.IS,13.702093124389648
2018-08-01,BIMAS.IS,13.489510536193848
2018-08-02,BIMAS.IS,13.41220474243164
2018-08-03,BIMAS.IS,13.31557559967041
2018-08-06,BIMAS.IS,13.383213996887207
2018-08-07,BIMAS.IS,13.508835792541504
2018-08-08,BIMAS.IS,13.508835792541504
2018-08-09,BIMAS.IS,13.847038269042969
2018-08-10,BIMAS.IS,13.47018051147461
2018-08-13,BIMAS.IS,13.19961929321289
2018-08-14,BIMAS.IS,12.784113883972168
2018-08-15,BIMAS.IS,12.658490180969238
2018-08-16,BIMAS.IS,12.677816390991211
2018-08-17,BIMAS.IS,12.687479972839355
2018-08-20,BIMAS.IS,12.697145462036133
2018-08-21,BIMAS.IS,12.697145462036133
2018-08-22,BIMAS.IS,12.697145462036133
2018-08-23,BIMAS.IS,12.697145462036133
2018-08-24,BIMAS.IS,12.697145462036133
2018-08-27,BIMAS.IS,12.929059028625488
2018-08-28,BIMAS.IS,13.537823677062988
2018-08-29,BIMAS.IS,13.895354270935059
2018-08-30,BIMAS.IS,13.895354270935059
2018-08-31,BIMAS.IS,14.020971298217773
2018-09-03,BIMAS.IS,14.204567909240723
2018-09-04,BIMAS.IS,13.972658157348633
2018-09-05,BIMAS.IS,13.90501594543457
2018-09-06,BIMAS.IS,14.030633926391602
2018-09-07,BIMAS.IS,14.08861255645752
2018-09-10,BIMAS.IS,14.146589279174805
2018-09-11,BIMAS.IS,14.175578117370605
2018-09-12,BIMAS.IS,14.465471267700195
2018-09-13,BIMAS.IS,14.794010162353516
2018-09-14,BIMAS.IS,14.610410690307617
2018-09-17,BIMAS.IS,14.977604866027832
2018-09-18,BIMAS.IS,14.987275123596191
2018-09-19,BIMAS.IS,14.832657814025879
2018-09-20,BIMAS.IS,15.335135459899902
2018-09-21,BIMAS.IS,15.499405860900879
2018-09-24,BIMAS.IS,15.257830619812012
2018-09-25,BIMAS.IS,15.238502502441406
2018-09-26,BIMAS.IS,15.42210578918457
2018-09-27,BIMAS.IS,15.876261711120605
2018-09-28,BIMAS.IS,15.683004379272461
2018-10-01,BIMAS.IS,15.711991310119629
2018-10-02,BIMAS.IS,15.586371421813965
2018-10-03,BIMAS.IS,15.750640869140625
2018-10-04,BIMAS.IS,16.03087043762207
2018-10-05,BIMAS.IS,15.62502384185791
2018-10-08,BIMAS.IS,15.480081558227539
2018-10-09,BIMAS.IS,15.451092720031738
2018-10-10,BIMAS.IS,15.093559265136719
2018-10-11,BIMAS.IS,15.460756301879883
2018-10-12,BIMAS.IS,15.460756301879883
2018-10-15,BIMAS.IS,15.306145668029785
2018-10-16,BIMAS.IS,15.441428184509277
2018-10-17,BIMAS.IS,15.460756301879883
2018-10-18,BIMAS.IS,15.267494201660156
2018-10-19,BIMAS.IS,15.451092720031738
2018-10-22,BIMAS.IS,15.557384490966797
2018-10-23,BIMAS.IS,15.615363121032715
2018-10-24,BIMAS.IS,15.847274780273438
2018-10-25,BIMAS.IS,16.021209716796875
2018-10-26,BIMAS.IS,15.441428184509277
2018-10-29,BIMAS.IS,15.441428184509277
2018-10-30,BIMAS.IS,15.441428184509277
2018-10-31,BIMAS.IS,15.190190315246582
2018-11-01,BIMAS.IS,15.4317626953125
2018-11-02,BIMAS.IS,15.402775764465332
2018-11-05,BIMAS.IS,15.373790740966797
2018-11-06,BIMAS.IS,15.364126205444336
2018-11-07,BIMAS.IS,15.403169631958008
2018-11-08,BIMAS.IS,15.16889762878418
2018-11-09,BIMAS.IS,15.032240867614746
2018-11-12,BIMAS.IS,15.94979476928711
2018-11-13,BIMAS.IS,15.803377151489258
2018-11-14,BIMAS.IS,15.686245918273926
2018-11-15,BIMAS.IS,16.301197052001953
2018-11-16,BIMAS.IS,16.203590393066406
2018-11-19,BIMAS.IS,16.193828582763672
2018-11-20,BIMAS.IS,16.008363723754883
2018-11-21,BIMAS.IS,16.203590393066406
2018-11-22,BIMAS.IS,16.242633819580078
2018-11-23,BIMAS.IS,16.02788734436035
2018-11-26,BIMAS.IS,16.11573600769043
2018-11-27,BIMAS.IS,16.203590393066406
2018-11-28,BIMAS.IS,16.203590393066406
2018-11-29,BIMAS.IS,16.418331146240234
2018-11-30,BIMAS.IS,16.389049530029297
2018-12-03,BIMAS.IS,16.086458206176758
2018-12-04,BIMAS.IS,16.271915435791016
2018-12-05,BIMAS.IS,16.340240478515625
2018-12-06,BIMAS.IS,16.418331146240234
2018-12-07,BIMAS.IS,16.398813247680664
2018-12-10,BIMAS.IS,16.476900100708008
2018-12-11,BIMAS.IS,16.925914764404297
2018-12-12,BIMAS.IS,17.179702758789062
2018-12-13,BIMAS.IS,17.27732276916504
2018-12-14,BIMAS.IS,17.013763427734375
2018-12-17,BIMAS.IS,16.90639305114746
2018-12-18,BIMAS.IS,17.07233238220215
2018-12-19,BIMAS.IS,17.082094192504883
2018-12-20,BIMAS.IS,17.091854095458984
2018-12-21,BIMAS.IS,17.111379623413086
2018-12-24,BIMAS.IS,16.984481811523438
2018-12-25,BIMAS.IS,16.691650390625
2018-12-26,BIMAS.IS,16.56475257873535
2018-12-27,BIMAS.IS,17.004003524780273
2018-12-28,BIMAS.IS,16.61355972290039
2018-12-31,BIMAS.IS,16.857589721679688
2019-01-01,BIMAS.IS,16.857589721679688
2019-01-02,BIMAS.IS,16.418331146240234
2019-01-03,BIMAS.IS,16.78925895690918
2019-01-04,BIMAS.IS,16.86734962463379
2019-01-07,BIMAS.IS,16.916154861450195
2019-01-08,BIMAS.IS,17.14065933227539
2019-01-09,BIMAS.IS,17.39445686340332
2019-01-10,BIMAS.IS,17.5115909576416
2019-01-11,BIMAS.IS,17.55063247680664
2019-01-14,BIMAS.IS,17.365169525146484
2019-01-15,BIMAS.IS,17.27732276916504
2019-01-16,BIMAS.IS,17.453022003173828
2019-01-17,BIMAS.IS,17.941078186035156
2019-01-18,BIMAS.IS,18.233917236328125
2019-01-21,BIMAS.IS,17.862991333007812
2019-01-22,BIMAS.IS,17.765378952026367
2019-01-23,BIMAS.IS,18.019174575805664
2019-01-24,BIMAS.IS,18.17534637451172
2019-01-25,BIMAS.IS,18.019174575805664
2019-01-28,BIMAS.IS,18.14606285095215
2019-01-29,BIMAS.IS,18.233917236328125
2019-01-30,BIMAS.IS,17.687292098999023
2019-01-31,BIMAS.IS,17.658000946044922
2019-02-01,BIMAS.IS,17.706806182861328
2019-02-04,BIMAS.IS,17.67753028869629
2019-02-05,BIMAS.IS,18.077735900878906
2019-02-06,BIMAS.IS,18.24367904663086
2019-02-07,BIMAS.IS,18.00940704345703
2019-02-08,BIMAS.IS,18.077735900878906
2019-02-11,BIMAS.IS,18.282724380493164
2019-02-12,BIMAS.IS,18.0289306640625
2019-02-13,BIMAS.IS,18.399858474731445
2019-02-14,BIMAS.IS,17.950838088989258
2019-02-15,BIMAS.IS,18.282724380493164
2019-02-18,BIMAS.IS,18.185110092163086
2019-02-19,BIMAS.IS,17.823944091796875
2019-02-20,BIMAS.IS,17.980125427246094
2019-02-21,BIMAS.IS,17.999649047851562
2019-02-22,BIMAS.IS,17.043052673339844
2019-02-25,BIMAS.IS,17.326129913330078
2019-02-26,BIMAS.IS,16.994245529174805
2019-02-27,BIMAS.IS,17.228511810302734
2019-02-28,BIMAS.IS,16.81854248046875
2019-03-01,BIMAS.IS,17.062570571899414
2019-03-04,BIMAS.IS,16.750215530395508
2019-03-05,BIMAS.IS,16.398813247680664
2019-03-06,BIMAS.IS,16.486658096313477
2019-03-07,BIMAS.IS,16.974721908569336
2019-03-08,BIMAS.IS,17.326129913330078
2019-03-11,BIMAS.IS,16.545228958129883
2019-03-12,BIMAS.IS,16.7014102935791
2019-03-13,BIMAS.IS,16.779499053955078
2019-03-14,BIMAS.IS,16.476900100708008
2019-03-15,BIMAS.IS,16.779499053955078
2019-03-18,BIMAS.IS,16.711166381835938
2019-03-19,BIMAS.IS,16.584272384643555
2019-03-20,BIMAS.IS,16.05716896057129
2019-03-21,BIMAS.IS,15.608155250549316
2019-03-22,BIMAS.IS,15.71552848815918
2019-03-25,BIMAS.IS,15.979076385498047
2019-03-26,BIMAS.IS,15.930269241333008
2019-03-27,BIMAS.IS,14.876062393188477
2019-03-28,BIMAS.IS,15.16889762878418
2019-03-29,BIMAS.IS,14.98343563079834
2019-04-01,BIMAS.IS,14.856541633605957
2019-04-02,BIMAS.IS,15.315314292907715
2019-04-03,BIMAS.IS,15.334840774536133
2019-04-04,BIMAS.IS,15.676482200622559
2019-04-05,BIMAS.IS,15.79361629486084
2019-04-08,BIMAS.IS,15.471497535705566
2019-04-09,BIMAS.IS,15.422691345214844
2019-04-10,BIMAS.IS,15.305558204650879
2019-04-11,BIMAS.IS,15.50078010559082
2019-04-12,BIMAS.IS,15.422691345214844
2019-04-15,BIMAS.IS,15.334840774536133
2019-04-16,BIMAS.IS,15.451973915100098
2019-04-17,BIMAS.IS,15.72529125213623
2019-04-18,BIMAS.IS,15.656961441040039
2019-04-19,BIMAS.IS,15.744810104370117
2019-04-22,BIMAS.IS,15.94979476928711
2019-04-23,BIMAS.IS,15.94979476928711
2019-04-24,BIMAS.IS,15.588628768920898
2019-04-25,BIMAS.IS,15.491020202636719
2019-04-26,BIMAS.IS,15.871705055236816
2019-04-29,BIMAS.IS,16.02788734436035
2019-04-30,BIMAS.IS,16.301197052001953
2019-05-01,BIMAS.IS,16.301197052001953
2019-05-02,BIMAS.IS,15.66672420501709
2019-05-03,BIMAS.IS,15.50078010559082
2019-05-06,BIMAS.IS,15.451973915100098
2019-05-07,BIMAS.IS,15.315314292907715
2019-05-08,BIMAS.IS,15.315314292907715
2019-05-09,BIMAS.IS,15.28603458404541
2019-05-10,BIMAS.IS,15.237228393554688
2019-05-13,BIMAS.IS,14.251347541809082
2019-05-14,BIMAS.IS,14.54418659210205
2019-05-15,BIMAS.IS,14.417287826538086
2019-05-16,BIMAS.IS,14.23182487487793
2019-05-17,BIMAS.IS,13.929228782653809
2019-05-20,BIMAS.IS,14.368480682373047
2019-05-21,BIMAS.IS,14.14397144317627
2019-05-22,BIMAS.IS,14.15373706817627
2019-05-23,BIMAS.IS,14.54418659210205
2019-05-24,BIMAS.IS,14.407524108886719
2019-05-27,BIMAS.IS,14.348958969116211
2019-05-28,BIMAS.IS,14.778453826904297
2019-05-29,BIMAS.IS,14.973674774169922
2019-05-30,BIMAS.IS,15.530067443847656
2019-05-31,BIMAS.IS,15.530067443847656
2019-06-03,BIMAS.IS,15.61791706085205
2019-06-04,BIMAS.IS,15.61791706085205
2019-06-05,BIMAS.IS,15.61791706085205
2019-06-06,BIMAS.IS,15.61791706085205
2019-06-07,BIMAS.IS,15.959554672241211
2019-06-10,BIMAS.IS,15.696004867553711
2019-06-11,BIMAS.IS,15.422691345214844
2019-06-12,BIMAS.IS,15.571367263793945
2019-06-13,BIMAS.IS,15.402868270874023
2019-06-14,BIMAS.IS,15.640751838684082
2019-06-17,BIMAS.IS,15.729955673217773
2019-06-18,BIMAS.IS,15.928196907043457
2019-06-19,BIMAS.IS,15.878633499145508
2019-06-20,BIMAS.IS,15.59118938446045
2019-06-21,BIMAS.IS,15.492076873779297
2019-06-24,BIMAS.IS,15.293841361999512
2019-06-25,BIMAS.IS,15.046042442321777
2019-06-26,BIMAS.IS,15.016308784484863
2019-06-27,BIMAS.IS,15.303750038146973
2019-06-28,BIMAS.IS,15.878633499145508
2019-07-01,BIMAS.IS,16.512985229492188
2019-07-02,BIMAS.IS,16.959012985229492
2019-07-03,BIMAS.IS,17.0482177734375
2019-07-04,BIMAS.IS,17.2464542388916
2019-07-05,BIMAS.IS,17.058130264282227
2019-07-08,BIMAS.IS,16.94910430908203
2019-07-09,BIMAS.IS,17.395130157470703
2019-07-10,BIMAS.IS,17.43478012084961
2019-07-11,BIMAS.IS,17.821334838867188
2019-07-12,BIMAS.IS,17.345569610595703
2019-07-15,BIMAS.IS,17.345569610595703
2019-07-16,BIMAS.IS,17.48434066772461
2019-07-17,BIMAS.IS,17.761863708496094
2019-07-18,BIMAS.IS,18.059215545654297
2019-07-19,BIMAS.IS,18.128597259521484
2019-07-22,BIMAS.IS,18.148420333862305
2019-07-23,BIMAS.IS,18.336746215820312
2019-07-24,BIMAS.IS,18.792686462402344
2019-07-25,BIMAS.IS,18.237628936767578
2019-07-26,BIMAS.IS,18.45965576171875
2019-07-29,BIMAS.IS,18.32485008239746
2019-07-30,BIMAS.IS,18.610309600830078
2019-07-31,BIMAS.IS,18.63409996032715
2019-08-01,BIMAS.IS,18.546876907348633
2019-08-02,BIMAS.IS,18.562732696533203
2019-08-05,BIMAS.IS,18.197988510131836
2019-08-06,BIMAS.IS,18.27727508544922
2019-08-07,BIMAS.IS,18.554805755615234
2019-08-08,BIMAS.IS,18.99885368347168
2019-08-09,BIMAS.IS,19.03849983215332
2019-08-12,BIMAS.IS,19.03849983215332
2019-08-13,BIMAS.IS,19.03849983215332
2019-08-14,BIMAS.IS,19.03849983215332
2019-08-15,BIMAS.IS,19.617347717285156
2019-08-16,BIMAS.IS,19.902803421020508
2019-08-19,BIMAS.IS,19.656993865966797
2019-08-20,BIMAS.IS,19.498403549194336
2019-08-21,BIMAS.IS,19.276382446289062
2019-08-22,BIMAS.IS,19.228803634643555
2019-08-23,BIMAS.IS,19.720428466796875
2019-08-26,BIMAS.IS,19.347745895385742
2019-08-27,BIMAS.IS,18.594453811645508
2019-08-28,BIMAS.IS,18.681676864624023
2019-08-29,BIMAS.IS,18.60238265991211
2019-08-30,BIMAS.IS,18.60238265991211
2019-09-02,BIMAS.IS,18.491369247436523
2019-09-03,BIMAS.IS,18.079042434692383
2019-09-04,BIMAS.IS,18.380361557006836
2019-09-05,BIMAS.IS,18.77682876586914
2019-09-06,BIMAS.IS,18.911630630493164
2019-09-09,BIMAS.IS,19.14950942993164
2019-09-10,BIMAS.IS,19.21294403076172
2019-09-11,BIMAS.IS,19.244665145874023
2019-09-12,BIMAS.IS,19.109867095947266
2019-09-13,BIMAS.IS,19.228803634643555
2019-09-16,BIMAS.IS,19.577701568603516
2019-09-17,BIMAS.IS,19.442895889282227
2019-09-18,BIMAS.IS,19.427038192749023
2019-09-19,BIMAS.IS,19.427038192749023
2019-09-20,BIMAS.IS,19.363605499267578
2019-09-23,BIMAS.IS,19.585630416870117
2019-09-24,BIMAS.IS,19.4825439453125
2019-09-25,BIMAS.IS,19.60941505432129
2019-09-26,BIMAS.IS,19.37153434753418
2019-09-27,BIMAS.IS,19.60941505432129
2019-09-30,BIMAS.IS,19.506332397460938
2019-10-01,BIMAS.IS,19.601490020751953
2019-10-02,BIMAS.IS,19.633207321166992
2019-10-03,BIMAS.IS,19.490474700927734
2019-10-04,BIMAS.IS,19.40325164794922
2019-10-07,BIMAS.IS,19.02263832092285
2019-10-08,BIMAS.IS,19.070220947265625
2019-10-09,BIMAS.IS,18.990924835205078
2019-10-10,BIMAS.IS,19.09400177001953
2019-10-11,BIMAS.IS,18.927492141723633
2019-10-14,BIMAS.IS,18.943344116210938
2019-10-15,BIMAS.IS,18.887840270996094
2019-10-16,BIMAS.IS,18.27727508544922
2019-10-17,BIMAS.IS,18.531017303466797
2019-10-18,BIMAS.IS,18.77682876586914
2019-10-21,BIMAS.IS,18.982994079589844
2019-10-22,BIMAS.IS,18.83233642578125
2019-10-23,BIMAS.IS,18.784757614135742
2019-10-24,BIMAS.IS,19.05436134338379
2019-10-25,BIMAS.IS,19.03849983215332
2019-10-28,BIMAS.IS,18.681676864624023
2019-10-30,BIMAS.IS,18.657894134521484
2019-10-31,BIMAS.IS,18.792686462402344
2019-11-01,BIMAS.IS,18.657894134521484
2019-11-04,BIMAS.IS,18.9195613861084
2019-11-05,BIMAS.IS,18.887840270996094
2019-11-06,BIMAS.IS,18.81648063659668
2019-11-07,BIMAS.IS,19.363605499267578
2019-11-08,BIMAS.IS,18.982994079589844
2019-11-11,BIMAS.IS,18.253488540649414
2019-11-12,BIMAS.IS,17.912525177001953
2019-11-13,BIMAS.IS,18.18212890625
2019-11-14,BIMAS.IS,17.761863708496094
2019-11-15,BIMAS.IS,18.237628936767578
2019-11-18,BIMAS.IS,18.406349182128906
2019-11-19,BIMAS.IS,18.37421226501465
2019-11-20,BIMAS.IS,18.245662689208984
2019-11-21,BIMAS.IS,18.109079360961914
2019-11-22,BIMAS.IS,18.044809341430664
2019-11-25,BIMAS.IS,17.996604919433594
2019-11-26,BIMAS.IS,17.795747756958008
2019-11-27,BIMAS.IS,18.213529586791992
2019-11-28,BIMAS.IS,18.70361328125
2019-11-29,BIMAS.IS,18.406349182128906
2019-12-02,BIMAS.IS,18.55900001525879
2019-12-03,BIMAS.IS,18.326004028320312
2019-12-04,BIMAS.IS,18.20549774169922
2019-12-05,BIMAS.IS,18.229597091674805
2019-12-06,BIMAS.IS,18.084980010986328
2019-12-09,BIMAS.IS,18.084980010986328
2019-12-10,BIMAS.IS,17.90019416809082
2019-12-11,BIMAS.IS,17.875873565673828
2019-12-12,BIMAS.IS,18.346073150634766
2019-12-13,BIMAS.IS,18.240686416625977
2019-12-16,BIMAS.IS,18.208255767822266
2019-12-17,BIMAS.IS,18.25690269470215
2019-12-18,BIMAS.IS,18.500106811523438
2019-12-19,BIMAS.IS,18.516321182250977
2019-12-20,BIMAS.IS,18.58928680419922
2019-12-23,BIMAS.IS,18.62171745300293
2019-12-24,BIMAS.IS,18.873029708862305
2019-12-25,BIMAS.IS,18.945995330810547
2019-12-26,BIMAS.IS,18.9946346282959
2019-12-27,BIMAS.IS,19.083810806274414
2019-12-30,BIMAS.IS,19.002744674682617
2019-12-31,BIMAS.IS,18.970314025878906
2020-01-02,BIMAS.IS,18.78385353088379
2020-01-03,BIMAS.IS,19.213523864746094
2020-01-06,BIMAS.IS,19.3270206451416
2020-01-07,BIMAS.IS,19.472949981689453
2020-01-08,BIMAS.IS,19.63508415222168
2020-01-09,BIMAS.IS,19.797224044799805
2020-01-10,BIMAS.IS,19.66751480102539
2020-01-13,BIMAS.IS,19.643184661865234
2020-01-14,BIMAS.IS,19.716154098510742
2020-01-15,BIMAS.IS,19.95125961303711
2020-01-16,BIMAS.IS,19.894508361816406
2020-01-17,BIMAS.IS,20.024219512939453
2020-01-20,BIMAS.IS,20.008007049560547
2020-01-21,BIMAS.IS,20.28769874572754
2020-01-22,BIMAS.IS,20.01611328125
2020-01-23,BIMAS.IS,20.77411460876465
2020-01-24,BIMAS.IS,20.409299850463867
2020-01-27,BIMAS.IS,19.999897003173828
2020-01-28,BIMAS.IS,19.86208152770996
2020-01-29,BIMAS.IS,20.162036895751953
2020-01-30,BIMAS.IS,20.097185134887695
2020-01-31,BIMAS.IS,19.894508361816406
2020-02-03,BIMAS.IS,19.740478515625
2020-02-04,BIMAS.IS,20.03232765197754
2020-02-05,BIMAS.IS,19.724260330200195
2020-02-06,BIMAS.IS,19.675622940063477
2020-02-07,BIMAS.IS,19.49726676940918
2020-02-10,BIMAS.IS,19.31080436706543
2020-02-11,BIMAS.IS,19.456727981567383
2020-02-12,BIMAS.IS,19.29458999633789
2020-02-13,BIMAS.IS,19.286487579345703
2020-02-14,BIMAS.IS,19.27027130126953
2020-02-17,BIMAS.IS,19.286487579345703
2020-02-18,BIMAS.IS,19.213523864746094
2020-02-19,BIMAS.IS,19.343233108520508
2020-02-20,BIMAS.IS,19.52158546447754
2020-02-21,BIMAS.IS,19.618877410888672
2020-02-24,BIMAS.IS,19.554019927978516
2020-02-25,BIMAS.IS,19.116241455078125
2020-02-26,BIMAS.IS,19.52158546447754
2020-02-27,BIMAS.IS,19.464841842651367
2020-02-28,BIMAS.IS,19.002744674682617
2020-03-02,BIMAS.IS,19.075706481933594
2020-03-03,BIMAS.IS,19.464841842651367
2020-03-04,BIMAS.IS,19.781009674072266
2020-03-05,BIMAS.IS,20.77411460876465
2020-03-06,BIMAS.IS,21.544281005859375
2020-03-09,BIMAS.IS,21.03759002685547
2020-03-10,BIMAS.IS,20.85518455505371
2020-03-11,BIMAS.IS,20.85518455505371
2020-03-12,BIMAS.IS,21.078123092651367
2020-03-13,BIMAS.IS,20.51064109802246
2020-03-16,BIMAS.IS,18.905454635620117
2020-03-17,BIMAS.IS,18.45147132873535
2020-03-18,BIMAS.IS,19.845867156982422
2020-03-19,BIMAS.IS,21.11865997314453
2020-03-20,BIMAS.IS,20.28769874572754
2020-03-23,BIMAS.IS,21.321331024169922
2020-03-24,BIMAS.IS,21.605079650878906
2020-03-25,BIMAS.IS,20.976789474487305
2020-03-26,BIMAS.IS,21.199729919433594
2020-03-27,BIMAS.IS,20.348499298095703
2020-03-30,BIMAS.IS,20.267425537109375
2020-03-31,BIMAS.IS,20.4498348236084
2020-04-01,BIMAS.IS,20.611974716186523
2020-04-02,BIMAS.IS,20.4498348236084
2020-04-03,BIMAS.IS,20.348499298095703
2020-04-06,BIMAS.IS,20.38903045654297
2020-04-07,BIMAS.IS,20.32823371887207
2020-04-08,BIMAS.IS,20.267425537109375
2020-04-09,BIMAS.IS,20.38903045654297
2020-04-10,BIMAS.IS,21.03759002685547
2020-04-13,BIMAS.IS,20.936254501342773
2020-04-14,BIMAS.IS,20.936254501342773
2020-04-15,BIMAS.IS,22.050962448120117
2020-04-16,BIMAS.IS,22.172565460205078
2020-04-17,BIMAS.IS,22.415775299072266
2020-04-20,BIMAS.IS,22.881927490234375
2020-04-21,BIMAS.IS,22.65898323059082
2020-04-22,BIMAS.IS,22.3955078125
2020-04-24,BIMAS.IS,22.618452072143555
2020-04-27,BIMAS.IS,22.618452072143555
2020-04-28,BIMAS.IS,22.31444549560547
2020-04-29,BIMAS.IS,22.740055084228516
2020-04-30,BIMAS.IS,22.53738021850586
2020-05-04,BIMAS.IS,21.64561653137207
2020-05-05,BIMAS.IS,21.179462432861328
2020-05-06,BIMAS.IS,20.814651489257812
2020-05-07,BIMAS.IS,20.551176071166992
2020-05-08,BIMAS.IS,20.67277717590332
2020-05-11,BIMAS.IS,20.67277717590332
2020-05-12,BIMAS.IS,21.017322540283203
2020-05-13,BIMAS.IS,21.447084426879883
2020-05-14,BIMAS.IS,22.12242317199707
2020-05-15,BIMAS.IS,23.32984161376953
2020-05-18,BIMAS.IS,25.335391998291016
2020-05-20,BIMAS.IS,24.782838821411133
2020-05-21,BIMAS.IS,25.212600708007812
2020-05-22,BIMAS.IS,25.867475509643555
2020-05-27,BIMAS.IS,25.84701156616211
2020-05-28,BIMAS.IS,25.29446029663086
2020-05-29,BIMAS.IS,25.8879337310791
2020-06-01,BIMAS.IS,26.25630760192871
2020-06-02,BIMAS.IS,26.01072883605957
2020-06-03,BIMAS.IS,26.35862922668457
2020-06-04,BIMAS.IS,28.118600845336914
2020-06-05,BIMAS.IS,27.52512550354004
2020-06-08,BIMAS.IS,26.56327247619629
2020-06-09,BIMAS.IS,26.624675750732422
2020-06-10,BIMAS.IS,26.50188636779785
2020-06-11,BIMAS.IS,25.74468994140625
2020-06-12,BIMAS.IS,26.113052368164062
2020-06-15,BIMAS.IS,26.25630760192871
2020-06-16,BIMAS.IS,26.440486907958984
2020-06-17,BIMAS.IS,27.218149185180664
2020-06-18,BIMAS.IS,27.463727951049805
2020-06-19,BIMAS.IS,27.484195709228516
2020-06-22,BIMAS.IS,28.077669143676758
2020-06-23,BIMAS.IS,28.446035385131836
2020-06-24,BIMAS.IS,28.896259307861328
2020-06-25,BIMAS.IS,28.896259307861328
2020-06-26,BIMAS.IS,28.630218505859375
2020-06-29,BIMAS.IS,27.913951873779297
2020-06-30,BIMAS.IS,27.995813369750977
2020-07-01,BIMAS.IS,27.218149185180664
2020-07-02,BIMAS.IS,27.300010681152344
2020-07-03,BIMAS.IS,27.504657745361328
2020-07-06,BIMAS.IS,28.527889251708984
2020-07-07,BIMAS.IS,29.22369956970215
2020-07-08,BIMAS.IS,28.81440544128418
2020-07-09,BIMAS.IS,27.995813369750977
2020-07-10,BIMAS.IS,28.036739349365234
2020-07-13,BIMAS.IS,28.773473739624023
2020-07-14,BIMAS.IS,28.896259307861328
2020-07-16,BIMAS.IS,29.12137794494629
2020-07-17,BIMAS.IS,28.957660675048828
2020-07-20,BIMAS.IS,29.20323371887207
2020-07-21,BIMAS.IS,29.01905059814453
2020-07-22,BIMAS.IS,29.12137794494629
2020-07-23,BIMAS.IS,29.960430145263672
2020-07-24,BIMAS.IS,30.1241455078125
2020-07-27,BIMAS.IS,30.410661697387695
2020-07-28,BIMAS.IS,30.206003189086914
2020-07-29,BIMAS.IS,29.510202407836914
2020-07-30,BIMAS.IS,29.244159698486328
2020-08-04,BIMAS.IS,26.890710830688477
2020-08-05,BIMAS.IS,26.01072883605957
2020-08-06,BIMAS.IS,25.724224090576172
2020-08-07,BIMAS.IS,25.8265438079834
2020-08-10,BIMAS.IS,26.481416702270508
2020-08-11,BIMAS.IS,26.972572326660156
2020-08-12,BIMAS.IS,27.300010681152344
2020-08-13,BIMAS.IS,27.627443313598633
2020-08-14,BIMAS.IS,27.484195709228516
2020-08-17,BIMAS.IS,27.38187026977539
2020-08-18,BIMAS.IS,27.36140251159668
2020-08-19,BIMAS.IS,28.834863662719727
2020-08-20,BIMAS.IS,28.077669143676758
2020-08-21,BIMAS.IS,27.934415817260742
2020-08-24,BIMAS.IS,28.466506958007812
2020-08-25,BIMAS.IS,28.016281127929688
2020-08-26,BIMAS.IS,29.34648323059082
2020-08-27,BIMAS.IS,29.100910186767578
2020-08-28,BIMAS.IS,28.65068244934082
2020-08-31,BIMAS.IS,27.913951873779297
2020-09-01,BIMAS.IS,27.79116439819336
2020-09-02,BIMAS.IS,27.77069664001465
2020-09-03,BIMAS.IS,27.627443313598633
2020-09-04,BIMAS.IS,27.729772567749023
2020-09-07,BIMAS.IS,27.70930290222168
2020-09-08,BIMAS.IS,27.688840866088867
2020-09-09,BIMAS.IS,27.995813369750977
2020-09-10,BIMAS.IS,27.77069664001465
2020-09-11,BIMAS.IS,28.139068603515625
2020-09-14,BIMAS.IS,28.793935775756836
2020-09-15,BIMAS.IS,28.81440544128418
2020-09-16,BIMAS.IS,28.630218505859375
2020-09-17,BIMAS.IS,28.671152114868164
2020-09-18,BIMAS.IS,28.630218505859375
2020-09-21,BIMAS.IS,28.282316207885742
2020-09-22,BIMAS.IS,28.20046043395996
2020-09-23,BIMAS.IS,28.036739349365234
2020-09-24,BIMAS.IS,28.220924377441406
2020-09-25,BIMAS.IS,28.446035385131836
2020-09-28,BIMAS.IS,27.995813369750977
2020-09-29,BIMAS.IS,28.036739349365234
2020-09-30,BIMAS.IS,28.527889251708984
2020-10-01,BIMAS.IS,28.507429122924805
2020-10-02,BIMAS.IS,28.425569534301758
2020-10-05,BIMAS.IS,28.773473739624023
2020-10-06,BIMAS.IS,28.486963272094727
2020-10-07,BIMAS.IS,28.220924377441406
2020-10-08,BIMAS.IS,28.282316207885742
2020-10-09,BIMAS.IS,28.60975456237793
2020-10-12,BIMAS.IS,28.834863662719727
2020-10-13,BIMAS.IS,28.241390228271484
2020-10-14,BIMAS.IS,28.572669982910156
2020-10-15,BIMAS.IS,28.71759796142578
2020-10-16,BIMAS.IS,28.821121215820312
2020-10-19,BIMAS.IS,28.46914291381836
2020-10-20,BIMAS.IS,28.821121215820312
2020-10-21,BIMAS.IS,29.11099624633789
2020-10-22,BIMAS.IS,30.04271125793457
2020-10-23,BIMAS.IS,29.1731014251709
2020-10-26,BIMAS.IS,28.945350646972656
2020-10-27,BIMAS.IS,29.131698608398438
2020-10-28,BIMAS.IS,28.36561393737793
2020-10-30,BIMAS.IS,27.951520919799805
2020-11-02,BIMAS.IS,27.80658721923828
2020-11-03,BIMAS.IS,28.24138641357422
2020-11-04,BIMAS.IS,28.551959991455078
2020-11-05,BIMAS.IS,28.407024383544922
2020-11-06,BIMAS.IS,28.821121215820312
2020-11-09,BIMAS.IS,29.048877716064453
2020-11-10,BIMAS.IS,28.71759796142578
2020-11-11,BIMAS.IS,28.676191329956055
2020-11-12,BIMAS.IS,28.551959991455078
2020-11-13,BIMAS.IS,28.44843864440918
2020-11-16,BIMAS.IS,28.46914291381836
2020-11-17,BIMAS.IS,29.21451759338379
2020-11-18,BIMAS.IS,29.15240478515625
2020-11-19,BIMAS.IS,28.903945922851562
2020-11-20,BIMAS.IS,28.821121215820312
2020-11-23,BIMAS.IS,28.77971649169922
2020-11-24,BIMAS.IS,28.489849090576172
2020-11-25,BIMAS.IS,28.71759796142578
2020-11-26,BIMAS.IS,29.069581985473633
2020-11-27,BIMAS.IS,28.98676300048828
2020-11-30,BIMAS.IS,29.069581985473633
2020-12-01,BIMAS.IS,29.069581985473633
2020-12-02,BIMAS.IS,28.84182357788086
2020-12-03,BIMAS.IS,29.338741302490234
2020-12-04,BIMAS.IS,29.276622772216797
2020-12-07,BIMAS.IS,29.1731014251709
2020-12-08,BIMAS.IS,28.71759796142578
2020-12-09,BIMAS.IS,28.510549545288086
2020-12-10,BIMAS.IS,28.634780883789062
2020-12-11,BIMAS.IS,29.069581985473633
2020-12-14,BIMAS.IS,29.1731014251709
2020-12-15,BIMAS.IS,29.380155563354492
2020-12-16,BIMAS.IS,29.090280532836914
2020-12-17,BIMAS.IS,29.338741302490234
2020-12-18,BIMAS.IS,29.835662841796875
2020-12-21,BIMAS.IS,30.41539764404297
2020-12-22,BIMAS.IS,29.877071380615234
2020-12-23,BIMAS.IS,30.70526695251465
2020-12-24,BIMAS.IS,30.477506637573242
2020-12-25,BIMAS.IS,30.27046012878418
2020-12-28,BIMAS.IS,30.53962516784668
2020-12-29,BIMAS.IS,31.347116470336914
2020-12-30,BIMAS.IS,31.678386688232422
2020-12-31,BIMAS.IS,31.65768051147461
2021-01-04,BIMAS.IS,32.154598236083984
2021-01-05,BIMAS.IS,31.59557342529297
2021-01-06,BIMAS.IS,31.63698387145996
2021-01-07,BIMAS.IS,31.885438919067383
2021-01-08,BIMAS.IS,32.41686248779297
2021-01-11,BIMAS.IS,32.501888275146484
2021-01-12,BIMAS.IS,32.353084564208984
2021-01-13,BIMAS.IS,32.48064041137695
2021-01-14,BIMAS.IS,32.41686248779297
2021-01-15,BIMAS.IS,31.69412612915039
2021-01-18,BIMAS.IS,31.842918395996094
2021-01-19,BIMAS.IS,31.58784294128418
2021-01-20,BIMAS.IS,31.927949905395508
2021-01-21,BIMAS.IS,31.33275604248047
2021-01-22,BIMAS.IS,31.43904685974121
2021-01-25,BIMAS.IS,31.226465225219727
2021-01-26,BIMAS.IS,31.885438919067383
2021-01-27,BIMAS.IS,31.630355834960938
2021-01-28,BIMAS.IS,31.60909080505371
2021-01-29,BIMAS.IS,30.588769912719727
2021-02-01,BIMAS.IS,30.397457122802734
2021-02-02,BIMAS.IS,30.33368682861328
2021-02-03,BIMAS.IS,30.22739601135254
2021-02-04,BIMAS.IS,30.41870880126953
2021-02-05,BIMAS.IS,30.142370223999023
2021-02-08,BIMAS.IS,30.18488121032715
2021-02-09,BIMAS.IS,29.929800033569336
2021-02-10,BIMAS.IS,30.291166305541992
2021-02-11,BIMAS.IS,29.781002044677734
2021-02-12,BIMAS.IS,29.313344955444336
2021-02-15,BIMAS.IS,29.46214485168457
2021-02-16,BIMAS.IS,28.930723190307617
2021-02-17,BIMAS.IS,29.1645450592041
2021-02-18,BIMAS.IS,29.079519271850586
2021-02-19,BIMAS.IS,29.100778579711914
2021-02-22,BIMAS.IS,28.48432731628418
2021-02-23,BIMAS.IS,28.12295913696289
2021-02-24,BIMAS.IS,27.804101943969727
2021-02-25,BIMAS.IS,27.7615909576416
2021-02-26,BIMAS.IS,28.10169792175293
2021-03-01,BIMAS.IS,28.37803840637207
2021-03-02,BIMAS.IS,28.951980590820312
2021-03-03,BIMAS.IS,28.48432731628418
2021-03-04,BIMAS.IS,28.25049591064453
2021-03-05,BIMAS.IS,28.8669490814209
2021-03-08,BIMAS.IS,28.420551300048828
2021-03-09,BIMAS.IS,29.015748977661133
2021-03-10,BIMAS.IS,29.29209327697754
2021-03-11,BIMAS.IS,29.908538818359375
2021-03-12,BIMAS.IS,30.291166305541992
2021-03-15,BIMAS.IS,30.291166305541992
2021-03-16,BIMAS.IS,30.71630096435547
2021-03-17,BIMAS.IS,30.461217880249023
2021-03-18,BIMAS.IS,30.461217880249023
2021-03-19,BIMAS.IS,30.61001968383789
2021-03-22,BIMAS.IS,27.549020767211914
2021-03-23,BIMAS.IS,28.781919479370117
2021-03-24,BIMAS.IS,29.334604263305664
2021-03-25,BIMAS.IS,29.908538818359375
2021-03-26,BIMAS.IS,30.61001968383789
2021-03-29,BIMAS.IS,30.142370223999023
2021-03-30,BIMAS.IS,30.397457122802734
2021-03-31,BIMAS.IS,30.01482391357422
2021-04-01,BIMAS.IS,30.036083221435547
2021-04-02,BIMAS.IS,30.18488121032715
2021-04-05,BIMAS.IS,29.951053619384766
2021-04-06,BIMAS.IS,29.270828247070312
2021-04-07,BIMAS.IS,29.313344955444336
2021-04-08,BIMAS.IS,29.504655838012695
2021-04-09,BIMAS.IS,29.313344955444336
2021-04-12,BIMAS.IS,29.355859756469727
2021-04-13,BIMAS.IS,29.4834041595459
2021-04-14,BIMAS.IS,29.46214485168457
2021-04-15,BIMAS.IS,29.398378372192383
2021-04-16,BIMAS.IS,29.20705795288086
2021-04-19,BIMAS.IS,28.696895599365234
2021-04-20,BIMAS.IS,27.910388946533203
2021-04-21,BIMAS.IS,27.889129638671875
2021-04-22,BIMAS.IS,28.037925720214844
2021-04-26,BIMAS.IS,28.080442428588867
2021-04-27,BIMAS.IS,28.399301528930664
2021-04-28,BIMAS.IS,28.186729431152344
2021-04-29,BIMAS.IS,28.22924041748047
2021-04-30,BIMAS.IS,27.634048461914062
2021-05-03,BIMAS.IS,27.952899932861328
2021-05-04,BIMAS.IS,27.506502151489258
2021-05-05,BIMAS.IS,27.804101943969727
2021-05-06,BIMAS.IS,28.10169792175293
2021-05-07,BIMAS.IS,27.506502151489258
2021-05-10,BIMAS.IS,28.016674041748047
2021-05-11,BIMAS.IS,27.591533660888672
2021-05-12,BIMAS.IS,27.57027244567871
2021-05-17,BIMAS.IS,27.889129638671875
2021-05-18,BIMAS.IS,27.910388946533203
2021-05-20,BIMAS.IS,27.625364303588867
2021-05-21,BIMAS.IS,27.581512451171875
2021-05-24,BIMAS.IS,27.406116485595703
2021-05-25,BIMAS.IS,26.901840209960938
2021-05-26,BIMAS.IS,27.077241897583008
2021-05-27,BIMAS.IS,26.5071964263916
2021-05-28,BIMAS.IS,28.17348289489746
2021-05-31,BIMAS.IS,28.041933059692383
2021-06-01,BIMAS.IS,28.08578872680664
2021-06-02,BIMAS.IS,27.603437423706055
2021-06-03,BIMAS.IS,27.03339195251465
2021-06-04,BIMAS.IS,27.274566650390625
2021-06-07,BIMAS.IS,27.16493797302246
2021-06-08,BIMAS.IS,27.186866760253906
2021-06-09,BIMAS.IS,27.47188949584961
2021-06-10,BIMAS.IS,27.493810653686523
2021-06-11,BIMAS.IS,27.669214248657227
2021-06-14,BIMAS.IS,28.2392578125
2021-06-15,BIMAS.IS,28.151561737060547
2021-06-16,BIMAS.IS,28.480432510375977
2021-06-17,BIMAS.IS,28.08578872680664
2021-06-18,BIMAS.IS,27.844614028930664
2021-06-21,BIMAS.IS,28.30504035949707
2021-06-22,BIMAS.IS,28.107711791992188
2021-06-23,BIMAS.IS,27.559589385986328
2021-06-24,BIMAS.IS,27.69114112854004
2021-06-25,BIMAS.IS,27.20878791809082
2021-06-28,BIMAS.IS,27.362262725830078
2021-06-29,BIMAS.IS,27.75691032409668
2021-06-30,BIMAS.IS,27.252641677856445
2021-07-01,BIMAS.IS,27.14301872253418
2021-07-02,BIMAS.IS,27.384191513061523
2021-07-05,BIMAS.IS,27.449960708618164
2021-07-06,BIMAS.IS,27.31841468811035
2021-07-07,BIMAS.IS,27.449960708618164
2021-07-08,BIMAS.IS,27.3403377532959
2021-07-09,BIMAS.IS,27.7349853515625
2021-07-12,BIMAS.IS,26.87991714477539
2021-07-13,BIMAS.IS,26.836069107055664
2021-07-14,BIMAS.IS,27.055313110351562
2021-07-16,BIMAS.IS,27.077241897583008
2021-07-19,BIMAS.IS,26.792217254638672
2021-07-26,BIMAS.IS,26.967615127563477
2021-07-27,BIMAS.IS,27.077241897583008
2021-07-28,BIMAS.IS,26.967615127563477
2021-07-29,BIMAS.IS,27.778833389282227
2021-07-30,BIMAS.IS,27.800762176513672
2021-08-02,BIMAS.IS,27.669214248657227
2021-08-03,BIMAS.IS,28.107711791992188
2021-08-04,BIMAS.IS,27.800762176513672
2021-08-05,BIMAS.IS,28.063861846923828
2021-08-06,BIMAS.IS,28.283109664916992
2021-08-09,BIMAS.IS,28.32695960998535
2021-08-10,BIMAS.IS,30.015182495117188
2021-08-11,BIMAS.IS,29.817853927612305
2021-08-12,BIMAS.IS,30.738697052001953
2021-08-13,BIMAS.IS,30.453670501708984
2021-08-16,BIMAS.IS,30.67292022705078
2021-08-17,BIMAS.IS,30.475597381591797
2021-08-18,BIMAS.IS,30.563297271728516
2021-08-19,BIMAS.IS,31.177196502685547
2021-08-20,BIMAS.IS,31.2648983001709
2021-08-23,BIMAS.IS,31.747241973876953
2021-08-24,BIMAS.IS,32.18573760986328
2021-08-25,BIMAS.IS,32.03226852416992
2021-08-26,BIMAS.IS,32.273441314697266
2021-08-27,BIMAS.IS,31.659547805786133
2021-08-31,BIMAS.IS,31.506071090698242
2021-09-01,BIMAS.IS,31.57184410095215
2021-09-02,BIMAS.IS,31.703397750854492
2021-09-03,BIMAS.IS,31.177196502685547
2021-09-06,BIMAS.IS,31.111421585083008
2021-09-07,BIMAS.IS,30.54137420654297
2021-09-08,BIMAS.IS,30.475597381591797
2021-09-09,BIMAS.IS,30.519453048706055
2021-09-10,BIMAS.IS,30.16865348815918
2021-09-13,BIMAS.IS,29.905555725097656
2021-09-14,BIMAS.IS,29.576679229736328
2021-09-15,BIMAS.IS,29.686298370361328
2021-09-16,BIMAS.IS,29.927478790283203
2021-09-17,BIMAS.IS,30.54137420654297
2021-09-20,BIMAS.IS,29.642452239990234
2021-09-21,BIMAS.IS,29.53282928466797
2021-09-22,BIMAS.IS,29.839778900146484
2021-09-23,BIMAS.IS,29.028554916381836
2021-09-24,BIMAS.IS,28.458511352539062
2021-09-27,BIMAS.IS,28.17348289489746
2021-09-28,BIMAS.IS,27.625364303588867
2021-09-29,BIMAS.IS,28.129638671875
2021-09-30,BIMAS.IS,28.02001190185547
2021-10-01,BIMAS.IS,27.71306610107422
2021-10-04,BIMAS.IS,27.3403377532959
2021-10-05,BIMAS.IS,27.2307186126709
2021-10-06,BIMAS.IS,26.836069107055664
2021-10-07,BIMAS.IS,26.945693969726562
2021-10-08,BIMAS.IS,27.121091842651367
2021-10-11,BIMAS.IS,27.559589385986328
2021-10-12,BIMAS.IS,27.31841468811035
2021-10-13,BIMAS.IS,26.989543914794922
2021-10-14,BIMAS.IS,26.5071964263916
2021-10-15,BIMAS.IS,26.572965621948242
2021-10-18,BIMAS.IS,26.616817474365234
2021-10-19,BIMAS.IS,26.87991714477539
2021-10-20,BIMAS.IS,26.704519271850586
2021-10-21,BIMAS.IS,27.14301872253418
2021-10-22,BIMAS.IS,27.31841468811035
2021-10-25,BIMAS.IS,26.945693969726562
2021-10-26,BIMAS.IS,27.252641677856445
2021-10-27,BIMAS.IS,27.669214248657227
2021-10-28,BIMAS.IS,27.252641677856445
2021-11-01,BIMAS.IS,28.063861846923828
2021-11-02,BIMAS.IS,28.08578872680664
2021-11-03,BIMAS.IS,28.30504035949707
2021-11-04,BIMAS.IS,28.918930053710938
2021-11-05,BIMAS.IS,28.74353790283203
2021-11-08,BIMAS.IS,29.46705436706543
2021-11-09,BIMAS.IS,28.787385940551758
2021-11-10,BIMAS.IS,29.116256713867188
2021-11-11,BIMAS.IS,29.028554916381836
2021-11-12,BIMAS.IS,29.291658401489258
2021-11-15,BIMAS.IS,29.46705436706543
2021-11-16,BIMAS.IS,29.094329833984375
2021-11-17,BIMAS.IS,29.59166717529297
2021-11-18,BIMAS.IS,30.26985740661621
2021-11-19,BIMAS.IS,30.17943572998047
2021-11-22,BIMAS.IS,30.563739776611328
2021-11-23,BIMAS.IS,30.76720428466797
2021-11-24,BIMAS.IS,31.196720123291016
2021-11-25,BIMAS.IS,31.174114227294922
2021-11-26,BIMAS.IS,31.24193000793457
2021-11-29,BIMAS.IS,31.400171279907227
2021-11-30,BIMAS.IS,31.3775691986084
2021-12-01,BIMAS.IS,31.716665267944336
2021-12-02,BIMAS.IS,31.69405746459961
2021-12-03,BIMAS.IS,31.6036319732666
2021-12-06,BIMAS.IS,33.005226135253906
2021-12-07,BIMAS.IS,35.06239700317383
2021-12-08,BIMAS.IS,34.42942810058594
2021-12-09,BIMAS.IS,33.84165954589844
2021-12-10,BIMAS.IS,34.836341857910156
2021-12-13,BIMAS.IS,35.378883361816406
2021-12-14,BIMAS.IS,36.283138275146484
2021-12-15,BIMAS.IS,37.70734405517578
2021-12-16,BIMAS.IS,38.453346252441406
2021-12-17,BIMAS.IS,34.926761627197266
2021-12-20,BIMAS.IS,32.39485549926758
2021-12-21,BIMAS.IS,29.569072723388672
2021-12-22,BIMAS.IS,29.81773567199707
2021-12-23,BIMAS.IS,28.93609046936035
2021-12-24,BIMAS.IS,29.569072723388672
2021-12-27,BIMAS.IS,28.890878677368164
2021-12-28,BIMAS.IS,28.30310821533203
2021-12-29,BIMAS.IS,28.80044937133789
2021-12-30,BIMAS.IS,27.873592376708984
2021-12-31,BIMAS.IS,27.71534538269043
2022-01-03,BIMAS.IS,29.139541625976562
2022-01-04,BIMAS.IS,30.60895538330078
2022-01-05,BIMAS.IS,31.33235740661621
2022-01-06,BIMAS.IS,31.174114227294922
2022-01-07,BIMAS.IS,32.86958312988281
2022-01-10,BIMAS.IS,32.259212493896484
2022-01-11,BIMAS.IS,32.05575942993164
2022-01-12,BIMAS.IS,32.530494689941406
2022-01-13,BIMAS.IS,31.852304458618164
2022-01-14,BIMAS.IS,31.761877059936523
2022-01-17,BIMAS.IS,32.417457580566406
2022-01-18,BIMAS.IS,30.812414169311523
2022-01-19,BIMAS.IS,31.784482955932617
2022-01-20,BIMAS.IS,31.64884376525879
2022-01-21,BIMAS.IS,31.535818099975586
2022-01-24,BIMAS.IS,30.26985740661621
2022-01-25,BIMAS.IS,30.83501625061035
2022-01-26,BIMAS.IS,30.970661163330078
2022-01-27,BIMAS.IS,32.50788879394531
2022-01-28,BIMAS.IS,31.920122146606445
2022-01-31,BIMAS.IS,31.80709457397461
2022-02-01,BIMAS.IS,32.417457580566406
2022-02-02,BIMAS.IS,31.89751625061035
2022-02-03,BIMAS.IS,31.6036319732666
2022-02-04,BIMAS.IS,31.038475036621094
2022-02-07,BIMAS.IS,31.9653377532959
2022-02-08,BIMAS.IS,32.168792724609375
2022-02-09,BIMAS.IS,32.66612243652344
2022-02-10,BIMAS.IS,32.66612243652344
2022-02-11,BIMAS.IS,33.43474578857422
2022-02-14,BIMAS.IS,33.118255615234375
2022-02-15,BIMAS.IS,34.04511642456055
2022-02-16,BIMAS.IS,34.04511642456055
2022-02-17,BIMAS.IS,33.77383804321289
2022-02-18,BIMAS.IS,34.24856948852539
2022-02-21,BIMAS.IS,34.836341857910156
2022-02-22,BIMAS.IS,34.158145904541016
2022-02-23,BIMAS.IS,34.09032440185547
2022-02-24,BIMAS.IS,32.168792724609375
2022-02-25,BIMAS.IS,33.027835845947266
2022-02-28,BIMAS.IS,33.05044174194336
2022-03-01,BIMAS.IS,33.208683013916016
2022-03-02,BIMAS.IS,33.86427307128906
2022-03-03,BIMAS.IS,34.452030181884766
2022-03-04,BIMAS.IS,33.77383804321289
2022-03-07,BIMAS.IS,34.112937927246094
2022-03-08,BIMAS.IS,34.58766555786133
2022-03-09,BIMAS.IS,34.94937515258789
2022-03-10,BIMAS.IS,34.338993072509766
2022-03-11,BIMAS.IS,34.24856948852539
2022-03-14,BIMAS.IS,35.017189025878906
2022-03-15,BIMAS.IS,34.452030181884766
2022-03-16,BIMAS.IS,34.542457580566406
2022-03-17,BIMAS.IS,35.424102783203125
2022-03-18,BIMAS.IS,36.41877746582031
2022-03-21,BIMAS.IS,36.78048324584961
2022-03-22,BIMAS.IS,37.97861862182617
2022-03-23,BIMAS.IS,38.02382278442383
2022-03-24,BIMAS.IS,37.72994613647461
2022-03-25,BIMAS.IS,37.97861862182617
2022-03-28,BIMAS.IS,37.54909896850586
2022-03-29,BIMAS.IS,37.97861862182617
2022-03-30,BIMAS.IS,38.88287353515625
2022-03-31,BIMAS.IS,38.272499084472656
2022-04-01,BIMAS.IS,37.97861862182617
2022-04-04,BIMAS.IS,36.961326599121094
2022-04-05,BIMAS.IS,37.051753997802734
2022-04-06,BIMAS.IS,36.53181076049805
2022-04-07,BIMAS.IS,37.074363708496094
2022-04-08,BIMAS.IS,37.66212844848633
2022-04-11,BIMAS.IS,37.7525634765625
2022-04-12,BIMAS.IS,37.97861862182617
2022-04-13,BIMAS.IS,38.566383361816406
2022-04-14,BIMAS.IS,38.40813064575195
2022-04-15,BIMAS.IS,38.272499084472656
2022-04-18,BIMAS.IS,38.29510498046875
2022-04-19,BIMAS.IS,38.67940902709961
2022-04-20,BIMAS.IS,39.24456787109375
2022-04-21,BIMAS.IS,40.55573654174805
2022-04-22,BIMAS.IS,39.01850509643555
2022-04-25,BIMAS.IS,39.24456787109375
2022-04-26,BIMAS.IS,37.39085006713867
2022-04-27,BIMAS.IS,38.40813064575195
2022-04-28,BIMAS.IS,37.95601272583008
2022-04-29,BIMAS.IS,37.77515411376953
2022-05-05,BIMAS.IS,38.47595977783203
2022-05-06,BIMAS.IS,37.54909896850586
2022-05-09,BIMAS.IS,37.3004264831543
2022-05-10,BIMAS.IS,37.79776382446289
2022-05-11,BIMAS.IS,37.639522552490234
2022-05-12,BIMAS.IS,37.18739318847656
2022-05-13,BIMAS.IS,36.938724517822266
2022-05-16,BIMAS.IS,36.98393630981445
2022-05-17,BIMAS.IS,38.04643630981445
2022-05-18,BIMAS.IS,37.074363708496094
2022-05-20,BIMAS.IS,36.32835006713867
2022-05-23,BIMAS.IS,36.305747985839844
2022-05-24,BIMAS.IS,35.311073303222656
2022-05-25,BIMAS.IS,36.011863708496094
2022-05-26,BIMAS.IS,37.029144287109375
2022-05-27,BIMAS.IS,36.961326599121094
2022-05-30,BIMAS.IS,37.7525634765625
2022-05-31,BIMAS.IS,37.3004264831543
2022-06-01,BIMAS.IS,38.3403205871582
2022-06-02,BIMAS.IS,39.78712463378906
2022-06-03,BIMAS.IS,39.854942321777344
2022-06-06,BIMAS.IS,39.990577697753906
2022-06-07,BIMAS.IS,39.3123893737793
2022-06-08,BIMAS.IS,37.88819122314453
2022-06-09,BIMAS.IS,37.21000289916992
2022-06-10,BIMAS.IS,36.84830093383789
2022-06-13,BIMAS.IS,37.074363708496094
2022-06-14,BIMAS.IS,37.82037353515625
2022-06-15,BIMAS.IS,38.4879264831543
2022-06-16,BIMAS.IS,37.59018325805664
2022-06-17,BIMAS.IS,38.39585494995117
2022-06-20,BIMAS.IS,38.096595764160156
2022-06-21,BIMAS.IS,38.34981155395508
2022-06-22,BIMAS.IS,38.90227127075195
2022-06-23,BIMAS.IS,39.06340026855469
2022-06-24,BIMAS.IS,38.85622787475586
2022-06-27,BIMAS.IS,38.11962890625
2022-06-28,BIMAS.IS,38.695098876953125
2022-06-29,BIMAS.IS,37.38300704956055
2022-06-30,BIMAS.IS,37.22187423706055
2022-07-01,BIMAS.IS,38.02753829956055
2022-07-04,BIMAS.IS,38.096595764160156
2022-07-05,BIMAS.IS,37.22187423706055
2022-07-06,BIMAS.IS,38.58000564575195
2022-07-07,BIMAS.IS,39.22453308105469
2022-07-08,BIMAS.IS,39.316619873046875
2022-07-13,BIMAS.IS,38.58000564575195
2022-07-14,BIMAS.IS,37.751312255859375
2022-07-18,BIMAS.IS,38.85622787475586
2022-07-19,BIMAS.IS,39.316619873046875
2022-07-20,BIMAS.IS,39.29359817504883
2022-07-21,BIMAS.IS,38.87924575805664
2022-07-22,BIMAS.IS,39.01736068725586
2022-07-25,BIMAS.IS,39.70793533325195
2022-07-26,BIMAS.IS,40.62870407104492
2022-07-27,BIMAS.IS,41.59550094604492
2022-07-28,BIMAS.IS,41.572486877441406
2022-07-29,BIMAS.IS,42.40116500854492
2022-08-01,BIMAS.IS,43.805335998535156
2022-08-02,BIMAS.IS,43.02268600463867
2022-08-03,BIMAS.IS,43.298919677734375
2022-08-04,BIMAS.IS,43.874393463134766
2022-08-05,BIMAS.IS,43.9894905090332
2022-08-08,BIMAS.IS,45.41667556762695
2022-08-09,BIMAS.IS,45.11742401123047
2022-08-10,BIMAS.IS,47.41933822631836
2022-08-11,BIMAS.IS,51.05635452270508
2022-08-12,BIMAS.IS,50.135589599609375
2022-08-15,BIMAS.IS,49.39897918701172
2022-08-16,BIMAS.IS,50.91823959350586
2022-08-17,BIMAS.IS,51.977108001708984
2022-08-18,BIMAS.IS,49.26085662841797
2022-08-19,BIMAS.IS,48.98463439941406
2022-08-22,BIMAS.IS,50.8722038269043
2022-08-23,BIMAS.IS,50.96426773071289
2022-08-24,BIMAS.IS,51.148433685302734
2022-08-25,BIMAS.IS,51.37862014770508
2022-08-26,BIMAS.IS,51.977108001708984
2022-08-29,BIMAS.IS,51.700889587402344
2022-08-31,BIMAS.IS,50.36578369140625
2022-09-01,BIMAS.IS,50.319740295410156
2022-09-02,BIMAS.IS,49.95143508911133
2022-09-05,BIMAS.IS,52.437496185302734
2022-09-06,BIMAS.IS,52.02314758300781
2022-09-07,BIMAS.IS,52.34542465209961
2022-09-08,BIMAS.IS,55.24582290649414
2022-09-09,BIMAS.IS,55.79828643798828
2022-09-12,BIMAS.IS,55.75225067138672
2022-09-13,BIMAS.IS,53.91072082519531
2022-09-14,BIMAS.IS,55.19978713989258
2022-09-15,BIMAS.IS,53.864681243896484
2022-09-16,BIMAS.IS,55.42997741699219
2022-09-19,BIMAS.IS,53.31222915649414
2022-09-20,BIMAS.IS,53.54241180419922
2022-09-21,BIMAS.IS,53.45033645629883
2022-09-22,BIMAS.IS,54.23298263549805
2022-09-23,BIMAS.IS,55.291866302490234
2022-09-26,BIMAS.IS,54.87751770019531
2022-09-27,BIMAS.IS,56.16659164428711
2022-09-28,BIMAS.IS,55.42997741699219
2022-09-29,BIMAS.IS,53.772605895996094
2022-09-30,BIMAS.IS,53.26618576049805
2022-10-03,BIMAS.IS,56.76509094238281
2022-10-04,BIMAS.IS,56.995277404785156
2022-10-05,BIMAS.IS,57.1794319152832
2022-10-06,BIMAS.IS,58.97492218017578
2022-10-07,BIMAS.IS,58.1922721862793
2022-10-10,BIMAS.IS,57.45566177368164
2022-10-11,BIMAS.IS,56.580936431884766
2022-10-12,BIMAS.IS,55.291866302490234
2022-10-13,BIMAS.IS,56.85715866088867
2022-10-14,BIMAS.IS,58.51454162597656
2022-10-17,BIMAS.IS,63.53269958496094
2022-10-18,BIMAS.IS,63.30250930786133
2022-10-19,BIMAS.IS,65.05196380615234
2022-10-20,BIMAS.IS,64.54553985595703
2022-10-21,BIMAS.IS,65.37422943115234
2022-10-24,BIMAS.IS,65.65046691894531
2022-10-25,BIMAS.IS,64.45346069335938
2022-10-26,BIMAS.IS,62.98023986816406
2022-10-27,BIMAS.IS,62.15155792236328
2022-10-28,BIMAS.IS,61.138710021972656
2022-10-31,BIMAS.IS,61.69118118286133
2022-11-01,BIMAS.IS,63.716861724853516
2022-11-02,BIMAS.IS,64.82176208496094
2022-11-03,BIMAS.IS,64.40742492675781
2022-11-04,BIMAS.IS,66.24896240234375
2022-11-07,BIMAS.IS,67.72216796875
2022-11-08,BIMAS.IS,67.90631866455078
2022-11-09,BIMAS.IS,63.716861724853516
2022-11-10,BIMAS.IS,65.55838012695312
2022-11-11,BIMAS.IS,62.56589126586914
2022-11-14,BIMAS.IS,62.289676666259766
2022-11-15,BIMAS.IS,61.69118118286133
2022-11-16,BIMAS.IS,59.665489196777344
2022-11-17,BIMAS.IS,58.00811767578125
2022-11-18,BIMAS.IS,60.171913146972656
2022-11-21,BIMAS.IS,59.02095413208008
2022-11-22,BIMAS.IS,60.63229751586914
2022-11-23,BIMAS.IS,59.849639892578125
2022-11-24,BIMAS.IS,61.04663848876953
2022-11-25,BIMAS.IS,60.90852355957031
2022-11-28,BIMAS.IS,61.368919372558594
2022-11-29,BIMAS.IS,61.64512634277344
2022-11-30,BIMAS.IS,61.92136001586914
2022-12-01,BIMAS.IS,60.310028076171875
2022-12-02,BIMAS.IS,56.62696838378906
2022-12-05,BIMAS.IS,55.522056579589844
2022-12-06,BIMAS.IS,58.42246627807617
2022-12-07,BIMAS.IS,55.061676025390625
2022-12-08,BIMAS.IS,56.07451629638672
2022-12-09,BIMAS.IS,56.62696838378906
2022-12-12,BIMAS.IS,57.59376907348633
2022-12-13,BIMAS.IS,61.18474578857422
2022-12-14,BIMAS.IS,59.461891174316406
2022-12-15,BIMAS.IS,59.83440399169922
2022-12-16,BIMAS.IS,59.8809700012207
2022-12-19,BIMAS.IS,61.04506301879883
2022-12-20,BIMAS.IS,63.04730224609375
2022-12-21,BIMAS.IS,64.6304702758789
2022-12-22,BIMAS.IS,64.30451965332031
2022-12-23,BIMAS.IS,63.7457389831543
2022-12-26,BIMAS.IS,63.18699645996094
2022-12-27,BIMAS.IS,63.83888244628906
2022-12-28,BIMAS.IS,62.62822341918945
2022-12-29,BIMAS.IS,63.559505462646484
2022-12-30,BIMAS.IS,63.7457389831543
2023-01-02,BIMAS.IS,64.86329650878906
2023-01-03,BIMAS.IS,65.1892318725586
2023-01-04,BIMAS.IS,63.606075286865234
2023-01-05,BIMAS.IS,61.23131561279297
2023-01-06,BIMAS.IS,60.253475189208984
2023-01-09,BIMAS.IS,60.90537643432617
2023-01-10,BIMAS.IS,60.53285598754883
2023-01-11,BIMAS.IS,57.92529296875
2023-01-12,BIMAS.IS,58.670310974121094
2023-01-13,BIMAS.IS,57.31996154785156
2023-01-16,BIMAS.IS,59.69470977783203
2023-01-17,BIMAS.IS,61.32444763183594
2023-01-18,BIMAS.IS,62.58165740966797
2023-01-19,BIMAS.IS,63.0007438659668
2023-01-20,BIMAS.IS,63.0007438659668
2023-01-23,BIMAS.IS,63.83888244628906
2023-01-24,BIMAS.IS,63.7457389831543
2023-01-25,BIMAS.IS,63.51293182373047
2023-01-26,BIMAS.IS,62.348838806152344
2023-01-27,BIMAS.IS,62.162593841552734
2023-01-30,BIMAS.IS,59.741275787353516
2023-01-31,BIMAS.IS,57.97185516357422
2023-02-01,BIMAS.IS,55.45741271972656
2023-02-02,BIMAS.IS,56.62150573730469
2023-02-03,BIMAS.IS,59.135948181152344
2023-02-06,BIMAS.IS,59.83440399169922
2023-02-07,BIMAS.IS,55.87648391723633
2023-02-08,BIMAS.IS,54.61927032470703
2023-02-15,BIMAS.IS,61.464141845703125
2023-02-16,BIMAS.IS,62.44196701049805
2023-02-17,BIMAS.IS,63.0007438659668
2023-02-20,BIMAS.IS,62.6747932434082
2023-02-21,BIMAS.IS,62.535099029541016
2023-02-22,BIMAS.IS,61.464141845703125
2023-02-23,BIMAS.IS,62.20915985107422
2023-02-24,BIMAS.IS,61.55725860595703
2023-02-27,BIMAS.IS,62.95417022705078
2023-02-28,BIMAS.IS,63.46637725830078
2023-03-01,BIMAS.IS,64.81673431396484
2023-03-02,BIMAS.IS,66.02737426757812
2023-03-03,BIMAS.IS,63.7457389831543
2023-03-06,BIMAS.IS,65.1892318725586
2023-03-07,BIMAS.IS,64.49078369140625
2023-03-08,BIMAS.IS,64.95641326904297
2023-03-09,BIMAS.IS,65.09610748291016
2023-03-10,BIMAS.IS,65.93425750732422
2023-03-13,BIMAS.IS,67.19147491455078
2023-03-14,BIMAS.IS,64.16482543945312
2023-03-15,BIMAS.IS,63.88544845581055
2023-03-16,BIMAS.IS,67.51741790771484
2023-03-17,BIMAS.IS,67.65711975097656
2023-03-20,BIMAS.IS,66.86553192138672
2023-03-21,BIMAS.IS,65.32892608642578
2023-03-22,BIMAS.IS,65.42205047607422
2023-03-23,BIMAS.IS,65.7014389038086
2023-03-24,BIMAS.IS,66.02737426757812
2023-03-27,BIMAS.IS,65.65486907958984
2023-03-28,BIMAS.IS,66.4930191040039
2023-03-29,BIMAS.IS,68.40214538574219
2023-03-30,BIMAS.IS,68.44868469238281
2023-03-31,BIMAS.IS,69.24027252197266
2023-04-03,BIMAS.IS,69.24027252197266
2023-04-04,BIMAS.IS,72.17379760742188
2023-04-05,BIMAS.IS,71.38220977783203
2023-04-06,BIMAS.IS,72.87224578857422
2023-04-07,BIMAS.IS,72.03410339355469
2023-04-10,BIMAS.IS,74.36228942871094
2023-04-11,BIMAS.IS,74.45542907714844
2023-04-12,BIMAS.IS,75.06074523925781
2023-04-13,BIMAS.IS,75.57295227050781
2023-04-14,BIMAS.IS,77.10956573486328
2023-04-17,BIMAS.IS,75.47982025146484
2023-04-18,BIMAS.IS,75.4332504272461
2023-04-19,BIMAS.IS,75.57295227050781
2023-04-20,BIMAS.IS,73.80352783203125
2023-04-24,BIMAS.IS,72.6394271850586
2023-04-25,BIMAS.IS,70.91657257080078
2023-04-26,BIMAS.IS,71.52191162109375
2023-04-27,BIMAS.IS,73.71040344238281
2023-04-28,BIMAS.IS,72.7325668334961
2023-05-02,BIMAS.IS,71.56846618652344
2023-05-03,BIMAS.IS,72.82569122314453
2023-05-04,BIMAS.IS,72.59286499023438
2023-05-05,BIMAS.IS,73.10507202148438
2023-05-08,BIMAS.IS,75.52638244628906
2023-05-09,BIMAS.IS,77.06297302246094
2023-05-10,BIMAS.IS,73.85009002685547
2023-05-11,BIMAS.IS,81.20716094970703
2023-05-12,BIMAS.IS,82.55750274658203
2023-05-15,BIMAS.IS,74.31573486328125
2023-05-16,BIMAS.IS,70.73031616210938
2023-05-17,BIMAS.IS,68.30899810791016
2023-05-18,BIMAS.IS,65.98081970214844
2023-05-22,BIMAS.IS,63.7457389831543
2023-05-23,BIMAS.IS,62.58165740966797
2023-05-24,BIMAS.IS,62.116024017333984
2023-05-25,BIMAS.IS,61.92976760864258
2023-05-26,BIMAS.IS,62.62822341918945
2023-05-29,BIMAS.IS,63.88544845581055
2023-05-30,BIMAS.IS,65.46861267089844
2023-05-31,BIMAS.IS,65.65486907958984
2023-06-01,BIMAS.IS,66.95864868164062
2023-06-02,BIMAS.IS,67.93648529052734
2023-06-05,BIMAS.IS,71.75472259521484
2023-06-06,BIMAS.IS,72.22035217285156
2023-06-07,BIMAS.IS,74.82791900634766
2023-06-08,BIMAS.IS,75.10731506347656
2023-06-09,BIMAS.IS,76.17827606201172
2023-06-12,BIMAS.IS,76.64391326904297
2023-06-13,BIMAS.IS,77.06297302246094
2023-06-14,BIMAS.IS,75.97891998291016
2023-06-15,BIMAS.IS,79.27824401855469
2023-06-16,BIMAS.IS,83.37885284423828
2023-06-19,BIMAS.IS,82.43618774414062
2023-06-20,BIMAS.IS,78.24132537841797
2023-06-21,BIMAS.IS,74.89485168457031
2023-06-22,BIMAS.IS,78.3827133178711
2023-06-23,BIMAS.IS,79.18397521972656
2023-06-26,BIMAS.IS,81.06932067871094
2023-06-27,BIMAS.IS,80.3623275756836
2023-07-03,BIMAS.IS,84.32152557373047
2023-07-04,BIMAS.IS,83.14319610595703
2023-07-05,BIMAS.IS,85.12278747558594
2023-07-06,BIMAS.IS,86.34825897216797
2023-07-07,BIMAS.IS,85.40559387207031
2023-07-10,BIMAS.IS,87.38518524169922
2023-07-11,BIMAS.IS,87.52658081054688
2023-07-12,BIMAS.IS,87.9036636352539
2023-07-13,BIMAS.IS,86.72532653808594
2023-07-14,BIMAS.IS,87.1023941040039
2023-07-17,BIMAS.IS,91.7214584350586
2023-07-18,BIMAS.IS,93.98384857177734
2023-07-19,BIMAS.IS,94.2195053100586
2023-07-20,BIMAS.IS,95.02079010009766
2023-07-21,BIMAS.IS,95.68065643310547
2023-07-24,BIMAS.IS,93.46538543701172
2023-07-25,BIMAS.IS,91.53291320800781
2023-07-26,BIMAS.IS,95.91632080078125
2023-07-27,BIMAS.IS,96.15199279785156
2023-07-28,BIMAS.IS,102.37358093261719
2023-07-31,BIMAS.IS,101.8551254272461
2023-08-01,BIMAS.IS,101.24238586425781
2023-08-02,BIMAS.IS,103.78758239746094
2023-08-03,BIMAS.IS,107.60537719726562
2023-08-04,BIMAS.IS,108.78372955322266
2023-08-07,BIMAS.IS,107.32258605957031
2023-08-08,BIMAS.IS,108.97225189208984
2023-08-09,BIMAS.IS,119.86004638671875
2023-08-10,BIMAS.IS,125.70458984375
2023-08-11,BIMAS.IS,128.5325927734375
2023-08-14,BIMAS.IS,128.43833923339844
2023-08-15,BIMAS.IS,122.21670532226562
2023-08-16,BIMAS.IS,120.66131591796875
2023-08-17,BIMAS.IS,119.01164245605469
2023-08-18,BIMAS.IS,110.76331329345703
2023-08-21,BIMAS.IS,118.87024688720703
2023-08-22,BIMAS.IS,118.30465698242188
2023-08-23,BIMAS.IS,114.53398895263672
2023-08-24,BIMAS.IS,113.1671142578125
2023-08-25,BIMAS.IS,121.13264465332031
2023-08-28,BIMAS.IS,120.66131591796875
2023-08-29,BIMAS.IS,121.17977905273438
2023-08-31,BIMAS.IS,118.87024688720703
2023-09-01,BIMAS.IS,122.16958618164062
2023-09-04,BIMAS.IS,123.6778335571289
2023-09-05,BIMAS.IS,124.52626037597656
2023-09-06,BIMAS.IS,121.98103332519531
2023-09-07,BIMAS.IS,128.67398071289062
2023-09-08,BIMAS.IS,127.25997924804688
2023-09-11,BIMAS.IS,127.25997924804688
2023-09-12,BIMAS.IS,127.49564361572266
2023-09-13,BIMAS.IS,127.25997924804688
2023-09-14,BIMAS.IS,129.09817504882812
2023-09-15,BIMAS.IS,127.25997924804688
2023-09-18,BIMAS.IS,126.31729888916016
2023-09-19,BIMAS.IS,130.13510131835938
2023-09-20,BIMAS.IS,127.25997924804688
2023-09-21,BIMAS.IS,129.94659423828125
2023-09-22,BIMAS.IS,128.86251831054688
2023-09-25,BIMAS.IS,130.88925170898438
2023-09-26,BIMAS.IS,129.80517578125
2023-09-27,BIMAS.IS,127.25997924804688
2023-09-28,BIMAS.IS,127.25997924804688
2023-09-29,BIMAS.IS,129.47523498535156
2023-10-02,BIMAS.IS,137.39364624023438
2023-10-03,BIMAS.IS,134.0943145751953
2023-10-04,BIMAS.IS,136.63951110839844
2023-10-05,BIMAS.IS,138.71336364746094
2023-10-06,BIMAS.IS,146.11331176757812
2023-10-09,BIMAS.IS,147.52731323242188
2023-10-10,BIMAS.IS,150.82662963867188
2023-10-11,BIMAS.IS,151.1094512939453
2023-10-12,BIMAS.IS,150.82662963867188
2023-10-13,BIMAS.IS,150.82662963867188
2023-10-16,BIMAS.IS,150.68524169921875
2023-10-17,BIMAS.IS,147.52731323242188
2023-10-18,BIMAS.IS,140.45730590820312
2023-10-19,BIMAS.IS,138.52484130859375
2023-10-20,BIMAS.IS,134.23573303222656
2023-10-23,BIMAS.IS,136.8751983642578
2023-10-24,BIMAS.IS,142.10696411132812
2023-10-25,BIMAS.IS,133.57583618164062
2023-10-26,BIMAS.IS,130.88925170898438
2023-10-27,BIMAS.IS,130.6064453125
2023-10-30,BIMAS.IS,131.40773010253906
2023-10-31,BIMAS.IS,128.20263671875
2023-11-01,BIMAS.IS,130.04083251953125
2023-11-02,BIMAS.IS,136.4509735107422
2023-11-03,BIMAS.IS,134.80133056640625
2023-11-06,BIMAS.IS,137.15797424316406
2023-11-07,BIMAS.IS,139.6324920654297
2023-11-08,BIMAS.IS,144.46365356445312
2023-11-09,BIMAS.IS,144.22796630859375
2023-11-10,BIMAS.IS,138.4541473388672
2023-11-13,BIMAS.IS,133.858642578125
2023-11-14,BIMAS.IS,135.27264404296875
2023-11-15,BIMAS.IS,136.80447387695312
2023-11-16,BIMAS.IS,142.10696411132812
2023-11-17,BIMAS.IS,145.28848266601562
2023-11-20,BIMAS.IS,143.4031219482422
2023-11-21,BIMAS.IS,147.64515686035156
2023-11-22,BIMAS.IS,145.8776397705078
2023-11-23,BIMAS.IS,145.8776397705078
2023-11-24,BIMAS.IS,149.177001953125
2023-11-27,BIMAS.IS,151.06231689453125
2023-11-28,BIMAS.IS,148.58782958984375
2023-11-29,BIMAS.IS,147.05596923828125
2023-11-30,BIMAS.IS,145.17062377929688
2023-12-01,BIMAS.IS,143.99229431152344
2023-12-04,BIMAS.IS,145.0528106689453
2023-12-05,BIMAS.IS,145.52415466308594
2023-12-06,BIMAS.IS,147.52731323242188
2023-12-07,BIMAS.IS,152.47630310058594
2023-12-08,BIMAS.IS,151.65147399902344
2023-12-11,BIMAS.IS,149.05914306640625
2023-12-12,BIMAS.IS,146.34896850585938
2023-12-13,BIMAS.IS,142.34263610839844
2023-12-14,BIMAS.IS,147.64515686035156
2023-12-15,BIMAS.IS,151.06231689453125
2023-12-18,BIMAS.IS,149.88397216796875
2023-12-19,BIMAS.IS,143.87448120117188
2023-12-20,BIMAS.IS,144.70750427246094
2023-12-21,BIMAS.IS,147.20657348632812
2023-12-22,BIMAS.IS,147.32557678222656
2023-12-25,BIMAS.IS,143.27947998046875
2023-12-26,BIMAS.IS,144.58851623535156
2023-12-27,BIMAS.IS,145.65951538085938
2023-12-28,BIMAS.IS,146.37356567382812
2023-12-29,BIMAS.IS,143.16046142578125
2024-01-02,BIMAS.IS,143.27947998046875
2024-01-03,BIMAS.IS,139.1143798828125
2024-01-04,BIMAS.IS,143.9934844970703
2024-01-05,BIMAS.IS,146.25454711914062
2024-01-08,BIMAS.IS,151.84767150878906
2024-01-09,BIMAS.IS,152.085693359375
2024-01-10,BIMAS.IS,151.49066162109375
2024-01-11,BIMAS.IS,156.25076293945312
2024-01-12,BIMAS.IS,159.46385192871094
2024-01-15,BIMAS.IS,161.12989807128906
2024-01-16,BIMAS.IS,159.46385192871094
2024-01-17,BIMAS.IS,158.63082885742188
2024-01-18,BIMAS.IS,158.8688507080078
2024-01-19,BIMAS.IS,159.46385192871094
2024-01-22,BIMAS.IS,164.4619598388672
2024-01-23,BIMAS.IS,171.8401641845703
2024-01-24,BIMAS.IS,175.05322265625
2024-01-25,BIMAS.IS,173.38719177246094
2024-01-26,BIMAS.IS,176.24325561523438
2024-01-29,BIMAS.IS,177.07626342773438
2024-01-30,BIMAS.IS,176.12428283691406
2024-01-31,BIMAS.IS,181.36036682128906
2024-02-01,BIMAS.IS,178.02830505371094
2024-02-02,BIMAS.IS,175.29124450683594
2024-02-05,BIMAS.IS,179.0993194580078
2024-02-06,BIMAS.IS,180.17037963867188
2024-02-07,BIMAS.IS,178.02830505371094
2024-02-08,BIMAS.IS,183.85943603515625
2024-02-09,BIMAS.IS,188.7385711669922
2024-02-12,BIMAS.IS,186.95352172851562
2024-02-13,BIMAS.IS,180.88436889648438
2024-02-14,BIMAS.IS,181.36036682128906
2024-02-15,BIMAS.IS,190.04759216308594
2024-02-16,BIMAS.IS,185.76348876953125
2024-02-19,BIMAS.IS,185.64450073242188
2024-02-20,BIMAS.IS,188.26255798339844
2024-02-21,BIMAS.IS,191.47564697265625
2024-02-22,BIMAS.IS,187.90554809570312
2024-02-23,BIMAS.IS,188.02455139160156
2024-02-26,BIMAS.IS,188.02455139160156
2024-02-27,BIMAS.IS,183.26443481445312
2024-02-28,BIMAS.IS,181.2413787841797
2024-02-29,BIMAS.IS,184.81146240234375
2024-03-01,BIMAS.IS,181.36036682128906
2024-03-04,BIMAS.IS,177.55230712890625
2024-03-05,BIMAS.IS,177.07626342773438
2024-03-06,BIMAS.IS,177.19528198242188
2024-03-07,BIMAS.IS,183.26443481445312
2024-03-08,BIMAS.IS,184.93048095703125
2024-03-11,BIMAS.IS,186.0015106201172
2024-03-12,BIMAS.IS,189.80960083007812
2024-03-13,BIMAS.IS,183.85943603515625
2024-03-14,BIMAS.IS,185.16848754882812
2024-03-15,BIMAS.IS,180.17037963867188
2024-03-18,BIMAS.IS,180.28936767578125
2024-03-19,BIMAS.IS,183.9784698486328
2024-03-20,BIMAS.IS,182.07440185546875
2024-03-21,BIMAS.IS,182.7884063720703
2024-03-22,BIMAS.IS,176.3622589111328
2024-03-25,BIMAS.IS,169.46009826660156
2024-03-26,BIMAS.IS,164.93800354003906
2024-03-27,BIMAS.IS,166.3660125732422
2024-03-28,BIMAS.IS,167.3180389404297
2024-03-29,BIMAS.IS,171.8401641845703
2024-04-01,BIMAS.IS,172.5541534423828
2024-04-02,BIMAS.IS,173.6251983642578
2024-04-03,BIMAS.IS,176.4812469482422
2024-04-04,BIMAS.IS,180.88436889648438
2024-04-05,BIMAS.IS,192.78466796875
2024-04-08,BIMAS.IS,191.47564697265625
2024-04-09,BIMAS.IS,191.47564697265625
2024-04-15,BIMAS.IS,186.95352172851562
2024-04-16,BIMAS.IS,186.5965118408203
2024-04-17,BIMAS.IS,184.57345581054688
2024-04-18,BIMAS.IS,175.05322265625
2024-04-19,BIMAS.IS,176.83828735351562
2024-04-22,BIMAS.IS,176.12428283691406
2024-04-24,BIMAS.IS,175.17225646972656
2024-04-25,BIMAS.IS,177.43328857421875
2024-04-26,BIMAS.IS,183.9784698486328
2024-04-29,BIMAS.IS,184.57345581054688
2024-04-30,BIMAS.IS,184.2164764404297
2024-05-02,BIMAS.IS,192.1896514892578
2024-05-03,BIMAS.IS,198.6157989501953
2024-05-06,BIMAS.IS,198.7348175048828
2024-05-07,BIMAS.IS,199.44882202148438
2024-05-08,BIMAS.IS,199.9248504638672
2024-05-09,BIMAS.IS,202.30487060546875
2024-05-10,BIMAS.IS,202.18588256835938
2024-05-13,BIMAS.IS,202.78091430664062
2024-05-14,BIMAS.IS,216.94224548339844
2024-05-15,BIMAS.IS,223.36842346191406
2024-05-16,BIMAS.IS,222.17837524414062
2024-05-17,BIMAS.IS,231.69859313964844
2024-05-20,BIMAS.IS,231.93663024902344
2024-05-21,BIMAS.IS,231.93663024902344
2024-05-22,BIMAS.IS,230.86557006835938
2024-05-23,BIMAS.IS,230.62759399414062
2024-05-24,BIMAS.IS,222.53538513183594
2024-05-27,BIMAS.IS,227.05747985839844
2024-05-28,BIMAS.IS,229.3185577392578
2024-05-29,BIMAS.IS,227.05747985839844
2024-05-30,BIMAS.IS,225.98648071289062
2024-05-31,BIMAS.IS,228.4855194091797
2024-06-03,BIMAS.IS,236.4586944580078
2024-06-04,BIMAS.IS,234.19764709472656
2024-06-05,BIMAS.IS,239.9097900390625
2024-06-06,BIMAS.IS,238.24374389648438
2024-06-07,BIMAS.IS,234.91168212890625
2024-06-10,BIMAS.IS,231.34161376953125
2024-06-11,BIMAS.IS,237.29173278808594
2024-06-12,BIMAS.IS,232.5316162109375
2024-06-13,BIMAS.IS,250.38206481933594
2024-06-14,BIMAS.IS,263.234375
2024-06-20,BIMAS.IS,271.0885314941406
2024-06-21,BIMAS.IS,273.2306213378906
2024-06-24,BIMAS.IS,266.8044738769531
2024-06-25,BIMAS.IS,271.5645751953125
2024-06-26,BIMAS.IS,266.32843017578125
2024-06-27,BIMAS.IS,266.32843017578125
2024-06-28,BIMAS.IS,259.42626953125
2024-07-01,BIMAS.IS,263.7103576660156
2024-07-02,BIMAS.IS,263.94842529296875
2024-07-03,BIMAS.IS,261.80633544921875
2024-07-04,BIMAS.IS,259.664306640625
2024-07-05,BIMAS.IS,263.4723815917969
2024-07-08,BIMAS.IS,265.8524169921875
2024-07-09,BIMAS.IS,263.7103576660156
2024-07-10,BIMAS.IS,258.4742431640625
2024-07-11,BIMAS.IS,271.3265380859375
2024-07-12,BIMAS.IS,275.3726501464844
2024-07-16,BIMAS.IS,278.7047119140625
2024-07-17,BIMAS.IS,284.67523193359375
2024-07-18,BIMAS.IS,291.3623046875
2024-07-19,BIMAS.IS,293.5116882324219
2024-07-22,BIMAS.IS,293.9893493652344
2024-07-23,BIMAS.IS,293.7505187988281
2024-07-24,BIMAS.IS,298.2881164550781
2024-07-25,BIMAS.IS,292.7951965332031
2024-07-26,BIMAS.IS,292.556396484375
2024-07-29,BIMAS.IS,286.10821533203125
2024-07-30,BIMAS.IS,293.9893493652344
2024-07-31,BIMAS.IS,298.7657775878906
2024-08-01,BIMAS.IS,292.31756591796875
2024-08-02,BIMAS.IS,280.8541564941406
2024-08-05,BIMAS.IS,266.2860412597656
2024-08-06,BIMAS.IS,269.8683776855469
2024-08-07,BIMAS.IS,266.52490234375
2024-08-08,BIMAS.IS,260.5543212890625
2024-08-09,BIMAS.IS,269.6295166015625
2024-08-12,BIMAS.IS,268.6742248535156
2024-08-13,BIMAS.IS,272.4953918457031
2024-08-14,BIMAS.IS,271.3013000488281
2024-08-15,BIMAS.IS,273.21185302734375
2024-08-16,BIMAS.IS,265.5695495605469
2024-08-19,BIMAS.IS,273.92828369140625
2024-08-20,BIMAS.IS,268.4353942871094
2024-08-21,BIMAS.IS,265.5695495605469
2024-08-22,BIMAS.IS,268.4353942871094
2024-08-23,BIMAS.IS,260.7931213378906
2024-08-26,BIMAS.IS,257.6884460449219
2024-08-27,BIMAS.IS,264.6142578125
2024-08-28,BIMAS.IS,264.3754577636719
2024-08-29,BIMAS.IS,257.9272766113281
2024-09-02,BIMAS.IS,268.6742248535156
2024-09-03,BIMAS.IS,268.1966247558594
2024-09-04,BIMAS.IS,266.2860412597656
2024-09-05,BIMAS.IS,261.5096435546875
2024-09-06,BIMAS.IS,261.5096435546875
2024-09-09,BIMAS.IS,261.9872131347656
2024-09-10,BIMAS.IS,267.4801330566406
2024-09-11,BIMAS.IS,268.6742248535156
2024-09-12,BIMAS.IS,266.2860412597656
2024-09-13,BIMAS.IS,271.06243896484375
2024-09-16,BIMAS.IS,271.3013000488281
2024-09-17,BIMAS.IS,285.3917541503906
2024-09-18,BIMAS.IS,293.9893493652344
2024-09-19,BIMAS.IS,291.12347412109375
2024-09-20,BIMAS.IS,272.2565612792969
2024-09-23,BIMAS.IS,279.42120361328125
2024-09-24,BIMAS.IS,277.2718200683594
2024-09-25,BIMAS.IS,267.7189636230469
2024-09-26,BIMAS.IS,257.2107849121094
2024-09-27,BIMAS.IS,237.8662567138672
2024-09-30,BIMAS.IS,237.03036499023438
2024-10-01,BIMAS.IS,230.9404296875
2024-10-02,BIMAS.IS,224.43846130371094
2024-10-03,BIMAS.IS,229.9771728515625
2024-10-04,BIMAS.IS,231.66287231445312
2024-10-07,BIMAS.IS,222.7527618408203
2024-10-08,BIMAS.IS,232.866943359375
2024-10-09,BIMAS.IS,233.58938598632812
2024-10-10,BIMAS.IS,223.59561157226562
2024-10-11,BIMAS.IS,224.43846130371094
2024-10-14,BIMAS.IS,225.52212524414062
2024-10-15,BIMAS.IS,225.28131103515625
2024-10-16,BIMAS.IS,227.32823181152344
2024-10-17,BIMAS.IS,226.48538208007812
2024-10-18,BIMAS.IS,222.03033447265625
2024-10-21,BIMAS.IS,214.6855010986328
2024-10-22,BIMAS.IS,221.7895050048828
2024-10-23,BIMAS.IS,217.45484924316406
2024-10-24,BIMAS.IS,229.01394653320312
2024-10-25,BIMAS.IS,228.8935089111328
2024-10-28,BIMAS.IS,227.689453125
2024-10-30,BIMAS.IS,234.3118133544922
2024-10-31,BIMAS.IS,224.6792755126953
2024-11-01,BIMAS.IS,223.9568328857422
2024-11-04,BIMAS.IS,222.7527618408203
2024-11-05,BIMAS.IS,221.54869079589844
2024-11-06,BIMAS.IS,237.2015838623047
2024-11-07,BIMAS.IS,235.1546630859375
2024-11-08,BIMAS.IS,237.6832275390625
2024-11-11,BIMAS.IS,236.47915649414062
2024-11-12,BIMAS.IS,226.8466033935547
2024-11-13,BIMAS.IS,227.08740234375
2024-11-14,BIMAS.IS,228.8935089111328
2024-11-15,BIMAS.IS,224.43846130371094
2024-11-18,BIMAS.IS,221.4282989501953
2024-11-19,BIMAS.IS,220.34461975097656
2024-11-20,BIMAS.IS,213.8426513671875
2024-11-21,BIMAS.IS,219.7425994873047
2024-11-22,BIMAS.IS,225.52212524414062
2024-11-25,BIMAS.IS,230.33839416503906
2024-11-26,BIMAS.IS,228.41189575195312
2024-11-27,BIMAS.IS,230.33839416503906
2024-11-28,BIMAS.IS,234.07101440429688
2024-11-29,BIMAS.IS,228.0506591796875
2024-12-02,BIMAS.IS,234.6730499267578
2024-12-03,BIMAS.IS,241.77706909179688
2024-12-04,BIMAS.IS,243.94436645507812
2024-12-05,BIMAS.IS,246.11170959472656
2024-12-06,BIMAS.IS,248.0382080078125
2024-12-09,BIMAS.IS,253.33612060546875
2024-12-10,BIMAS.IS,253.33612060546875
2024-12-11,BIMAS.IS,259.1156311035156
2024-12-12,BIMAS.IS,258.1523742675781
2024-12-13,BIMAS.IS,254.78097534179688
2024-12-16,BIMAS.IS,247.074951171875
2024-12-17,BIMAS.IS,249.72390747070312
2024-12-18,BIMAS.IS,246.0836181640625
2024-12-19,BIMAS.IS,243.65675354003906
2024-12-20,BIMAS.IS,240.1378173828125
2024-12-23,BIMAS.IS,238.3176727294922
2024-12-24,BIMAS.IS,237.2255859375
2024-12-25,BIMAS.IS,248.0251007080078
2024-12-26,BIMAS.IS,251.42271423339844
2024-12-27,BIMAS.IS,253.3642120361328
2024-12-30,BIMAS.IS,254.33494567871094
2024-12-31,BIMAS.IS,256.51910400390625
2015-03-11,EREGL.IS,0.8832297325134277
2015-03-12,EREGL.IS,0.8968878984451294
2015-03-13,EREGL.IS,0.8877824544906616
2015-03-16,EREGL.IS,0.8968878984451294
2015-03-17,EREGL.IS,0.9219279885292053
2015-03-18,EREGL.IS,0.9355860352516174
2015-03-19,EREGL.IS,0.9378624558448792
2015-03-20,EREGL.IS,0.9446914196014404
2015-03-23,EREGL.IS,0.951520562171936
2015-03-24,EREGL.IS,0.9196515083312988
2015-03-25,EREGL.IS,0.926480770111084
2015-03-26,EREGL.IS,0.9105459451675415
2015-03-27,EREGL.IS,0.9128224849700928
2015-03-30,EREGL.IS,0.9219279885292053
2015-03-31,EREGL.IS,0.9219279885292053
2015-04-01,EREGL.IS,0.951520562171936
2015-04-02,EREGL.IS,0.9742843508720398
2015-04-03,EREGL.IS,0.9765605926513672
2015-04-06,EREGL.IS,0.9742843508720398
2015-04-07,EREGL.IS,0.9970478415489197
2015-04-08,EREGL.IS,0.9970478415489197
2015-04-09,EREGL.IS,1.0016006231307983
2015-04-10,EREGL.IS,0.9970478415489197
2015-04-13,EREGL.IS,0.9811134338378906
2015-04-14,EREGL.IS,0.9856661558151245
2015-04-15,EREGL.IS,0.9856661558151245
2015-04-16,EREGL.IS,1.015259027481079
2015-04-17,EREGL.IS,1.0129824876785278
2015-04-20,EREGL.IS,1.022087812423706
2015-04-21,EREGL.IS,1.0425753593444824
2015-04-22,EREGL.IS,1.031193494796753
2015-04-23,EREGL.IS,1.031193494796753
2015-04-24,EREGL.IS,1.0380222797393799
2015-04-27,EREGL.IS,1.053957223892212
2015-04-28,EREGL.IS,1.067615270614624
2015-04-29,EREGL.IS,1.0425753593444824
2015-04-30,EREGL.IS,1.0243643522262573
2015-05-01,EREGL.IS,1.0243643522262573
2015-05-04,EREGL.IS,1.0380222797393799
2015-05-05,EREGL.IS,1.049404501914978
2015-05-06,EREGL.IS,1.0380222797393799
2015-05-07,EREGL.IS,1.0516808032989502
2015-05-08,EREGL.IS,1.0698916912078857
2015-05-11,EREGL.IS,1.0698916912078857
2015-05-12,EREGL.IS,1.07444429397583
2015-05-13,EREGL.IS,1.0858261585235596
2015-05-14,EREGL.IS,1.1017608642578125
2015-05-15,EREGL.IS,1.1131423711776733
2015-05-18,EREGL.IS,1.1154190301895142
2015-05-19,EREGL.IS,1.1154190301895142
2015-05-20,EREGL.IS,1.1199716329574585
2015-05-21,EREGL.IS,1.1108661890029907
2015-05-22,EREGL.IS,1.0994842052459717
2015-05-25,EREGL.IS,1.0926554203033447
2015-05-26,EREGL.IS,1.0653387308120728
2015-05-27,EREGL.IS,1.0802388191223145
2015-05-28,EREGL.IS,1.0578889846801758
2015-05-29,EREGL.IS,1.06285560131073
2015-06-01,EREGL.IS,1.0479557514190674
2015-06-02,EREGL.IS,1.0926553010940552
2015-06-03,EREGL.IS,1.1150048971176147
2015-06-04,EREGL.IS,1.137354850769043
2015-06-05,EREGL.IS,1.1075551509857178
2015-06-08,EREGL.IS,1.095138430595398
2015-06-09,EREGL.IS,1.0603721141815186
2015-06-10,EREGL.IS,1.0603721141815186
2015-06-11,EREGL.IS,1.0653387308120728
2015-06-12,EREGL.IS,1.0678222179412842
2015-06-15,EREGL.IS,1.0479557514190674
2015-06-16,EREGL.IS,1.06285560131073
2015-06-17,EREGL.IS,1.0752722024917603
2015-06-18,EREGL.IS,1.0976219177246094
2015-06-19,EREGL.IS,1.112521767616272
2015-06-22,EREGL.IS,1.0852054357528687
2015-06-23,EREGL.IS,1.1025886535644531
2015-06-24,EREGL.IS,1.1174883842468262
2015-06-25,EREGL.IS,1.1001051664352417
2015-06-26,EREGL.IS,1.1025886535644531
2015-06-29,EREGL.IS,1.0802388191223145
2015-06-30,EREGL.IS,1.0777554512023926
2015-07-01,EREGL.IS,1.0603721141815186
2015-07-02,EREGL.IS,1.0479557514190674
2015-07-03,EREGL.IS,1.045472502708435
2015-07-06,EREGL.IS,1.055405616760254
2015-07-07,EREGL.IS,1.0429890155792236
2015-07-08,EREGL.IS,1.045472502708435
2015-07-09,EREGL.IS,1.06285560131073
2015-07-10,EREGL.IS,1.0603721141815186
2015-07-13,EREGL.IS,1.0529223680496216
2015-07-14,EREGL.IS,1.0305724143981934
2015-07-15,EREGL.IS,1.028089165687561
2015-07-16,EREGL.IS,1.0256060361862183
2015-07-17,EREGL.IS,1.0256060361862183
2015-07-20,EREGL.IS,1.0057395696640015
2015-07-21,EREGL.IS,1.0355390310287476
2015-07-22,EREGL.IS,1.0131893157958984
2015-07-23,EREGL.IS,0.968489944934845
2015-07-24,EREGL.IS,0.9660066962242126
2015-07-27,EREGL.IS,1.00325608253479
2015-07-28,EREGL.IS,0.9982896447181702
2015-07-29,EREGL.IS,1.020639181137085
2015-07-30,EREGL.IS,1.0256060361862183
2015-07-31,EREGL.IS,1.0330559015274048
2015-08-03,EREGL.IS,1.020639181137085
2015-08-04,EREGL.IS,1.0355390310287476
2015-08-05,EREGL.IS,1.0231226682662964
2015-08-06,EREGL.IS,1.0107063055038452
2015-08-07,EREGL.IS,0.988356351852417
2015-08-10,EREGL.IS,0.9560732841491699
2015-08-11,EREGL.IS,1.0007729530334473
2015-08-12,EREGL.IS,0.968489944934845
2015-08-13,EREGL.IS,0.9858730435371399
2015-08-14,EREGL.IS,0.9784231185913086
2015-08-17,EREGL.IS,0.9660066962242126
2015-08-18,EREGL.IS,0.968489944934845
2015-08-19,EREGL.IS,0.9560732841491699
2015-08-20,EREGL.IS,0.9511066675186157
2015-08-21,EREGL.IS,0.9411734938621521
2015-08-24,EREGL.IS,0.9113737940788269
2015-08-25,EREGL.IS,0.9262738227844238
2015-08-26,EREGL.IS,0.9386902451515198
2015-08-27,EREGL.IS,0.9759396314620972
2015-08-28,EREGL.IS,0.963523268699646
2015-08-31,EREGL.IS,0.9833897352218628
2015-09-01,EREGL.IS,0.9660066962242126
2015-09-02,EREGL.IS,0.9461402297019958
2015-09-03,EREGL.IS,0.9610398411750793
2015-09-04,EREGL.IS,0.9362069964408875
2015-09-07,EREGL.IS,0.9138573408126831
2015-09-08,EREGL.IS,0.9088906645774841
2015-09-09,EREGL.IS,0.9163404107093811
2015-09-10,EREGL.IS,0.9064072370529175
2015-09-11,EREGL.IS,0.9163404107093811
2015-09-14,EREGL.IS,0.9337235689163208
2015-09-15,EREGL.IS,0.9535900950431824
2015-09-16,EREGL.IS,0.9660066962242126
2015-09-17,EREGL.IS,0.9809065461158752
2015-09-18,EREGL.IS,0.9734566807746887
2015-09-21,EREGL.IS,0.9660066962242126
2015-09-22,EREGL.IS,0.9362069964408875
2015-09-23,EREGL.IS,0.9312402606010437
2015-09-24,EREGL.IS,0.9312402606010437
2015-09-25,EREGL.IS,0.9312402606010437
2015-09-28,EREGL.IS,0.9237902164459229
2015-09-29,EREGL.IS,0.9411734938621521
2015-09-30,EREGL.IS,0.9262738227844238
2015-10-01,EREGL.IS,0.9262738227844238
2015-10-02,EREGL.IS,0.9237902164459229
2015-10-05,EREGL.IS,0.9436568021774292
2015-10-06,EREGL.IS,0.9486234188079834
2015-10-07,EREGL.IS,0.988356351852417
2015-10-08,EREGL.IS,0.9809065461158752
2015-10-09,EREGL.IS,1.0181560516357422
2015-10-12,EREGL.IS,1.0330559015274048
2015-10-13,EREGL.IS,0.9933228492736816
2015-10-14,EREGL.IS,1.0057395696640015
2015-10-15,EREGL.IS,0.9958063364028931
2015-10-16,EREGL.IS,1.0131893157958984
2015-10-19,EREGL.IS,1.0181560516357422
2015-10-20,EREGL.IS,0.9958063364028931
2015-10-21,EREGL.IS,0.9833897352218628
2015-10-22,EREGL.IS,0.9858730435371399
2015-10-23,EREGL.IS,0.988356351852417
2015-10-26,EREGL.IS,0.9908397793769836
2015-10-27,EREGL.IS,1.0007729530334473
2015-10-28,EREGL.IS,1.0131893157958984
2015-10-29,EREGL.IS,1.0131893157958984
2015-10-30,EREGL.IS,1.028089165687561
2015-11-02,EREGL.IS,1.0330559015274048
2015-11-03,EREGL.IS,1.0380223989486694
2015-11-04,EREGL.IS,1.0603721141815186
2015-11-05,EREGL.IS,1.0181560516357422
2015-11-06,EREGL.IS,0.9709731340408325
2015-11-09,EREGL.IS,0.968489944934845
2015-11-10,EREGL.IS,0.9660066962242126
2015-11-11,EREGL.IS,0.9709731340408325
2015-11-12,EREGL.IS,0.9734566807746887
2015-11-13,EREGL.IS,0.9610398411750793
2015-11-16,EREGL.IS,0.9535900950431824
2015-11-17,EREGL.IS,0.9486234188079834
2015-11-18,EREGL.IS,0.9337235689163208
2015-11-19,EREGL.IS,0.9486234188079834
2015-11-20,EREGL.IS,0.9585566520690918
2015-11-23,EREGL.IS,0.9362069964408875
2015-11-24,EREGL.IS,0.8964740633964539
2015-11-25,EREGL.IS,0.9014406800270081
2015-11-26,EREGL.IS,0.9138573408126831
2015-11-27,EREGL.IS,0.9262738227844238
2015-11-30,EREGL.IS,0.9337235689163208
2015-12-01,EREGL.IS,0.9386902451515198
2015-12-02,EREGL.IS,0.898957371711731
2015-12-03,EREGL.IS,0.893990695476532
2015-12-04,EREGL.IS,0.869157612323761
2015-12-07,EREGL.IS,0.8567411303520203
2015-12-08,EREGL.IS,0.8343912959098816
2015-12-09,EREGL.IS,0.84432452917099
2015-12-10,EREGL.IS,0.8294246792793274
2015-12-11,EREGL.IS,0.8219746351242065
2015-12-14,EREGL.IS,0.7797585725784302
2015-12-15,EREGL.IS,0.8170081377029419
2015-12-16,EREGL.IS,0.8095582127571106
2015-12-17,EREGL.IS,0.8070749044418335
2015-12-18,EREGL.IS,0.7723085880279541
2015-12-21,EREGL.IS,0.7723085880279541
2015-12-22,EREGL.IS,0.7673419713973999
2015-12-23,EREGL.IS,0.789691686630249
2015-12-24,EREGL.IS,0.7996249198913574
2015-12-25,EREGL.IS,0.7971416711807251
2015-12-28,EREGL.IS,0.7921750545501709
2015-12-29,EREGL.IS,0.7872084379196167
2015-12-30,EREGL.IS,0.7772752046585083
2015-12-31,EREGL.IS,0.7549254298210144
2016-01-01,EREGL.IS,0.7549254298210144
2016-01-04,EREGL.IS,0.7350589632987976
2016-01-05,EREGL.IS,0.7400256395339966
2016-01-06,EREGL.IS,0.774791955947876
2016-01-07,EREGL.IS,0.7673419713973999
2016-01-08,EREGL.IS,0.7425090074539185
2016-01-11,EREGL.IS,0.7524421215057373
2016-01-12,EREGL.IS,0.7524421215057373
2016-01-13,EREGL.IS,0.7598919868469238
2016-01-14,EREGL.IS,0.7499588131904602
2016-01-15,EREGL.IS,0.7350589632987976
2016-01-18,EREGL.IS,0.7425090074539185
2016-01-19,EREGL.IS,0.7425090074539185
2016-01-20,EREGL.IS,0.725125789642334
2016-01-21,EREGL.IS,0.7176757454872131
2016-01-22,EREGL.IS,0.7176757454872131
2016-01-25,EREGL.IS,0.7574087977409363
2016-01-26,EREGL.IS,0.7574087977409363
2016-01-27,EREGL.IS,0.7648586630821228
2016-01-28,EREGL.IS,0.7598919868469238
2016-01-29,EREGL.IS,0.7673419713973999
2016-02-01,EREGL.IS,0.769825279712677
2016-02-02,EREGL.IS,0.7648586630821228
2016-02-03,EREGL.IS,0.7723085880279541
2016-02-04,EREGL.IS,0.7971416711807251
2016-02-05,EREGL.IS,0.8145248293876648
2016-02-08,EREGL.IS,0.7996249198913574
2016-02-09,EREGL.IS,0.7797585725784302
2016-02-10,EREGL.IS,0.7772752046585083
2016-02-11,EREGL.IS,0.7723085880279541
2016-02-12,EREGL.IS,0.7648586630821228
2016-02-15,EREGL.IS,0.7797585725784302
2016-02-16,EREGL.IS,0.774791955947876
2016-02-17,EREGL.IS,0.7921750545501709
2016-02-18,EREGL.IS,0.8070749044418335
2016-02-19,EREGL.IS,0.8021082282066345
2016-02-22,EREGL.IS,0.8095582127571106
2016-02-23,EREGL.IS,0.8368746042251587
2016-02-24,EREGL.IS,0.8269413113594055
2016-02-25,EREGL.IS,0.8368746042251587
2016-02-26,EREGL.IS,0.8368746042251587
2016-02-29,EREGL.IS,0.8567411303520203
2016-03-01,EREGL.IS,0.8666744232177734
2016-03-02,EREGL.IS,0.864190936088562
2016-03-03,EREGL.IS,0.8617078065872192
2016-03-04,EREGL.IS,0.8790908455848694
2016-03-07,EREGL.IS,0.893990695476532
2016-03-08,EREGL.IS,0.8915073275566101
2016-03-09,EREGL.IS,0.8840575218200684
2016-03-10,EREGL.IS,0.898957371711731
2016-03-11,EREGL.IS,0.9064072370529175
2016-03-14,EREGL.IS,0.9213071465492249
2016-03-15,EREGL.IS,0.9113737940788269
2016-03-16,EREGL.IS,0.9088906645774841
2016-03-17,EREGL.IS,0.9386902451515198
2016-03-18,EREGL.IS,0.988356351852417
2016-03-21,EREGL.IS,0.9933228492736816
2016-03-22,EREGL.IS,0.9809065461158752
2016-03-23,EREGL.IS,0.9610398411750793
2016-03-24,EREGL.IS,1.00325608253479
2016-03-25,EREGL.IS,0.9908397793769836
2016-03-28,EREGL.IS,1.0181560516357422
2016-03-29,EREGL.IS,1.0305724143981934
2016-03-30,EREGL.IS,1.06285560131073
2016-03-31,EREGL.IS,1.0529223680496216
2016-04-01,EREGL.IS,1.0603721141815186
2016-04-04,EREGL.IS,1.0703054666519165
2016-04-05,EREGL.IS,1.0653387308120728
2016-04-06,EREGL.IS,1.0504390001296997
2016-04-07,EREGL.IS,1.0852054357528687
2016-04-08,EREGL.IS,1.1174883842468262
2016-04-11,EREGL.IS,1.1646711826324463
2016-04-12,EREGL.IS,1.1994372606277466
2016-04-13,EREGL.IS,1.2317204475402832
2016-04-14,EREGL.IS,1.2242705821990967
2016-04-15,EREGL.IS,1.1820542812347412
2016-04-18,EREGL.IS,1.1969542503356934
2016-04-19,EREGL.IS,1.184537649154663
2016-04-20,EREGL.IS,1.2118539810180664
2016-04-21,EREGL.IS,1.2416536808013916
2016-04-22,EREGL.IS,1.2242705821990967
2016-04-25,EREGL.IS,1.2366870641708374
2016-04-26,EREGL.IS,1.184537649154663
2016-04-27,EREGL.IS,1.1572211980819702
2016-04-28,EREGL.IS,1.1696377992630005
2016-04-29,EREGL.IS,1.159704566001892
2016-05-02,EREGL.IS,1.1423213481903076
2016-05-03,EREGL.IS,1.1025886535644531
2016-05-04,EREGL.IS,1.137354850769043
2016-05-05,EREGL.IS,1.1621878147125244
2016-05-06,EREGL.IS,1.1646711826324463
2016-05-09,EREGL.IS,1.1323879957199097
2016-05-10,EREGL.IS,1.11003839969635
2016-05-11,EREGL.IS,1.1323879957199097
2016-05-12,EREGL.IS,1.0852054357528687
2016-05-13,EREGL.IS,1.0827220678329468
2016-05-16,EREGL.IS,1.0876885652542114
2016-05-17,EREGL.IS,1.06285560131073
2016-05-18,EREGL.IS,1.0852054357528687
2016-05-19,EREGL.IS,1.0852054357528687
2016-05-20,EREGL.IS,1.0976219177246094
2016-05-23,EREGL.IS,1.0727887153625488
2016-05-24,EREGL.IS,1.0926553010940552
2016-05-25,EREGL.IS,1.105980396270752
2016-05-26,EREGL.IS,1.1193053722381592
2016-05-27,EREGL.IS,1.0979853868484497
2016-05-30,EREGL.IS,1.1086453199386597
2016-05-31,EREGL.IS,1.0979853868484497
2016-06-01,EREGL.IS,1.055345058441162
2016-06-02,EREGL.IS,1.0500150918960571
2016-06-03,EREGL.IS,1.0766650438308716
2016-06-06,EREGL.IS,1.095320224761963
2016-06-07,EREGL.IS,1.1113102436065674
2016-06-08,EREGL.IS,1.1246352195739746
2016-06-09,EREGL.IS,1.0873252153396606
2016-06-10,EREGL.IS,1.084660291671753
2016-06-13,EREGL.IS,1.0873252153396606
2016-06-14,EREGL.IS,1.063340187072754
2016-06-15,EREGL.IS,1.0766650438308716
2016-06-16,EREGL.IS,1.0500150918960571
2016-06-17,EREGL.IS,1.0526801347732544
2016-06-20,EREGL.IS,1.0793302059173584
2016-06-21,EREGL.IS,1.0819951295852661
2016-06-22,EREGL.IS,1.063340187072754
2016-06-23,EREGL.IS,1.0793302059173584
2016-06-24,EREGL.IS,1.0500150918960571
2016-06-27,EREGL.IS,1.0420200824737549
2016-06-28,EREGL.IS,1.0873252153396606
2016-06-29,EREGL.IS,1.095320224761963
2016-06-30,EREGL.IS,1.0819951295852661
2016-07-01,EREGL.IS,1.121970534324646
2016-07-04,EREGL.IS,1.121970534324646
2016-07-05,EREGL.IS,1.121970534324646
2016-07-06,EREGL.IS,1.121970534324646
2016-07-07,EREGL.IS,1.121970534324646
2016-07-08,EREGL.IS,1.1273006200790405
2016-07-11,EREGL.IS,1.1486204862594604
2016-07-12,EREGL.IS,1.1992557048797607
2016-07-13,EREGL.IS,1.1806007623672485
2016-07-14,EREGL.IS,1.2312359809875488
2016-07-15,EREGL.IS,1.2632160186767578
2016-07-18,EREGL.IS,1.2498908042907715
2016-07-19,EREGL.IS,1.2418957948684692
2016-07-20,EREGL.IS,1.217910885810852
2016-07-21,EREGL.IS,1.1406254768371582
2016-07-22,EREGL.IS,1.1193053722381592
2016-07-25,EREGL.IS,1.1885957717895508
2016-07-26,EREGL.IS,1.1832656860351562
2016-07-27,EREGL.IS,1.2312359809875488
2016-07-28,EREGL.IS,1.244560956954956
2016-07-29,EREGL.IS,1.2099158763885498
2016-08-01,EREGL.IS,1.239230990409851
2016-08-02,EREGL.IS,1.2072508335113525
2016-08-03,EREGL.IS,1.1885957717895508
2016-08-04,EREGL.IS,1.244560956954956
2016-08-05,EREGL.IS,1.2818713188171387
2016-08-08,EREGL.IS,1.313851237297058
2016-08-09,EREGL.IS,1.3271764516830444
2016-08-10,EREGL.IS,1.3245112895965576
2016-08-11,EREGL.IS,1.3165162801742554
2016-08-12,EREGL.IS,1.3165162801742554
2016-08-15,EREGL.IS,1.3058563470840454
2016-08-16,EREGL.IS,1.2605512142181396
2016-08-17,EREGL.IS,1.292531132698059
2016-08-18,EREGL.IS,1.2792062759399414
2016-08-19,EREGL.IS,1.3058563470840454
2016-08-22,EREGL.IS,1.292531132698059
2016-08-23,EREGL.IS,1.268546223640442
2016-08-24,EREGL.IS,1.2498908042907715
2016-08-25,EREGL.IS,1.2472261190414429
2016-08-26,EREGL.IS,1.244560956954956
2016-08-29,EREGL.IS,1.2259058952331543
2016-08-30,EREGL.IS,1.2259058952331543
2016-08-31,EREGL.IS,1.185930848121643
2016-09-01,EREGL.IS,1.201920986175537
2016-09-02,EREGL.IS,1.201920986175537
2016-09-05,EREGL.IS,1.2365659475326538
2016-09-06,EREGL.IS,1.2365659475326538
2016-09-07,EREGL.IS,1.2418957948684692
2016-09-08,EREGL.IS,1.2125808000564575
2016-09-09,EREGL.IS,1.1726056337356567
2016-09-12,EREGL.IS,1.1726056337356567
2016-09-13,EREGL.IS,1.1726056337356567
2016-09-14,EREGL.IS,1.1726056337356567
2016-09-15,EREGL.IS,1.1726056337356567
2016-09-16,EREGL.IS,1.1352955102920532
2016-09-19,EREGL.IS,1.1486204862594604
2016-09-20,EREGL.IS,1.1406254768371582
2016-09-21,EREGL.IS,1.15928053855896
2016-09-22,EREGL.IS,1.1752705574035645
2016-09-23,EREGL.IS,1.1779357194900513
2016-09-26,EREGL.IS,1.1406254768371582
2016-09-27,EREGL.IS,1.1299653053283691
2016-09-28,EREGL.IS,1.1193053722381592
2016-09-29,EREGL.IS,1.1166404485702515
2016-09-30,EREGL.IS,1.100650429725647
2016-10-03,EREGL.IS,1.1193053722381592
2016-10-04,EREGL.IS,1.121970534324646
2016-10-05,EREGL.IS,1.16994047164917
2016-10-06,EREGL.IS,1.137960433959961
2016-10-07,EREGL.IS,1.132630467414856
2016-10-10,EREGL.IS,1.1273006200790405
2016-10-11,EREGL.IS,1.1086453199386597
2016-10-12,EREGL.IS,1.1113102436065674
2016-10-13,EREGL.IS,1.1352955102920532
2016-10-14,EREGL.IS,1.1512855291366577
2016-10-17,EREGL.IS,1.15928053855896
2016-10-18,EREGL.IS,1.1752705574035645
2016-10-19,EREGL.IS,1.1806007623672485
2016-10-20,EREGL.IS,1.1646106243133545
2016-10-21,EREGL.IS,1.1193053722381592
2016-10-24,EREGL.IS,1.1299653053283691
2016-10-25,EREGL.IS,1.137960433959961
2016-10-26,EREGL.IS,1.1246352195739746
2016-10-27,EREGL.IS,1.1193053722381592
2016-10-28,EREGL.IS,1.1139752864837646
2016-10-31,EREGL.IS,1.1193053722381592
2016-11-01,EREGL.IS,1.0899903774261475
2016-11-02,EREGL.IS,1.105980396270752
2016-11-03,EREGL.IS,1.1113102436065674
2016-11-04,EREGL.IS,1.0366899967193604
2016-11-07,EREGL.IS,1.0686702728271484
2016-11-08,EREGL.IS,1.0660051107406616
2016-11-09,EREGL.IS,1.0766650438308716
2016-11-10,EREGL.IS,1.1113102436065674
2016-11-11,EREGL.IS,1.137960433959961
2016-11-14,EREGL.IS,1.1512855291366577
2016-11-15,EREGL.IS,1.1619455814361572
2016-11-16,EREGL.IS,1.1512855291366577
2016-11-17,EREGL.IS,1.1406254768371582
2016-11-18,EREGL.IS,1.1459555625915527
2016-11-21,EREGL.IS,1.1512855291366577
2016-11-22,EREGL.IS,1.1646106243133545
2016-11-23,EREGL.IS,1.1726056337356567
2016-11-24,EREGL.IS,1.1779357194900513
2016-11-25,EREGL.IS,1.185930848121643
2016-11-28,EREGL.IS,1.2285709381103516
2016-11-29,EREGL.IS,1.2259058952331543
2016-11-30,EREGL.IS,1.2552210092544556
2016-12-01,EREGL.IS,1.2312359809875488
2016-12-02,EREGL.IS,1.2472261190414429
2016-12-05,EREGL.IS,1.265881061553955
2016-12-06,EREGL.IS,1.3378362655639648
2016-12-07,EREGL.IS,1.343166470527649
2016-12-08,EREGL.IS,1.3671516180038452
2016-12-09,EREGL.IS,1.348496437072754
2016-12-12,EREGL.IS,1.3751466274261475
2016-12-13,EREGL.IS,1.3778117895126343
2016-12-14,EREGL.IS,1.3511614799499512
2016-12-15,EREGL.IS,1.3698164224624634
2016-12-16,EREGL.IS,1.3858065605163574
2016-12-19,EREGL.IS,1.343166470527649
2016-12-20,EREGL.IS,1.3458315134048462
2016-12-21,EREGL.IS,1.3538262844085693
2016-12-22,EREGL.IS,1.3778117895126343
2016-12-23,EREGL.IS,1.3564916849136353
2016-12-26,EREGL.IS,1.3538262844085693
2016-12-27,EREGL.IS,1.364486575126648
2016-12-28,EREGL.IS,1.3724817037582397
2016-12-29,EREGL.IS,1.3538262844085693
2016-12-30,EREGL.IS,1.3698164224624634
2017-01-02,EREGL.IS,1.3591567277908325
2017-01-03,EREGL.IS,1.3271764516830444
2017-01-04,EREGL.IS,1.265881061553955
2017-01-05,EREGL.IS,1.2898664474487305
2017-01-06,EREGL.IS,1.2818713188171387
2017-01-09,EREGL.IS,1.2845362424850464
2017-01-10,EREGL.IS,1.3245112895965576
2017-01-11,EREGL.IS,1.412456750869751
2017-01-12,EREGL.IS,1.497737169265747
2017-01-13,EREGL.IS,1.5030672550201416
2017-01-16,EREGL.IS,1.5083973407745361
2017-01-17,EREGL.IS,1.5004023313522339
2017-01-18,EREGL.IS,1.4737521409988403
2017-01-19,EREGL.IS,1.471087098121643
2017-01-20,EREGL.IS,1.4897421598434448
2017-01-23,EREGL.IS,1.4950721263885498
2017-01-24,EREGL.IS,1.5323823690414429
2017-01-25,EREGL.IS,1.4924070835113525
2017-01-26,EREGL.IS,1.5030672550201416
2017-01-27,EREGL.IS,1.516392469406128
2017-01-30,EREGL.IS,1.553702473640442
2017-01-31,EREGL.IS,1.5483723878860474
2017-02-01,EREGL.IS,1.5856823921203613
2017-02-02,EREGL.IS,1.5723575353622437
2017-02-03,EREGL.IS,1.5776877403259277
2017-02-06,EREGL.IS,1.5776877403259277
2017-02-07,EREGL.IS,1.527052402496338
2017-02-08,EREGL.IS,1.5243873596191406
2017-02-09,EREGL.IS,1.5243873596191406
2017-02-10,EREGL.IS,1.527052402496338
2017-02-13,EREGL.IS,1.5643625259399414
2017-02-14,EREGL.IS,1.5910124778747559
2017-02-15,EREGL.IS,1.5723575353622437
2017-02-16,EREGL.IS,1.5750224590301514
2017-02-17,EREGL.IS,1.5776877403259277
2017-02-20,EREGL.IS,1.553702473640442
2017-02-21,EREGL.IS,1.5696923732757568
2017-02-22,EREGL.IS,1.5750224590301514
2017-02-23,EREGL.IS,1.6256579160690308
2017-02-24,EREGL.IS,1.5856823921203613
2017-02-27,EREGL.IS,1.5830178260803223
2017-02-28,EREGL.IS,1.5830178260803223
2017-03-01,EREGL.IS,1.5856823921203613
2017-03-02,EREGL.IS,1.6203278303146362
2017-03-03,EREGL.IS,1.6096676588058472
2017-03-06,EREGL.IS,1.6096676588058472
2017-03-07,EREGL.IS,1.5936777591705322
2017-03-08,EREGL.IS,1.5590324401855469
2017-03-09,EREGL.IS,1.5723575353622437
2017-03-10,EREGL.IS,1.5696923732757568
2017-03-13,EREGL.IS,1.5803524255752563
2017-03-14,EREGL.IS,1.5590324401855469
2017-03-15,EREGL.IS,1.599007487297058
2017-03-16,EREGL.IS,1.6496429443359375
2017-03-17,EREGL.IS,1.654973030090332
2017-03-20,EREGL.IS,1.6309878826141357
2017-03-21,EREGL.IS,1.6283230781555176
2017-03-22,EREGL.IS,1.612332820892334
2017-03-23,EREGL.IS,1.5856823921203613
2017-03-24,EREGL.IS,1.5910124778747559
2017-03-27,EREGL.IS,1.5616977214813232
2017-03-28,EREGL.IS,1.5750224590301514
2017-03-29,EREGL.IS,1.5776877403259277
2017-03-30,EREGL.IS,1.5856823921203613
2017-03-31,EREGL.IS,1.5723575353622437
2017-04-03,EREGL.IS,1.5616977214813232
2017-04-04,EREGL.IS,1.5963428020477295
2017-04-05,EREGL.IS,1.59634268283844
2017-04-06,EREGL.IS,1.590620994567871
2017-04-07,EREGL.IS,1.5820386409759521
2017-04-10,EREGL.IS,1.6249511241912842
2017-04-11,EREGL.IS,1.6020643711090088
2017-04-12,EREGL.IS,1.5992035865783691
2017-04-13,EREGL.IS,1.5648735761642456
2017-04-14,EREGL.IS,1.5620129108428955
2017-04-17,EREGL.IS,1.590620994567871
2017-04-18,EREGL.IS,1.6278120279312134
2017-04-19,EREGL.IS,1.6363942623138428
2017-04-20,EREGL.IS,1.6592812538146973
2017-04-21,EREGL.IS,1.6707240343093872
2017-04-24,EREGL.IS,1.7222192287445068
2017-04-25,EREGL.IS,1.7737138271331787
2017-04-26,EREGL.IS,1.8137656450271606
2017-04-27,EREGL.IS,1.8423739671707153
2017-04-28,EREGL.IS,1.8623998165130615
2017-05-01,EREGL.IS,1.8623998165130615
2017-05-02,EREGL.IS,1.8337916135787964
2017-05-03,EREGL.IS,1.8109047412872314
2017-05-04,EREGL.IS,1.8080439567565918
2017-05-05,EREGL.IS,1.8080439567565918
2017-05-08,EREGL.IS,1.802322268486023
2017-05-09,EREGL.IS,1.8852863311767578
2017-05-10,EREGL.IS,1.879564881324768
2017-05-11,EREGL.IS,1.8767038583755493
2017-05-12,EREGL.IS,1.845234751701355
2017-05-15,EREGL.IS,1.8423739671707153
2017-05-16,EREGL.IS,1.8395130634307861
2017-05-17,EREGL.IS,1.8309307098388672
2017-05-18,EREGL.IS,1.8337916135787964
2017-05-19,EREGL.IS,1.8337916135787964
2017-05-22,EREGL.IS,1.8824256658554077
2017-05-23,EREGL.IS,1.8738430738449097
2017-05-24,EREGL.IS,1.8566778898239136
2017-05-25,EREGL.IS,1.8738430738449097
2017-05-26,EREGL.IS,1.8538172245025635
2017-05-29,EREGL.IS,1.8538172245025635
2017-05-30,EREGL.IS,1.8538172245025635
2017-05-31,EREGL.IS,1.8280696868896484
2017-06-01,EREGL.IS,1.8166265487670898
2017-06-02,EREGL.IS,1.8824256658554077
2017-06-05,EREGL.IS,1.8595390319824219
2017-06-06,EREGL.IS,1.8480957746505737
2017-06-07,EREGL.IS,1.8252090215682983
2017-06-08,EREGL.IS,1.8337916135787964
2017-06-09,EREGL.IS,1.8423739671707153
2017-06-12,EREGL.IS,1.8767038583755493
2017-06-13,EREGL.IS,1.8423739671707153
2017-06-14,EREGL.IS,1.8252090215682983
2017-06-15,EREGL.IS,1.8423739671707153
2017-06-16,EREGL.IS,1.8137656450271606
2017-06-19,EREGL.IS,1.8166265487670898
2017-06-20,EREGL.IS,1.8166265487670898
2017-06-21,EREGL.IS,1.8681215047836304
2017-06-22,EREGL.IS,1.8480957746505737
2017-06-23,EREGL.IS,1.8566778898239136
2017-06-26,EREGL.IS,1.8566778898239136
2017-06-27,EREGL.IS,1.8566778898239136
2017-06-28,EREGL.IS,1.948224663734436
2017-06-29,EREGL.IS,1.996858835220337
2017-06-30,EREGL.IS,2.0168845653533936
2017-07-03,EREGL.IS,2.0254669189453125
2017-07-04,EREGL.IS,2.0111632347106934
2017-07-05,EREGL.IS,2.0454928874969482
2017-07-06,EREGL.IS,2.0197455883026123
2017-07-07,EREGL.IS,2.0197455883026123
2017-07-10,EREGL.IS,2.0884053707122803
2017-07-11,EREGL.IS,2.1198744773864746
2017-07-12,EREGL.IS,2.1570651531219482
2017-07-13,EREGL.IS,2.1799521446228027
2017-07-14,EREGL.IS,2.1713695526123047
2017-07-17,EREGL.IS,2.177091121673584
2017-07-18,EREGL.IS,2.177091121673584
2017-07-19,EREGL.IS,2.2142815589904785
2017-07-20,EREGL.IS,2.1885344982147217
2017-07-21,EREGL.IS,2.2686374187469482
2017-07-24,EREGL.IS,2.245750904083252
2017-07-25,EREGL.IS,2.262915849685669
2017-07-26,EREGL.IS,2.262915849685669
2017-07-27,EREGL.IS,2.2829418182373047
2017-07-28,EREGL.IS,2.2571940422058105
2017-07-31,EREGL.IS,2.2428901195526123
2017-08-01,EREGL.IS,2.2343075275421143
2017-08-02,EREGL.IS,2.245750904083252
2017-08-03,EREGL.IS,2.30582857131958
2017-08-04,EREGL.IS,2.3430190086364746
2017-08-07,EREGL.IS,2.357323169708252
2017-08-08,EREGL.IS,2.3287150859832764
2017-08-09,EREGL.IS,2.297245502471924
2017-08-10,EREGL.IS,2.2314467430114746
2017-08-11,EREGL.IS,2.2228643894195557
2017-08-14,EREGL.IS,2.288663387298584
2017-08-15,EREGL.IS,2.1885344982147217
2017-08-16,EREGL.IS,2.2428901195526123
2017-08-17,EREGL.IS,2.220003843307495
2017-08-18,EREGL.IS,2.2343075275421143
2017-08-21,EREGL.IS,2.3115499019622803
2017-08-22,EREGL.IS,2.3372974395751953
2017-08-23,EREGL.IS,2.340158462524414
2017-08-24,EREGL.IS,2.3001067638397217
2017-08-25,EREGL.IS,2.2943849563598633
2017-08-28,EREGL.IS,2.3172717094421387
2017-08-29,EREGL.IS,2.322993278503418
2017-08-30,EREGL.IS,2.322993278503418
2017-08-31,EREGL.IS,2.3516013622283936
2017-09-01,EREGL.IS,2.3516013622283936
2017-09-04,EREGL.IS,2.3516013622283936
2017-09-05,EREGL.IS,2.322993278503418
2017-09-06,EREGL.IS,2.331575632095337
2017-09-07,EREGL.IS,2.331575632095337
2017-09-08,EREGL.IS,2.3029673099517822
2017-09-11,EREGL.IS,2.3172717094421387
2017-09-12,EREGL.IS,2.2943849563598633
2017-09-13,EREGL.IS,2.2343075275421143
2017-09-14,EREGL.IS,2.2829418182373047
2017-09-15,EREGL.IS,2.245750904083252
2017-09-18,EREGL.IS,2.211420774459839
2017-09-19,EREGL.IS,2.1399002075195312
2017-09-20,EREGL.IS,2.168508291244507
2017-09-21,EREGL.IS,2.151343584060669
2017-09-22,EREGL.IS,2.1198744773864746
2017-09-25,EREGL.IS,2.1456220149993896
2017-09-26,EREGL.IS,2.2486119270324707
2017-09-27,EREGL.IS,2.2314467430114746
2017-09-28,EREGL.IS,2.1971168518066406
2017-09-29,EREGL.IS,2.211420774459839
2017-10-02,EREGL.IS,2.2657766342163086
2017-10-03,EREGL.IS,2.3458800315856934
2017-10-04,EREGL.IS,2.3029673099517822
2017-10-05,EREGL.IS,2.3287150859832764
2017-10-06,EREGL.IS,2.3201324939727783
2017-10-09,EREGL.IS,2.3029673099517822
2017-10-10,EREGL.IS,2.3372974395751953
2017-10-11,EREGL.IS,2.3115499019622803
2017-10-12,EREGL.IS,2.4202616214752197
2017-10-13,EREGL.IS,2.4288439750671387
2017-10-16,EREGL.IS,2.4231224060058594
2017-10-17,EREGL.IS,2.4145395755767822
2017-10-18,EREGL.IS,2.391653060913086
2017-10-19,EREGL.IS,2.4202616214752197
2017-10-20,EREGL.IS,2.42598295211792
2017-10-23,EREGL.IS,2.4059572219848633
2017-10-24,EREGL.IS,2.4660346508026123
2017-10-25,EREGL.IS,2.4975037574768066
2017-10-26,EREGL.IS,2.451730489730835
2017-10-27,EREGL.IS,2.434565544128418
2017-10-30,EREGL.IS,2.4488699436187744
2017-10-31,EREGL.IS,2.546138048171997
2017-11-01,EREGL.IS,2.6376848220825195
2017-11-02,EREGL.IS,2.640545129776001
2017-11-03,EREGL.IS,2.623380661010742
2017-11-06,EREGL.IS,2.7235093116760254
2017-11-07,EREGL.IS,2.746396064758301
2017-11-08,EREGL.IS,2.7206485271453857
2017-11-09,EREGL.IS,2.8093342781066895
2017-11-10,EREGL.IS,2.7635607719421387
2017-11-13,EREGL.IS,2.70062255859375
2017-11-14,EREGL.IS,2.677736282348633
2017-11-15,EREGL.IS,2.5575811862945557
2017-11-16,EREGL.IS,2.52897310256958
2017-11-17,EREGL.IS,2.5175299644470215
2017-11-20,EREGL.IS,2.5060863494873047
2017-11-21,EREGL.IS,2.5661637783050537
2017-11-22,EREGL.IS,2.5747461318969727
2017-11-23,EREGL.IS,2.6176583766937256
2017-11-24,EREGL.IS,2.6720144748687744
2017-11-27,EREGL.IS,2.6004936695098877
2017-11-28,EREGL.IS,2.468895673751831
2017-11-29,EREGL.IS,2.4545912742614746
2017-11-30,EREGL.IS,2.4631736278533936
2017-12-01,EREGL.IS,2.4030964374542236
2017-12-04,EREGL.IS,2.5346946716308594
2017-12-05,EREGL.IS,2.5404162406921387
2017-12-06,EREGL.IS,2.4832000732421875
2017-12-07,EREGL.IS,2.563302993774414
2017-12-08,EREGL.IS,2.5575811862945557
2017-12-11,EREGL.IS,2.6634323596954346
2017-12-12,EREGL.IS,2.589050531387329
2017-12-13,EREGL.IS,2.5833284854888916
2017-12-14,EREGL.IS,2.649127960205078
2017-12-15,EREGL.IS,2.6691534519195557
2017-12-18,EREGL.IS,2.7063448429107666
2017-12-19,EREGL.IS,2.6863186359405518
2017-12-20,EREGL.IS,2.752117872238159
2017-12-21,EREGL.IS,2.709205389022827
2017-12-22,EREGL.IS,2.7578392028808594
2017-12-25,EREGL.IS,2.795030117034912
2017-12-26,EREGL.IS,2.754978656768799
2017-12-27,EREGL.IS,2.7721431255340576
2017-12-28,EREGL.IS,2.8264992237091064
2017-12-29,EREGL.IS,2.866551160812378
2018-01-01,EREGL.IS,2.866551160812378
2018-01-02,EREGL.IS,2.9380717277526855
2018-01-03,EREGL.IS,2.9123244285583496
2018-01-04,EREGL.IS,2.8608291149139404
2018-01-05,EREGL.IS,2.8922979831695557
2018-01-08,EREGL.IS,2.846525192260742
2018-01-09,EREGL.IS,2.8350813388824463
2018-01-10,EREGL.IS,2.7750041484832764
2018-01-11,EREGL.IS,2.80361270904541
2018-01-12,EREGL.IS,2.8608291149139404
2018-01-15,EREGL.IS,2.80361270904541
2018-01-16,EREGL.IS,2.8608291149139404
2018-01-17,EREGL.IS,2.906601667404175
2018-01-18,EREGL.IS,2.875133752822876
2018-01-19,EREGL.IS,2.829360246658325
2018-01-22,EREGL.IS,2.900880813598633
2018-01-23,EREGL.IS,2.8694114685058594
2018-01-24,EREGL.IS,2.880855083465576
2018-01-25,EREGL.IS,2.8522465229034424
2018-01-26,EREGL.IS,2.880855083465576
2018-01-29,EREGL.IS,2.863690137863159
2018-01-30,EREGL.IS,2.840803384780884
2018-01-31,EREGL.IS,2.846525192260742
2018-02-01,EREGL.IS,2.9294891357421875
2018-02-02,EREGL.IS,2.872272253036499
2018-02-05,EREGL.IS,2.80361270904541
2018-02-06,EREGL.IS,2.820777416229248
2018-02-07,EREGL.IS,2.786447525024414
2018-02-08,EREGL.IS,2.754978656768799
2018-02-09,EREGL.IS,2.7721431255340576
2018-02-12,EREGL.IS,2.760699987411499
2018-02-13,EREGL.IS,2.8350813388824463
2018-02-14,EREGL.IS,2.8522465229034424
2018-02-15,EREGL.IS,2.943793296813965
2018-02-16,EREGL.IS,2.9609580039978027
2018-02-19,EREGL.IS,2.9266278743743896
2018-02-20,EREGL.IS,2.9209065437316895
2018-02-21,EREGL.IS,3.0038702487945557
2018-02-22,EREGL.IS,2.983844757080078
2018-02-23,EREGL.IS,3.081113338470459
2018-02-26,EREGL.IS,3.081113338470459
2018-02-27,EREGL.IS,3.112581968307495
2018-02-28,EREGL.IS,3.269927740097046
2018-03-01,EREGL.IS,3.181241989135742
2018-03-02,EREGL.IS,3.0496442317962646
2018-03-05,EREGL.IS,3.0839738845825195
2018-03-06,EREGL.IS,3.0839738845825195
2018-03-07,EREGL.IS,3.001009464263916
2018-03-08,EREGL.IS,3.0382003784179688
2018-03-09,EREGL.IS,3.1011388301849365
2018-03-12,EREGL.IS,3.103999614715576
2018-03-13,EREGL.IS,3.115443229675293
2018-03-14,EREGL.IS,3.1097209453582764
2018-03-15,EREGL.IS,3.1612164974212646
2018-03-16,EREGL.IS,3.1354684829711914
2018-03-19,EREGL.IS,3.081113338470459
2018-03-20,EREGL.IS,3.129747152328491
2018-03-21,EREGL.IS,3.181241989135742
2018-03-22,EREGL.IS,3.172659158706665
2018-03-23,EREGL.IS,3.095416784286499
2018-03-26,EREGL.IS,3.0467827320098877
2018-03-27,EREGL.IS,3.0525050163269043
2018-03-28,EREGL.IS,2.958097457885742
2018-03-29,EREGL.IS,2.97526216506958
2018-03-30,EREGL.IS,3.0038702487945557
2018-04-02,EREGL.IS,2.9695403575897217
2018-04-03,EREGL.IS,3.0238962173461914
2018-04-04,EREGL.IS,3.0324790477752686
2018-04-05,EREGL.IS,3.0668089389801025
2018-04-06,EREGL.IS,3.0496442317962646
2018-04-09,EREGL.IS,2.97526216506958
2018-04-10,EREGL.IS,2.9380717277526855
2018-04-11,EREGL.IS,2.983844757080078
2018-04-12,EREGL.IS,3.0525050163269043
2018-04-13,EREGL.IS,3.098278045654297
2018-04-16,EREGL.IS,3.0839738845825195
2018-04-17,EREGL.IS,3.035339832305908
2018-04-18,EREGL.IS,3.1411900520324707
2018-04-19,EREGL.IS,3.206989288330078
2018-04-20,EREGL.IS,3.25276255607605
2018-04-23,EREGL.IS,3.25276255607605
2018-04-24,EREGL.IS,3.235597610473633
2018-04-25,EREGL.IS,3.149772882461548
2018-04-26,EREGL.IS,3.1697986125946045
2018-04-27,EREGL.IS,3.0467827320098877
2018-04-30,EREGL.IS,2.906601667404175
2018-05-01,EREGL.IS,2.906601667404175
2018-05-02,EREGL.IS,3.0668089389801025
2018-05-03,EREGL.IS,3.0553653240203857
2018-05-04,EREGL.IS,3.001009464263916
2018-05-07,EREGL.IS,2.829360246658325
2018-05-08,EREGL.IS,2.9495151042938232
2018-05-09,EREGL.IS,3.018174886703491
2018-05-10,EREGL.IS,3.0238962173461914
2018-05-11,EREGL.IS,3.061087131500244
2018-05-14,EREGL.IS,3.166937828063965
2018-05-15,EREGL.IS,3.2155721187591553
2018-05-16,EREGL.IS,3.3242833614349365
2018-05-17,EREGL.IS,3.309979200363159
2018-05-18,EREGL.IS,3.2899534702301025
2018-05-21,EREGL.IS,3.3414480686187744
2018-05-22,EREGL.IS,3.4101083278656006
2018-05-23,EREGL.IS,3.29567551612854
2018-05-24,EREGL.IS,3.235597610473633
2018-05-25,EREGL.IS,3.4101083278656006
2018-05-28,EREGL.IS,3.535984754562378
2018-05-29,EREGL.IS,3.6434147357940674
2018-05-30,EREGL.IS,3.5636096000671387
2018-05-31,EREGL.IS,3.4684576988220215
2018-06-01,EREGL.IS,3.477665424346924
2018-06-04,EREGL.IS,3.453110694885254
2018-06-05,EREGL.IS,3.450040817260742
2018-06-06,EREGL.IS,3.379443883895874
2018-06-07,EREGL.IS,3.4070687294006348
2018-06-08,EREGL.IS,3.1553750038146973
2018-06-11,EREGL.IS,3.2720139026641846
2018-06-12,EREGL.IS,3.2535974979400635
2018-06-13,EREGL.IS,3.204486131668091
2018-06-14,EREGL.IS,3.2474584579467773
2018-06-15,EREGL.IS,3.2474584579467773
2018-06-18,EREGL.IS,3.158444881439209
2018-06-19,EREGL.IS,3.342611074447632
2018-06-20,EREGL.IS,3.210625648498535
2018-06-21,EREGL.IS,3.204486131668091
2018-06-22,EREGL.IS,3.235180616378784
2018-06-25,EREGL.IS,3.152305841445923
2018-06-26,EREGL.IS,3.2014172077178955
2018-06-27,EREGL.IS,3.164583921432495
2018-06-28,EREGL.IS,3.1400277614593506
2018-06-29,EREGL.IS,3.1277503967285156
2018-07-02,EREGL.IS,3.133889675140381
2018-07-03,EREGL.IS,3.241319417953491
2018-07-04,EREGL.IS,3.2198331356048584
2018-07-05,EREGL.IS,3.293499708175659
2018-07-06,EREGL.IS,3.268944025039673
2018-07-09,EREGL.IS,3.268944025039673
2018-07-10,EREGL.IS,3.354888439178467
2018-07-11,EREGL.IS,3.333402156829834
2018-07-12,EREGL.IS,3.1031947135925293
2018-07-13,EREGL.IS,3.0725009441375732
2018-07-16,EREGL.IS,3.1093337535858154
2018-07-17,EREGL.IS,3.2474584579467773
2018-07-18,EREGL.IS,3.3886523246765137
2018-07-19,EREGL.IS,3.453110694885254
2018-07-20,EREGL.IS,3.4408323764801025
2018-07-23,EREGL.IS,3.453110694885254
2018-07-24,EREGL.IS,3.3119163513183594
2018-07-25,EREGL.IS,3.3640964031219482
2018-07-26,EREGL.IS,3.327263355255127
2018-07-27,EREGL.IS,3.3579578399658203
2018-07-30,EREGL.IS,3.373304843902588
2018-07-31,EREGL.IS,3.3947911262512207
2018-08-01,EREGL.IS,3.5820260047912598
2018-08-02,EREGL.IS,3.6955957412719727
2018-08-03,EREGL.IS,3.6249983310699463
2018-08-06,EREGL.IS,3.606581687927246
2018-08-07,EREGL.IS,3.704803466796875
2018-08-08,EREGL.IS,3.7017343044281006
2018-08-09,EREGL.IS,3.7385671138763428
2018-08-10,EREGL.IS,3.61885929107666
2018-08-13,EREGL.IS,3.477665424346924
2018-08-14,EREGL.IS,3.4469709396362305
2018-08-15,EREGL.IS,3.477665424346924
2018-08-16,EREGL.IS,3.216763973236084
2018-08-17,EREGL.IS,3.4684576988220215
2018-08-20,EREGL.IS,3.4346935749053955
2018-08-21,EREGL.IS,3.4346935749053955
2018-08-22,EREGL.IS,3.4346935749053955
2018-08-23,EREGL.IS,3.4346935749053955
2018-08-24,EREGL.IS,3.4346935749053955
2018-08-27,EREGL.IS,3.542123794555664
2018-08-28,EREGL.IS,3.6833176612854004
2018-08-29,EREGL.IS,3.5574707984924316
2018-08-30,EREGL.IS,3.5574707984924316
2018-08-31,EREGL.IS,3.6219284534454346
2018-09-03,EREGL.IS,3.729358673095703
2018-09-04,EREGL.IS,3.5820260047912598
2018-09-05,EREGL.IS,3.5114290714263916
2018-09-06,EREGL.IS,3.48380446434021
2018-09-07,EREGL.IS,3.4930126667022705
2018-09-10,EREGL.IS,3.4592487812042236
2018-09-11,EREGL.IS,3.477665424346924
2018-09-12,EREGL.IS,3.450040817260742
2018-09-13,EREGL.IS,3.48380446434021
2018-09-14,EREGL.IS,3.3947911262512207
2018-09-17,EREGL.IS,3.4224157333374023
2018-09-18,EREGL.IS,3.3886523246765137
2018-09-19,EREGL.IS,3.4285547733306885
2018-09-20,EREGL.IS,3.4070687294006348
2018-09-21,EREGL.IS,3.4991514682769775
2018-09-24,EREGL.IS,3.4868741035461426
2018-09-25,EREGL.IS,3.450040817260742
2018-09-26,EREGL.IS,3.3825135231018066
2018-09-27,EREGL.IS,3.453110694885254
2018-09-28,EREGL.IS,3.410137891769409
2018-10-01,EREGL.IS,3.3917219638824463
2018-10-02,EREGL.IS,3.419346809387207
2018-10-03,EREGL.IS,3.3702354431152344
2018-10-04,EREGL.IS,3.379443883895874
2018-10-05,EREGL.IS,3.4070687294006348
2018-10-08,EREGL.IS,3.3825135231018066
2018-10-09,EREGL.IS,3.4346935749053955
2018-10-10,EREGL.IS,3.302708148956299
2018-10-11,EREGL.IS,3.256666898727417
2018-10-12,EREGL.IS,3.342611074447632
2018-10-15,EREGL.IS,3.373304843902588
2018-10-16,EREGL.IS,3.339540958404541
2018-10-17,EREGL.IS,3.262805223464966
2018-10-18,EREGL.IS,3.1676530838012695
2018-10-19,EREGL.IS,3.1277503967285156
2018-10-22,EREGL.IS,3.038736581802368
2018-10-23,EREGL.IS,3.026459217071533
2018-10-24,EREGL.IS,2.8545713424682617
2018-10-25,EREGL.IS,2.9527933597564697
2018-10-26,EREGL.IS,2.7747654914855957
2018-10-29,EREGL.IS,2.7747654914855957
2018-10-30,EREGL.IS,2.676544189453125
2018-10-31,EREGL.IS,2.741002321243286
2018-11-01,EREGL.IS,2.694960594177246
2018-11-02,EREGL.IS,2.8576407432556152
2018-11-05,EREGL.IS,2.9067516326904297
2018-11-06,EREGL.IS,2.8576407432556152
2018-11-07,EREGL.IS,2.8085293769836426
2018-11-08,EREGL.IS,2.7624881267547607
2018-11-09,EREGL.IS,2.793182611465454
2018-11-12,EREGL.IS,2.676544189453125
2018-11-13,EREGL.IS,2.710308074951172
2018-11-14,EREGL.IS,2.7624881267547607
2018-11-15,EREGL.IS,2.7195160388946533
2018-11-16,EREGL.IS,2.716447114944458
2018-11-19,EREGL.IS,2.6857521533966064
2018-11-20,EREGL.IS,2.5230727195739746
2018-11-21,EREGL.IS,2.5353503227233887
2018-11-22,EREGL.IS,2.5230727195739746
2018-11-23,EREGL.IS,2.4923782348632812
2018-11-26,EREGL.IS,2.461683988571167
2018-11-27,EREGL.IS,2.3788092136383057
2018-11-28,EREGL.IS,2.3849480152130127
2018-11-29,EREGL.IS,2.317420721054077
2018-11-30,EREGL.IS,2.3419759273529053
2018-12-03,EREGL.IS,2.501586437225342
2018-12-04,EREGL.IS,2.4309895038604736
2018-12-05,EREGL.IS,2.52614164352417
2018-12-06,EREGL.IS,2.3941564559936523
2018-12-07,EREGL.IS,2.403364419937134
2018-12-10,EREGL.IS,2.286726236343384
2018-12-11,EREGL.IS,2.2836568355560303
2018-12-12,EREGL.IS,2.2683095932006836
2018-12-13,EREGL.IS,2.3726704120635986
2018-12-14,EREGL.IS,2.3143510818481445
2018-12-17,EREGL.IS,2.299004077911377
2018-12-18,EREGL.IS,2.2959349155426025
2018-12-19,EREGL.IS,2.3542540073394775
2018-12-20,EREGL.IS,2.292865037918091
2018-12-21,EREGL.IS,2.2744483947753906
2018-12-24,EREGL.IS,2.2805874347686768
2018-12-25,EREGL.IS,2.2498931884765625
2018-12-26,EREGL.IS,2.228407144546509
2018-12-27,EREGL.IS,2.1977126598358154
2018-12-28,EREGL.IS,2.1854350566864014
2018-12-31,EREGL.IS,2.2191991806030273
2019-01-01,EREGL.IS,2.2191991806030273
2019-01-02,EREGL.IS,2.1578102111816406
2019-01-03,EREGL.IS,2.170088052749634
2019-01-04,EREGL.IS,2.231476306915283
2019-01-07,EREGL.IS,2.246823787689209
2019-01-08,EREGL.IS,2.2775180339813232
2019-01-09,EREGL.IS,2.345045566558838
2019-01-10,EREGL.IS,2.305142879486084
2019-01-11,EREGL.IS,2.271378993988037
2019-01-14,EREGL.IS,2.2897956371307373
2019-01-15,EREGL.IS,2.292865037918091
2019-01-16,EREGL.IS,2.2683095932006836
2019-01-17,EREGL.IS,2.2744483947753906
2019-01-18,EREGL.IS,2.415642499923706
2019-01-21,EREGL.IS,2.501586437225342
2019-01-22,EREGL.IS,2.5875308513641357
2019-01-23,EREGL.IS,2.5752530097961426
2019-01-24,EREGL.IS,2.602877378463745
2019-01-25,EREGL.IS,2.5936691761016846
2019-01-28,EREGL.IS,2.52614164352417
2019-01-29,EREGL.IS,2.6458494663238525
2019-01-30,EREGL.IS,2.596738815307617
2019-01-31,EREGL.IS,2.6059470176696777
2019-02-01,EREGL.IS,2.5537667274475098
2019-02-04,EREGL.IS,2.5506973266601562
2019-02-05,EREGL.IS,2.5353503227233887
2019-02-06,EREGL.IS,2.520003080368042
2019-02-07,EREGL.IS,2.6397111415863037
2019-02-08,EREGL.IS,2.5506973266601562
2019-02-11,EREGL.IS,2.6090164184570312
2019-02-12,EREGL.IS,2.618224859237671
2019-02-13,EREGL.IS,2.602877378463745
2019-02-14,EREGL.IS,2.658127546310425
2019-02-15,EREGL.IS,2.6397111415863037
2019-02-18,EREGL.IS,2.7072384357452393
2019-02-19,EREGL.IS,2.7716963291168213
2019-02-20,EREGL.IS,2.7072384357452393
2019-02-21,EREGL.IS,2.7041690349578857
2019-02-22,EREGL.IS,2.839223623275757
2019-02-25,EREGL.IS,2.799321174621582
2019-02-26,EREGL.IS,2.897542953491211
2019-02-27,EREGL.IS,2.9067516326904297
2019-02-28,EREGL.IS,2.8699183464050293
2019-03-01,EREGL.IS,2.7624881267547607
2019-03-04,EREGL.IS,2.7839741706848145
2019-03-05,EREGL.IS,2.728724479675293
2019-03-06,EREGL.IS,2.7594187259674072
2019-03-07,EREGL.IS,2.7379326820373535
2019-03-08,EREGL.IS,2.6918909549713135
2019-03-11,EREGL.IS,2.728724479675293
2019-03-12,EREGL.IS,2.741002321243286
2019-03-13,EREGL.IS,2.7440712451934814
2019-03-14,EREGL.IS,2.8177378177642822
2019-03-15,EREGL.IS,2.866848945617676
2019-03-18,EREGL.IS,2.9006123542785645
2019-03-19,EREGL.IS,2.9712095260620117
2019-03-20,EREGL.IS,2.8422935009002686
2019-03-21,EREGL.IS,2.741002321243286
2019-03-22,EREGL.IS,2.694960594177246
2019-03-25,EREGL.IS,2.833085060119629
2019-03-26,EREGL.IS,2.8085293769836426
2019-03-27,EREGL.IS,2.624363899230957
2019-03-28,EREGL.IS,2.8177378177642822
2019-03-29,EREGL.IS,2.8177378177642822
2019-04-01,EREGL.IS,2.7778353691101074
2019-04-02,EREGL.IS,2.7778353691101074
2019-04-03,EREGL.IS,2.7778353691101074
2019-04-04,EREGL.IS,2.851501703262329
2019-04-05,EREGL.IS,2.872987747192383
2019-04-08,EREGL.IS,2.851501703262329
2019-04-09,EREGL.IS,2.949723482131958
2019-04-10,EREGL.IS,2.9374454021453857
2019-04-11,EREGL.IS,2.8821959495544434
2019-04-12,EREGL.IS,2.8883345127105713
2019-04-15,EREGL.IS,2.8238768577575684
2019-04-16,EREGL.IS,2.8300158977508545
2019-04-17,EREGL.IS,2.8361544609069824
2019-04-18,EREGL.IS,2.839223623275757
2019-04-19,EREGL.IS,2.8484325408935547
2019-04-22,EREGL.IS,2.839223623275757
2019-04-23,EREGL.IS,2.839223623275757
2019-04-24,EREGL.IS,2.7901129722595215
2019-04-25,EREGL.IS,2.701099395751953
2019-04-26,EREGL.IS,2.688821792602539
2019-04-29,EREGL.IS,2.7778353691101074
2019-04-30,EREGL.IS,2.8177378177642822
2019-05-01,EREGL.IS,2.8177378177642822
2019-05-02,EREGL.IS,2.768627405166626
2019-05-03,EREGL.IS,2.768627405166626
2019-05-06,EREGL.IS,2.7256550788879395
2019-05-07,EREGL.IS,2.7379326820373535
2019-05-08,EREGL.IS,2.7125141620635986
2019-05-09,EREGL.IS,2.6762020587921143
2019-05-10,EREGL.IS,2.7415637969970703
2019-05-13,EREGL.IS,2.6870956420898438
2019-05-14,EREGL.IS,2.770613431930542
2019-05-15,EREGL.IS,2.745194673538208
2019-05-16,EREGL.IS,2.774244785308838
2019-05-17,EREGL.IS,2.705251455307007
2019-05-20,EREGL.IS,2.7125141620635986
2019-05-21,EREGL.IS,2.643521308898926
2019-05-22,EREGL.IS,2.5817906856536865
2019-05-23,EREGL.IS,2.636259078979492
2019-05-24,EREGL.IS,2.6507835388183594
2019-05-27,EREGL.IS,2.596315383911133
2019-05-28,EREGL.IS,2.6181023120880127
2019-05-29,EREGL.IS,2.6217336654663086
2019-05-30,EREGL.IS,2.6616768836975098
2019-05-31,EREGL.IS,2.6326277256011963
2019-06-03,EREGL.IS,2.6471526622772217
2019-06-04,EREGL.IS,2.6471526622772217
2019-06-05,EREGL.IS,2.6471526622772217
2019-06-06,EREGL.IS,2.6471526622772217
2019-06-07,EREGL.IS,2.708883047103882
2019-06-10,EREGL.IS,2.774244785308838
2019-06-11,EREGL.IS,2.7996633052825928
2019-06-12,EREGL.IS,2.766982316970825
2019-06-13,EREGL.IS,2.7234079837799072
2019-06-14,EREGL.IS,2.6725711822509766
2019-06-17,EREGL.IS,2.6653082370758057
2019-06-18,EREGL.IS,2.705251455307007
2019-06-19,EREGL.IS,2.6907269954681396
2019-06-20,EREGL.IS,2.727039098739624
2019-06-21,EREGL.IS,2.7379326820373535
2019-06-24,EREGL.IS,2.7633512020111084
2019-06-25,EREGL.IS,2.788769483566284
2019-06-26,EREGL.IS,2.7851383686065674
2019-06-27,EREGL.IS,2.839606761932373
2019-06-28,EREGL.IS,2.8505003452301025
2019-07-01,EREGL.IS,2.886812448501587
2019-07-02,EREGL.IS,2.8541312217712402
2019-07-03,EREGL.IS,2.8287129402160645
2019-07-04,EREGL.IS,2.8323440551757812
2019-07-05,EREGL.IS,2.756088972091675
2019-07-08,EREGL.IS,2.745194673538208
2019-07-09,EREGL.IS,2.6507835388183594
2019-07-10,EREGL.IS,2.6181023120880127
2019-07-11,EREGL.IS,2.705251455307007
2019-07-12,EREGL.IS,2.6253652572631836
2019-07-15,EREGL.IS,2.6253652572631836
2019-07-16,EREGL.IS,2.6907269954681396
2019-07-17,EREGL.IS,2.6907269954681396
2019-07-18,EREGL.IS,2.7197766304016113
2019-07-19,EREGL.IS,2.814188003540039
2019-07-22,EREGL.IS,2.7815070152282715
2019-07-23,EREGL.IS,2.7851383686065674
2019-07-24,EREGL.IS,2.8069257736206055
2019-07-25,EREGL.IS,2.7851383686065674
2019-07-26,EREGL.IS,2.796032190322876
2019-07-29,EREGL.IS,2.7815070152282715
2019-07-30,EREGL.IS,2.730670213699341
2019-07-31,EREGL.IS,2.6870956420898438
2019-08-01,EREGL.IS,2.6653082370758057
2019-08-02,EREGL.IS,2.6181023120880127
2019-08-05,EREGL.IS,2.574528217315674
2019-08-06,EREGL.IS,2.574528217315674
2019-08-07,EREGL.IS,2.4438047409057617
2019-08-08,EREGL.IS,2.454698324203491
2019-08-09,EREGL.IS,2.4474358558654785
2019-08-12,EREGL.IS,2.4474358558654785
2019-08-13,EREGL.IS,2.4474358558654785
2019-08-14,EREGL.IS,2.4474358558654785
2019-08-15,EREGL.IS,2.320343255996704
2019-08-16,EREGL.IS,2.258612871170044
2019-08-19,EREGL.IS,2.233194589614868
2019-08-20,EREGL.IS,2.2658753395080566
2019-08-21,EREGL.IS,2.2295632362365723
2019-08-22,EREGL.IS,2.254981756210327
2019-08-23,EREGL.IS,2.323974609375
2019-08-26,EREGL.IS,2.3384995460510254
2019-08-27,EREGL.IS,2.320343255996704
2019-08-28,EREGL.IS,2.305818557739258
2019-08-29,EREGL.IS,2.323974609375
2019-08-30,EREGL.IS,2.323974609375
2019-09-02,EREGL.IS,2.342130422592163
2019-09-03,EREGL.IS,2.3566555976867676
2019-09-04,EREGL.IS,2.3602869510650635
2019-09-05,EREGL.IS,2.414754867553711
2019-09-06,EREGL.IS,2.3965988159179688
2019-09-09,EREGL.IS,2.480116844177246
2019-09-10,EREGL.IS,2.501903772354126
2019-09-11,EREGL.IS,2.5091662406921387
2019-09-12,EREGL.IS,2.5600035190582275
2019-09-13,EREGL.IS,2.570897102355957
2019-09-16,EREGL.IS,2.5309536457061768
2019-09-17,EREGL.IS,2.545478343963623
2019-09-18,EREGL.IS,2.5781590938568115
2019-09-19,EREGL.IS,2.5127975940704346
2019-09-20,EREGL.IS,2.4655916690826416
2019-09-23,EREGL.IS,2.3784427642822266
2019-09-24,EREGL.IS,2.4256482124328613
2019-09-25,EREGL.IS,2.4329111576080322
2019-09-26,EREGL.IS,2.4038612842559814
2019-09-27,EREGL.IS,2.4764857292175293
2019-09-30,EREGL.IS,2.4946415424346924
2019-10-01,EREGL.IS,2.4728543758392334
2019-10-02,EREGL.IS,2.436542272567749
2019-10-03,EREGL.IS,2.4074923992156982
2019-10-04,EREGL.IS,2.4220173358917236
2019-10-07,EREGL.IS,2.4074923992156982
2019-10-08,EREGL.IS,2.4002301692962646
2019-10-09,EREGL.IS,2.3893368244171143
2019-10-10,EREGL.IS,2.4329111576080322
2019-10-11,EREGL.IS,2.505535125732422
2019-10-14,EREGL.IS,2.4256482124328613
2019-10-15,EREGL.IS,2.4292800426483154
2019-10-16,EREGL.IS,2.4292800426483154
2019-10-17,EREGL.IS,2.3893368244171143
2019-10-18,EREGL.IS,2.4002301692962646
2019-10-21,EREGL.IS,2.363917827606201
2019-10-22,EREGL.IS,2.345761775970459
2019-10-23,EREGL.IS,2.3965988159179688
2019-10-24,EREGL.IS,2.3893368244171143
2019-10-25,EREGL.IS,2.392967939376831
2019-10-28,EREGL.IS,2.371180534362793
2019-10-30,EREGL.IS,2.3965988159179688
2019-10-31,EREGL.IS,2.38570499420166
2019-11-01,EREGL.IS,2.3566555976867676
2019-11-04,EREGL.IS,2.4292800426483154
2019-11-05,EREGL.IS,2.498272657394409
2019-11-06,EREGL.IS,2.5164289474487305
2019-11-07,EREGL.IS,2.6253652572631836
2019-11-08,EREGL.IS,2.6326277256011963
2019-11-11,EREGL.IS,2.636259078979492
2019-11-12,EREGL.IS,2.6725711822509766
2019-11-13,EREGL.IS,2.658046007156372
2019-11-14,EREGL.IS,2.6181023120880127
2019-11-15,EREGL.IS,2.6689398288726807
2019-11-18,EREGL.IS,2.7343015670776367
2019-11-19,EREGL.IS,2.7597198486328125
2019-11-20,EREGL.IS,2.7234079837799072
2019-11-21,EREGL.IS,2.7125141620635986
2019-11-22,EREGL.IS,2.7633512020111084
2019-11-25,EREGL.IS,2.796032190322876
2019-11-26,EREGL.IS,2.8759186267852783
2019-11-27,EREGL.IS,2.835975408554077
2019-11-28,EREGL.IS,2.8541312217712402
2019-11-29,EREGL.IS,2.923124313354492
2019-12-02,EREGL.IS,2.995748519897461
2019-12-03,EREGL.IS,2.923124313354492
2019-12-04,EREGL.IS,2.9666988849639893
2019-12-05,EREGL.IS,2.952174186706543
2019-12-06,EREGL.IS,2.9630675315856934
2019-12-09,EREGL.IS,3.0247981548309326
2019-12-10,EREGL.IS,3.0247981548309326
2019-12-11,EREGL.IS,3.0066418647766113
2019-12-12,EREGL.IS,3.1373658180236816
2019-12-13,EREGL.IS,3.13010311126709
2019-12-16,EREGL.IS,3.1373658180236816
2019-12-17,EREGL.IS,3.1409966945648193
2019-12-18,EREGL.IS,3.1010537147521973
2019-12-19,EREGL.IS,3.1155786514282227
2019-12-20,EREGL.IS,3.177309036254883
2019-12-23,EREGL.IS,3.1918342113494873
2019-12-24,EREGL.IS,3.199096441268921
2019-12-25,EREGL.IS,3.1845715045928955
2019-12-26,EREGL.IS,3.195465326309204
2019-12-27,EREGL.IS,3.242671012878418
2019-12-30,EREGL.IS,3.282614231109619
2019-12-31,EREGL.IS,3.2935078144073486
2020-01-02,EREGL.IS,3.3044016361236572
2020-01-03,EREGL.IS,3.2535648345947266
2020-01-06,EREGL.IS,3.220883369445801
2020-01-07,EREGL.IS,3.242671012878418
2020-01-08,EREGL.IS,3.239039659500122
2020-01-09,EREGL.IS,3.3625009059906006
2020-01-10,EREGL.IS,3.3625009059906006
2020-01-13,EREGL.IS,3.467805862426758
2020-01-14,EREGL.IS,3.475067615509033
2020-01-15,EREGL.IS,3.3915510177612305
2020-01-16,EREGL.IS,3.3661322593688965
2020-01-17,EREGL.IS,3.4351253509521484
2020-01-20,EREGL.IS,3.5404300689697266
2020-01-21,EREGL.IS,3.573111057281494
2020-01-22,EREGL.IS,3.5259056091308594
2020-01-23,EREGL.IS,3.5222740173339844
2020-01-24,EREGL.IS,3.5004868507385254
2020-01-27,EREGL.IS,3.42423152923584
2020-01-28,EREGL.IS,3.3915510177612305
2020-01-29,EREGL.IS,3.4278621673583984
2020-01-30,EREGL.IS,3.416968584060669
2020-01-31,EREGL.IS,3.377025842666626
2020-02-03,EREGL.IS,3.3370821475982666
2020-02-04,EREGL.IS,3.4060752391815186
2020-02-05,EREGL.IS,3.4351253509521484
2020-02-06,EREGL.IS,3.420600175857544
2020-02-07,EREGL.IS,3.355238676071167
2020-02-10,EREGL.IS,3.2935078144073486
2020-02-11,EREGL.IS,3.351607084274292
2020-02-12,EREGL.IS,3.308032274246216
2020-02-13,EREGL.IS,3.2971389293670654
2020-02-14,EREGL.IS,3.282614231109619
2020-02-17,EREGL.IS,3.2789831161499023
2020-02-18,EREGL.IS,3.239039659500122
2020-02-19,EREGL.IS,3.1882026195526123
2020-02-20,EREGL.IS,3.199096441268921
2020-02-21,EREGL.IS,3.2535648345947266
2020-02-24,EREGL.IS,3.1373658180236816
2020-02-25,EREGL.IS,3.151890754699707
2020-02-26,EREGL.IS,3.239039659500122
2020-02-27,EREGL.IS,3.1155786514282227
2020-02-28,EREGL.IS,3.0211668014526367
2020-03-02,EREGL.IS,3.0066418647766113
2020-03-03,EREGL.IS,3.061110734939575
2020-03-04,EREGL.IS,3.0284295082092285
2020-03-05,EREGL.IS,3.1627840995788574
2020-03-06,EREGL.IS,3.2354085445404053
2020-03-09,EREGL.IS,3.10831618309021
2020-03-10,EREGL.IS,3.1155786514282227
2020-03-11,EREGL.IS,3.1155786514282227
2020-03-12,EREGL.IS,2.9376492500305176
2020-03-13,EREGL.IS,2.944911479949951
2020-03-16,EREGL.IS,2.7125141620635986
2020-03-17,EREGL.IS,2.67983341217041
2020-03-18,EREGL.IS,2.748826265335083
2020-03-19,EREGL.IS,2.766982316970825
2020-03-20,EREGL.IS,2.788769483566284
2020-03-23,EREGL.IS,2.756088972091675
2020-03-24,EREGL.IS,2.9194931983947754
2020-03-25,EREGL.IS,2.8069257736206055
2020-03-26,EREGL.IS,2.7778759002685547
2020-03-27,EREGL.IS,2.6762020587921143
2020-03-30,EREGL.IS,2.705251455307007
2020-03-31,EREGL.IS,2.7415637969970703
2020-04-01,EREGL.IS,2.7597198486328125
2020-04-02,EREGL.IS,2.748826265335083
2020-04-03,EREGL.IS,2.7633512020111084
2020-04-06,EREGL.IS,2.8505003452301025
2020-04-07,EREGL.IS,2.7996633052825928
2020-04-08,EREGL.IS,2.745194673538208
2020-04-09,EREGL.IS,2.7851383686065674
2020-04-10,EREGL.IS,2.770613431930542
2020-04-13,EREGL.IS,2.766982316970825
2020-04-14,EREGL.IS,2.8323440551757812
2020-04-15,EREGL.IS,2.883181095123291
2020-04-16,EREGL.IS,2.912230968475342
2020-04-17,EREGL.IS,2.992117404937744
2020-04-20,EREGL.IS,3.0247981548309326
2020-04-21,EREGL.IS,2.973961114883423
2020-04-22,EREGL.IS,2.9412806034088135
2020-04-24,EREGL.IS,2.8940744400024414
2020-04-27,EREGL.IS,2.9376492500305176
2020-04-28,EREGL.IS,2.8904435634613037
2020-04-29,EREGL.IS,2.9630675315856934
2020-04-30,EREGL.IS,2.955805540084839
2020-05-04,EREGL.IS,2.8287129402160645
2020-05-05,EREGL.IS,2.817819595336914
2020-05-06,EREGL.IS,2.90496826171875
2020-05-07,EREGL.IS,2.908599615097046
2020-05-08,EREGL.IS,2.923124313354492
2020-05-11,EREGL.IS,2.879549741744995
2020-05-12,EREGL.IS,2.926755666732788
2020-05-13,EREGL.IS,2.9412806034088135
2020-05-14,EREGL.IS,2.901336908340454
2020-05-15,EREGL.IS,2.886812448501587
2020-05-18,EREGL.IS,2.901336908340454
2020-05-20,EREGL.IS,2.901336908340454
2020-05-21,EREGL.IS,2.9666988849639893
2020-05-22,EREGL.IS,2.926755666732788
2020-05-27,EREGL.IS,2.955805540084839
2020-05-28,EREGL.IS,2.952174186706543
2020-05-29,EREGL.IS,2.9376492500305176
2020-06-01,EREGL.IS,2.952174186706543
2020-06-02,EREGL.IS,2.995748519897461
2020-06-03,EREGL.IS,3.064741373062134
2020-06-04,EREGL.IS,3.082897663116455
2020-06-05,EREGL.IS,3.148259401321411
2020-06-08,EREGL.IS,3.1591529846191406
2020-06-09,EREGL.IS,3.13010311126709
2020-06-10,EREGL.IS,3.13010311126709
2020-06-11,EREGL.IS,3.1155786514282227
2020-06-12,EREGL.IS,3.0901601314544678
2020-06-15,EREGL.IS,3.039323329925537
2020-06-16,EREGL.IS,3.053847551345825
2020-06-17,EREGL.IS,3.0066418647766113
2020-06-18,EREGL.IS,3.0284295082092285
2020-06-19,EREGL.IS,2.995748519897461
2020-06-22,EREGL.IS,3.0756351947784424
2020-06-23,EREGL.IS,3.0683724880218506
2020-06-24,EREGL.IS,3.0465855598449707
2020-06-25,EREGL.IS,3.07926607131958
2020-06-26,EREGL.IS,3.07926607131958
2020-06-29,EREGL.IS,3.086528778076172
2020-06-30,EREGL.IS,3.126471996307373
2020-07-01,EREGL.IS,3.053847551345825
2020-07-02,EREGL.IS,3.173677682876587
2020-07-03,EREGL.IS,3.0937914848327637
2020-07-06,EREGL.IS,3.1409966945648193
2020-07-07,EREGL.IS,3.0974221229553223
2020-07-08,EREGL.IS,3.1373658180236816
2020-07-09,EREGL.IS,3.155521869659424
2020-07-10,EREGL.IS,3.126471996307373
2020-07-13,EREGL.IS,3.2245147228240967
2020-07-14,EREGL.IS,3.2245147228240967
2020-07-16,EREGL.IS,3.260826587677002
2020-07-17,EREGL.IS,3.2496471405029297
2020-07-20,EREGL.IS,3.204927444458008
2020-07-21,EREGL.IS,3.1378471851348877
2020-07-22,EREGL.IS,3.1117606163024902
2020-07-23,EREGL.IS,3.1080338954925537
2020-07-24,EREGL.IS,3.1154870986938477
2020-07-27,EREGL.IS,3.156480550765991
2020-07-28,EREGL.IS,3.0148675441741943
2020-07-29,EREGL.IS,2.944060802459717
2020-07-30,EREGL.IS,2.847167730331421
2020-08-04,EREGL.IS,2.8881609439849854
2020-08-05,EREGL.IS,2.977600574493408
2020-08-06,EREGL.IS,2.966420888900757
2020-08-07,EREGL.IS,3.052133798599243
2020-08-10,EREGL.IS,3.1415741443634033
2020-08-11,EREGL.IS,3.1751139163970947
2020-08-12,EREGL.IS,3.201200246810913
2020-08-13,EREGL.IS,3.208653450012207
2020-08-14,EREGL.IS,3.1937472820281982
2020-08-17,EREGL.IS,3.1825671195983887
2020-08-18,EREGL.IS,3.178840160369873
2020-08-19,EREGL.IS,3.2794604301452637
2020-08-20,EREGL.IS,3.350266695022583
2020-08-21,EREGL.IS,3.3241801261901855
2020-08-24,EREGL.IS,3.335360050201416
2020-08-25,EREGL.IS,3.2794604301452637
2020-08-26,EREGL.IS,3.2720067501068115
2020-08-27,EREGL.IS,3.298093795776367
2020-08-28,EREGL.IS,3.305546522140503
2020-08-31,EREGL.IS,3.2869133949279785
2020-09-01,EREGL.IS,3.1974737644195557
2020-09-02,EREGL.IS,3.2272870540618896
2020-09-03,EREGL.IS,3.2496471405029297
2020-09-04,EREGL.IS,3.2720067501068115
2020-09-07,EREGL.IS,3.327906847000122
2020-09-08,EREGL.IS,3.3241801261901855
2020-09-09,EREGL.IS,3.3689000606536865
2020-09-10,EREGL.IS,3.365173578262329
2020-09-11,EREGL.IS,3.4061667919158936
2020-09-14,EREGL.IS,3.4210729598999023
2020-09-15,EREGL.IS,3.4136199951171875
2020-09-16,EREGL.IS,3.3987131118774414
2020-09-17,EREGL.IS,3.4657933712005615
2020-09-18,EREGL.IS,3.432253360748291
2020-09-21,EREGL.IS,3.3838067054748535
2020-09-22,EREGL.IS,3.4508867263793945
2020-09-23,EREGL.IS,3.3987131118774414
2020-09-24,EREGL.IS,3.4583399295806885
2020-09-25,EREGL.IS,3.4210729598999023
2020-09-28,EREGL.IS,3.4359800815582275
2020-09-29,EREGL.IS,3.4657933712005615
2020-09-30,EREGL.IS,3.5254201889038086
2020-10-01,EREGL.IS,3.5477797985076904
2020-10-02,EREGL.IS,3.5850467681884766
2020-10-05,EREGL.IS,3.6223130226135254
2020-10-06,EREGL.IS,3.603679656982422
2020-10-07,EREGL.IS,3.5664122104644775
2020-10-08,EREGL.IS,3.5515058040618896
2020-10-09,EREGL.IS,3.6111326217651367
2020-10-12,EREGL.IS,3.626039505004883
2020-10-13,EREGL.IS,3.5850467681884766
2020-10-14,EREGL.IS,3.6558525562286377
2020-10-15,EREGL.IS,3.626039505004883
2020-10-16,EREGL.IS,3.6223130226135254
2020-10-19,EREGL.IS,3.5999526977539062
2020-10-20,EREGL.IS,3.6297662258148193
2020-10-21,EREGL.IS,3.689392566680908
2020-10-22,EREGL.IS,3.6670329570770264
2020-10-23,EREGL.IS,3.7601990699768066
2020-10-26,EREGL.IS,3.7378385066986084
2020-10-27,EREGL.IS,3.603679656982422
2020-10-28,EREGL.IS,3.462066411972046
2020-10-30,EREGL.IS,3.5254201889038086
2020-11-02,EREGL.IS,3.6670329570770264
2020-11-03,EREGL.IS,3.7564730644226074
2020-11-04,EREGL.IS,3.853365898132324
2020-11-05,EREGL.IS,3.790012836456299
2020-11-06,EREGL.IS,3.9316258430480957
2020-11-09,EREGL.IS,4.099325656890869
2020-11-10,EREGL.IS,4.349011421203613
2020-11-11,EREGL.IS,4.319198131561279
2020-11-12,EREGL.IS,4.196218967437744
2020-11-13,EREGL.IS,4.110505104064941
2020-11-16,EREGL.IS,4.073238849639893
2020-11-17,EREGL.IS,4.054605007171631
2020-11-18,EREGL.IS,4.438451290130615
2020-11-19,EREGL.IS,4.285658359527588
2020-11-20,EREGL.IS,4.226031303405762
2020-11-23,EREGL.IS,4.211125373840332
2020-11-24,EREGL.IS,4.29683780670166
2020-11-25,EREGL.IS,4.34155797958374
2020-11-26,EREGL.IS,4.423544406890869
2020-11-27,EREGL.IS,4.408638000488281
2020-11-30,EREGL.IS,4.158951759338379
2020-12-01,EREGL.IS,4.207398414611816
2020-12-02,EREGL.IS,4.349011421203613
2020-12-03,EREGL.IS,4.337831974029541
2020-12-04,EREGL.IS,4.34155797958374
2020-12-07,EREGL.IS,4.546524524688721
2020-12-08,EREGL.IS,5.012356758117676
2020-12-09,EREGL.IS,5.075710296630859
2020-12-10,EREGL.IS,5.016083717346191
2020-12-11,EREGL.IS,5.284402847290039
2020-12-14,EREGL.IS,5.310489654541016
2020-12-15,EREGL.IS,5.310489654541016
2020-12-16,EREGL.IS,5.366389274597168
2020-12-17,EREGL.IS,5.336575984954834
2020-12-18,EREGL.IS,5.202415943145752
2020-12-21,EREGL.IS,5.004903793334961
2020-12-22,EREGL.IS,5.299309730529785
2020-12-23,EREGL.IS,5.2955827713012695
2020-12-24,EREGL.IS,5.347756385803223
2020-12-25,EREGL.IS,5.299309730529785
2020-12-28,EREGL.IS,5.299309730529785
2020-12-29,EREGL.IS,5.552721977233887
2020-12-30,EREGL.IS,5.679429054260254
2020-12-31,EREGL.IS,5.582535743713379
2021-01-04,EREGL.IS,5.515455722808838
2021-01-05,EREGL.IS,5.366389274597168
2021-01-06,EREGL.IS,5.467008590698242
2021-01-07,EREGL.IS,5.437196731567383
2021-01-08,EREGL.IS,5.608623027801514
2021-01-11,EREGL.IS,5.534089088439941
2021-01-12,EREGL.IS,5.645888805389404
2021-01-13,EREGL.IS,5.70924186706543
2021-01-14,EREGL.IS,5.6533427238464355
2021-01-15,EREGL.IS,5.671975612640381
2021-01-18,EREGL.IS,5.9402947425842285
2021-01-19,EREGL.IS,5.854581832885742
2021-01-20,EREGL.IS,5.839675426483154
2021-01-21,EREGL.IS,5.679429054260254
2021-01-22,EREGL.IS,5.530362606048584
2021-01-25,EREGL.IS,5.522909164428711
2021-01-26,EREGL.IS,5.589989185333252
2021-01-27,EREGL.IS,5.403656482696533
2021-01-28,EREGL.IS,5.474462509155273
2021-01-29,EREGL.IS,5.347756385803223
2021-02-01,EREGL.IS,5.332849979400635
2021-02-02,EREGL.IS,5.448376178741455
2021-02-03,EREGL.IS,5.45582914352417
2021-02-04,EREGL.IS,5.515455722808838
2021-02-05,EREGL.IS,5.440922737121582
2021-02-08,EREGL.IS,5.575082778930664
2021-02-09,EREGL.IS,5.582535743713379
2021-02-10,EREGL.IS,5.608623027801514
2021-02-11,EREGL.IS,5.701788902282715
2021-02-12,EREGL.IS,5.630981922149658
2021-02-15,EREGL.IS,5.657069683074951
2021-02-16,EREGL.IS,5.48564338684082
2021-02-17,EREGL.IS,5.48564338684082
2021-02-18,EREGL.IS,5.481916427612305
2021-02-19,EREGL.IS,5.50054931640625
2021-02-22,EREGL.IS,5.433469772338867
2021-02-23,EREGL.IS,5.381295680999756
2021-02-24,EREGL.IS,5.373842239379883
2021-02-25,EREGL.IS,5.537815570831299
2021-02-26,EREGL.IS,5.437196731567383
2021-03-01,EREGL.IS,5.627255439758301
2021-03-02,EREGL.IS,5.627255439758301
2021-03-03,EREGL.IS,5.776321887969971
2021-03-04,EREGL.IS,5.873215198516846
2021-03-05,EREGL.IS,5.891848564147949
2021-03-08,EREGL.IS,5.962655067443848
2021-03-09,EREGL.IS,6.111721038818359
2021-03-10,EREGL.IS,6.260787487030029
2021-03-11,EREGL.IS,6.171347141265869
2021-03-12,EREGL.IS,6.260787487030029
2021-03-15,EREGL.IS,6.242154598236084
2021-03-16,EREGL.IS,6.260787487030029
2021-03-17,EREGL.IS,6.312961101531982
2021-03-18,EREGL.IS,6.260787487030029
2021-03-19,EREGL.IS,6.089361190795898
2021-03-22,EREGL.IS,5.481916427612305
2021-03-23,EREGL.IS,5.739055633544922
2021-03-24,EREGL.IS,6.077892780303955
2021-03-25,EREGL.IS,5.811058521270752
2021-03-26,EREGL.IS,5.844942092895508
2021-03-29,EREGL.IS,6.188014507293701
2021-03-30,EREGL.IS,6.306607723236084
2021-03-31,EREGL.IS,6.463319778442383
2021-04-01,EREGL.IS,6.467555522918701
2021-04-02,EREGL.IS,6.416729927062988
2021-04-05,EREGL.IS,6.543793678283691
2021-04-06,EREGL.IS,6.526852130889893
2021-04-07,EREGL.IS,6.62003231048584
2021-04-08,EREGL.IS,6.708977222442627
2021-04-09,EREGL.IS,6.908043384552002
2021-04-12,EREGL.IS,6.946162700653076
2021-04-13,EREGL.IS,7.238409996032715
2021-04-14,EREGL.IS,7.420535087585449
2021-04-15,EREGL.IS,7.636544704437256
2021-04-16,EREGL.IS,7.767843723297119
2021-04-19,EREGL.IS,7.691605091094971
2021-04-20,EREGL.IS,7.721252918243408
2021-04-21,EREGL.IS,7.556070327758789
2021-04-22,EREGL.IS,7.619601726531982
2021-04-26,EREGL.IS,8.182918548583984
2021-04-27,EREGL.IS,8.237980842590332
2021-04-28,EREGL.IS,8.021971702575684
2021-04-29,EREGL.IS,8.157506942749023
2021-04-30,EREGL.IS,8.064326286315918
2021-05-03,EREGL.IS,8.030442237854004
2021-05-04,EREGL.IS,8.322689056396484
2021-05-05,EREGL.IS,8.233744621276855
2021-05-06,EREGL.IS,8.386220932006836
2021-05-07,EREGL.IS,8.360809326171875
2021-05-10,EREGL.IS,8.6572904586792
2021-05-11,EREGL.IS,8.513285636901855
2021-05-12,EREGL.IS,8.466694831848145
2021-05-17,EREGL.IS,8.229509353637695
2021-05-18,EREGL.IS,8.195625305175781
2021-05-20,EREGL.IS,7.865259170532227
2021-05-21,EREGL.IS,7.924555778503418
2021-05-24,EREGL.IS,8.144800186157227
2021-05-25,EREGL.IS,7.8271403312683105
2021-05-26,EREGL.IS,8.081267356872559
2021-05-27,EREGL.IS,7.988088130950928
2021-05-28,EREGL.IS,8.13632869720459
2021-05-31,EREGL.IS,8.144800186157227
2021-06-01,EREGL.IS,8.221037864685059
2021-06-02,EREGL.IS,8.144800186157227
2021-06-03,EREGL.IS,8.072795867919922
2021-06-04,EREGL.IS,8.009264945983887
2021-06-07,EREGL.IS,8.093974113464355
2021-06-08,EREGL.IS,8.055854797363281
2021-06-09,EREGL.IS,8.055854797363281
2021-06-10,EREGL.IS,8.072795867919922
2021-06-11,EREGL.IS,8.13209342956543
2021-06-14,EREGL.IS,8.229509353637695
2021-06-15,EREGL.IS,8.077032089233398
2021-06-16,EREGL.IS,8.017736434936523
2021-06-17,EREGL.IS,7.924555778503418
2021-06-18,EREGL.IS,7.534893035888672
2021-06-21,EREGL.IS,7.704311370849609
2021-06-22,EREGL.IS,7.7127814292907715
2021-06-23,EREGL.IS,7.615366458892822
2021-06-24,EREGL.IS,7.71701717376709
2021-06-25,EREGL.IS,7.683134078979492
2021-06-28,EREGL.IS,7.695840835571289
2021-06-29,EREGL.IS,7.738195419311523
2021-06-30,EREGL.IS,7.623836994171143
2021-07-01,EREGL.IS,7.636544704437256
2021-07-02,EREGL.IS,7.695840835571289
2021-07-05,EREGL.IS,7.71701717376709
2021-07-06,EREGL.IS,7.6323089599609375
2021-07-07,EREGL.IS,7.636544704437256
2021-07-08,EREGL.IS,7.437476634979248
2021-07-09,EREGL.IS,7.645014762878418
2021-07-12,EREGL.IS,7.704311370849609
2021-07-13,EREGL.IS,7.589954376220703
2021-07-14,EREGL.IS,7.704311370849609
2021-07-16,EREGL.IS,7.666192531585693
2021-07-19,EREGL.IS,7.589954376220703
2021-07-26,EREGL.IS,7.640780448913574
2021-07-27,EREGL.IS,7.8271403312683105
2021-07-28,EREGL.IS,7.9330267906188965
2021-07-29,EREGL.IS,8.470930099487305
2021-07-30,EREGL.IS,8.470930099487305
2021-08-02,EREGL.IS,8.343867301940918
2021-08-03,EREGL.IS,8.496341705322266
2021-08-04,EREGL.IS,8.437047004699707
2021-08-05,EREGL.IS,8.631877899169922
2021-08-06,EREGL.IS,8.80976676940918
2021-08-09,EREGL.IS,8.691174507141113
2021-08-10,EREGL.IS,8.348102569580078
2021-08-11,EREGL.IS,8.077032089233398
2021-08-12,EREGL.IS,8.373516082763672
2021-08-13,EREGL.IS,8.360809326171875
2021-08-16,EREGL.IS,8.27609920501709
2021-08-17,EREGL.IS,8.229509353637695
2021-08-18,EREGL.IS,8.055854797363281
2021-08-19,EREGL.IS,7.85678768157959
2021-08-20,EREGL.IS,7.894906520843506
2021-08-23,EREGL.IS,7.894906520843506
2021-08-24,EREGL.IS,7.890671253204346
2021-08-25,EREGL.IS,7.861023902893066
2021-08-26,EREGL.IS,7.793255805969238
2021-08-27,EREGL.IS,7.924555778503418
2021-08-31,EREGL.IS,7.954204082489014
2021-09-01,EREGL.IS,7.8313751220703125
2021-09-02,EREGL.IS,7.797491550445557
2021-09-03,EREGL.IS,7.6704277992248535
2021-09-06,EREGL.IS,7.729723930358887
2021-09-07,EREGL.IS,7.649250507354736
2021-09-08,EREGL.IS,7.594189167022705
2021-09-09,EREGL.IS,7.6534857749938965
2021-09-10,EREGL.IS,7.594189167022705
2021-09-13,EREGL.IS,7.649250507354736
2021-09-14,EREGL.IS,7.526421546936035
2021-09-15,EREGL.IS,7.361238479614258
2021-09-16,EREGL.IS,7.246881484985352
2021-09-17,EREGL.IS,7.217233180999756
2021-09-20,EREGL.IS,6.984282970428467
2021-09-21,EREGL.IS,6.802156925201416
2021-09-22,EREGL.IS,7.157935619354248
2021-09-23,EREGL.IS,7.17911434173584
2021-09-24,EREGL.IS,7.140995025634766
2021-09-27,EREGL.IS,7.132523536682129
2021-09-28,EREGL.IS,7.03510856628418
2021-09-29,EREGL.IS,6.97581148147583
2021-09-30,EREGL.IS,7.052049160003662
2021-10-01,EREGL.IS,7.060520648956299
2021-10-04,EREGL.IS,6.916514873504639
2021-10-05,EREGL.IS,6.840276718139648
2021-10-06,EREGL.IS,6.840276718139648
2021-10-07,EREGL.IS,7.183348655700684
2021-10-08,EREGL.IS,7.2299394607543945
2021-10-11,EREGL.IS,7.437476634979248
2021-10-12,EREGL.IS,7.467124938964844
2021-10-13,EREGL.IS,7.361238479614258
2021-10-14,EREGL.IS,7.433241367340088
2021-10-15,EREGL.IS,7.551834583282471
2021-10-18,EREGL.IS,7.708547115325928
2021-10-19,EREGL.IS,7.6704277992248535
2021-10-20,EREGL.IS,7.725488185882568
2021-10-21,EREGL.IS,7.983851909637451
2021-10-22,EREGL.IS,8.195625305175781
2021-10-25,EREGL.IS,8.314218521118164
2021-10-26,EREGL.IS,8.470930099487305
2021-10-27,EREGL.IS,8.373516082763672
2021-10-28,EREGL.IS,8.339632034301758
2021-11-01,EREGL.IS,8.343867301940918
2021-11-02,EREGL.IS,8.085502624511719
2021-11-03,EREGL.IS,8.02620792388916
2021-11-04,EREGL.IS,8.00502872467041
2021-11-05,EREGL.IS,7.962674617767334
2021-11-08,EREGL.IS,8.27609920501709
2021-11-09,EREGL.IS,8.314218521118164
2021-11-10,EREGL.IS,8.195625305175781
2021-11-11,EREGL.IS,8.233744621276855
2021-11-12,EREGL.IS,8.28880500793457
2021-11-15,EREGL.IS,8.53869915008545
2021-11-16,EREGL.IS,8.259157180786133
2021-11-17,EREGL.IS,8.530227661132812
2021-11-18,EREGL.IS,8.902948379516602
2021-11-19,EREGL.IS,8.996127128601074
2021-11-22,EREGL.IS,9.13166332244873
2021-11-23,EREGL.IS,9.775453567504883
2021-11-24,EREGL.IS,9.741570472717285
2021-11-25,EREGL.IS,9.809337615966797
2021-11-26,EREGL.IS,9.521326065063477
2021-11-29,EREGL.IS,9.673803329467773
2021-11-30,EREGL.IS,9.546738624572754
2021-12-01,EREGL.IS,9.716156959533691
2021-12-02,EREGL.IS,9.910988807678223
2021-12-03,EREGL.IS,10.08040714263916
2021-12-06,EREGL.IS,10.021110534667969
2021-12-07,EREGL.IS,10.7750244140625
2021-12-08,EREGL.IS,10.724197387695312
2021-12-09,EREGL.IS,11.181628227233887
2021-12-10,EREGL.IS,11.317161560058594
2021-12-13,EREGL.IS,12.14731502532959
2021-12-14,EREGL.IS,12.765691757202148
2021-12-15,EREGL.IS,13.11299991607666
2021-12-16,EREGL.IS,14.231163024902344
2021-12-17,EREGL.IS,13.087587356567383
2021-12-20,EREGL.IS,13.290889739990234
2021-12-21,EREGL.IS,11.969426155090332
2021-12-22,EREGL.IS,10.7750244140625
2021-12-23,EREGL.IS,11.173157691955566
2021-12-24,EREGL.IS,12.02025032043457
2021-12-27,EREGL.IS,12.16425609588623
2021-12-28,EREGL.IS,11.783064842224121
2021-12-29,EREGL.IS,12.401442527770996
2021-12-30,EREGL.IS,12.01177978515625
2021-12-31,EREGL.IS,11.927069664001465
2022-01-03,EREGL.IS,12.384500503540039
2022-01-04,EREGL.IS,12.799575805664062
2022-01-05,EREGL.IS,13.070647239685059
2022-01-06,EREGL.IS,12.791105270385742
2022-01-07,EREGL.IS,12.968996047973633
2022-01-10,EREGL.IS,12.918168067932129
2022-01-11,EREGL.IS,13.451838493347168
2022-01-12,EREGL.IS,13.375598907470703
2022-01-13,EREGL.IS,13.392541885375977
2022-01-14,EREGL.IS,13.333244323730469
2022-01-17,EREGL.IS,12.943581581115723
2022-01-18,EREGL.IS,12.248966217041016
2022-01-19,EREGL.IS,12.426854133605957
2022-01-20,EREGL.IS,12.13884449005127
2022-01-21,EREGL.IS,12.172727584838867
2022-01-24,EREGL.IS,11.418813705444336
2022-01-25,EREGL.IS,11.554349899291992
2022-01-26,EREGL.IS,11.520466804504395
2022-01-27,EREGL.IS,11.774593353271484
2022-01-28,EREGL.IS,11.554349899291992
2022-01-31,EREGL.IS,11.554349899291992
2022-02-01,EREGL.IS,11.689884185791016
2022-02-02,EREGL.IS,11.562820434570312
2022-02-03,EREGL.IS,11.393401145935059
2022-02-04,EREGL.IS,11.30022144317627
2022-02-07,EREGL.IS,12.172727584838867
2022-02-08,EREGL.IS,12.045663833618164
2022-02-09,EREGL.IS,12.53697681427002
2022-02-10,EREGL.IS,12.477681159973145
2022-02-11,EREGL.IS,12.316732406616211
2022-02-14,EREGL.IS,11.833889961242676
2022-02-15,EREGL.IS,12.096488952636719
2022-02-16,EREGL.IS,11.935541152954102
2022-02-17,EREGL.IS,11.87624454498291
2022-02-18,EREGL.IS,12.003308296203613
2022-02-21,EREGL.IS,12.223552703857422
2022-02-22,EREGL.IS,12.02872085571289
2022-02-23,EREGL.IS,12.884285926818848
2022-02-24,EREGL.IS,12.316732406616211
2022-02-25,EREGL.IS,13.197710037231445
2022-02-28,EREGL.IS,13.163825988769531
2022-03-01,EREGL.IS,14.053274154663086
2022-03-02,EREGL.IS,14.603883743286133
2022-03-03,EREGL.IS,14.968134880065918
2022-03-04,EREGL.IS,14.400582313537598
2022-03-07,EREGL.IS,14.646239280700684
2022-03-08,EREGL.IS,14.586941719055176
2022-03-09,EREGL.IS,14.341285705566406
2022-03-10,EREGL.IS,14.663180351257324
2022-03-11,EREGL.IS,14.392111778259277
2022-03-14,EREGL.IS,14.570002555847168
2022-03-15,EREGL.IS,14.493762969970703
2022-03-16,EREGL.IS,14.51917552947998
2022-03-17,EREGL.IS,15.14602279663086
2022-03-18,EREGL.IS,15.315442085266113
2022-03-21,EREGL.IS,15.366268157958984
2022-03-22,EREGL.IS,16.317304611206055
2022-03-23,EREGL.IS,16.1724796295166
2022-03-24,EREGL.IS,16.182132720947266
2022-03-25,EREGL.IS,16.027650833129883
2022-03-28,EREGL.IS,15.786271095275879
2022-03-29,EREGL.IS,15.699372291564941
2022-03-30,EREGL.IS,15.747648239135742
2022-03-31,EREGL.IS,15.660750389099121
2022-04-01,EREGL.IS,16.085582733154297
2022-04-04,EREGL.IS,16.597309112548828
2022-04-05,EREGL.IS,16.70351219177246
2022-04-06,EREGL.IS,16.230409622192383
2022-04-07,EREGL.IS,16.44282341003418
2022-04-08,EREGL.IS,16.423513412475586
2022-04-11,EREGL.IS,16.58765411376953
2022-04-12,EREGL.IS,16.61661720275879
2022-04-13,EREGL.IS,16.973861694335938
2022-04-14,EREGL.IS,16.915931701660156
2022-04-15,EREGL.IS,17.041446685791016
2022-04-18,EREGL.IS,16.983516693115234
2022-04-19,EREGL.IS,17.321449279785156
2022-04-20,EREGL.IS,17.224897384643555
2022-04-21,EREGL.IS,17.620759963989258
2022-04-22,EREGL.IS,16.877309799194336
2022-04-25,EREGL.IS,16.655241012573242
2022-04-26,EREGL.IS,15.969719886779785
2022-04-27,EREGL.IS,16.5779972076416
2022-04-28,EREGL.IS,16.008338928222656
2022-04-29,EREGL.IS,16.20144271850586
2022-05-05,EREGL.IS,16.1724796295166
2022-05-06,EREGL.IS,15.902131080627441
2022-05-09,EREGL.IS,16.182132720947266
2022-05-10,EREGL.IS,16.51041030883789
2022-05-11,EREGL.IS,16.4814453125
2022-05-12,EREGL.IS,15.544890403747559
2022-05-13,EREGL.IS,15.757305145263672
2022-05-16,EREGL.IS,15.293854713439941
2022-05-17,EREGL.IS,15.313163757324219
2022-05-18,EREGL.IS,15.400060653686523
2022-05-20,EREGL.IS,14.975232124328613
2022-05-23,EREGL.IS,15.17799186706543
2022-05-24,EREGL.IS,15.255234718322754
2022-05-25,EREGL.IS,15.583510398864746
2022-05-26,EREGL.IS,15.65109634399414
2022-05-27,EREGL.IS,15.8731689453125
2022-05-30,EREGL.IS,16.771100997924805
2022-05-31,EREGL.IS,16.51041030883789
2022-06-01,EREGL.IS,16.529722213745117
2022-06-02,EREGL.IS,16.742136001586914
2022-06-03,EREGL.IS,16.664894104003906
2022-06-06,EREGL.IS,16.89661979675293
2022-06-07,EREGL.IS,16.75179100036621
2022-06-08,EREGL.IS,16.471790313720703
2022-06-09,EREGL.IS,16.3752384185791
2022-06-10,EREGL.IS,16.04696273803711
2022-06-13,EREGL.IS,15.033163070678711
2022-06-14,EREGL.IS,14.685575485229492
2022-06-15,EREGL.IS,14.463504791259766
2022-06-16,EREGL.IS,14.096609115600586
2022-06-17,EREGL.IS,13.92281436920166
2022-06-20,EREGL.IS,13.47867488861084
2022-06-21,EREGL.IS,13.855228424072266
2022-06-22,EREGL.IS,13.613847732543945
2022-06-23,EREGL.IS,13.314537048339844
2022-06-24,EREGL.IS,13.449708938598633
2022-06-27,EREGL.IS,13.102121353149414
2022-06-28,EREGL.IS,13.304880142211914
2022-06-29,EREGL.IS,12.812466621398926
2022-06-30,EREGL.IS,13.102121353149414
2022-07-01,EREGL.IS,13.063501358032227
2022-07-04,EREGL.IS,12.532463073730469
2022-07-05,EREGL.IS,12.5903959274292
2022-07-06,EREGL.IS,12.87039566040039
2022-07-07,EREGL.IS,12.657981872558594
2022-07-08,EREGL.IS,12.802809715270996
2022-07-13,EREGL.IS,12.542118072509766
2022-07-14,EREGL.IS,12.532463073730469
2022-07-18,EREGL.IS,13.189018249511719
2022-07-19,EREGL.IS,13.372467041015625
2022-07-20,EREGL.IS,13.633157730102539
2022-07-21,EREGL.IS,13.420742988586426
2022-07-22,EREGL.IS,13.584881782531738
2022-07-25,EREGL.IS,13.729710578918457
2022-07-26,EREGL.IS,13.314537048339844
2022-07-27,EREGL.IS,13.140742301940918
2022-07-28,EREGL.IS,13.121431350708008
2022-07-29,EREGL.IS,13.333847045898438
2022-08-01,EREGL.IS,13.536606788635254
2022-08-02,EREGL.IS,13.372467041015625
2022-08-03,EREGL.IS,13.353157043457031
2022-08-04,EREGL.IS,13.440053939819336
2022-08-05,EREGL.IS,13.314537048339844
2022-08-08,EREGL.IS,13.855228424072266
2022-08-09,EREGL.IS,13.729710578918457
2022-08-10,EREGL.IS,13.74902057647705
2022-08-11,EREGL.IS,13.816608428955078
2022-08-12,EREGL.IS,13.604192733764648
2022-08-15,EREGL.IS,13.440053939819336
2022-08-16,EREGL.IS,13.401432991027832
2022-08-17,EREGL.IS,13.488329887390137
2022-08-18,EREGL.IS,14.231781005859375
2022-08-19,EREGL.IS,14.347643852233887
2022-08-22,EREGL.IS,14.212470054626465
2022-08-23,EREGL.IS,14.231781005859375
2022-08-24,EREGL.IS,13.835917472839355
2022-08-25,EREGL.IS,14.038677215576172
2022-08-26,EREGL.IS,14.241436004638672
2022-08-29,EREGL.IS,14.096609115600586
2022-08-31,EREGL.IS,13.893848419189453
2022-09-01,EREGL.IS,13.469018936157227
2022-09-02,EREGL.IS,13.604192733764648
2022-09-05,EREGL.IS,14.955921173095703
2022-09-06,EREGL.IS,15.342130661010742
2022-09-07,EREGL.IS,14.840059280395508
2022-09-08,EREGL.IS,14.917301177978516
2022-09-09,EREGL.IS,15.67040729522705
2022-09-12,EREGL.IS,16.124202728271484
2022-09-13,EREGL.IS,14.724196434020996
2022-09-14,EREGL.IS,15.052474021911621
2022-09-15,EREGL.IS,14.57936954498291
2022-09-16,EREGL.IS,14.955921173095703
2022-09-19,EREGL.IS,14.260747909545898
2022-09-20,EREGL.IS,14.743507385253906
2022-09-21,EREGL.IS,14.492471694946289
2022-09-22,EREGL.IS,14.926956176757812
2022-09-23,EREGL.IS,14.550402641296387
2022-09-26,EREGL.IS,14.260747909545898
2022-09-27,EREGL.IS,14.270401954650879
2022-09-28,EREGL.IS,13.864882469177246
2022-09-29,EREGL.IS,13.932469367980957
2022-09-30,EREGL.IS,13.990400314331055
2022-10-03,EREGL.IS,15.081439971923828
2022-10-04,EREGL.IS,15.081439971923828
2022-10-05,EREGL.IS,14.762818336486816
2022-10-06,EREGL.IS,14.637299537658691
2022-10-07,EREGL.IS,14.58902359008789
2022-10-10,EREGL.IS,14.75316333770752
2022-10-11,EREGL.IS,14.58902359008789
2022-10-12,EREGL.IS,14.202815055847168
2022-10-13,EREGL.IS,14.115918159484863
2022-10-14,EREGL.IS,14.193160057067871
2022-10-17,EREGL.IS,14.656610488891602
2022-10-18,EREGL.IS,14.5117826461792
2022-10-19,EREGL.IS,14.357298851013184
2022-10-20,EREGL.IS,14.405574798583984
2022-10-21,EREGL.IS,14.260747909545898
2022-10-24,EREGL.IS,14.714540481567383
2022-10-25,EREGL.IS,14.58902359008789
2022-10-26,EREGL.IS,14.869024276733398
2022-10-27,EREGL.IS,14.540748596191406
2022-10-28,EREGL.IS,14.309021949768066
2022-10-31,EREGL.IS,14.33798885345459
2022-11-01,EREGL.IS,14.328333854675293
2022-11-02,EREGL.IS,14.78212833404541
2022-11-03,EREGL.IS,14.617989540100098
2022-11-04,EREGL.IS,16.075923919677734
2022-11-07,EREGL.IS,17.678691864013672
2022-11-08,EREGL.IS,17.253862380981445
2022-11-09,EREGL.IS,16.655241012573242
2022-11-10,EREGL.IS,18.122831344604492
2022-11-11,EREGL.IS,17.620759963989258
2022-11-14,EREGL.IS,18.026277542114258
2022-11-15,EREGL.IS,18.15179443359375
2022-11-16,EREGL.IS,17.881450653076172
2022-11-17,EREGL.IS,17.89110565185547
2022-11-18,EREGL.IS,17.813865661621094
2022-11-21,EREGL.IS,18.2000732421875
2022-11-22,EREGL.IS,19.64835548400879
2022-11-23,EREGL.IS,20.005596160888672
2022-11-24,EREGL.IS,20.024906158447266
2022-11-25,EREGL.IS,20.21800994873047
2022-11-28,EREGL.IS,20.22766876220703
2022-11-29,EREGL.IS,20.208356857299805
2022-11-30,EREGL.IS,20.59456443786621
2022-12-01,EREGL.IS,20.507667541503906
2022-12-02,EREGL.IS,19.995943069458008
2022-12-05,EREGL.IS,20.488357543945312
2022-12-06,EREGL.IS,20.555946350097656
2022-12-07,EREGL.IS,19.64835548400879
2022-12-08,EREGL.IS,19.387662887573242
2022-12-09,EREGL.IS,19.551803588867188
2022-12-12,EREGL.IS,20.005596160888672
2022-12-13,EREGL.IS,20.83594512939453
2022-12-14,EREGL.IS,19.802837371826172
2022-12-15,EREGL.IS,19.84145736694336
2022-12-16,EREGL.IS,19.97663116455078
2022-12-19,EREGL.IS,20.034563064575195
2022-12-20,EREGL.IS,20.246976852416992
2022-12-21,EREGL.IS,20.333873748779297
2022-12-22,EREGL.IS,19.97663116455078
2022-12-23,EREGL.IS,19.860769271850586
2022-12-26,EREGL.IS,20.024906158447266
2022-12-27,EREGL.IS,19.63869857788086
2022-12-28,EREGL.IS,19.580768585205078
2022-12-29,EREGL.IS,19.98628807067871
2022-12-30,EREGL.IS,19.918699264526367
2023-01-02,EREGL.IS,20.652494430541992
2023-01-03,EREGL.IS,20.39180564880371
2023-01-04,EREGL.IS,20.720081329345703
2023-01-05,EREGL.IS,20.15042495727539
2023-01-06,EREGL.IS,20.102149963378906
2023-01-09,EREGL.IS,19.223526000976562
2023-01-10,EREGL.IS,18.277313232421875
2023-01-11,EREGL.IS,17.78489875793457
2023-01-12,EREGL.IS,19.107664108276367
2023-01-13,EREGL.IS,19.484216690063477
2023-01-16,EREGL.IS,19.802837371826172
2023-01-17,EREGL.IS,19.74490737915039
2023-01-18,EREGL.IS,19.590423583984375
2023-01-19,EREGL.IS,19.484216690063477
2023-01-20,EREGL.IS,19.793184280395508
2023-01-23,EREGL.IS,19.175249099731445
2023-01-24,EREGL.IS,18.87593650817871
2023-01-25,EREGL.IS,18.67317771911621
2023-01-26,EREGL.IS,18.837316513061523
2023-01-27,EREGL.IS,18.87593650817871
2023-01-30,EREGL.IS,18.904903411865234
2023-01-31,EREGL.IS,18.39317512512207
2023-02-01,EREGL.IS,17.533863067626953
2023-02-02,EREGL.IS,18.1035213470459
2023-02-03,EREGL.IS,18.953176498413086
2023-02-06,EREGL.IS,19.339387893676758
2023-02-07,EREGL.IS,18.14214324951172
2023-02-08,EREGL.IS,17.205583572387695
2023-02-15,EREGL.IS,19.94766616821289
2023-02-16,EREGL.IS,21.482845306396484
2023-02-17,EREGL.IS,21.791810989379883
2023-02-20,EREGL.IS,23.809751510620117
2023-02-21,EREGL.IS,24.07044219970703
2023-02-22,EREGL.IS,21.965604782104492
2023-02-23,EREGL.IS,21.42491340637207
2023-02-24,EREGL.IS,21.357328414916992
2023-02-27,EREGL.IS,21.26077651977539
2023-02-28,EREGL.IS,21.28973960876465
2023-03-01,EREGL.IS,21.926982879638672
2023-03-02,EREGL.IS,21.07732582092285
2023-03-03,EREGL.IS,21.231809616088867
2023-03-06,EREGL.IS,21.4345703125
2023-03-07,EREGL.IS,21.395946502685547
2023-03-08,EREGL.IS,20.76835823059082
2023-03-09,EREGL.IS,20.749048233032227
2023-03-10,EREGL.IS,19.677318572998047
2023-03-13,EREGL.IS,19.271800994873047
2023-03-14,EREGL.IS,19.136627197265625
2023-03-15,EREGL.IS,18.624902725219727
2023-03-16,EREGL.IS,19.175249099731445
2023-03-17,EREGL.IS,18.34490203857422
2023-03-20,EREGL.IS,17.871795654296875
2023-03-21,EREGL.IS,17.871795654296875
2023-03-22,EREGL.IS,17.910415649414062
2023-03-23,EREGL.IS,17.910415649414062
2023-03-24,EREGL.IS,17.910415649414062
2023-03-27,EREGL.IS,18.045591354370117
2023-03-28,EREGL.IS,17.282827377319336
2023-03-29,EREGL.IS,17.533863067626953
2023-03-30,EREGL.IS,17.34075927734375
2023-03-31,EREGL.IS,17.089725494384766
2023-04-03,EREGL.IS,17.041446685791016
2023-04-04,EREGL.IS,17.360069274902344
2023-04-05,EREGL.IS,17.09937858581543
2023-04-06,EREGL.IS,16.819377899169922
2023-04-07,EREGL.IS,16.82903289794922
2023-04-10,EREGL.IS,17.321449279785156
2023-04-11,EREGL.IS,17.475933074951172
2023-04-12,EREGL.IS,17.50489616394043
2023-04-13,EREGL.IS,17.524206161499023
2023-04-14,EREGL.IS,17.23455238342285
2023-04-17,EREGL.IS,16.96420669555664
2023-04-18,EREGL.IS,16.75179100036621
2023-04-19,EREGL.IS,16.819377899169922
2023-04-20,EREGL.IS,16.635929107666016
2023-04-24,EREGL.IS,16.471790313720703
2023-04-25,EREGL.IS,16.491100311279297
2023-04-26,EREGL.IS,15.88282299041748
2023-04-27,EREGL.IS,15.747648239135742
2023-04-28,EREGL.IS,15.99868392944336
2023-05-02,EREGL.IS,15.564200401306152
2023-05-03,EREGL.IS,15.110404968261719
2023-05-04,EREGL.IS,14.926956176757812
2023-05-05,EREGL.IS,14.463504791259766
2023-05-08,EREGL.IS,14.78212833404541
2023-05-09,EREGL.IS,14.521437644958496
2023-05-10,EREGL.IS,14.202815055847168
2023-05-11,EREGL.IS,15.013854026794434
2023-05-12,EREGL.IS,14.869024276733398
2023-05-15,EREGL.IS,14.627644538879395
2023-05-16,EREGL.IS,15.776615142822266
2023-05-17,EREGL.IS,15.766959190368652
2023-05-18,EREGL.IS,15.013854026794434
2023-05-22,EREGL.IS,15.052474021911621
2023-05-23,EREGL.IS,14.965576171875
2023-05-24,EREGL.IS,14.955921173095703
2023-05-25,EREGL.IS,14.98488712310791
2023-05-26,EREGL.IS,15.42902660369873
2023-05-29,EREGL.IS,16.191789627075195
2023-05-30,EREGL.IS,16.500755310058594
2023-05-31,EREGL.IS,15.950409889221191
2023-06-01,EREGL.IS,16.085582733154297
2023-06-02,EREGL.IS,16.491100311279297
2023-06-05,EREGL.IS,16.94489288330078
2023-06-06,EREGL.IS,16.94489288330078
2023-06-07,EREGL.IS,17.640071868896484
2023-06-08,EREGL.IS,17.620759963989258
2023-06-09,EREGL.IS,17.929725646972656
2023-06-12,EREGL.IS,18.315935134887695
2023-06-13,EREGL.IS,18.055246353149414
2023-06-14,EREGL.IS,17.524206161499023
2023-06-15,EREGL.IS,17.669034957885742
2023-06-16,EREGL.IS,17.77524185180664
2023-06-19,EREGL.IS,17.26351547241211
2023-06-20,EREGL.IS,16.89661979675293
2023-06-21,EREGL.IS,16.462135314941406
2023-06-22,EREGL.IS,17.118688583374023
2023-06-23,EREGL.IS,17.41800308227539
2023-06-26,EREGL.IS,17.78489875793457
2023-06-27,EREGL.IS,17.72696876525879
2023-07-03,EREGL.IS,18.68283462524414
2023-07-04,EREGL.IS,18.422143936157227
2023-07-05,EREGL.IS,18.68283462524414
2023-07-06,EREGL.IS,18.538005828857422
2023-07-07,EREGL.IS,18.827661514282227
2023-07-10,EREGL.IS,19.02076530456543
2023-07-11,EREGL.IS,19.001455307006836
2023-07-12,EREGL.IS,18.711795806884766
2023-07-13,EREGL.IS,18.721454620361328
2023-07-14,EREGL.IS,18.64421272277832
2023-07-17,EREGL.IS,18.731109619140625
2023-07-18,EREGL.IS,18.045591354370117
2023-07-19,EREGL.IS,18.19041633605957
2023-07-20,EREGL.IS,18.19041633605957
2023-07-21,EREGL.IS,17.95869255065918
2023-07-24,EREGL.IS,18.325590133666992
2023-07-25,EREGL.IS,17.89110565185547
2023-07-26,EREGL.IS,18.2000732421875
2023-07-27,EREGL.IS,18.3062801361084
2023-07-28,EREGL.IS,18.566970825195312
2023-07-31,EREGL.IS,20.131114959716797
2023-08-01,EREGL.IS,19.677318572998047
2023-08-02,EREGL.IS,19.76421546936035
2023-08-03,EREGL.IS,19.50352668762207
2023-08-04,EREGL.IS,19.860769271850586
2023-08-07,EREGL.IS,19.783525466918945
2023-08-08,EREGL.IS,19.783525466918945
2023-08-09,EREGL.IS,20.1214599609375
2023-08-10,EREGL.IS,19.28145408630371
2023-08-11,EREGL.IS,19.8124942779541
2023-08-14,EREGL.IS,20.546289443969727
2023-08-15,EREGL.IS,20.063528060913086
2023-08-16,EREGL.IS,20.111804962158203
2023-08-17,EREGL.IS,20.642839431762695
2023-08-18,EREGL.IS,20.22766876220703
2023-08-21,EREGL.IS,21.724224090576172
2023-08-22,EREGL.IS,21.521467208862305
2023-08-23,EREGL.IS,21.531118392944336
2023-08-24,EREGL.IS,20.575254440307617
2023-08-25,EREGL.IS,21.154565811157227
2023-08-28,EREGL.IS,21.14491081237793
2023-08-29,EREGL.IS,20.83594512939453
2023-08-31,EREGL.IS,20.76835823059082
2023-09-01,EREGL.IS,21.270429611206055
2023-09-04,EREGL.IS,21.28973960876465
2023-09-05,EREGL.IS,22.206985473632812
2023-09-06,EREGL.IS,22.42905616760254
2023-09-07,EREGL.IS,23.317333221435547
2023-09-08,EREGL.IS,22.931127548217773
2023-09-11,EREGL.IS,22.361469268798828
2023-09-12,EREGL.IS,22.013879776000977
2023-09-13,EREGL.IS,21.202842712402344
2023-09-14,EREGL.IS,21.25111961364746
2023-09-15,EREGL.IS,21.241464614868164
2023-09-18,EREGL.IS,20.39180564880371
2023-09-19,EREGL.IS,20.43042755126953
2023-09-20,EREGL.IS,19.793184280395508
2023-09-21,EREGL.IS,20.15042495727539
2023-09-22,EREGL.IS,20.893875122070312
2023-09-25,EREGL.IS,22.361469268798828
2023-09-26,EREGL.IS,21.569740295410156
2023-09-27,EREGL.IS,21.4345703125
2023-09-28,EREGL.IS,21.5407772064209
2023-09-29,EREGL.IS,21.49250030517578
2023-10-02,EREGL.IS,21.618017196655273
2023-10-03,EREGL.IS,21.589052200317383
2023-10-04,EREGL.IS,21.058015823364258
2023-10-05,EREGL.IS,21.366981506347656
2023-10-06,EREGL.IS,21.69525909423828
2023-10-09,EREGL.IS,20.893875122070312
2023-10-10,EREGL.IS,21.762847900390625
2023-10-11,EREGL.IS,21.299396514892578
2023-10-12,EREGL.IS,20.95180892944336
2023-10-13,EREGL.IS,20.4207706451416
2023-10-16,EREGL.IS,19.677318572998047
2023-10-17,EREGL.IS,20.32421875
2023-10-18,EREGL.IS,19.600078582763672
2023-10-19,EREGL.IS,19.05938720703125
2023-10-20,EREGL.IS,18.364212036132812
2023-10-23,EREGL.IS,18.67317771911621
2023-10-24,EREGL.IS,20.17938995361328
2023-10-25,EREGL.IS,18.39317512512207
2023-10-26,EREGL.IS,18.91455841064453
2023-10-27,EREGL.IS,18.566970825195312
2023-10-30,EREGL.IS,18.538005828857422
2023-10-31,EREGL.IS,18.277313232421875
2023-11-01,EREGL.IS,17.96834945678711
2023-11-02,EREGL.IS,18.045591354370117
2023-11-03,EREGL.IS,18.055246353149414
2023-11-06,EREGL.IS,18.3062801361084
2023-11-07,EREGL.IS,18.286972045898438
2023-11-08,EREGL.IS,18.13248634338379
2023-11-09,EREGL.IS,18.113176345825195
2023-11-10,EREGL.IS,18.47041893005371
2023-11-13,EREGL.IS,17.95869255065918
2023-11-14,EREGL.IS,18.422143936157227
2023-11-15,EREGL.IS,18.480073928833008
2023-11-16,EREGL.IS,18.489728927612305
2023-11-17,EREGL.IS,18.480073928833008
2023-11-20,EREGL.IS,19.11731719970703
2023-11-21,EREGL.IS,19.84145736694336
2023-11-22,EREGL.IS,19.667667388916016
2023-11-23,EREGL.IS,18.99180030822754
2023-11-24,EREGL.IS,19.53249168395996
2023-11-27,EREGL.IS,19.928356170654297
2023-11-28,EREGL.IS,19.8221492767334
2023-11-29,EREGL.IS,19.899389266967773
2023-11-30,EREGL.IS,19.77387237548828
2023-12-01,EREGL.IS,19.600078582763672
2023-12-04,EREGL.IS,19.320077896118164
2023-12-05,EREGL.IS,19.310422897338867
2023-12-06,EREGL.IS,18.731109619140625
2023-12-07,EREGL.IS,19.26214599609375
2023-12-08,EREGL.IS,18.99180030822754
2023-12-11,EREGL.IS,18.586280822753906
2023-12-12,EREGL.IS,18.538005828857422
2023-12-13,EREGL.IS,18.22903823852539
2023-12-14,EREGL.IS,18.91455841064453
2023-12-15,EREGL.IS,20.22766876220703
2023-12-18,EREGL.IS,20.17938995361328
2023-12-19,EREGL.IS,20.884220123291016
2023-12-20,EREGL.IS,20.314565658569336
2023-12-21,EREGL.IS,20.816635131835938
2023-12-22,EREGL.IS,20.275943756103516
2023-12-25,EREGL.IS,19.60973358154297
2023-12-26,EREGL.IS,19.580768585205078
2023-12-27,EREGL.IS,19.85111427307129
2023-12-28,EREGL.IS,20.024906158447266
2023-12-29,EREGL.IS,19.793184280395508
2024-01-02,EREGL.IS,20.401458740234375
2024-01-03,EREGL.IS,19.94766616821289
2024-01-04,EREGL.IS,20.43042755126953
2024-01-05,EREGL.IS,20.575254440307617
2024-01-08,EREGL.IS,20.922842025756836
2024-01-09,EREGL.IS,20.71042823791504
2024-01-10,EREGL.IS,21.7435359954834
2024-01-11,EREGL.IS,21.19318962097168
2024-01-12,EREGL.IS,21.14491081237793
2024-01-15,EREGL.IS,21.270429611206055
2024-01-16,EREGL.IS,21.38629150390625
2024-01-17,EREGL.IS,20.97111701965332
2024-01-18,EREGL.IS,20.5269775390625
2024-01-19,EREGL.IS,20.353185653686523
2024-01-22,EREGL.IS,20.295255661010742
2024-01-23,EREGL.IS,20.440080642700195
2024-01-24,EREGL.IS,20.45939064025879
2024-01-25,EREGL.IS,20.67180824279785
2024-01-26,EREGL.IS,20.90353012084961
2024-01-29,EREGL.IS,21.106292724609375
2024-01-30,EREGL.IS,20.922842025756836
2024-01-31,EREGL.IS,20.826290130615234
2024-02-01,EREGL.IS,21.106292724609375
2024-02-02,EREGL.IS,20.98077392578125
2024-02-05,EREGL.IS,21.00973892211914
2024-02-06,EREGL.IS,21.338016510009766
2024-02-07,EREGL.IS,21.7338809967041
2024-02-08,EREGL.IS,21.955949783325195
2024-02-09,EREGL.IS,22.380779266357422
2024-02-12,EREGL.IS,22.400089263916016
2024-02-13,EREGL.IS,22.264917373657227
2024-02-14,EREGL.IS,22.496641159057617
2024-02-15,EREGL.IS,22.72836685180664
2024-02-16,EREGL.IS,23.713197708129883
2024-02-19,EREGL.IS,23.326990127563477
2024-02-20,EREGL.IS,23.954578399658203
2024-02-21,EREGL.IS,23.48147201538086
2024-02-22,EREGL.IS,23.259403228759766
2024-02-23,EREGL.IS,22.448366165161133
2024-02-26,EREGL.IS,22.004228591918945
2024-02-27,EREGL.IS,22.67043685913086
2024-02-28,EREGL.IS,22.641469955444336
2024-02-29,EREGL.IS,21.97525978088379
2024-03-01,EREGL.IS,22.178020477294922
2024-03-04,EREGL.IS,22.21664047241211
2024-03-05,EREGL.IS,21.91733169555664
2024-03-06,EREGL.IS,21.376636505126953
2024-03-07,EREGL.IS,22.042848587036133
2024-03-08,EREGL.IS,22.158708572387695
2024-03-11,EREGL.IS,22.10077667236328
2024-03-12,EREGL.IS,21.859397888183594
2024-03-13,EREGL.IS,21.463533401489258
2024-03-14,EREGL.IS,21.405601501464844
2024-03-15,EREGL.IS,21.4345703125
2024-03-18,EREGL.IS,21.280086517333984
2024-03-19,EREGL.IS,21.366981506347656
2024-03-20,EREGL.IS,21.135255813598633
2024-03-21,EREGL.IS,21.164222717285156
2024-03-22,EREGL.IS,20.90353012084961
2024-03-25,EREGL.IS,20.739395141601562
2024-03-26,EREGL.IS,20.333873748779297
2024-03-27,EREGL.IS,20.18904685974121
2024-03-28,EREGL.IS,20.333873748779297
2024-03-29,EREGL.IS,20.43042755126953
2024-04-01,EREGL.IS,19.93800926208496
2024-04-02,EREGL.IS,18.77938461303711
2024-04-03,EREGL.IS,18.480073928833008
2024-04-04,EREGL.IS,19.030420303344727
2024-04-05,EREGL.IS,19.97663116455078
2024-04-08,EREGL.IS,20.246976852416992
2024-04-09,EREGL.IS,20.246976852416992
2024-04-15,EREGL.IS,19.94766616821289
2024-04-16,EREGL.IS,19.80106544494629
2024-04-17,EREGL.IS,19.605594635009766
2024-04-18,EREGL.IS,19.7619686126709
2024-04-19,EREGL.IS,20.14313507080078
2024-04-22,EREGL.IS,20.319059371948242
2024-04-24,EREGL.IS,20.37769889831543
2024-04-25,EREGL.IS,20.32883071899414
2024-04-26,EREGL.IS,20.915239334106445
2024-04-29,EREGL.IS,21.443008422851562
2024-04-30,EREGL.IS,21.04229736328125
2024-05-02,EREGL.IS,21.80462646484375
2024-05-03,EREGL.IS,21.589611053466797
2024-05-06,EREGL.IS,21.482101440429688
2024-05-07,EREGL.IS,22.215112686157227
2024-05-08,EREGL.IS,22.09783172607422
2024-05-09,EREGL.IS,22.23465919494629
2024-05-10,EREGL.IS,22.889482498168945
2024-05-13,EREGL.IS,22.635372161865234
2024-05-14,EREGL.IS,22.733108520507812
2024-05-15,EREGL.IS,21.951229095458984
2024-05-16,EREGL.IS,22.283527374267578
2024-05-17,EREGL.IS,22.89925765991211
2024-05-20,EREGL.IS,23.436798095703125
2024-05-21,EREGL.IS,23.42702293395996
2024-05-22,EREGL.IS,23.612720489501953
2024-05-23,EREGL.IS,23.7104549407959
2024-05-24,EREGL.IS,24.150259017944336
2024-05-27,EREGL.IS,24.032978057861328
2024-05-28,EREGL.IS,24.150259017944336
2024-05-29,EREGL.IS,23.739774703979492
2024-05-30,EREGL.IS,23.91569709777832
2024-05-31,EREGL.IS,23.42702293395996
2024-06-03,EREGL.IS,24.238222122192383
2024-06-04,EREGL.IS,24.02320671081543
2024-06-05,EREGL.IS,23.78864288330078
2024-06-06,EREGL.IS,23.72022819519043
2024-06-07,EREGL.IS,23.42702293395996
2024-06-10,EREGL.IS,22.694013595581055
2024-06-11,EREGL.IS,22.586503982543945
2024-06-12,EREGL.IS,23.35860824584961
2024-06-13,EREGL.IS,24.150259017944336
2024-06-14,EREGL.IS,25.21556854248047
2024-06-20,EREGL.IS,26.315086364746094
2024-06-21,EREGL.IS,25.679811477661133
2024-06-24,EREGL.IS,26.046314239501953
2024-06-25,EREGL.IS,25.655376434326172
2024-06-26,EREGL.IS,25.43547248840332
2024-06-27,EREGL.IS,25.89971351623535
2024-06-28,EREGL.IS,26.021883010864258
2024-07-01,EREGL.IS,25.28887176513672
2024-07-02,EREGL.IS,25.068967819213867
2024-07-03,EREGL.IS,26.828195571899414
2024-07-04,EREGL.IS,26.852628707885742
2024-07-05,EREGL.IS,26.87706184387207
2024-07-08,EREGL.IS,26.730459213256836
2024-07-09,EREGL.IS,26.681591033935547
2024-07-10,EREGL.IS,26.87706184387207
2024-07-11,EREGL.IS,26.950363159179688
2024-07-12,EREGL.IS,26.999229431152344
2024-07-16,EREGL.IS,27.805543899536133
2024-07-17,EREGL.IS,27.707807540893555
2024-07-18,EREGL.IS,27.31686782836914
2024-07-19,EREGL.IS,28.123180389404297
2024-07-22,EREGL.IS,29.0272274017334
2024-07-23,EREGL.IS,28.514118194580078
2024-07-24,EREGL.IS,28.172046661376953
2024-07-25,EREGL.IS,27.683374404907227
2024-07-26,EREGL.IS,27.487903594970703
2024-07-29,EREGL.IS,27.170265197753906
2024-07-30,EREGL.IS,27.31686782836914
2024-07-31,EREGL.IS,27.390169143676758
2024-08-01,EREGL.IS,27.976577758789062
2024-08-02,EREGL.IS,26.9014949798584
2024-08-05,EREGL.IS,24.482559204101562
2024-08-06,EREGL.IS,24.14048957824707
2024-08-07,EREGL.IS,24.629161834716797
2024-08-08,EREGL.IS,25.508773803710938
2024-08-09,EREGL.IS,24.726896286010742
2024-08-12,EREGL.IS,24.10139274597168
2024-08-13,EREGL.IS,24.14048957824707
2024-08-14,EREGL.IS,24.062299728393555
2024-08-15,EREGL.IS,24.365278244018555
2024-08-16,EREGL.IS,23.759323120117188
2024-08-19,EREGL.IS,24.081846237182617
2024-08-20,EREGL.IS,23.945016860961914
2024-08-21,EREGL.IS,23.90592384338379
2024-08-22,EREGL.IS,24.14048957824707
2024-08-23,EREGL.IS,23.573627471923828
2024-08-26,EREGL.IS,22.869935989379883
2024-08-27,EREGL.IS,23.16314125061035
2024-08-28,EREGL.IS,23.2413272857666
2024-08-29,EREGL.IS,23.622493743896484
2024-09-02,EREGL.IS,24.09161949157715
2024-09-03,EREGL.IS,23.681133270263672
2024-09-04,EREGL.IS,23.29019546508789
2024-09-05,EREGL.IS,23.47589111328125
2024-09-06,EREGL.IS,23.10449981689453
2024-09-09,EREGL.IS,22.830842971801758
2024-09-10,EREGL.IS,22.733108520507812
2024-09-11,EREGL.IS,23.16314125061035
2024-09-12,EREGL.IS,22.869935989379883
2024-09-13,EREGL.IS,23.18268585205078
2024-09-16,EREGL.IS,23.270647048950195
2024-09-17,EREGL.IS,23.60294532775879
2024-09-18,EREGL.IS,23.573627471923828
2024-09-19,EREGL.IS,24.150259017944336
2024-09-20,EREGL.IS,24.287090301513672
2024-09-23,EREGL.IS,24.111167907714844
2024-09-24,EREGL.IS,24.995668411254883
2024-09-25,EREGL.IS,25.11783790588379
2024-09-26,EREGL.IS,25.02010154724121
2024-09-27,EREGL.IS,25.70424461364746
2024-09-30,EREGL.IS,26.14405059814453
2024-10-01,EREGL.IS,25.753110885620117
2024-10-02,EREGL.IS,24.995668411254883
2024-10-03,EREGL.IS,24.433692932128906
2024-10-04,EREGL.IS,24.506994247436523
2024-10-07,EREGL.IS,24.26754379272461
2024-10-08,EREGL.IS,23.28042221069336
2024-10-09,EREGL.IS,23.2413272857666
2024-10-10,EREGL.IS,23.212007522583008
2024-10-11,EREGL.IS,23.90592384338379
2024-10-14,EREGL.IS,23.593172073364258
2024-10-15,EREGL.IS,23.67136001586914
2024-10-16,EREGL.IS,24.1600341796875
2024-10-17,EREGL.IS,23.954792022705078
2024-10-18,EREGL.IS,23.485666275024414
2024-10-21,EREGL.IS,23.22178077697754
2024-10-22,EREGL.IS,23.22178077697754
2024-10-23,EREGL.IS,22.576732635498047
2024-10-24,EREGL.IS,22.791748046875
2024-10-25,EREGL.IS,23.16314125061035
2024-10-28,EREGL.IS,23.387929916381836
2024-10-30,EREGL.IS,23.378156661987305
2024-10-31,EREGL.IS,23.260875701904297
2024-11-01,EREGL.IS,23.42702293395996
2024-11-04,EREGL.IS,22.938350677490234
2024-11-05,EREGL.IS,23.339061737060547
2024-11-06,EREGL.IS,23.827735900878906
2024-11-07,EREGL.IS,24.199129104614258
2024-11-08,EREGL.IS,24.971233367919922
2024-11-11,EREGL.IS,24.897932052612305
2024-11-12,EREGL.IS,24.580293655395508
2024-11-13,EREGL.IS,24.458126068115234
2024-11-14,EREGL.IS,24.971233367919922
2024-11-15,EREGL.IS,24.580293655395508
2024-11-18,EREGL.IS,24.678030014038086
2024-11-19,EREGL.IS,24.20890235900879
2024-11-20,EREGL.IS,23.446569442749023
2024-11-21,EREGL.IS,24.335956573486328
2024-11-22,EREGL.IS,24.482559204101562
2024-11-25,EREGL.IS,24.77576446533203
2024-11-26,EREGL.IS,24.482559204101562
2024-11-27,EREGL.IS,24.14048957824707
2024-11-28,EREGL.IS,24.64870834350586
2024-11-29,EREGL.IS,25.19602394104004
2024-12-02,EREGL.IS,25.45013427734375
2024-12-03,EREGL.IS,25.411041259765625
2024-12-04,EREGL.IS,25.508773803710938
2024-12-05,EREGL.IS,25.33285140991211
2024-12-06,EREGL.IS,25.33285140991211
2024-12-09,EREGL.IS,26.38838768005371
2024-12-10,EREGL.IS,25.567415237426758
2024-12-11,EREGL.IS,25.469680786132812
2024-12-12,EREGL.IS,25.723791122436523
2024-12-13,EREGL.IS,25.95835304260254
2024-12-16,EREGL.IS,25.469680786132812
2024-12-17,EREGL.IS,25.567415237426758
2024-12-18,EREGL.IS,25.19602394104004
2024-12-19,EREGL.IS,24.726896286010742
2024-12-20,EREGL.IS,24.53142738342285
2024-12-23,EREGL.IS,24.39459800720215
2024-12-24,EREGL.IS,24.296865463256836
2024-12-25,EREGL.IS,24.492332458496094
2024-12-26,EREGL.IS,24.21867561340332
2024-12-27,EREGL.IS,24.375051498413086
2024-12-30,EREGL.IS,24.042753219604492
2024-12-31,EREGL.IS,23.8472843170166
2015-03-11,GARAN.IS,5.91061544418335
2015-03-12,GARAN.IS,5.889303207397461
2015-03-13,GARAN.IS,5.704596519470215
2015-03-16,GARAN.IS,5.946135520935059
2015-03-17,GARAN.IS,6.137946128845215
2015-03-18,GARAN.IS,6.081114292144775
2015-03-19,GARAN.IS,6.443423271179199
2015-03-20,GARAN.IS,6.422110557556152
2015-03-23,GARAN.IS,6.507359027862549
2015-03-24,GARAN.IS,6.280029296875
2015-03-25,GARAN.IS,6.301340579986572
2015-03-26,GARAN.IS,6.1308417320251465
2015-03-27,GARAN.IS,6.088217258453369
2015-03-30,GARAN.IS,6.301340579986572
2015-03-31,GARAN.IS,6.301340579986572
2015-04-01,GARAN.IS,6.102426528930664
2015-04-02,GARAN.IS,6.074009895324707
2015-04-03,GARAN.IS,6.237403392791748
2015-04-06,GARAN.IS,6.351069927215576
2015-04-07,GARAN.IS,6.208988189697266
2015-04-08,GARAN.IS,6.251612186431885
2015-04-09,GARAN.IS,6.258716583251953
2015-04-10,GARAN.IS,6.109530925750732
2015-04-13,GARAN.IS,5.995864391326904
2015-04-14,GARAN.IS,6.074009895324707
2015-04-15,GARAN.IS,5.9319281578063965
2015-04-16,GARAN.IS,6.038488864898682
2015-04-17,GARAN.IS,6.088217258453369
2015-04-20,GARAN.IS,6.002969264984131
2015-04-21,GARAN.IS,6.159258842468262
2015-04-22,GARAN.IS,6.03138542175293
2015-04-23,GARAN.IS,6.03138542175293
2015-04-24,GARAN.IS,6.166363716125488
2015-04-27,GARAN.IS,6.32151460647583
2015-04-28,GARAN.IS,6.307082653045654
2015-04-29,GARAN.IS,6.34316349029541
2015-04-30,GARAN.IS,6.141105651855469
2015-05-01,GARAN.IS,6.141105651855469
2015-05-04,GARAN.IS,6.191619873046875
2015-05-05,GARAN.IS,6.119456768035889
2015-05-06,GARAN.IS,6.047293186187744
2015-05-07,GARAN.IS,6.068942070007324
2015-05-08,GARAN.IS,6.191619873046875
2015-05-11,GARAN.IS,6.2493510246276855
2015-05-12,GARAN.IS,6.234918117523193
2015-05-13,GARAN.IS,6.34316349029541
2015-05-14,GARAN.IS,6.473058223724365
2015-05-15,GARAN.IS,6.523571491241455
2015-05-18,GARAN.IS,6.696763515472412
2015-05-19,GARAN.IS,6.696763515472412
2015-05-20,GARAN.IS,6.559654712677002
2015-05-21,GARAN.IS,6.415327548980713
2015-05-22,GARAN.IS,6.285433769226074
2015-05-25,GARAN.IS,6.126673221588135
2015-05-26,GARAN.IS,6.06172513961792
2015-05-27,GARAN.IS,6.213269233703613
2015-05-28,GARAN.IS,6.126673221588135
2015-05-29,GARAN.IS,6.083375930786133
2015-06-01,GARAN.IS,5.859669208526611
2015-06-02,GARAN.IS,6.032861232757568
2015-06-03,GARAN.IS,6.169970989227295
2015-06-04,GARAN.IS,6.1050238609313965
2015-06-05,GARAN.IS,6.083375930786133
2015-06-08,GARAN.IS,5.628746032714844
2015-06-09,GARAN.IS,5.74420690536499
2015-06-10,GARAN.IS,5.888534069061279
2015-06-11,GARAN.IS,6.0400776863098145
2015-06-12,GARAN.IS,6.06172513961792
2015-06-15,GARAN.IS,5.895750522613525
2015-06-16,GARAN.IS,5.98956298828125
2015-06-17,GARAN.IS,6.06172513961792
2015-06-18,GARAN.IS,6.112240791320801
2015-06-19,GARAN.IS,6.148322105407715
2015-06-22,GARAN.IS,6.292649745941162
2015-06-23,GARAN.IS,6.169970989227295
2015-06-24,GARAN.IS,6.263784408569336
2015-06-25,GARAN.IS,6.177187919616699
2015-06-26,GARAN.IS,6.227701187133789
2015-06-29,GARAN.IS,6.047293186187744
2015-06-30,GARAN.IS,6.032861232757568
2015-07-01,GARAN.IS,5.953481674194336
2015-07-02,GARAN.IS,6.0256452560424805
2015-07-03,GARAN.IS,5.953481674194336
2015-07-06,GARAN.IS,6.097807884216309
2015-07-07,GARAN.IS,6.003994941711426
2015-07-08,GARAN.IS,5.830802917480469
2015-07-09,GARAN.IS,5.98956298828125
2015-07-10,GARAN.IS,6.0761590003967285
2015-07-13,GARAN.IS,6.155538558959961
2015-07-14,GARAN.IS,6.1050238609313965
2015-07-15,GARAN.IS,6.05450963973999
2015-07-16,GARAN.IS,6.0761590003967285
2015-07-17,GARAN.IS,6.0761590003967285
2015-07-20,GARAN.IS,5.9029669761657715
2015-07-21,GARAN.IS,5.895750522613525
2015-07-22,GARAN.IS,5.881318092346191
2015-07-23,GARAN.IS,5.70090913772583
2015-07-24,GARAN.IS,5.758639335632324
2015-07-27,GARAN.IS,5.599879741668701
2015-07-28,GARAN.IS,5.643178462982178
2015-07-29,GARAN.IS,5.6648268699646
2015-07-30,GARAN.IS,5.672043800354004
2015-07-31,GARAN.IS,5.917398929595947
2015-08-03,GARAN.IS,5.758639335632324
2015-08-04,GARAN.IS,5.708125114440918
2015-08-05,GARAN.IS,5.679259777069092
2015-08-06,GARAN.IS,5.801937580108643
2015-08-07,GARAN.IS,5.736990451812744
2015-08-10,GARAN.IS,5.621529579162598
2015-08-11,GARAN.IS,5.816370964050293
2015-08-12,GARAN.IS,5.628746032714844
2015-08-13,GARAN.IS,5.455554008483887
2015-08-14,GARAN.IS,5.462770462036133
2015-08-17,GARAN.IS,5.469986438751221
2015-08-18,GARAN.IS,5.311226844787598
2015-08-19,GARAN.IS,5.311226844787598
2015-08-20,GARAN.IS,5.289577484130859
2015-08-21,GARAN.IS,5.217414379119873
2015-08-24,GARAN.IS,5.087520122528076
2015-08-25,GARAN.IS,5.2967939376831055
2015-08-26,GARAN.IS,5.2534966468811035
2015-08-27,GARAN.IS,5.340091705322266
2015-08-28,GARAN.IS,5.28236198425293
2015-08-31,GARAN.IS,5.325659275054932
2015-09-01,GARAN.IS,5.174116134643555
2015-09-02,GARAN.IS,5.152467250823975
2015-09-03,GARAN.IS,5.217414379119873
2015-09-04,GARAN.IS,5.138034820556641
2015-09-07,GARAN.IS,5.094736099243164
2015-09-08,GARAN.IS,5.130818843841553
2015-09-09,GARAN.IS,5.094736099243164
2015-09-10,GARAN.IS,5.008139610290527
2015-09-11,GARAN.IS,4.907112121582031
2015-09-14,GARAN.IS,4.8349480628967285
2015-09-15,GARAN.IS,5.044222354888916
2015-09-16,GARAN.IS,5.116386413574219
2015-09-17,GARAN.IS,5.116386413574219
2015-09-18,GARAN.IS,5.051438808441162
2015-09-21,GARAN.IS,5.181332588195801
2015-09-22,GARAN.IS,5.123601913452148
2015-09-23,GARAN.IS,5.087520122528076
2015-09-24,GARAN.IS,5.087520122528076
2015-09-25,GARAN.IS,5.087520122528076
2015-09-28,GARAN.IS,4.972058296203613
2015-09-29,GARAN.IS,5.1091694831848145
2015-09-30,GARAN.IS,5.073087215423584
2015-10-01,GARAN.IS,5.166900157928467
2015-10-02,GARAN.IS,5.101953506469727
2015-10-05,GARAN.IS,5.2967939376831055
2015-10-06,GARAN.IS,5.3184428215026855
2015-10-07,GARAN.IS,5.549365520477295
2015-10-08,GARAN.IS,5.506068229675293
2015-10-09,GARAN.IS,5.527717113494873
2015-10-12,GARAN.IS,5.469986438751221
2015-10-13,GARAN.IS,5.383389949798584
2015-10-14,GARAN.IS,5.491635799407959
2015-10-15,GARAN.IS,5.405038833618164
2015-10-16,GARAN.IS,5.361741542816162
2015-10-19,GARAN.IS,5.448337078094482
2015-10-20,GARAN.IS,5.513284206390381
2015-10-21,GARAN.IS,5.455554008483887
2015-10-22,GARAN.IS,5.542149543762207
2015-10-23,GARAN.IS,5.571014881134033
2015-10-26,GARAN.IS,5.448337078094482
2015-10-27,GARAN.IS,5.448337078094482
2015-10-28,GARAN.IS,5.39060640335083
2015-10-29,GARAN.IS,5.39060640335083
2015-10-30,GARAN.IS,5.462770462036133
2015-11-02,GARAN.IS,5.9751296043396
2015-11-03,GARAN.IS,5.895750522613525
2015-11-04,GARAN.IS,5.967913627624512
2015-11-05,GARAN.IS,5.8235859870910645
2015-11-06,GARAN.IS,5.736990451812744
2015-11-09,GARAN.IS,5.751422882080078
2015-11-10,GARAN.IS,5.729774475097656
2015-11-11,GARAN.IS,5.809154033660889
2015-11-12,GARAN.IS,5.838019847869873
2015-11-13,GARAN.IS,5.809154033660889
2015-11-16,GARAN.IS,5.751422882080078
2015-11-17,GARAN.IS,5.801937580108643
2015-11-18,GARAN.IS,5.729774475097656
2015-11-19,GARAN.IS,5.74420690536499
2015-11-20,GARAN.IS,5.758639335632324
2015-11-23,GARAN.IS,5.592663764953613
2015-11-24,GARAN.IS,5.376173973083496
2015-11-25,GARAN.IS,5.419471740722656
2015-11-26,GARAN.IS,5.224630355834961
2015-11-27,GARAN.IS,5.304010391235352
2015-11-30,GARAN.IS,5.28236198425293
2015-12-01,GARAN.IS,5.304010391235352
2015-12-02,GARAN.IS,5.469986438751221
2015-12-03,GARAN.IS,5.39060640335083
2015-12-04,GARAN.IS,5.3184428215026855
2015-12-07,GARAN.IS,5.289577484130859
2015-12-08,GARAN.IS,5.275145053863525
2015-12-09,GARAN.IS,5.433904647827148
2015-12-10,GARAN.IS,5.217414379119873
2015-12-11,GARAN.IS,4.943193435668945
2015-12-14,GARAN.IS,4.928760051727295
2015-12-15,GARAN.IS,5.224630355834961
2015-12-16,GARAN.IS,5.311226844787598
2015-12-17,GARAN.IS,5.289577484130859
2015-12-18,GARAN.IS,5.2679290771484375
2015-12-21,GARAN.IS,5.361741542816162
2015-12-22,GARAN.IS,5.2967939376831055
2015-12-23,GARAN.IS,5.3184428215026855
2015-12-24,GARAN.IS,5.304010391235352
2015-12-25,GARAN.IS,5.289577484130859
2015-12-28,GARAN.IS,5.3184428215026855
2015-12-29,GARAN.IS,5.28236198425293
2015-12-30,GARAN.IS,5.224630355834961
2015-12-31,GARAN.IS,5.138034820556641
2016-01-01,GARAN.IS,5.138034820556641
2016-01-04,GARAN.IS,5.03700590133667
2016-01-05,GARAN.IS,5.015356540679932
2016-01-06,GARAN.IS,5.123601913452148
2016-01-07,GARAN.IS,5.14525032043457
2016-01-08,GARAN.IS,5.058655261993408
2016-01-11,GARAN.IS,5.123601913452148
2016-01-12,GARAN.IS,5.14525032043457
2016-01-13,GARAN.IS,5.174116134643555
2016-01-14,GARAN.IS,5.195765018463135
2016-01-15,GARAN.IS,5.210198402404785
2016-01-18,GARAN.IS,5.181332588195801
2016-01-19,GARAN.IS,5.174116134643555
2016-01-20,GARAN.IS,5.065871715545654
2016-01-21,GARAN.IS,5.000924110412598
2016-01-22,GARAN.IS,5.000924110412598
2016-01-25,GARAN.IS,5.130818843841553
2016-01-26,GARAN.IS,5.347308158874512
2016-01-27,GARAN.IS,5.2679290771484375
2016-01-28,GARAN.IS,5.311226844787598
2016-01-29,GARAN.IS,5.361741542816162
2016-02-01,GARAN.IS,5.340091705322266
2016-02-02,GARAN.IS,5.217414379119873
2016-02-03,GARAN.IS,5.28236198425293
2016-02-04,GARAN.IS,5.376173973083496
2016-02-05,GARAN.IS,5.340091705322266
2016-02-08,GARAN.IS,5.087520122528076
2016-02-09,GARAN.IS,5.08030366897583
2016-02-10,GARAN.IS,5.116386413574219
2016-02-11,GARAN.IS,5.087520122528076
2016-02-12,GARAN.IS,5.044222354888916
2016-02-15,GARAN.IS,5.029789447784424
2016-02-16,GARAN.IS,5.051438808441162
2016-02-17,GARAN.IS,5.188549041748047
2016-02-18,GARAN.IS,5.202982425689697
2016-02-19,GARAN.IS,5.138034820556641
2016-02-22,GARAN.IS,5.354525089263916
2016-02-23,GARAN.IS,5.419471740722656
2016-02-24,GARAN.IS,5.260712623596191
2016-02-25,GARAN.IS,5.311226844787598
2016-02-26,GARAN.IS,5.2967939376831055
2016-02-29,GARAN.IS,5.311226844787598
2016-03-01,GARAN.IS,5.2967939376831055
2016-03-02,GARAN.IS,5.397822380065918
2016-03-03,GARAN.IS,5.39060640335083
2016-03-04,GARAN.IS,5.397822380065918
2016-03-07,GARAN.IS,5.405038833618164
2016-03-08,GARAN.IS,5.41225528717041
2016-03-09,GARAN.IS,5.520500659942627
2016-03-10,GARAN.IS,5.491635799407959
2016-03-11,GARAN.IS,5.556582450866699
2016-03-14,GARAN.IS,5.549365520477295
2016-03-15,GARAN.IS,5.448337078094482
2016-03-16,GARAN.IS,5.455554008483887
2016-03-17,GARAN.IS,5.585448265075684
2016-03-18,GARAN.IS,5.679259777069092
2016-03-21,GARAN.IS,5.672043800354004
2016-03-22,GARAN.IS,5.585448265075684
2016-03-23,GARAN.IS,5.607097148895264
2016-03-24,GARAN.IS,5.758639335632324
2016-03-25,GARAN.IS,5.74420690536499
2016-03-28,GARAN.IS,5.758639335632324
2016-03-29,GARAN.IS,5.70090913772583
2016-03-30,GARAN.IS,5.852451801300049
2016-03-31,GARAN.IS,5.94626522064209
2016-04-01,GARAN.IS,5.8235859870910645
2016-04-04,GARAN.IS,6.047293186187744
2016-04-05,GARAN.IS,5.98956298828125
2016-04-06,GARAN.IS,5.859669208526611
2016-04-07,GARAN.IS,5.809154033660889
2016-04-08,GARAN.IS,5.917398929595947
2016-04-11,GARAN.IS,5.98956298828125
2016-04-12,GARAN.IS,5.895750522613525
2016-04-13,GARAN.IS,6.018428325653076
2016-04-14,GARAN.IS,6.018428325653076
2016-04-15,GARAN.IS,6.141105651855469
2016-04-18,GARAN.IS,6.307082653045654
2016-04-19,GARAN.IS,6.357596397399902
2016-04-20,GARAN.IS,6.307082653045654
2016-04-21,GARAN.IS,6.242134094238281
2016-04-22,GARAN.IS,6.097807884216309
2016-04-25,GARAN.IS,6.094141960144043
2016-04-26,GARAN.IS,6.240810871124268
2016-04-27,GARAN.IS,6.240810871124268
2016-04-28,GARAN.IS,6.3214802742004395
2016-04-29,GARAN.IS,6.3214802742004395
2016-05-02,GARAN.IS,6.218810081481934
2016-05-03,GARAN.IS,5.9694719314575195
2016-05-04,GARAN.IS,5.815467834472656
2016-05-05,GARAN.IS,5.573462009429932
2016-05-06,GARAN.IS,5.470792770385742
2016-05-09,GARAN.IS,5.54412841796875
2016-05-10,GARAN.IS,5.536794662475586
2016-05-11,GARAN.IS,5.55879545211792
2016-05-12,GARAN.IS,5.507461071014404
2016-05-13,GARAN.IS,5.507461071014404
2016-05-16,GARAN.IS,5.382791042327881
2016-05-17,GARAN.IS,5.478126525878906
2016-05-18,GARAN.IS,5.4634599685668945
2016-05-19,GARAN.IS,5.4634599685668945
2016-05-20,GARAN.IS,5.316789150238037
2016-05-23,GARAN.IS,5.419458389282227
2016-05-24,GARAN.IS,5.654130935668945
2016-05-25,GARAN.IS,5.551462173461914
2016-05-26,GARAN.IS,5.536794662475586
2016-05-27,GARAN.IS,5.529460906982422
2016-05-30,GARAN.IS,5.551462173461914
2016-05-31,GARAN.IS,5.54412841796875
2016-06-01,GARAN.IS,5.426792144775391
2016-06-02,GARAN.IS,5.375457763671875
2016-06-03,GARAN.IS,5.55879545211792
2016-06-06,GARAN.IS,5.617463111877441
2016-06-07,GARAN.IS,5.55879545211792
2016-06-08,GARAN.IS,5.668797969818115
2016-06-09,GARAN.IS,5.580796241760254
2016-06-10,GARAN.IS,5.522128105163574
2016-06-13,GARAN.IS,5.485459804534912
2016-06-14,GARAN.IS,5.470792770385742
2016-06-15,GARAN.IS,5.51479434967041
2016-06-16,GARAN.IS,5.4414591789245605
2016-06-17,GARAN.IS,5.492793560028076
2016-06-20,GARAN.IS,5.690798282623291
2016-06-21,GARAN.IS,5.668797969818115
2016-06-22,GARAN.IS,5.705465793609619
2016-06-23,GARAN.IS,5.786133289337158
2016-06-24,GARAN.IS,5.522128105163574
2016-06-27,GARAN.IS,5.522128105163574
2016-06-28,GARAN.IS,5.661464691162109
2016-06-29,GARAN.IS,5.573462009429932
2016-06-30,GARAN.IS,5.55879545211792
2016-07-01,GARAN.IS,5.639463424682617
2016-07-04,GARAN.IS,5.705465793609619
2016-07-05,GARAN.IS,5.705465793609619
2016-07-06,GARAN.IS,5.705465793609619
2016-07-07,GARAN.IS,5.705465793609619
2016-07-08,GARAN.IS,5.734799385070801
2016-07-11,GARAN.IS,5.859468460083008
2016-07-12,GARAN.IS,6.042806625366211
2016-07-13,GARAN.IS,6.020806312561035
2016-07-14,GARAN.IS,6.130808353424072
2016-07-15,GARAN.IS,6.174809455871582
2016-07-18,GARAN.IS,5.632130146026611
2016-07-19,GARAN.IS,5.500126838684082
2016-07-20,GARAN.IS,5.353457450866699
2016-07-21,GARAN.IS,5.148119926452637
2016-07-22,GARAN.IS,5.184786796569824
2016-07-25,GARAN.IS,5.346123695373535
2016-07-26,GARAN.IS,5.250788688659668
2016-07-27,GARAN.IS,5.353457450866699
2016-07-28,GARAN.IS,5.346123695373535
2016-07-29,GARAN.IS,5.375457763671875
2016-08-01,GARAN.IS,5.500126838684082
2016-08-02,GARAN.IS,5.419458389282227
2016-08-03,GARAN.IS,5.3387908935546875
2016-08-04,GARAN.IS,5.51479434967041
2016-08-05,GARAN.IS,5.580796241760254
2016-08-08,GARAN.IS,5.7714667320251465
2016-08-09,GARAN.IS,5.7934675216674805
2016-08-10,GARAN.IS,5.6247968673706055
2016-08-11,GARAN.IS,5.786133289337158
2016-08-12,GARAN.IS,5.727466106414795
2016-08-15,GARAN.IS,5.7788004875183105
2016-08-16,GARAN.IS,5.705465793609619
2016-08-17,GARAN.IS,5.749466896057129
2016-08-18,GARAN.IS,5.7788004875183105
2016-08-19,GARAN.IS,5.7934675216674805
2016-08-22,GARAN.IS,5.742132663726807
2016-08-23,GARAN.IS,5.698132038116455
2016-08-24,GARAN.IS,5.536794662475586
2016-08-25,GARAN.IS,5.617463111877441
2016-08-26,GARAN.IS,5.705465793609619
2016-08-29,GARAN.IS,5.55879545211792
2016-08-30,GARAN.IS,5.55879545211792
2016-08-31,GARAN.IS,5.595463275909424
2016-09-01,GARAN.IS,5.595463275909424
2016-09-02,GARAN.IS,5.80813455581665
2016-09-05,GARAN.IS,5.9401373863220215
2016-09-06,GARAN.IS,5.9401373863220215
2016-09-07,GARAN.IS,5.947470664978027
2016-09-08,GARAN.IS,6.006138801574707
2016-09-09,GARAN.IS,5.925470352172852
2016-09-12,GARAN.IS,5.925470352172852
2016-09-13,GARAN.IS,5.925470352172852
2016-09-14,GARAN.IS,5.925470352172852
2016-09-15,GARAN.IS,5.925470352172852
2016-09-16,GARAN.IS,5.918136119842529
2016-09-19,GARAN.IS,6.094141960144043
2016-09-20,GARAN.IS,6.035472869873047
2016-09-21,GARAN.IS,6.050140380859375
2016-09-22,GARAN.IS,6.226143836975098
2016-09-23,GARAN.IS,6.152808666229248
2016-09-26,GARAN.IS,5.80813455581665
2016-09-27,GARAN.IS,5.903469562530518
2016-09-28,GARAN.IS,5.998805522918701
2016-09-29,GARAN.IS,5.8961358070373535
2016-09-30,GARAN.IS,5.830134391784668
2016-10-03,GARAN.IS,5.918136119842529
2016-10-04,GARAN.IS,5.888802528381348
2016-10-05,GARAN.IS,5.918136119842529
2016-10-06,GARAN.IS,5.91080379486084
2016-10-07,GARAN.IS,5.91080379486084
2016-10-10,GARAN.IS,5.918136119842529
2016-10-11,GARAN.IS,5.8961358070373535
2016-10-12,GARAN.IS,5.888802528381348
2016-10-13,GARAN.IS,5.764133453369141
2016-10-14,GARAN.IS,5.874135971069336
2016-10-17,GARAN.IS,5.830134391784668
2016-10-18,GARAN.IS,5.976805686950684
2016-10-19,GARAN.IS,6.020806312561035
2016-10-20,GARAN.IS,6.042806625366211
2016-10-21,GARAN.IS,6.028139591217041
2016-10-24,GARAN.IS,6.123476028442383
2016-10-25,GARAN.IS,6.101473808288574
2016-10-26,GARAN.IS,6.174809455871582
2016-10-27,GARAN.IS,6.094141960144043
2016-10-28,GARAN.IS,6.072139739990234
2016-10-31,GARAN.IS,6.167475700378418
2016-11-01,GARAN.IS,6.042806625366211
2016-11-02,GARAN.IS,5.9694719314575195
2016-11-03,GARAN.IS,5.903469562530518
2016-11-04,GARAN.IS,5.617463111877441
2016-11-07,GARAN.IS,5.698132038116455
2016-11-08,GARAN.IS,5.698132038116455
2016-11-09,GARAN.IS,5.690798282623291
2016-11-10,GARAN.IS,5.690798282623291
2016-11-11,GARAN.IS,5.595463275909424
2016-11-14,GARAN.IS,5.566129207611084
2016-11-15,GARAN.IS,5.639463424682617
2016-11-16,GARAN.IS,5.580796241760254
2016-11-17,GARAN.IS,5.6027960777282715
2016-11-18,GARAN.IS,5.646797180175781
2016-11-21,GARAN.IS,5.588129043579102
2016-11-22,GARAN.IS,5.588129043579102
2016-11-23,GARAN.IS,5.478126525878906
2016-11-24,GARAN.IS,5.368124485015869
2016-11-25,GARAN.IS,5.375457763671875
2016-11-28,GARAN.IS,5.4414591789245605
2016-11-29,GARAN.IS,5.382791042327881
2016-11-30,GARAN.IS,5.346123695373535
2016-12-01,GARAN.IS,5.280121803283691
2016-12-02,GARAN.IS,5.382791042327881
2016-12-05,GARAN.IS,5.368124485015869
2016-12-06,GARAN.IS,5.522128105163574
2016-12-07,GARAN.IS,5.54412841796875
2016-12-08,GARAN.IS,5.507461071014404
2016-12-09,GARAN.IS,5.485459804534912
2016-12-12,GARAN.IS,5.485459804534912
2016-12-13,GARAN.IS,5.6027960777282715
2016-12-14,GARAN.IS,5.573462009429932
2016-12-15,GARAN.IS,5.668797969818115
2016-12-16,GARAN.IS,5.661464691162109
2016-12-19,GARAN.IS,5.595463275909424
2016-12-20,GARAN.IS,5.661464691162109
2016-12-21,GARAN.IS,5.690798282623291
2016-12-22,GARAN.IS,5.676131725311279
2016-12-23,GARAN.IS,5.580796241760254
2016-12-26,GARAN.IS,5.580796241760254
2016-12-27,GARAN.IS,5.536794662475586
2016-12-28,GARAN.IS,5.6027960777282715
2016-12-29,GARAN.IS,5.588129043579102
2016-12-30,GARAN.IS,5.588129043579102
2017-01-02,GARAN.IS,5.573462009429932
2017-01-03,GARAN.IS,5.507461071014404
2017-01-04,GARAN.IS,5.448792934417725
2017-01-05,GARAN.IS,5.426792144775391
2017-01-06,GARAN.IS,5.4634599685668945
2017-01-09,GARAN.IS,5.51479434967041
2017-01-10,GARAN.IS,5.434125900268555
2017-01-11,GARAN.IS,5.470792770385742
2017-01-12,GARAN.IS,5.7934675216674805
2017-01-13,GARAN.IS,5.786133289337158
2017-01-16,GARAN.IS,5.712798595428467
2017-01-17,GARAN.IS,5.800800323486328
2017-01-18,GARAN.IS,5.786133289337158
2017-01-19,GARAN.IS,5.720132827758789
2017-01-20,GARAN.IS,5.7934675216674805
2017-01-23,GARAN.IS,5.727466106414795
2017-01-24,GARAN.IS,5.749466896057129
2017-01-25,GARAN.IS,5.661464691162109
2017-01-26,GARAN.IS,5.764133453369141
2017-01-27,GARAN.IS,5.7934675216674805
2017-01-30,GARAN.IS,6.042806625366211
2017-01-31,GARAN.IS,6.101473808288574
2017-02-01,GARAN.IS,6.1381425857543945
2017-02-02,GARAN.IS,6.270144939422607
2017-02-03,GARAN.IS,6.475482940673828
2017-02-06,GARAN.IS,6.314145565032959
2017-02-07,GARAN.IS,6.3214802742004395
2017-02-08,GARAN.IS,6.409482479095459
2017-02-09,GARAN.IS,6.49748420715332
2017-02-10,GARAN.IS,6.328812122344971
2017-02-13,GARAN.IS,6.4681501388549805
2017-02-14,GARAN.IS,6.4534831047058105
2017-02-15,GARAN.IS,6.431481838226318
2017-02-16,GARAN.IS,6.5268168449401855
2017-02-17,GARAN.IS,6.622153282165527
2017-02-20,GARAN.IS,6.548818111419678
2017-02-21,GARAN.IS,6.614819526672363
2017-02-22,GARAN.IS,6.4461493492126465
2017-02-23,GARAN.IS,6.4681501388549805
2017-02-24,GARAN.IS,6.372813701629639
2017-02-27,GARAN.IS,6.336146354675293
2017-02-28,GARAN.IS,6.3214802742004395
2017-03-01,GARAN.IS,6.534151077270508
2017-03-02,GARAN.IS,6.570818901062012
2017-03-03,GARAN.IS,6.519484519958496
2017-03-06,GARAN.IS,6.629486560821533
2017-03-07,GARAN.IS,6.629486560821533
2017-03-08,GARAN.IS,6.4901509284973145
2017-03-09,GARAN.IS,6.424149036407471
2017-03-10,GARAN.IS,6.563485145568848
2017-03-13,GARAN.IS,6.534151077270508
2017-03-14,GARAN.IS,6.4681501388549805
2017-03-15,GARAN.IS,6.50481653213501
2017-03-16,GARAN.IS,6.563485145568848
2017-03-17,GARAN.IS,6.548818111419678
2017-03-20,GARAN.IS,6.651487350463867
2017-03-21,GARAN.IS,6.548818111419678
2017-03-22,GARAN.IS,6.482816696166992
2017-03-23,GARAN.IS,6.4021477699279785
2017-03-24,GARAN.IS,6.548818111419678
2017-03-27,GARAN.IS,6.49748420715332
2017-03-28,GARAN.IS,6.54148530960083
2017-03-29,GARAN.IS,6.534151077270508
2017-03-30,GARAN.IS,6.556151390075684
2017-03-31,GARAN.IS,6.49748420715332
2017-04-03,GARAN.IS,6.4901509284973145
2017-04-04,GARAN.IS,6.592818737030029
2017-04-05,GARAN.IS,6.622153282165527
2017-04-06,GARAN.IS,6.585484504699707
2017-04-07,GARAN.IS,6.6441545486450195
2017-04-10,GARAN.IS,7.062163352966309
2017-04-11,GARAN.IS,6.966827392578125
2017-04-12,GARAN.IS,7.003495216369629
2017-04-13,GARAN.IS,6.908160209655762
2017-04-14,GARAN.IS,7.113499164581299
2017-04-17,GARAN.IS,7.0988311767578125
2017-04-18,GARAN.IS,7.135498523712158
2017-04-19,GARAN.IS,6.9814958572387695
2017-04-20,GARAN.IS,7.018161296844482
2017-04-21,GARAN.IS,7.040163040161133
2017-04-24,GARAN.IS,7.219997882843018
2017-04-25,GARAN.IS,7.31081485748291
2017-04-26,GARAN.IS,7.31081485748291
2017-04-27,GARAN.IS,7.167020320892334
2017-04-28,GARAN.IS,7.257838249206543
2017-05-01,GARAN.IS,7.257838249206543
2017-05-02,GARAN.IS,7.272974014282227
2017-05-03,GARAN.IS,7.167020320892334
2017-05-04,GARAN.IS,7.091338157653809
2017-05-05,GARAN.IS,7.151883602142334
2017-05-08,GARAN.IS,7.083771228790283
2017-05-09,GARAN.IS,7.235133647918701
2017-05-10,GARAN.IS,7.250270366668701
2017-05-11,GARAN.IS,7.076202392578125
2017-05-12,GARAN.IS,7.0383620262146
2017-05-15,GARAN.IS,7.076202392578125
2017-05-16,GARAN.IS,7.129179954528809
2017-05-17,GARAN.IS,7.182156085968018
2017-05-18,GARAN.IS,7.151883602142334
2017-05-19,GARAN.IS,7.151883602142334
2017-05-22,GARAN.IS,7.219997882843018
2017-05-23,GARAN.IS,7.3335185050964355
2017-05-24,GARAN.IS,7.394064426422119
2017-05-25,GARAN.IS,7.348656177520752
2017-05-26,GARAN.IS,7.280541896820068
2017-05-29,GARAN.IS,7.295678615570068
2017-05-30,GARAN.IS,7.212430000305176
2017-05-31,GARAN.IS,7.265406131744385
2017-06-01,GARAN.IS,7.189724922180176
2017-06-02,GARAN.IS,7.295678615570068
2017-06-05,GARAN.IS,7.219997882843018
2017-06-06,GARAN.IS,7.272974014282227
2017-06-07,GARAN.IS,7.250270366668701
2017-06-08,GARAN.IS,7.204861164093018
2017-06-09,GARAN.IS,7.265406131744385
2017-06-12,GARAN.IS,7.348656177520752
2017-06-13,GARAN.IS,7.280541896820068
2017-06-14,GARAN.IS,7.341086387634277
2017-06-15,GARAN.IS,7.288110733032227
2017-06-16,GARAN.IS,7.235133647918701
2017-06-19,GARAN.IS,7.3789286613464355
2017-06-20,GARAN.IS,7.3789286613464355
2017-06-21,GARAN.IS,7.3789286613464355
2017-06-22,GARAN.IS,7.416769027709961
2017-06-23,GARAN.IS,7.348656177520752
2017-06-26,GARAN.IS,7.348656177520752
2017-06-27,GARAN.IS,7.348656177520752
2017-06-28,GARAN.IS,7.515154838562012
2017-06-29,GARAN.IS,7.469744682312012
2017-06-30,GARAN.IS,7.409200191497803
2017-07-03,GARAN.IS,7.469744682312012
2017-07-04,GARAN.IS,7.5984039306640625
2017-07-05,GARAN.IS,7.500017166137695
2017-07-06,GARAN.IS,7.4546098709106445
2017-07-07,GARAN.IS,7.462177753448486
2017-07-10,GARAN.IS,7.522722244262695
2017-07-11,GARAN.IS,7.878424644470215
2017-07-12,GARAN.IS,7.8330159187316895
2017-07-13,GARAN.IS,7.757334232330322
2017-07-14,GARAN.IS,7.885993957519531
2017-07-17,GARAN.IS,7.901128768920898
2017-07-18,GARAN.IS,7.8330159187316895
2017-07-19,GARAN.IS,7.991946697235107
2017-07-20,GARAN.IS,7.908696174621582
2017-07-21,GARAN.IS,7.916266441345215
2017-07-24,GARAN.IS,7.901128768920898
2017-07-25,GARAN.IS,7.916266441345215
2017-07-26,GARAN.IS,7.908696174621582
2017-07-27,GARAN.IS,8.082765579223633
2017-07-28,GARAN.IS,8.007081985473633
2017-07-31,GARAN.IS,7.97681188583374
2017-08-01,GARAN.IS,7.961674690246582
2017-08-02,GARAN.IS,7.984378337860107
2017-08-03,GARAN.IS,7.931401252746582
2017-08-04,GARAN.IS,8.04492473602295
2017-08-07,GARAN.IS,8.188716888427734
2017-08-08,GARAN.IS,8.279536247253418
2017-08-09,GARAN.IS,8.166013717651367
2017-08-10,GARAN.IS,8.02978801727295
2017-08-11,GARAN.IS,7.931401252746582
2017-08-14,GARAN.IS,8.17358112335205
2017-08-15,GARAN.IS,8.007081985473633
2017-08-16,GARAN.IS,7.984378337860107
2017-08-17,GARAN.IS,8.037355422973633
2017-08-18,GARAN.IS,7.984378337860107
2017-08-21,GARAN.IS,8.17358112335205
2017-08-22,GARAN.IS,8.113037109375
2017-08-23,GARAN.IS,8.060059547424316
2017-08-24,GARAN.IS,8.128172874450684
2017-08-25,GARAN.IS,8.287102699279785
2017-08-28,GARAN.IS,8.279536247253418
2017-08-29,GARAN.IS,8.166013717651367
2017-08-30,GARAN.IS,8.166013717651367
2017-08-31,GARAN.IS,8.128172874450684
2017-09-01,GARAN.IS,8.128172874450684
2017-09-04,GARAN.IS,8.128172874450684
2017-09-05,GARAN.IS,7.97681188583374
2017-09-06,GARAN.IS,8.01465129852295
2017-09-07,GARAN.IS,8.075196266174316
2017-09-08,GARAN.IS,7.901128768920898
2017-09-11,GARAN.IS,7.923832893371582
2017-09-12,GARAN.IS,7.916266441345215
2017-09-13,GARAN.IS,7.893561363220215
2017-09-14,GARAN.IS,7.984378337860107
2017-09-15,GARAN.IS,7.991946697235107
2017-09-18,GARAN.IS,7.999514102935791
2017-09-19,GARAN.IS,7.8178791999816895
2017-09-20,GARAN.IS,7.901128768920898
2017-09-21,GARAN.IS,7.67408561706543
2017-09-22,GARAN.IS,7.742197513580322
2017-09-25,GARAN.IS,7.560562610626221
2017-09-26,GARAN.IS,7.727062225341797
2017-09-27,GARAN.IS,7.272974014282227
2017-09-28,GARAN.IS,7.4394731521606445
2017-09-29,GARAN.IS,7.325950622558594
2017-10-02,GARAN.IS,7.394064426422119
2017-10-03,GARAN.IS,7.371358871459961
2017-10-04,GARAN.IS,7.560562610626221
2017-10-05,GARAN.IS,7.4924492835998535
2017-10-06,GARAN.IS,7.477314472198486
2017-10-09,GARAN.IS,7.265406131744385
2017-10-10,GARAN.IS,7.4243364334106445
2017-10-11,GARAN.IS,7.4924492835998535
2017-10-12,GARAN.IS,7.583268165588379
2017-10-13,GARAN.IS,7.68165397644043
2017-10-16,GARAN.IS,7.742197513580322
2017-10-17,GARAN.IS,7.772470951080322
2017-10-18,GARAN.IS,7.719493865966797
2017-10-19,GARAN.IS,7.885993957519531
2017-10-20,GARAN.IS,7.855720520019531
2017-10-23,GARAN.IS,7.552994728088379
2017-10-24,GARAN.IS,7.4924492835998535
2017-10-25,GARAN.IS,7.651381492614746
2017-10-26,GARAN.IS,7.447041988372803
2017-10-27,GARAN.IS,7.643813610076904
2017-10-30,GARAN.IS,7.651381492614746
2017-10-31,GARAN.IS,7.893561363220215
2017-11-01,GARAN.IS,8.203853607177734
2017-11-02,GARAN.IS,8.21142292022705
2017-11-03,GARAN.IS,8.007081985473633
2017-11-06,GARAN.IS,8.196285247802734
2017-11-07,GARAN.IS,7.923832893371582
2017-11-08,GARAN.IS,7.855720520019531
2017-11-09,GARAN.IS,7.68165397644043
2017-11-10,GARAN.IS,7.628676414489746
2017-11-13,GARAN.IS,7.734630584716797
2017-11-14,GARAN.IS,7.991946697235107
2017-11-15,GARAN.IS,7.810311794281006
2017-11-16,GARAN.IS,7.734630584716797
2017-11-17,GARAN.IS,7.5454277992248535
2017-11-20,GARAN.IS,7.31081485748291
2017-11-21,GARAN.IS,7.31081485748291
2017-11-22,GARAN.IS,7.4546098709106445
2017-11-23,GARAN.IS,7.242701530456543
2017-11-24,GARAN.IS,7.174587249755859
2017-11-27,GARAN.IS,7.219997882843018
2017-11-28,GARAN.IS,6.970248699188232
2017-11-29,GARAN.IS,7.061066150665283
2017-11-30,GARAN.IS,7.272974014282227
2017-12-01,GARAN.IS,7.174587249755859
2017-12-04,GARAN.IS,7.341086387634277
2017-12-05,GARAN.IS,7.515154838562012
2017-12-06,GARAN.IS,7.394064426422119
2017-12-07,GARAN.IS,7.447041988372803
2017-12-08,GARAN.IS,7.605970859527588
2017-12-11,GARAN.IS,7.643813610076904
2017-12-12,GARAN.IS,7.6135406494140625
2017-12-13,GARAN.IS,7.4924492835998535
2017-12-14,GARAN.IS,7.696789741516113
2017-12-15,GARAN.IS,7.590834140777588
2017-12-18,GARAN.IS,7.711925506591797
2017-12-19,GARAN.IS,7.621108531951904
2017-12-20,GARAN.IS,7.590834140777588
2017-12-21,GARAN.IS,7.658947944641113
2017-12-22,GARAN.IS,7.651381492614746
2017-12-25,GARAN.IS,7.696789741516113
2017-12-26,GARAN.IS,7.749766826629639
2017-12-27,GARAN.IS,7.810311794281006
2017-12-28,GARAN.IS,8.075196266174316
2017-12-29,GARAN.IS,8.113037109375
2018-01-01,GARAN.IS,8.113037109375
2018-01-02,GARAN.IS,8.264400482177734
2018-01-03,GARAN.IS,8.113037109375
2018-01-04,GARAN.IS,7.961674690246582
2018-01-05,GARAN.IS,8.067627906799316
2018-01-08,GARAN.IS,8.007081985473633
2018-01-09,GARAN.IS,7.931401252746582
2018-01-10,GARAN.IS,7.855720520019531
2018-01-11,GARAN.IS,7.954105377197266
2018-01-12,GARAN.IS,8.01465129852295
2018-01-15,GARAN.IS,7.885993957519531
2018-01-16,GARAN.IS,8.196285247802734
2018-01-17,GARAN.IS,8.567124366760254
2018-01-18,GARAN.IS,8.45360279083252
2018-01-19,GARAN.IS,8.332511901855469
2018-01-22,GARAN.IS,8.551987648010254
2018-01-23,GARAN.IS,8.574692726135254
2018-01-24,GARAN.IS,8.975802421569824
2018-01-25,GARAN.IS,8.847145080566406
2018-01-26,GARAN.IS,9.354208946228027
2018-01-29,GARAN.IS,9.30123233795166
2018-01-30,GARAN.IS,9.081755638122559
2018-01-31,GARAN.IS,9.30123233795166
2018-02-01,GARAN.IS,9.248254776000977
2018-02-02,GARAN.IS,9.096893310546875
2018-02-05,GARAN.IS,9.006074905395508
2018-02-06,GARAN.IS,8.907691955566406
2018-02-07,GARAN.IS,8.89255428314209
2018-02-08,GARAN.IS,8.854711532592773
2018-02-09,GARAN.IS,8.771464347839355
2018-02-12,GARAN.IS,9.013643264770508
2018-02-13,GARAN.IS,9.006074905395508
2018-02-14,GARAN.IS,8.733623504638672
2018-02-15,GARAN.IS,9.081755638122559
2018-02-16,GARAN.IS,9.021211624145508
2018-02-19,GARAN.IS,8.839576721191406
2018-02-20,GARAN.IS,8.589829444885254
2018-02-21,GARAN.IS,8.922825813293457
2018-02-22,GARAN.IS,8.968235969543457
2018-02-23,GARAN.IS,8.95309829711914
2018-02-26,GARAN.IS,9.013643264770508
2018-02-27,GARAN.IS,8.990939140319824
2018-02-28,GARAN.IS,8.884984970092773
2018-03-01,GARAN.IS,8.756327629089355
2018-03-02,GARAN.IS,8.635237693786621
2018-03-05,GARAN.IS,8.673078536987305
2018-03-06,GARAN.IS,8.763895034790039
2018-03-07,GARAN.IS,8.733623504638672
2018-03-08,GARAN.IS,8.726055145263672
2018-03-09,GARAN.IS,8.695783615112305
2018-03-12,GARAN.IS,8.922825813293457
2018-03-13,GARAN.IS,8.786599159240723
2018-03-14,GARAN.IS,8.642806053161621
2018-03-15,GARAN.IS,8.491443634033203
2018-03-16,GARAN.IS,8.430898666381836
2018-03-19,GARAN.IS,8.241695404052734
2018-03-20,GARAN.IS,8.302239418029785
2018-03-21,GARAN.IS,8.438465118408203
2018-03-22,GARAN.IS,8.309808731079102
2018-03-23,GARAN.IS,8.15844440460205
2018-03-26,GARAN.IS,8.181150436401367
2018-03-27,GARAN.IS,8.241695404052734
2018-03-28,GARAN.IS,8.097900390625
2018-03-29,GARAN.IS,8.256830215454102
2018-03-30,GARAN.IS,8.309808731079102
2018-04-02,GARAN.IS,8.17358112335205
2018-04-03,GARAN.IS,8.181150436401367
2018-04-04,GARAN.IS,8.135741233825684
2018-04-05,GARAN.IS,8.181150436401367
2018-04-06,GARAN.IS,8.135741233825684
2018-04-09,GARAN.IS,7.923832893371582
2018-04-10,GARAN.IS,7.719493865966797
2018-04-11,GARAN.IS,7.522722244262695
2018-04-12,GARAN.IS,7.4924492835998535
2018-04-13,GARAN.IS,7.4394731521606445
2018-04-16,GARAN.IS,7.530290126800537
2018-04-17,GARAN.IS,7.219997882843018
2018-04-18,GARAN.IS,7.689221382141113
2018-04-19,GARAN.IS,7.704358100891113
2018-04-20,GARAN.IS,7.5984039306640625
2018-04-23,GARAN.IS,7.5984039306640625
2018-04-24,GARAN.IS,7.658939838409424
2018-04-25,GARAN.IS,7.319420337677002
2018-04-26,GARAN.IS,7.25625467300415
2018-04-27,GARAN.IS,7.532607555389404
2018-04-30,GARAN.IS,7.272046089172363
2018-05-01,GARAN.IS,7.272046089172363
2018-05-02,GARAN.IS,7.287837505340576
2018-05-03,GARAN.IS,7.043067455291748
2018-05-04,GARAN.IS,7.177296161651611
2018-05-07,GARAN.IS,7.066753387451172
2018-05-08,GARAN.IS,7.050962924957275
2018-05-09,GARAN.IS,7.20098352432251
2018-05-10,GARAN.IS,7.461544513702393
2018-05-11,GARAN.IS,7.216774940490723
2018-05-14,GARAN.IS,7.295732021331787
2018-05-15,GARAN.IS,7.098336696624756
2018-05-16,GARAN.IS,7.114130020141602
2018-05-17,GARAN.IS,7.0035881996154785
2018-05-18,GARAN.IS,7.058858871459961
2018-05-21,GARAN.IS,7.050962924957275
2018-05-22,GARAN.IS,7.303628921508789
2018-05-23,GARAN.IS,7.193087577819824
2018-05-24,GARAN.IS,7.122025012969971
2018-05-25,GARAN.IS,7.3273162841796875
2018-05-28,GARAN.IS,7.516816139221191
2018-05-29,GARAN.IS,7.374691486358643
2018-05-30,GARAN.IS,7.47733736038208
2018-05-31,GARAN.IS,7.066753387451172
2018-06-01,GARAN.IS,6.727234363555908
2018-06-04,GARAN.IS,6.735130310058594
2018-06-05,GARAN.IS,6.632484436035156
2018-06-06,GARAN.IS,6.70354700088501
2018-06-07,GARAN.IS,6.853567600250244
2018-06-08,GARAN.IS,6.648276329040527
2018-06-11,GARAN.IS,6.671963214874268
2018-06-12,GARAN.IS,6.608798027038574
2018-06-13,GARAN.IS,6.498255729675293
2018-06-14,GARAN.IS,6.561422824859619
2018-06-15,GARAN.IS,6.561422824859619
2018-06-18,GARAN.IS,6.490359783172607
2018-06-19,GARAN.IS,6.6009016036987305
2018-06-20,GARAN.IS,6.593006134033203
2018-06-21,GARAN.IS,6.624589443206787
2018-06-22,GARAN.IS,6.735130310058594
2018-06-25,GARAN.IS,6.395610809326172
2018-06-26,GARAN.IS,6.427194118499756
2018-06-27,GARAN.IS,6.624589443206787
2018-06-28,GARAN.IS,6.616693496704102
2018-06-29,GARAN.IS,6.616693496704102
2018-07-02,GARAN.IS,6.656172752380371
2018-07-03,GARAN.IS,6.593006134033203
2018-07-04,GARAN.IS,6.687755584716797
2018-07-05,GARAN.IS,6.766714096069336
2018-07-06,GARAN.IS,6.782505512237549
2018-07-09,GARAN.IS,6.774609565734863
2018-07-10,GARAN.IS,6.229797840118408
2018-07-11,GARAN.IS,5.503382682800293
2018-07-12,GARAN.IS,5.503382682800293
2018-07-13,GARAN.IS,5.471799850463867
2018-07-16,GARAN.IS,5.290195941925049
2018-07-17,GARAN.IS,5.290195941925049
2018-07-18,GARAN.IS,5.353363037109375
2018-07-19,GARAN.IS,5.321778774261475
2018-07-20,GARAN.IS,5.440216541290283
2018-07-23,GARAN.IS,5.629715919494629
2018-07-24,GARAN.IS,5.274404525756836
2018-07-25,GARAN.IS,5.542862415313721
2018-07-26,GARAN.IS,5.440216541290283
2018-07-27,GARAN.IS,5.558654308319092
2018-07-30,GARAN.IS,5.558654308319092
2018-07-31,GARAN.IS,5.598133087158203
2018-08-01,GARAN.IS,5.613924980163574
2018-08-02,GARAN.IS,5.369154453277588
2018-08-03,GARAN.IS,5.5112786293029785
2018-08-06,GARAN.IS,5.3928422927856445
2018-08-07,GARAN.IS,5.534966468811035
2018-08-08,GARAN.IS,5.606029033660889
2018-08-09,GARAN.IS,5.534966468811035
2018-08-10,GARAN.IS,5.1875505447387695
2018-08-13,GARAN.IS,4.619051456451416
2018-08-14,GARAN.IS,4.8480305671691895
2018-08-15,GARAN.IS,4.619051456451416
2018-08-16,GARAN.IS,4.56378173828125
2018-08-17,GARAN.IS,4.6111555099487305
2018-08-20,GARAN.IS,4.761177062988281
2018-08-21,GARAN.IS,4.761177062988281
2018-08-22,GARAN.IS,4.761177062988281
2018-08-23,GARAN.IS,4.761177062988281
2018-08-24,GARAN.IS,4.761177062988281
2018-08-27,GARAN.IS,4.74538516998291
2018-08-28,GARAN.IS,4.919093132019043
2018-08-29,GARAN.IS,4.879613399505615
2018-08-30,GARAN.IS,4.879613399505615
2018-08-31,GARAN.IS,4.737489223480225
2018-09-03,GARAN.IS,4.800655364990234
2018-09-04,GARAN.IS,4.8164472579956055
2018-09-05,GARAN.IS,4.729593276977539
2018-09-06,GARAN.IS,4.7532806396484375
2018-09-07,GARAN.IS,4.871717929840088
2018-09-10,GARAN.IS,4.666426658630371
2018-09-11,GARAN.IS,4.603260040283203
2018-09-12,GARAN.IS,4.516406059265137
2018-09-13,GARAN.IS,4.840134620666504
2018-09-14,GARAN.IS,5.0217390060424805
2018-09-17,GARAN.IS,4.840134620666504
2018-09-18,GARAN.IS,4.887509346008301
2018-09-19,GARAN.IS,5.242821216583252
2018-09-20,GARAN.IS,5.0770087242126465
2018-09-21,GARAN.IS,5.195446491241455
2018-09-24,GARAN.IS,5.629715919494629
2018-09-25,GARAN.IS,5.590237140655518
2018-09-26,GARAN.IS,5.700778484344482
2018-09-27,GARAN.IS,5.961340427398682
2018-09-28,GARAN.IS,6.103464603424072
2018-10-01,GARAN.IS,5.8113203048706055
2018-10-02,GARAN.IS,5.76394510269165
2018-10-03,GARAN.IS,5.5744452476501465
2018-10-04,GARAN.IS,5.195446491241455
2018-10-05,GARAN.IS,5.329675197601318
2018-10-08,GARAN.IS,5.692882061004639
2018-10-09,GARAN.IS,5.708674430847168
2018-10-10,GARAN.IS,5.5744452476501465
2018-10-11,GARAN.IS,5.629715919494629
2018-10-12,GARAN.IS,5.700778484344482
2018-10-15,GARAN.IS,6.079777717590332
2018-10-16,GARAN.IS,5.992924213409424
2018-10-17,GARAN.IS,6.20611047744751
2018-10-18,GARAN.IS,6.040298938751221
2018-10-19,GARAN.IS,5.86659049987793
2018-10-22,GARAN.IS,5.779736518859863
2018-10-23,GARAN.IS,5.66919469833374
2018-10-24,GARAN.IS,5.637611389160156
2018-10-25,GARAN.IS,5.700778484344482
2018-10-26,GARAN.IS,5.456007957458496
2018-10-29,GARAN.IS,5.456007957458496
2018-10-30,GARAN.IS,5.637611389160156
2018-10-31,GARAN.IS,5.479695796966553
2018-11-01,GARAN.IS,5.921860694885254
2018-11-02,GARAN.IS,6.0718817710876465
2018-11-05,GARAN.IS,6.36402702331543
2018-11-06,GARAN.IS,6.277173042297363
2018-11-07,GARAN.IS,6.36402702331543
2018-11-08,GARAN.IS,6.253485679626465
2018-11-09,GARAN.IS,6.174527645111084
2018-11-12,GARAN.IS,6.048194408416748
2018-11-13,GARAN.IS,6.20611047744751
2018-11-14,GARAN.IS,6.292964458465576
2018-11-15,GARAN.IS,6.1824235916137695
2018-11-16,GARAN.IS,6.269277095794678
2018-11-19,GARAN.IS,6.403505802154541
2018-11-20,GARAN.IS,6.253485679626465
2018-11-21,GARAN.IS,6.340339660644531
2018-11-22,GARAN.IS,6.285068988800049
2018-11-23,GARAN.IS,6.36402702331543
2018-11-26,GARAN.IS,6.379818439483643
2018-11-27,GARAN.IS,6.20611047744751
2018-11-28,GARAN.IS,6.277173042297363
2018-11-29,GARAN.IS,6.395610809326172
2018-11-30,GARAN.IS,6.521943092346191
2018-12-03,GARAN.IS,6.48246431350708
2018-12-04,GARAN.IS,6.348235130310059
2018-12-05,GARAN.IS,6.150839805603027
2018-12-06,GARAN.IS,6.103464603424072
2018-12-07,GARAN.IS,6.292964458465576
2018-12-10,GARAN.IS,6.198215007781982
2018-12-11,GARAN.IS,6.150839805603027
2018-12-12,GARAN.IS,5.929757118225098
2018-12-13,GARAN.IS,6.040298938751221
2018-12-14,GARAN.IS,6.103464603424072
2018-12-17,GARAN.IS,6.079777717590332
2018-12-18,GARAN.IS,6.308756351470947
2018-12-19,GARAN.IS,6.561422824859619
2018-12-20,GARAN.IS,6.458776950836182
2018-12-21,GARAN.IS,6.411401748657227
2018-12-24,GARAN.IS,6.356131076812744
2018-12-25,GARAN.IS,6.292964458465576
2018-12-26,GARAN.IS,6.332444190979004
2018-12-27,GARAN.IS,6.371922492980957
2018-12-28,GARAN.IS,6.285068988800049
2018-12-31,GARAN.IS,6.277173042297363
2019-01-01,GARAN.IS,6.277173042297363
2019-01-02,GARAN.IS,6.095569133758545
2019-01-03,GARAN.IS,5.953444004058838
2019-01-04,GARAN.IS,6.32454776763916
2019-01-07,GARAN.IS,6.442985534667969
2019-01-08,GARAN.IS,6.4745683670043945
2019-01-09,GARAN.IS,6.32454776763916
2019-01-10,GARAN.IS,6.229797840118408
2019-01-11,GARAN.IS,6.229797840118408
2019-01-14,GARAN.IS,6.442985534667969
2019-01-15,GARAN.IS,6.577213764190674
2019-01-16,GARAN.IS,7.058858871459961
2019-01-17,GARAN.IS,7.279941082000732
2019-01-18,GARAN.IS,7.208878993988037
2019-01-21,GARAN.IS,7.0035881996154785
2019-01-22,GARAN.IS,7.1378173828125
2019-01-23,GARAN.IS,7.050962924957275
2019-01-24,GARAN.IS,7.161504745483398
2019-01-25,GARAN.IS,7.208878993988037
2019-01-28,GARAN.IS,7.019379615783691
2019-01-29,GARAN.IS,7.208878993988037
2019-01-30,GARAN.IS,7.232565879821777
2019-01-31,GARAN.IS,7.185191631317139
2019-02-01,GARAN.IS,7.1062331199646
2019-02-04,GARAN.IS,7.066753387451172
2019-02-05,GARAN.IS,7.1378173828125
2019-02-06,GARAN.IS,7.043067455291748
2019-02-07,GARAN.IS,6.995692253112793
2019-02-08,GARAN.IS,7.0035881996154785
2019-02-11,GARAN.IS,7.248358726501465
2019-02-12,GARAN.IS,7.193087577819824
2019-02-13,GARAN.IS,7.050962924957275
2019-02-14,GARAN.IS,6.995692253112793
2019-02-15,GARAN.IS,7.0035881996154785
2019-02-18,GARAN.IS,6.782505512237549
2019-02-19,GARAN.IS,6.869358539581299
2019-02-20,GARAN.IS,6.7982964515686035
2019-02-21,GARAN.IS,6.853567600250244
2019-02-22,GARAN.IS,6.845671653747559
2019-02-25,GARAN.IS,6.964108467102051
2019-02-26,GARAN.IS,6.987796783447266
2019-02-27,GARAN.IS,6.869358539581299
2019-02-28,GARAN.IS,7.050962924957275
2019-03-01,GARAN.IS,6.932525634765625
2019-03-04,GARAN.IS,7.1299214363098145
2019-03-05,GARAN.IS,7.011483669281006
2019-03-06,GARAN.IS,6.964108467102051
2019-03-07,GARAN.IS,6.91673469543457
2019-03-08,GARAN.IS,6.82198429107666
2019-03-11,GARAN.IS,6.837774753570557
2019-03-12,GARAN.IS,6.987796783447266
2019-03-13,GARAN.IS,7.20098352432251
2019-03-14,GARAN.IS,7.169399738311768
2019-03-15,GARAN.IS,7.208878993988037
2019-03-18,GARAN.IS,7.469440460205078
2019-03-19,GARAN.IS,7.516816139221191
2019-03-20,GARAN.IS,7.429961204528809
2019-03-21,GARAN.IS,7.611566543579102
2019-03-22,GARAN.IS,7.303628921508789
2019-03-25,GARAN.IS,6.82198429107666
2019-03-26,GARAN.IS,6.719339370727539
2019-03-27,GARAN.IS,6.111360549926758
2019-03-28,GARAN.IS,6.269277095794678
2019-03-29,GARAN.IS,6.529839515686035
2019-04-01,GARAN.IS,6.32454776763916
2019-04-02,GARAN.IS,6.442985534667969
2019-04-03,GARAN.IS,6.450881004333496
2019-04-04,GARAN.IS,6.7982964515686035
2019-04-05,GARAN.IS,7.1378173828125
2019-04-08,GARAN.IS,6.964108467102051
2019-04-09,GARAN.IS,6.94831657409668
2019-04-10,GARAN.IS,6.987796783447266
2019-04-11,GARAN.IS,6.987796783447266
2019-04-12,GARAN.IS,6.687755584716797
2019-04-15,GARAN.IS,6.671963214874268
2019-04-16,GARAN.IS,6.782505512237549
2019-04-17,GARAN.IS,6.869358539581299
2019-04-18,GARAN.IS,6.695651054382324
2019-04-19,GARAN.IS,6.66406774520874
2019-04-22,GARAN.IS,6.553526401519775
2019-04-23,GARAN.IS,6.553526401519775
2019-04-24,GARAN.IS,6.70354700088501
2019-04-25,GARAN.IS,6.41929817199707
2019-04-26,GARAN.IS,6.450881004333496
2019-04-29,GARAN.IS,6.285068988800049
2019-04-30,GARAN.IS,6.48246431350708
2019-05-01,GARAN.IS,6.48246431350708
2019-05-02,GARAN.IS,6.32454776763916
2019-05-03,GARAN.IS,6.427194118499756
2019-05-06,GARAN.IS,6.332444190979004
2019-05-07,GARAN.IS,6.1350483894348145
2019-05-08,GARAN.IS,6.119256496429443
2019-05-09,GARAN.IS,6.000819683074951
2019-05-10,GARAN.IS,5.961340427398682
2019-05-13,GARAN.IS,5.708674430847168
2019-05-14,GARAN.IS,6.056090354919434
2019-05-15,GARAN.IS,6.024507522583008
2019-05-16,GARAN.IS,5.992924213409424
2019-05-17,GARAN.IS,6.040298938751221
2019-05-20,GARAN.IS,5.913965225219727
2019-05-21,GARAN.IS,5.76394510269165
2019-05-22,GARAN.IS,5.598133087158203
2019-05-23,GARAN.IS,5.661299228668213
2019-05-24,GARAN.IS,5.937652587890625
2019-05-27,GARAN.IS,5.842903137207031
2019-05-28,GARAN.IS,5.985028266906738
2019-05-29,GARAN.IS,5.906069755554199
2019-05-30,GARAN.IS,6.229797840118408
2019-05-31,GARAN.IS,6.253485679626465
2019-06-03,GARAN.IS,6.245589733123779
2019-06-04,GARAN.IS,6.245589733123779
2019-06-05,GARAN.IS,6.245589733123779
2019-06-06,GARAN.IS,6.245589733123779
2019-06-07,GARAN.IS,6.608798027038574
2019-06-10,GARAN.IS,6.593006134033203
2019-06-11,GARAN.IS,6.514047622680664
2019-06-12,GARAN.IS,6.450881004333496
2019-06-13,GARAN.IS,6.261381149291992
2019-06-14,GARAN.IS,6.229797840118408
2019-06-17,GARAN.IS,6.458776950836182
2019-06-18,GARAN.IS,6.577213764190674
2019-06-19,GARAN.IS,6.727234363555908
2019-06-20,GARAN.IS,6.82198429107666
2019-06-21,GARAN.IS,6.727234363555908
2019-06-24,GARAN.IS,7.058858871459961
2019-06-25,GARAN.IS,7.098336696624756
2019-06-26,GARAN.IS,7.035170078277588
2019-06-27,GARAN.IS,7.050962924957275
2019-06-28,GARAN.IS,7.185191631317139
2019-07-01,GARAN.IS,7.72210693359375
2019-07-02,GARAN.IS,7.753690242767334
2019-07-03,GARAN.IS,7.737898826599121
2019-07-04,GARAN.IS,7.8247528076171875
2019-07-05,GARAN.IS,7.982668876647949
2019-07-08,GARAN.IS,7.8484392166137695
2019-07-09,GARAN.IS,7.540504455566406
2019-07-10,GARAN.IS,7.745794773101807
2019-07-11,GARAN.IS,7.611566543579102
2019-07-12,GARAN.IS,7.319420337677002
2019-07-15,GARAN.IS,7.319420337677002
2019-07-16,GARAN.IS,7.193087577819824
2019-07-17,GARAN.IS,7.508921146392822
2019-07-18,GARAN.IS,7.674732208251953
2019-07-19,GARAN.IS,7.587878704071045
2019-07-22,GARAN.IS,7.532607555389404
2019-07-23,GARAN.IS,7.769482135772705
2019-07-24,GARAN.IS,7.801065921783447
2019-07-25,GARAN.IS,7.643148899078369
2019-07-26,GARAN.IS,7.753690242767334
2019-07-29,GARAN.IS,7.769482135772705
2019-07-30,GARAN.IS,7.698420524597168
2019-07-31,GARAN.IS,7.769482135772705
2019-08-01,GARAN.IS,7.635252952575684
2019-08-02,GARAN.IS,7.5641913414001465
2019-08-05,GARAN.IS,7.572087287902832
2019-08-06,GARAN.IS,7.690523624420166
2019-08-07,GARAN.IS,7.7615861892700195
2019-08-08,GARAN.IS,7.627357482910156
2019-08-09,GARAN.IS,7.714212417602539
2019-08-12,GARAN.IS,7.714212417602539
2019-08-13,GARAN.IS,7.714212417602539
2019-08-14,GARAN.IS,7.714212417602539
2019-08-15,GARAN.IS,7.351004123687744
2019-08-16,GARAN.IS,7.050962924957275
2019-08-19,GARAN.IS,6.908838272094727
2019-08-20,GARAN.IS,6.995692253112793
2019-08-21,GARAN.IS,6.964108467102051
2019-08-22,GARAN.IS,6.893045425415039
2019-08-23,GARAN.IS,7.1536078453063965
2019-08-26,GARAN.IS,7.1062331199646
2019-08-27,GARAN.IS,7.027276039123535
2019-08-28,GARAN.IS,6.979900360107422
2019-08-29,GARAN.IS,7.035170078277588
2019-08-30,GARAN.IS,7.035170078277588
2019-09-02,GARAN.IS,7.287837505340576
2019-09-03,GARAN.IS,7.374691486358643
2019-09-04,GARAN.IS,7.445753574371338
2019-09-05,GARAN.IS,7.437857627868652
2019-09-06,GARAN.IS,7.25625467300415
2019-09-09,GARAN.IS,7.47733736038208
2019-09-10,GARAN.IS,7.47733736038208
2019-09-11,GARAN.IS,7.572087287902832
2019-09-12,GARAN.IS,7.635252952575684
2019-09-13,GARAN.IS,7.619461536407471
2019-09-16,GARAN.IS,7.485231399536133
2019-09-17,GARAN.IS,7.461544513702393
2019-09-18,GARAN.IS,7.47733736038208
2019-09-19,GARAN.IS,7.351004123687744
2019-09-20,GARAN.IS,7.343108654022217
2019-09-23,GARAN.IS,7.35890007019043
2019-09-24,GARAN.IS,7.635252952575684
2019-09-25,GARAN.IS,7.706315517425537
2019-09-26,GARAN.IS,7.587878704071045
2019-09-27,GARAN.IS,8.16427230834961
2019-09-30,GARAN.IS,8.069522857666016
2019-10-01,GARAN.IS,7.903709888458252
2019-10-02,GARAN.IS,7.832648277282715
2019-10-03,GARAN.IS,7.7615861892700195
2019-10-04,GARAN.IS,7.8800225257873535
2019-10-07,GARAN.IS,7.737898826599121
2019-10-08,GARAN.IS,7.6036696434021
2019-10-09,GARAN.IS,7.398377895355225
2019-10-10,GARAN.IS,7.335212230682373
2019-10-11,GARAN.IS,7.335212230682373
2019-10-14,GARAN.IS,6.608798027038574
2019-10-15,GARAN.IS,6.7982964515686035
2019-10-16,GARAN.IS,6.711442947387695
2019-10-17,GARAN.IS,6.8614630699157715
2019-10-18,GARAN.IS,7.311524868011475
2019-10-21,GARAN.IS,7.193087577819824
2019-10-22,GARAN.IS,7.351004123687744
2019-10-23,GARAN.IS,7.587878704071045
2019-10-24,GARAN.IS,7.666836261749268
2019-10-25,GARAN.IS,7.532607555389404
2019-10-28,GARAN.IS,7.47733736038208
2019-10-30,GARAN.IS,7.303628921508789
2019-10-31,GARAN.IS,7.264149188995361
2019-11-01,GARAN.IS,7.311524868011475
2019-11-04,GARAN.IS,7.47733736038208
2019-11-05,GARAN.IS,7.453649997711182
2019-11-06,GARAN.IS,7.50102424621582
2019-11-07,GARAN.IS,7.682628154754639
2019-11-08,GARAN.IS,7.7300028800964355
2019-11-11,GARAN.IS,7.72210693359375
2019-11-12,GARAN.IS,7.7615861892700195
2019-11-13,GARAN.IS,7.840545177459717
2019-11-14,GARAN.IS,7.714212417602539
2019-11-15,GARAN.IS,7.8484392166137695
2019-11-18,GARAN.IS,8.022148132324219
2019-11-19,GARAN.IS,8.08531379699707
2019-11-20,GARAN.IS,8.030044555664062
2019-11-21,GARAN.IS,8.045835494995117
2019-11-22,GARAN.IS,8.022148132324219
2019-11-25,GARAN.IS,7.8484392166137695
2019-11-26,GARAN.IS,7.919501781463623
2019-11-27,GARAN.IS,7.903709888458252
2019-11-28,GARAN.IS,7.943191051483154
2019-11-29,GARAN.IS,7.935293197631836
2019-12-02,GARAN.IS,8.014253616333008
2019-12-03,GARAN.IS,7.8484392166137695
2019-12-04,GARAN.IS,8.045835494995117
2019-12-05,GARAN.IS,8.16427230834961
2019-12-06,GARAN.IS,8.18006420135498
2019-12-09,GARAN.IS,8.148481369018555
2019-12-10,GARAN.IS,8.187959671020508
2019-12-11,GARAN.IS,8.16427230834961
2019-12-12,GARAN.IS,8.353771209716797
2019-12-13,GARAN.IS,8.653814315795898
2019-12-16,GARAN.IS,8.630125999450684
2019-12-17,GARAN.IS,8.598542213439941
2019-12-18,GARAN.IS,8.488000869750977
2019-12-19,GARAN.IS,8.503792762756348
2019-12-20,GARAN.IS,8.543272018432617
2019-12-23,GARAN.IS,8.582751274108887
2019-12-24,GARAN.IS,8.701188087463379
2019-12-25,GARAN.IS,8.685396194458008
2019-12-26,GARAN.IS,8.71697998046875
2019-12-27,GARAN.IS,8.732771873474121
2019-12-30,GARAN.IS,8.851208686828613
2019-12-31,GARAN.IS,8.780146598815918
2020-01-02,GARAN.IS,8.890687942504883
2020-01-03,GARAN.IS,8.645917892456055
2020-01-06,GARAN.IS,8.369564056396484
2020-01-07,GARAN.IS,8.361668586730957
2020-01-08,GARAN.IS,8.748562812805176
2020-01-09,GARAN.IS,9.427602767944336
2020-01-10,GARAN.IS,9.43549919128418
2020-01-13,GARAN.IS,9.632894515991211
2020-01-14,GARAN.IS,9.632894515991211
2020-01-15,GARAN.IS,9.585519790649414
2020-01-16,GARAN.IS,9.656580924987793
2020-01-17,GARAN.IS,9.609208106994629
2020-01-20,GARAN.IS,9.656580924987793
2020-01-21,GARAN.IS,9.85397720336914
2020-01-22,GARAN.IS,9.656580924987793
2020-01-23,GARAN.IS,9.5618314743042
2020-01-24,GARAN.IS,9.467082023620605
2020-01-27,GARAN.IS,9.293375968933105
2020-01-28,GARAN.IS,9.301270484924316
2020-01-29,GARAN.IS,9.348645210266113
2020-01-30,GARAN.IS,9.553936958312988
2020-01-31,GARAN.IS,9.451290130615234
2020-02-03,GARAN.IS,9.332853317260742
2020-02-04,GARAN.IS,9.696061134338379
2020-02-05,GARAN.IS,9.790809631347656
2020-02-06,GARAN.IS,9.696061134338379
2020-02-07,GARAN.IS,9.459186553955078
2020-02-10,GARAN.IS,9.253893852233887
2020-02-11,GARAN.IS,9.427602767944336
2020-02-12,GARAN.IS,9.269686698913574
2020-02-13,GARAN.IS,9.214417457580566
2020-02-14,GARAN.IS,9.095979690551758
2020-02-17,GARAN.IS,9.269686698913574
2020-02-18,GARAN.IS,9.143353462219238
2020-02-19,GARAN.IS,9.024917602539062
2020-02-20,GARAN.IS,8.748562812805176
2020-02-21,GARAN.IS,8.740667343139648
2020-02-24,GARAN.IS,8.472208976745605
2020-02-25,GARAN.IS,8.456418991088867
2020-02-26,GARAN.IS,8.409043312072754
2020-02-27,GARAN.IS,8.08531379699707
2020-02-28,GARAN.IS,7.532607555389404
2020-03-02,GARAN.IS,7.5641913414001465
2020-03-03,GARAN.IS,7.895814895629883
2020-03-04,GARAN.IS,8.187959671020508
2020-03-05,GARAN.IS,8.16427230834961
2020-03-06,GARAN.IS,7.887918472290039
2020-03-09,GARAN.IS,7.295732021331787
2020-03-10,GARAN.IS,7.374691486358643
2020-03-11,GARAN.IS,7.374691486358643
2020-03-12,GARAN.IS,6.900942802429199
2020-03-13,GARAN.IS,7.1299214363098145
2020-03-16,GARAN.IS,6.466671943664551
2020-03-17,GARAN.IS,6.54563045501709
2020-03-18,GARAN.IS,6.379818439483643
2020-03-19,GARAN.IS,5.977132320404053
2020-03-20,GARAN.IS,5.890277862548828
2020-03-23,GARAN.IS,5.46390438079834
2020-03-24,GARAN.IS,5.985028266906738
2020-03-25,GARAN.IS,5.921860694885254
2020-03-26,GARAN.IS,6.277173042297363
2020-03-27,GARAN.IS,6.214005947113037
2020-03-30,GARAN.IS,6.332444190979004
2020-03-31,GARAN.IS,6.450881004333496
2020-04-01,GARAN.IS,6.166632175445557
2020-04-02,GARAN.IS,5.969236850738525
2020-04-03,GARAN.IS,5.953444004058838
2020-04-06,GARAN.IS,6.119256496429443
2020-04-07,GARAN.IS,6.174527645111084
2020-04-08,GARAN.IS,6.214005947113037
2020-04-09,GARAN.IS,6.671963214874268
2020-04-10,GARAN.IS,6.814088344573975
2020-04-13,GARAN.IS,6.70354700088501
2020-04-14,GARAN.IS,6.782505512237549
2020-04-15,GARAN.IS,6.5061516761779785
2020-04-16,GARAN.IS,6.521943092346191
2020-04-17,GARAN.IS,6.624589443206787
2020-04-20,GARAN.IS,6.624589443206787
2020-04-21,GARAN.IS,6.458776950836182
2020-04-22,GARAN.IS,6.395610809326172
2020-04-24,GARAN.IS,6.41929817199707
2020-04-27,GARAN.IS,6.6009016036987305
2020-04-28,GARAN.IS,6.577213764190674
2020-04-29,GARAN.IS,6.640379905700684
2020-04-30,GARAN.IS,6.577213764190674
2020-05-04,GARAN.IS,6.435089111328125
2020-05-05,GARAN.IS,6.435089111328125
2020-05-06,GARAN.IS,6.387714862823486
2020-05-07,GARAN.IS,6.340339660644531
2020-05-08,GARAN.IS,6.221902370452881
2020-05-11,GARAN.IS,6.127152442932129
2020-05-12,GARAN.IS,6.245589733123779
2020-05-13,GARAN.IS,6.229797840118408
2020-05-14,GARAN.IS,6.063985347747803
2020-05-15,GARAN.IS,6.079777717590332
2020-05-18,GARAN.IS,6.127152442932129
2020-05-20,GARAN.IS,6.095569133758545
2020-05-21,GARAN.IS,6.0087151527404785
2020-05-22,GARAN.IS,5.953444004058838
2020-05-27,GARAN.IS,6.040298938751221
2020-05-28,GARAN.IS,6.150839805603027
2020-05-29,GARAN.IS,6.198215007781982
2020-06-01,GARAN.IS,6.316651821136475
2020-06-02,GARAN.IS,6.356131076812744
2020-06-03,GARAN.IS,6.4745683670043945
2020-06-04,GARAN.IS,6.427194118499756
2020-06-05,GARAN.IS,6.54563045501709
2020-06-08,GARAN.IS,6.529839515686035
2020-06-09,GARAN.IS,6.450881004333496
2020-06-10,GARAN.IS,6.4745683670043945
2020-06-11,GARAN.IS,6.427194118499756
2020-06-12,GARAN.IS,6.435089111328125
2020-06-15,GARAN.IS,6.356131076812744
2020-06-16,GARAN.IS,6.48246431350708
2020-06-17,GARAN.IS,6.41929817199707
2020-06-18,GARAN.IS,6.435089111328125
2020-06-19,GARAN.IS,6.585109710693359
2020-06-22,GARAN.IS,6.727234363555908
2020-06-23,GARAN.IS,6.679859638214111
2020-06-24,GARAN.IS,6.466671943664551
2020-06-25,GARAN.IS,6.48246431350708
2020-06-26,GARAN.IS,6.48246431350708
2020-06-29,GARAN.IS,6.719339370727539
2020-06-30,GARAN.IS,6.695651054382324
2020-07-01,GARAN.IS,6.54563045501709
2020-07-02,GARAN.IS,6.608798027038574
2020-07-03,GARAN.IS,6.490359783172607
2020-07-06,GARAN.IS,6.616693496704102
2020-07-07,GARAN.IS,6.577213764190674
2020-07-08,GARAN.IS,6.450881004333496
2020-07-09,GARAN.IS,6.261381149291992
2020-07-10,GARAN.IS,6.158735752105713
2020-07-13,GARAN.IS,6.292964458465576
2020-07-14,GARAN.IS,6.229797840118408
2020-07-16,GARAN.IS,6.300860404968262
2020-07-17,GARAN.IS,6.277173042297363
2020-07-20,GARAN.IS,6.245589733123779
2020-07-21,GARAN.IS,6.277173042297363
2020-07-22,GARAN.IS,6.277173042297363
2020-07-23,GARAN.IS,6.292964458465576
2020-07-24,GARAN.IS,6.237694263458252
2020-07-27,GARAN.IS,6.158735752105713
2020-07-28,GARAN.IS,5.850798606872559
2020-07-29,GARAN.IS,5.606029033660889
2020-07-30,GARAN.IS,5.542862415313721
2020-08-04,GARAN.IS,5.353363037109375
2020-08-05,GARAN.IS,5.361258506774902
2020-08-06,GARAN.IS,5.1085920333862305
2020-08-07,GARAN.IS,5.179655075073242
2020-08-10,GARAN.IS,5.179655075073242
2020-08-11,GARAN.IS,5.5744452476501465
2020-08-12,GARAN.IS,5.590237140655518
2020-08-13,GARAN.IS,5.471799850463867
2020-08-14,GARAN.IS,5.337571620941162
2020-08-17,GARAN.IS,5.471799850463867
2020-08-18,GARAN.IS,5.621820449829102
2020-08-19,GARAN.IS,5.740257740020752
2020-08-20,GARAN.IS,5.6534037590026855
2020-08-21,GARAN.IS,5.582341194152832
2020-08-24,GARAN.IS,5.503382682800293
2020-08-25,GARAN.IS,5.353363037109375
2020-08-26,GARAN.IS,5.432320594787598
2020-08-27,GARAN.IS,5.503382682800293
2020-08-28,GARAN.IS,5.456007957458496
2020-08-31,GARAN.IS,5.361258506774902
2020-09-01,GARAN.IS,5.416529178619385
2020-09-02,GARAN.IS,5.400737285614014
2020-09-03,GARAN.IS,5.337571620941162
2020-09-04,GARAN.IS,5.369154453277588
2020-09-07,GARAN.IS,5.3928422927856445
2020-09-08,GARAN.IS,5.353363037109375
2020-09-09,GARAN.IS,5.345466613769531
2020-09-10,GARAN.IS,5.3928422927856445
2020-09-11,GARAN.IS,5.361258506774902
2020-09-14,GARAN.IS,5.345466613769531
2020-09-15,GARAN.IS,5.321778774261475
2020-09-16,GARAN.IS,5.30598783493042
2020-09-17,GARAN.IS,5.26650857925415
2020-09-18,GARAN.IS,5.2507171630859375
2020-09-21,GARAN.IS,5.116487979888916
2020-09-22,GARAN.IS,5.12438440322876
2020-09-23,GARAN.IS,5.1875505447387695
2020-09-24,GARAN.IS,5.5744452476501465
2020-09-25,GARAN.IS,5.661299228668213
2020-09-28,GARAN.IS,5.527070045471191
2020-09-29,GARAN.IS,5.456007957458496
2020-09-30,GARAN.IS,5.606029033660889
2020-10-01,GARAN.IS,5.621820449829102
2020-10-02,GARAN.IS,5.621820449829102
2020-10-05,GARAN.IS,5.661299228668213
2020-10-06,GARAN.IS,5.613924980163574
2020-10-07,GARAN.IS,5.527070045471191
2020-10-08,GARAN.IS,5.503382682800293
2020-10-09,GARAN.IS,5.606029033660889
2020-10-12,GARAN.IS,5.6534037590026855
2020-10-13,GARAN.IS,5.590237140655518
2020-10-14,GARAN.IS,5.637611389160156
2020-10-15,GARAN.IS,5.527070045471191
2020-10-16,GARAN.IS,5.661299228668213
2020-10-19,GARAN.IS,5.913965225219727
2020-10-20,GARAN.IS,5.921860694885254
2020-10-21,GARAN.IS,5.945548057556152
2020-10-22,GARAN.IS,5.621820449829102
2020-10-23,GARAN.IS,5.5744452476501465
2020-10-26,GARAN.IS,5.361258506774902
2020-10-27,GARAN.IS,5.440216541290283
2020-10-28,GARAN.IS,5.353363037109375
2020-10-30,GARAN.IS,5.2191338539123535
2020-11-02,GARAN.IS,5.227029323577881
2020-11-03,GARAN.IS,5.487590789794922
2020-11-04,GARAN.IS,5.471799850463867
2020-11-05,GARAN.IS,5.479695796966553
2020-11-06,GARAN.IS,5.503382682800293
2020-11-09,GARAN.IS,5.898173809051514
2020-11-10,GARAN.IS,6.127152442932129
2020-11-11,GARAN.IS,6.727234363555908
2020-11-12,GARAN.IS,6.82198429107666
2020-11-13,GARAN.IS,6.9720048904418945
2020-11-16,GARAN.IS,7.066753387451172
2020-11-17,GARAN.IS,6.66406774520874
2020-11-18,GARAN.IS,7.0035881996154785
2020-11-19,GARAN.IS,7.516816139221191
2020-11-20,GARAN.IS,7.47733736038208
2020-11-23,GARAN.IS,7.122025012969971
2020-11-24,GARAN.IS,7.1536078453063965
2020-11-25,GARAN.IS,7.169399738311768
2020-11-26,GARAN.IS,7.382586479187012
2020-11-27,GARAN.IS,7.248358726501465
2020-11-30,GARAN.IS,6.924630165100098
2020-12-01,GARAN.IS,7.272046089172363
2020-12-02,GARAN.IS,7.279941082000732
2020-12-03,GARAN.IS,7.264149188995361
2020-12-04,GARAN.IS,7.20098352432251
2020-12-07,GARAN.IS,7.043067455291748
2020-12-08,GARAN.IS,7.066753387451172
2020-12-09,GARAN.IS,7.3273162841796875
2020-12-10,GARAN.IS,7.50102424621582
2020-12-11,GARAN.IS,7.508921146392822
2020-12-14,GARAN.IS,7.651043891906738
2020-12-15,GARAN.IS,7.619461536407471
2020-12-16,GARAN.IS,7.682628154754639
2020-12-17,GARAN.IS,7.714212417602539
2020-12-18,GARAN.IS,7.769482135772705
2020-12-21,GARAN.IS,7.698420524597168
2020-12-22,GARAN.IS,7.943191051483154
2020-12-23,GARAN.IS,7.872128486633301
2020-12-24,GARAN.IS,7.8563361167907715
2020-12-25,GARAN.IS,7.785273551940918
2020-12-28,GARAN.IS,7.801065921783447
2020-12-29,GARAN.IS,7.887918472290039
2020-12-30,GARAN.IS,8.187959671020508
2020-12-31,GARAN.IS,8.266918182373047
2021-01-04,GARAN.IS,8.156376838684082
2021-01-05,GARAN.IS,7.966877460479736
2021-01-06,GARAN.IS,8.211647987365723
2021-01-07,GARAN.IS,8.306398391723633
2021-01-08,GARAN.IS,8.519584655761719
2021-01-11,GARAN.IS,8.243230819702148
2021-01-12,GARAN.IS,8.282709121704102
2021-01-13,GARAN.IS,8.290606498718262
2021-01-14,GARAN.IS,8.132689476013184
2021-01-15,GARAN.IS,7.919501781463623
2021-01-18,GARAN.IS,7.982668876647949
2021-01-19,GARAN.IS,8.014253616333008
2021-01-20,GARAN.IS,7.935293197631836
2021-01-21,GARAN.IS,7.935293197631836
2021-01-22,GARAN.IS,7.698420524597168
2021-01-25,GARAN.IS,7.540504455566406
2021-01-26,GARAN.IS,7.516816139221191
2021-01-27,GARAN.IS,7.193087577819824
2021-01-28,GARAN.IS,7.414170265197754
2021-01-29,GARAN.IS,7.351004123687744
2021-02-01,GARAN.IS,7.485231399536133
2021-02-02,GARAN.IS,7.651043891906738
2021-02-03,GARAN.IS,7.97477388381958
2021-02-04,GARAN.IS,7.832648277282715
2021-02-05,GARAN.IS,7.706315517425537
2021-02-08,GARAN.IS,7.769482135772705
2021-02-09,GARAN.IS,8.053730010986328
2021-02-10,GARAN.IS,8.03794002532959
2021-02-11,GARAN.IS,7.8484392166137695
2021-02-12,GARAN.IS,7.832648277282715
2021-02-15,GARAN.IS,7.935293197631836
2021-02-16,GARAN.IS,7.690523624420166
2021-02-17,GARAN.IS,7.540504455566406
2021-02-18,GARAN.IS,7.366795063018799
2021-02-19,GARAN.IS,7.453649997711182
2021-02-22,GARAN.IS,7.272046089172363
2021-02-23,GARAN.IS,7.248358726501465
2021-02-24,GARAN.IS,7.066753387451172
2021-02-25,GARAN.IS,7.169399738311768
2021-02-26,GARAN.IS,7.043067455291748
2021-03-01,GARAN.IS,7.319420337677002
2021-03-02,GARAN.IS,7.264149188995361
2021-03-03,GARAN.IS,7.25625467300415
2021-03-04,GARAN.IS,7.422067165374756
2021-03-05,GARAN.IS,7.303628921508789
2021-03-08,GARAN.IS,7.1062331199646
2021-03-09,GARAN.IS,7.122025012969971
2021-03-10,GARAN.IS,7.240462779998779
2021-03-11,GARAN.IS,7.074650287628174
2021-03-12,GARAN.IS,7.043067455291748
2021-03-15,GARAN.IS,6.885151386260986
2021-03-16,GARAN.IS,6.995692253112793
2021-03-17,GARAN.IS,6.908838272094727
2021-03-18,GARAN.IS,7.1378173828125
2021-03-19,GARAN.IS,6.995692253112793
2021-03-22,GARAN.IS,6.300860404968262
2021-03-23,GARAN.IS,5.677091121673584
2021-03-24,GARAN.IS,5.684986591339111
2021-03-25,GARAN.IS,5.519174098968506
2021-03-26,GARAN.IS,5.432320594787598
2021-03-29,GARAN.IS,5.440216541290283
2021-03-30,GARAN.IS,5.353363037109375
2021-03-31,GARAN.IS,5.2823004722595215
2021-04-01,GARAN.IS,5.534966468811035
2021-04-02,GARAN.IS,5.5507588386535645
2021-04-05,GARAN.IS,5.565699100494385
2021-04-06,GARAN.IS,5.476970672607422
2021-04-07,GARAN.IS,5.5173020362854
2021-04-08,GARAN.IS,5.452772617340088
2021-04-09,GARAN.IS,5.3559770584106445
2021-04-12,GARAN.IS,5.339844703674316
2021-04-13,GARAN.IS,5.404374599456787
2021-04-14,GARAN.IS,5.6382951736450195
2021-04-15,GARAN.IS,5.896414756774902
2021-04-16,GARAN.IS,5.87221622467041
2021-04-19,GARAN.IS,5.646361351013184
2021-04-20,GARAN.IS,5.718957424163818
2021-04-21,GARAN.IS,5.614096641540527
2021-04-22,GARAN.IS,5.70282506942749
2021-04-26,GARAN.IS,5.759288311004639
2021-04-27,GARAN.IS,5.743156433105469
2021-04-28,GARAN.IS,5.743156433105469
2021-04-29,GARAN.IS,5.831884860992432
2021-04-30,GARAN.IS,5.815752029418945
2021-05-03,GARAN.IS,5.944812297821045
2021-05-04,GARAN.IS,5.864149570465088
2021-05-05,GARAN.IS,5.84801721572876
2021-05-06,GARAN.IS,5.960944652557373
2021-05-07,GARAN.IS,6.227129936218262
2021-05-10,GARAN.IS,6.315858840942383
2021-05-11,GARAN.IS,6.1948652267456055
2021-05-12,GARAN.IS,6.1948652267456055
2021-05-17,GARAN.IS,6.420719623565674
2021-05-18,GARAN.IS,6.517514705657959
2021-05-20,GARAN.IS,6.63850736618042
2021-05-21,GARAN.IS,6.5820441246032715
2021-05-24,GARAN.IS,6.517514705657959
2021-05-25,GARAN.IS,6.291659832000732
2021-05-26,GARAN.IS,6.5578460693359375
2021-05-27,GARAN.IS,6.420719623565674
2021-05-28,GARAN.IS,6.436851978302002
2021-05-31,GARAN.IS,6.444918155670166
2021-06-01,GARAN.IS,6.533647537231445
2021-06-02,GARAN.IS,6.501382350921631
2021-06-03,GARAN.IS,6.4852495193481445
2021-06-04,GARAN.IS,6.533647537231445
2021-06-07,GARAN.IS,6.686905384063721
2021-06-08,GARAN.IS,6.694971084594727
2021-06-09,GARAN.IS,6.743369102478027
2021-06-10,GARAN.IS,6.840163707733154
2021-06-11,GARAN.IS,6.824031352996826
2021-06-14,GARAN.IS,6.743369102478027
2021-06-15,GARAN.IS,6.791766166687012
2021-06-16,GARAN.IS,6.743369102478027
2021-06-17,GARAN.IS,6.606242656707764
2021-06-18,GARAN.IS,6.5820441246032715
2021-06-21,GARAN.IS,6.606242656707764
2021-06-22,GARAN.IS,6.711103439331055
2021-06-23,GARAN.IS,6.670773029327393
2021-06-24,GARAN.IS,6.727236747741699
2021-06-25,GARAN.IS,6.614309310913086
2021-06-28,GARAN.IS,6.598177433013916
2021-06-29,GARAN.IS,6.654640197753906
2021-06-30,GARAN.IS,6.694971084594727
2021-07-01,GARAN.IS,6.815964698791504
2021-07-02,GARAN.IS,6.775633335113525
2021-07-05,GARAN.IS,6.969223499298096
2021-07-06,GARAN.IS,6.945024490356445
2021-07-07,GARAN.IS,7.041818618774414
2021-07-08,GARAN.IS,6.904693126678467
2021-07-09,GARAN.IS,6.880494594573975
2021-07-12,GARAN.IS,6.969223499298096
2021-07-13,GARAN.IS,6.815964698791504
2021-07-14,GARAN.IS,6.799832820892334
2021-07-16,GARAN.IS,6.735302925109863
2021-07-19,GARAN.IS,6.670773029327393
2021-07-26,GARAN.IS,6.573977947235107
2021-07-27,GARAN.IS,6.614309310913086
2021-07-28,GARAN.IS,6.614309310913086
2021-07-29,GARAN.IS,6.727236747741699
2021-07-30,GARAN.IS,6.8724284172058105
2021-08-02,GARAN.IS,6.896628379821777
2021-08-03,GARAN.IS,7.14668083190918
2021-08-04,GARAN.IS,7.340270519256592
2021-08-05,GARAN.IS,7.469329833984375
2021-08-06,GARAN.IS,7.445130348205566
2021-08-09,GARAN.IS,7.372535228729248
2021-08-10,GARAN.IS,7.348336219787598
2021-08-11,GARAN.IS,7.219275951385498
2021-08-12,GARAN.IS,7.493527889251709
2021-08-13,GARAN.IS,7.477395534515381
2021-08-16,GARAN.IS,7.582257270812988
2021-08-17,GARAN.IS,7.630654335021973
2021-08-18,GARAN.IS,7.598389625549316
2021-08-19,GARAN.IS,7.493527889251709
2021-08-20,GARAN.IS,7.55805778503418
2021-08-23,GARAN.IS,7.703249931335449
2021-08-24,GARAN.IS,7.703249931335449
2021-08-25,GARAN.IS,7.687118053436279
2021-08-26,GARAN.IS,7.6145219802856445
2021-08-27,GARAN.IS,7.7113165855407715
2021-08-31,GARAN.IS,7.9694366455078125
2021-09-01,GARAN.IS,7.929104804992676
2021-09-02,GARAN.IS,7.95330286026001
2021-09-03,GARAN.IS,7.921038627624512
2021-09-06,GARAN.IS,7.99363374710083
2021-09-07,GARAN.IS,7.848442077636719
2021-09-08,GARAN.IS,7.590322494506836
2021-09-09,GARAN.IS,7.7113165855407715
2021-09-10,GARAN.IS,7.654851913452148
2021-09-13,GARAN.IS,7.574191093444824
2021-09-14,GARAN.IS,7.7113165855407715
2021-09-15,GARAN.IS,7.6064558029174805
2021-09-16,GARAN.IS,7.662919044494629
2021-09-17,GARAN.IS,7.574191093444824
2021-09-20,GARAN.IS,7.3241376876831055
2021-09-21,GARAN.IS,7.404799938201904
2021-09-22,GARAN.IS,7.646785736083984
2021-09-23,GARAN.IS,7.404799938201904
2021-09-24,GARAN.IS,7.114415645599365
2021-09-27,GARAN.IS,7.195077896118164
2021-09-28,GARAN.IS,7.130548477172852
2021-09-29,GARAN.IS,7.308005332946777
2021-09-30,GARAN.IS,7.4531965255737305
2021-10-01,GARAN.IS,7.485462188720703
2021-10-04,GARAN.IS,7.4370646476745605
2021-10-05,GARAN.IS,7.485462188720703
2021-10-06,GARAN.IS,7.4370646476745605
2021-10-07,GARAN.IS,7.574191093444824
2021-10-08,GARAN.IS,7.501594543457031
2021-10-11,GARAN.IS,7.6145219802856445
2021-10-12,GARAN.IS,7.662919044494629
2021-10-13,GARAN.IS,7.56612491607666
2021-10-14,GARAN.IS,7.469329833984375
2021-10-15,GARAN.IS,7.203144073486328
2021-10-18,GARAN.IS,7.098282814025879
2021-10-19,GARAN.IS,7.283805847167969
2021-10-20,GARAN.IS,7.348336219787598
2021-10-21,GARAN.IS,7.251540184020996
2021-10-22,GARAN.IS,7.35640287399292
2021-10-25,GARAN.IS,7.3241376876831055
2021-10-26,GARAN.IS,7.4531965255737305
2021-10-27,GARAN.IS,7.7113165855407715
2021-10-28,GARAN.IS,7.945237636566162
2021-11-01,GARAN.IS,8.171091079711914
2021-11-02,GARAN.IS,8.195290565490723
2021-11-03,GARAN.IS,8.372747421264648
2021-11-04,GARAN.IS,8.429210662841797
2021-11-05,GARAN.IS,8.558270454406738
2021-11-08,GARAN.IS,8.695396423339844
2021-11-09,GARAN.IS,8.534071922302246
2021-11-10,GARAN.IS,8.655065536499023
2021-11-11,GARAN.IS,8.550204277038574
2021-11-12,GARAN.IS,8.534071922302246
2021-11-15,GARAN.IS,9.381026268005371
2021-11-16,GARAN.IS,9.735939979553223
2021-11-17,GARAN.IS,9.598814010620117
2021-11-18,GARAN.IS,9.873065948486328
2021-11-19,GARAN.IS,9.719808578491211
2021-11-22,GARAN.IS,9.63107967376709
2021-11-23,GARAN.IS,9.332629203796387
2021-11-24,GARAN.IS,9.542350769042969
2021-11-25,GARAN.IS,9.469754219055176
2021-11-26,GARAN.IS,9.227766990661621
2021-11-29,GARAN.IS,9.195502281188965
2021-11-30,GARAN.IS,9.211636543273926
2021-12-01,GARAN.IS,9.389092445373535
2021-12-02,GARAN.IS,9.3971586227417
2021-12-03,GARAN.IS,9.405224800109863
2021-12-06,GARAN.IS,9.550416946411133
2021-12-07,GARAN.IS,9.542350769042969
2021-12-08,GARAN.IS,9.66334342956543
2021-12-09,GARAN.IS,9.566548347473145
2021-12-10,GARAN.IS,9.461688041687012
2021-12-13,GARAN.IS,9.614947319030762
2021-12-14,GARAN.IS,9.808536529541016
2021-12-15,GARAN.IS,9.67141056060791
2021-12-16,GARAN.IS,10.01019287109375
2021-12-17,GARAN.IS,9.381026268005371
2021-12-20,GARAN.IS,9.34069538116455
2021-12-21,GARAN.IS,9.179369926452637
2021-12-22,GARAN.IS,9.582681655883789
2021-12-23,GARAN.IS,9.469754219055176
2021-12-24,GARAN.IS,9.453621864318848
2021-12-27,GARAN.IS,9.413291931152344
2021-12-28,GARAN.IS,9.06644344329834
2021-12-29,GARAN.IS,9.227766990661621
2021-12-30,GARAN.IS,9.243900299072266
2021-12-31,GARAN.IS,9.090641975402832
2022-01-03,GARAN.IS,9.243900299072266
2022-01-04,GARAN.IS,9.219701766967773
2022-01-05,GARAN.IS,9.235833168029785
2022-01-06,GARAN.IS,9.260032653808594
2022-01-07,GARAN.IS,9.477821350097656
2022-01-10,GARAN.IS,9.469754219055176
2022-01-11,GARAN.IS,9.502019882202148
2022-01-12,GARAN.IS,9.558484077453613
2022-01-13,GARAN.IS,9.582681655883789
2022-01-14,GARAN.IS,9.566548347473145
2022-01-17,GARAN.IS,9.67141056060791
2022-01-18,GARAN.IS,9.292299270629883
2022-01-19,GARAN.IS,9.703676223754883
2022-01-20,GARAN.IS,9.63107967376709
2022-01-21,GARAN.IS,9.62301254272461
2022-01-24,GARAN.IS,9.421357154846191
2022-01-25,GARAN.IS,9.550416946411133
2022-01-26,GARAN.IS,9.534284591674805
2022-01-27,GARAN.IS,9.614947319030762
2022-01-28,GARAN.IS,9.518152236938477
2022-01-31,GARAN.IS,9.606880187988281
2022-02-01,GARAN.IS,9.63107967376709
2022-02-02,GARAN.IS,9.913396835327148
2022-02-03,GARAN.IS,9.63107967376709
2022-02-04,GARAN.IS,9.62301254272461
2022-02-07,GARAN.IS,9.63107967376709
2022-02-08,GARAN.IS,9.679476737976074
2022-02-09,GARAN.IS,9.703676223754883
2022-02-10,GARAN.IS,9.655277252197266
2022-02-11,GARAN.IS,9.63107967376709
2022-02-14,GARAN.IS,9.526219367980957
2022-02-15,GARAN.IS,9.598814010620117
2022-02-16,GARAN.IS,9.550416946411133
2022-02-17,GARAN.IS,9.518152236938477
2022-02-18,GARAN.IS,9.550416946411133
2022-02-21,GARAN.IS,9.518152236938477
2022-02-22,GARAN.IS,9.429423332214355
2022-02-23,GARAN.IS,9.381026268005371
2022-02-24,GARAN.IS,8.88092041015625
2022-02-25,GARAN.IS,9.179369926452637
2022-02-28,GARAN.IS,8.937382698059082
2022-03-01,GARAN.IS,9.372960090637207
2022-03-02,GARAN.IS,9.372960090637207
2022-03-03,GARAN.IS,9.502019882202148
2022-03-04,GARAN.IS,9.558484077453613
2022-03-07,GARAN.IS,9.477821350097656
2022-03-08,GARAN.IS,9.356827735900879
2022-03-09,GARAN.IS,9.550416946411133
2022-03-10,GARAN.IS,9.453621864318848
2022-03-11,GARAN.IS,9.4939546585083
2022-03-14,GARAN.IS,9.566548347473145
2022-03-15,GARAN.IS,9.574615478515625
2022-03-16,GARAN.IS,9.566548347473145
2022-03-17,GARAN.IS,9.566548347473145
2022-03-18,GARAN.IS,9.542350769042969
2022-03-21,GARAN.IS,9.542350769042969
2022-03-22,GARAN.IS,9.62301254272461
2022-03-23,GARAN.IS,9.816601753234863
2022-03-24,GARAN.IS,9.719808578491211
2022-03-25,GARAN.IS,9.752073287963867
2022-03-28,GARAN.IS,9.760140419006348
2022-03-29,GARAN.IS,9.768204689025879
2022-03-30,GARAN.IS,9.832735061645508
2022-03-31,GARAN.IS,9.840801239013672
2022-04-01,GARAN.IS,10.04245662689209
2022-04-04,GARAN.IS,10.187649726867676
2022-04-05,GARAN.IS,10.074721336364746
2022-04-06,GARAN.IS,10.01019287109375
2022-04-07,GARAN.IS,10.171516418457031
2022-04-08,GARAN.IS,10.728086471557617
2022-04-11,GARAN.IS,11.195928573608398
2022-04-12,GARAN.IS,11.074934005737305
2022-04-13,GARAN.IS,11.002338409423828
2022-04-14,GARAN.IS,11.050736427307129
2022-04-15,GARAN.IS,11.21205997467041
2022-04-18,GARAN.IS,11.63150405883789
2022-04-19,GARAN.IS,11.437914848327637
2022-04-20,GARAN.IS,11.4459810256958
2022-04-21,GARAN.IS,11.687968254089355
2022-04-22,GARAN.IS,11.4459810256958
2022-04-25,GARAN.IS,12.07514762878418
2022-04-26,GARAN.IS,12.083212852478027
2022-04-27,GARAN.IS,12.07514762878418
2022-04-28,GARAN.IS,12.083212852478027
2022-04-29,GARAN.IS,12.083212852478027
2022-05-05,GARAN.IS,12.083212852478027
2022-05-06,GARAN.IS,12.083212852478027
2022-05-09,GARAN.IS,12.091279029846191
2022-05-10,GARAN.IS,12.091279029846191
2022-05-11,GARAN.IS,12.083212852478027
2022-05-12,GARAN.IS,12.083212852478027
2022-05-13,GARAN.IS,12.083212852478027
2022-05-16,GARAN.IS,12.07514762878418
2022-05-17,GARAN.IS,12.07514762878418
2022-05-18,GARAN.IS,12.623650550842285
2022-05-20,GARAN.IS,13.107625007629395
2022-05-23,GARAN.IS,12.236471176147461
2022-05-24,GARAN.IS,12.196141242980957
2022-05-25,GARAN.IS,12.147770881652832
2022-05-26,GARAN.IS,12.073649406433105
2022-05-27,GARAN.IS,11.711275100708008
2022-05-30,GARAN.IS,11.834811210632324
2022-05-31,GARAN.IS,11.98305606842041
2022-06-01,GARAN.IS,12.378372192382812
2022-06-02,GARAN.IS,12.41131591796875
2022-06-03,GARAN.IS,12.403079986572266
2022-06-06,GARAN.IS,13.292543411254883
2022-06-07,GARAN.IS,12.888991355895996
2022-06-08,GARAN.IS,12.559558868408203
2022-06-09,GARAN.IS,12.600739479064941
2022-06-10,GARAN.IS,12.617209434509277
2022-06-13,GARAN.IS,12.419551849365234
2022-06-14,GARAN.IS,12.36190128326416
2022-06-15,GARAN.IS,12.287778854370117
2022-06-16,GARAN.IS,11.900697708129883
2022-06-17,GARAN.IS,12.436023712158203
2022-06-20,GARAN.IS,12.683095932006836
2022-06-21,GARAN.IS,12.864283561706543
2022-06-22,GARAN.IS,12.84781265258789
2022-06-23,GARAN.IS,12.666625022888184
2022-06-24,GARAN.IS,12.501910209655762
2022-06-27,GARAN.IS,12.328959465026855
2022-06-28,GARAN.IS,11.941877365112305
2022-06-29,GARAN.IS,11.431258201599121
2022-06-30,GARAN.IS,11.44773006439209
2022-07-01,GARAN.IS,11.554795265197754
2022-07-04,GARAN.IS,11.159478187561035
2022-07-05,GARAN.IS,11.093591690063477
2022-07-06,GARAN.IS,11.406551361083984
2022-07-07,GARAN.IS,11.735981941223145
2022-07-08,GARAN.IS,11.59597396850586
2022-07-13,GARAN.IS,11.530088424682617
2022-07-14,GARAN.IS,11.62891674041748
2022-07-18,GARAN.IS,12.18071460723877
2022-07-19,GARAN.IS,12.485438346862793
2022-07-20,GARAN.IS,12.468965530395508
2022-07-21,GARAN.IS,12.436023712158203
2022-07-22,GARAN.IS,12.436023712158203
2022-07-25,GARAN.IS,12.888991355895996
2022-07-26,GARAN.IS,12.427787780761719
2022-07-27,GARAN.IS,12.403079986572266
2022-07-28,GARAN.IS,12.098356246948242
2022-07-29,GARAN.IS,11.958349227905273
2022-08-01,GARAN.IS,12.114828109741211
2022-08-02,GARAN.IS,12.090121269226074
2022-08-03,GARAN.IS,12.221893310546875
2022-08-04,GARAN.IS,12.518381118774414
2022-08-05,GARAN.IS,12.91369915008545
2022-08-08,GARAN.IS,12.979585647583008
2022-08-09,GARAN.IS,13.201950073242188
2022-08-10,GARAN.IS,13.753747940063477
2022-08-11,GARAN.IS,14.882046699523926
2022-08-12,GARAN.IS,14.61850357055664
2022-08-15,GARAN.IS,15.07147216796875
2022-08-16,GARAN.IS,15.895050048828125
2022-08-17,GARAN.IS,17.476318359375
2022-08-18,GARAN.IS,17.27865982055664
2022-08-19,GARAN.IS,16.81745719909668
2022-08-22,GARAN.IS,17.295133590698242
2022-08-23,GARAN.IS,19.00817108154297
2022-08-24,GARAN.IS,19.288188934326172
2022-08-25,GARAN.IS,21.215362548828125
2022-08-26,GARAN.IS,20.589441299438477
2022-08-29,GARAN.IS,19.947050094604492
2022-08-31,GARAN.IS,18.94228744506836
2022-09-01,GARAN.IS,18.711687088012695
2022-09-02,GARAN.IS,20.07882308959961
2022-09-05,GARAN.IS,20.83651351928711
2022-09-06,GARAN.IS,21.314189910888672
2022-09-07,GARAN.IS,19.848222732543945
2022-09-08,GARAN.IS,19.601146697998047
2022-09-09,GARAN.IS,21.561264038085938
2022-09-12,GARAN.IS,23.70256805419922
2022-09-13,GARAN.IS,24.344955444335938
2022-09-14,GARAN.IS,21.92363929748535
2022-09-15,GARAN.IS,19.732921600341797
2022-09-16,GARAN.IS,17.937524795532227
2022-09-19,GARAN.IS,16.150362014770508
2022-09-20,GARAN.IS,16.58685302734375
2022-09-21,GARAN.IS,15.85387134552002
2022-09-22,GARAN.IS,15.779748916625977
2022-09-23,GARAN.IS,15.326783180236816
2022-09-26,GARAN.IS,15.870344161987305
2022-09-27,GARAN.IS,16.15859603881836
2022-09-28,GARAN.IS,15.85387134552002
2022-09-29,GARAN.IS,15.483262062072754
2022-09-30,GARAN.IS,16.00211524963379
2022-10-03,GARAN.IS,17.59162139892578
2022-10-04,GARAN.IS,17.509262084960938
2022-10-05,GARAN.IS,17.048057556152344
2022-10-06,GARAN.IS,17.459848403930664
2022-10-07,GARAN.IS,17.443376541137695
2022-10-10,GARAN.IS,17.229244232177734
2022-10-11,GARAN.IS,17.87163543701172
2022-10-12,GARAN.IS,17.542203903198242
2022-10-13,GARAN.IS,17.426904678344727
2022-10-14,GARAN.IS,18.03635025024414
2022-10-17,GARAN.IS,19.831750869750977
2022-10-18,GARAN.IS,20.012937545776367
2022-10-19,GARAN.IS,21.116531372070312
2022-10-20,GARAN.IS,20.83651351928711
2022-10-21,GARAN.IS,20.55649757385254
2022-10-24,GARAN.IS,20.161182403564453
2022-10-25,GARAN.IS,20.07882308959961
2022-10-26,GARAN.IS,20.490612030029297
2022-10-27,GARAN.IS,19.699979782104492
2022-10-28,GARAN.IS,19.288188934326172
2022-10-31,GARAN.IS,19.354076385498047
2022-11-01,GARAN.IS,19.271718978881836
2022-11-02,GARAN.IS,19.337602615356445
2022-11-03,GARAN.IS,19.074058532714844
2022-11-04,GARAN.IS,19.436433792114258
2022-11-07,GARAN.IS,20.260011672973633
2022-11-08,GARAN.IS,20.358840942382812
2022-11-09,GARAN.IS,19.947050094604492
2022-11-10,GARAN.IS,20.55649757385254
2022-11-11,GARAN.IS,20.128238677978516
2022-11-14,GARAN.IS,20.260011672973633
2022-11-15,GARAN.IS,21.42949104309082
2022-11-16,GARAN.IS,21.72597885131836
2022-11-17,GARAN.IS,20.622385025024414
2022-11-18,GARAN.IS,20.902400970458984
2022-11-21,GARAN.IS,21.54479217529297
2022-11-22,GARAN.IS,22.071880340576172
2022-11-23,GARAN.IS,22.763687133789062
2022-11-24,GARAN.IS,22.31895637512207
2022-11-25,GARAN.IS,21.72597885131836
2022-11-28,GARAN.IS,22.253070831298828
2022-11-29,GARAN.IS,22.12129783630371
2022-11-30,GARAN.IS,21.956581115722656
2022-12-01,GARAN.IS,22.055410385131836
2022-12-02,GARAN.IS,21.297719955444336
2022-12-05,GARAN.IS,21.16594886779785
2022-12-06,GARAN.IS,21.248302459716797
2022-12-07,GARAN.IS,20.589441299438477
2022-12-08,GARAN.IS,21.264774322509766
2022-12-09,GARAN.IS,22.137767791748047
2022-12-12,GARAN.IS,22.961345672607422
2022-12-13,GARAN.IS,22.664857864379883
2022-12-14,GARAN.IS,22.41778564453125
2022-12-15,GARAN.IS,23.521377563476562
2022-12-16,GARAN.IS,23.768451690673828
2022-12-19,GARAN.IS,26.041526794433594
2022-12-20,GARAN.IS,24.872047424316406
2022-12-21,GARAN.IS,24.542613983154297
2022-12-22,GARAN.IS,24.509672164916992
2022-12-23,GARAN.IS,24.542613983154297
2022-12-26,GARAN.IS,24.888517379760742
2022-12-27,GARAN.IS,24.83910369873047
2022-12-28,GARAN.IS,24.097885131835938
2022-12-29,GARAN.IS,24.954402923583984
2022-12-30,GARAN.IS,24.740276336669922
2023-01-02,GARAN.IS,25.21794891357422
2023-01-03,GARAN.IS,24.5590877532959
2023-01-04,GARAN.IS,24.707332611083984
2023-01-05,GARAN.IS,23.8178653717041
2023-01-06,GARAN.IS,23.241363525390625
2023-01-09,GARAN.IS,22.00599479675293
2023-01-10,GARAN.IS,21.23183250427246
2023-01-11,GARAN.IS,19.667034149169922
2023-01-12,GARAN.IS,20.194124221801758
2023-01-13,GARAN.IS,19.89763641357422
2023-01-16,GARAN.IS,20.75415802001953
2023-01-17,GARAN.IS,20.918872833251953
2023-01-18,GARAN.IS,20.95181655883789
2023-01-19,GARAN.IS,21.116531372070312
2023-01-20,GARAN.IS,22.154239654541016
2023-01-23,GARAN.IS,22.368370056152344
2023-01-24,GARAN.IS,21.7753963470459
2023-01-25,GARAN.IS,21.001232147216797
2023-01-26,GARAN.IS,20.21059799194336
2023-01-27,GARAN.IS,19.61762046813965
2023-01-30,GARAN.IS,19.667034149169922
2023-01-31,GARAN.IS,19.79880714416504
2023-02-01,GARAN.IS,18.415199279785156
2023-02-02,GARAN.IS,18.019878387451172
2023-02-03,GARAN.IS,19.419960021972656
2023-02-06,GARAN.IS,18.56344223022461
2023-02-07,GARAN.IS,17.344545364379883
2023-02-08,GARAN.IS,16.19977378845215
2023-02-15,GARAN.IS,19.074058532714844
2023-02-16,GARAN.IS,18.92581558227539
2023-02-17,GARAN.IS,18.678741455078125
2023-02-20,GARAN.IS,18.72815704345703
2023-02-21,GARAN.IS,18.678741455078125
2023-02-22,GARAN.IS,18.7611026763916
2023-02-23,GARAN.IS,18.72815704345703
2023-02-24,GARAN.IS,18.316368103027344
2023-02-27,GARAN.IS,19.436433792114258
2023-02-28,GARAN.IS,19.172889709472656
2023-03-01,GARAN.IS,19.403491973876953
2023-03-02,GARAN.IS,19.551734924316406
2023-03-03,GARAN.IS,19.667034149169922
2023-03-06,GARAN.IS,21.16594886779785
2023-03-07,GARAN.IS,21.133005142211914
2023-03-08,GARAN.IS,23.241363525390625
2023-03-09,GARAN.IS,23.093120574951172
2023-03-10,GARAN.IS,23.43902015686035
2023-03-13,GARAN.IS,22.12129783630371
2023-03-14,GARAN.IS,21.676565170288086
2023-03-15,GARAN.IS,21.7753963470459
2023-03-16,GARAN.IS,21.989526748657227
2023-03-17,GARAN.IS,21.05064582824707
2023-03-20,GARAN.IS,21.330663681030273
2023-03-21,GARAN.IS,20.65532875061035
2023-03-22,GARAN.IS,21.511852264404297
2023-03-23,GARAN.IS,22.549556732177734
2023-03-24,GARAN.IS,22.17070960998535
2023-03-27,GARAN.IS,22.104827880859375
2023-03-28,GARAN.IS,21.54479217529297
2023-03-29,GARAN.IS,22.582500457763672
2023-03-30,GARAN.IS,23.35666275024414
2023-03-31,GARAN.IS,22.944873809814453
2023-04-03,GARAN.IS,23.175474166870117
2023-04-04,GARAN.IS,23.389606475830078
2023-04-05,GARAN.IS,22.763687133789062
2023-04-06,GARAN.IS,22.51661491394043
2023-04-07,GARAN.IS,22.467201232910156
2023-04-10,GARAN.IS,22.91193199157715
2023-04-11,GARAN.IS,23.735509872436523
2023-04-12,GARAN.IS,24.954402923583984
2023-04-13,GARAN.IS,24.262598037719727
2023-04-14,GARAN.IS,24.23566436767578
2023-04-17,GARAN.IS,24.147016525268555
2023-04-18,GARAN.IS,24.678890228271484
2023-04-19,GARAN.IS,26.15040397644043
2023-04-20,GARAN.IS,24.94482421875
2023-04-24,GARAN.IS,24.980283737182617
2023-04-25,GARAN.IS,24.005184173583984
2023-04-26,GARAN.IS,24.02291488647461
2023-04-27,GARAN.IS,24.820722579956055
2023-04-28,GARAN.IS,24.271120071411133
2023-05-02,GARAN.IS,24.466142654418945
2023-05-03,GARAN.IS,24.25339126586914
2023-05-04,GARAN.IS,23.56195640563965
2023-05-05,GARAN.IS,22.604585647583008
2023-05-08,GARAN.IS,24.678890228271484
2023-05-09,GARAN.IS,25.175304412841797
2023-05-10,GARAN.IS,25.157575607299805
2023-05-11,GARAN.IS,27.657377243041992
2023-05-12,GARAN.IS,29.34164047241211
2023-05-15,GARAN.IS,26.416339874267578
2023-05-16,GARAN.IS,23.88108253479004
2023-05-17,GARAN.IS,23.313749313354492
2023-05-18,GARAN.IS,22.161359786987305
2023-05-22,GARAN.IS,21.363550186157227
2023-05-23,GARAN.IS,21.38128089904785
2023-05-24,GARAN.IS,20.920324325561523
2023-05-25,GARAN.IS,21.3458194732666
2023-05-26,GARAN.IS,21.789047241210938
2023-05-29,GARAN.IS,22.28546142578125
2023-05-30,GARAN.IS,24.501598358154297
2023-05-31,GARAN.IS,23.739248275756836
2023-06-01,GARAN.IS,24.05837059020996
2023-06-02,GARAN.IS,25.40578269958496
2023-06-05,GARAN.IS,26.132673263549805
2023-06-06,GARAN.IS,25.742637634277344
2023-06-07,GARAN.IS,26.57590103149414
2023-06-08,GARAN.IS,26.87729835510254
2023-06-09,GARAN.IS,26.593631744384766
2023-06-12,GARAN.IS,25.778093338012695
2023-06-13,GARAN.IS,25.529884338378906
2023-06-14,GARAN.IS,25.990842819213867
2023-06-15,GARAN.IS,27.178691864013672
2023-06-16,GARAN.IS,26.664546966552734
2023-06-19,GARAN.IS,26.079486846923828
2023-06-20,GARAN.IS,27.178691864013672
2023-06-21,GARAN.IS,26.68227767944336
2023-06-22,GARAN.IS,26.912755966186523
2023-06-23,GARAN.IS,28.011960983276367
2023-06-26,GARAN.IS,28.80976676940918
2023-06-27,GARAN.IS,28.40199851989746
2023-07-03,GARAN.IS,29.00478744506836
2023-07-04,GARAN.IS,30.015344619750977
2023-07-05,GARAN.IS,29.784868240356445
2023-07-06,GARAN.IS,29.34164047241211
2023-07-07,GARAN.IS,29.21753692626953
2023-07-10,GARAN.IS,29.377098083496094
2023-07-11,GARAN.IS,31.096818923950195
2023-07-12,GARAN.IS,33.18885040283203
2023-07-13,GARAN.IS,35.014949798583984
2023-07-14,GARAN.IS,34.12849426269531
2023-07-17,GARAN.IS,34.12849426269531
2023-07-18,GARAN.IS,31.71733856201172
2023-07-19,GARAN.IS,33.18885040283203
2023-07-20,GARAN.IS,33.50797653198242
2023-07-21,GARAN.IS,32.568336486816406
2023-07-24,GARAN.IS,32.17829132080078
2023-07-25,GARAN.IS,33.667537689208984
2023-07-26,GARAN.IS,33.614349365234375
2023-07-27,GARAN.IS,35.369529724121094
2023-07-28,GARAN.IS,37.90478515625
2023-07-31,GARAN.IS,38.915348052978516
2023-08-01,GARAN.IS,37.86933135986328
2023-08-02,GARAN.IS,40.40459060668945
2023-08-03,GARAN.IS,40.40459060668945
2023-08-04,GARAN.IS,41.66335678100586
2023-08-07,GARAN.IS,41.48606491088867
2023-08-08,GARAN.IS,42.74482727050781
2023-08-09,GARAN.IS,46.98208236694336
2023-08-10,GARAN.IS,48.311763763427734
2023-08-11,GARAN.IS,49.198219299316406
2023-08-14,GARAN.IS,49.50847625732422
2023-08-15,GARAN.IS,49.198219299316406
2023-08-16,GARAN.IS,47.64692687988281
2023-08-17,GARAN.IS,48.04582977294922
2023-08-18,GARAN.IS,44.8989143371582
2023-08-21,GARAN.IS,44.09224319458008
2023-08-22,GARAN.IS,43.649017333984375
2023-08-23,GARAN.IS,43.87948989868164
2023-08-24,GARAN.IS,48.26744079589844
2023-08-25,GARAN.IS,47.11505126953125
2023-08-28,GARAN.IS,46.76047134399414
2023-08-29,GARAN.IS,45.563758850097656
2023-08-31,GARAN.IS,44.5000114440918
2023-09-01,GARAN.IS,45.076202392578125
2023-09-04,GARAN.IS,45.430789947509766
2023-09-05,GARAN.IS,46.00698471069336
2023-09-06,GARAN.IS,45.60807800292969
2023-09-07,GARAN.IS,46.45021057128906
2023-09-08,GARAN.IS,46.3615608215332
2023-09-11,GARAN.IS,44.544334411621094
2023-09-12,GARAN.IS,43.932682037353516
2023-09-13,GARAN.IS,43.578094482421875
2023-09-14,GARAN.IS,44.85458755493164
2023-09-15,GARAN.IS,44.32271957397461
2023-09-18,GARAN.IS,43.96813201904297
2023-09-19,GARAN.IS,44.367042541503906
2023-09-20,GARAN.IS,45.652400970458984
2023-09-21,GARAN.IS,46.09562683105469
2023-09-22,GARAN.IS,45.031883239746094
2023-09-25,GARAN.IS,45.69672393798828
2023-09-26,GARAN.IS,45.60807800292969
2023-09-27,GARAN.IS,45.031883239746094
2023-09-28,GARAN.IS,45.29781723022461
2023-09-29,GARAN.IS,47.203697204589844
2023-10-02,GARAN.IS,47.86853790283203
2023-10-03,GARAN.IS,47.248016357421875
2023-10-04,GARAN.IS,45.82969284057617
2023-10-05,GARAN.IS,46.716148376464844
2023-10-06,GARAN.IS,45.74104309082031
2023-10-09,GARAN.IS,44.14543151855469
2023-10-10,GARAN.IS,45.209171295166016
2023-10-11,GARAN.IS,45.12052917480469
2023-10-12,GARAN.IS,44.32271957397461
2023-10-13,GARAN.IS,43.08168029785156
2023-10-16,GARAN.IS,42.85120391845703
2023-10-17,GARAN.IS,43.80857467651367
2023-10-18,GARAN.IS,42.00020980834961
2023-10-19,GARAN.IS,40.989654541015625
2023-10-20,GARAN.IS,39.55359649658203
2023-10-23,GARAN.IS,40.77690505981445
2023-10-24,GARAN.IS,44.05678176879883
2023-10-25,GARAN.IS,40.333675384521484
2023-10-26,GARAN.IS,42.3193359375
2023-10-27,GARAN.IS,43.542640686035156
2023-10-30,GARAN.IS,42.939849853515625
2023-10-31,GARAN.IS,41.66335678100586
2023-11-01,GARAN.IS,41.36195755004883
2023-11-02,GARAN.IS,42.19522476196289
2023-11-03,GARAN.IS,42.709373474121094
2023-11-06,GARAN.IS,44.4556884765625
2023-11-07,GARAN.IS,44.1276969909668
2023-11-08,GARAN.IS,43.20579147338867
2023-11-09,GARAN.IS,42.85120391845703
2023-11-10,GARAN.IS,42.372520446777344
2023-11-13,GARAN.IS,40.70598602294922
2023-11-14,GARAN.IS,41.13148498535156
2023-11-15,GARAN.IS,40.954193115234375
2023-11-16,GARAN.IS,41.947021484375
2023-11-17,GARAN.IS,42.035667419433594
2023-11-20,GARAN.IS,43.11714172363281
2023-11-21,GARAN.IS,43.47172164916992
2023-11-22,GARAN.IS,43.82630157470703
2023-11-23,GARAN.IS,44.544334411621094
2023-11-24,GARAN.IS,45.785369873046875
2023-11-27,GARAN.IS,48.53337860107422
2023-11-28,GARAN.IS,48.311763763427734
2023-11-29,GARAN.IS,48.090152740478516
2023-11-30,GARAN.IS,47.91285705566406
2023-12-01,GARAN.IS,50.04035186767578
2023-12-04,GARAN.IS,51.32571029663086
2023-12-05,GARAN.IS,51.81325912475586
2023-12-06,GARAN.IS,53.18726348876953
2023-12-07,GARAN.IS,52.655391693115234
2023-12-08,GARAN.IS,51.14841842651367
2023-12-11,GARAN.IS,50.04035186767578
2023-12-12,GARAN.IS,52.655391693115234
2023-12-13,GARAN.IS,52.212162017822266
2023-12-14,GARAN.IS,55.40339660644531
2023-12-15,GARAN.IS,55.004493713378906
2023-12-18,GARAN.IS,55.0488166809082
2023-12-19,GARAN.IS,53.71913528442383
2023-12-20,GARAN.IS,55.40339660644531
2023-12-21,GARAN.IS,55.181785583496094
2023-12-22,GARAN.IS,53.45319747924805
2023-12-25,GARAN.IS,51.14841842651367
2023-12-26,GARAN.IS,49.8187370300293
2023-12-27,GARAN.IS,49.41983413696289
2023-12-28,GARAN.IS,49.907379150390625
2023-12-29,GARAN.IS,51.724609375
2024-01-02,GARAN.IS,52.1678352355957
2024-01-03,GARAN.IS,50.08467483520508
2024-01-04,GARAN.IS,51.05976867675781
2024-01-05,GARAN.IS,50.88248062133789
2024-01-08,GARAN.IS,55.0488166809082
2024-01-09,GARAN.IS,55.492042541503906
2024-01-10,GARAN.IS,56.5557861328125
2024-01-11,GARAN.IS,58.151405334472656
2024-01-12,GARAN.IS,60.10160827636719
2024-01-15,GARAN.IS,58.949214935302734
2024-01-16,GARAN.IS,56.51146697998047
2024-01-17,GARAN.IS,56.201210021972656
2024-01-18,GARAN.IS,55.802303314208984
2024-01-19,GARAN.IS,56.33417510986328
2024-01-22,GARAN.IS,55.314754486083984
2024-01-23,GARAN.IS,53.40887451171875
2024-01-24,GARAN.IS,55.226104736328125
2024-01-25,GARAN.IS,55.004493713378906
2024-01-26,GARAN.IS,55.97959899902344
2024-01-29,GARAN.IS,56.201210021972656
2024-01-30,GARAN.IS,56.37849807739258
2024-01-31,GARAN.IS,56.289852142333984
2024-02-01,GARAN.IS,57.397918701171875
2024-02-02,GARAN.IS,56.64443588256836
2024-02-05,GARAN.IS,57.57521057128906
2024-02-06,GARAN.IS,57.66386032104492
2024-02-07,GARAN.IS,56.73307800292969
2024-02-08,GARAN.IS,56.99901580810547
2024-02-09,GARAN.IS,57.13198471069336
2024-02-12,GARAN.IS,58.37302017211914
2024-02-13,GARAN.IS,57.30928039550781
2024-02-14,GARAN.IS,56.77740478515625
2024-02-15,GARAN.IS,58.151405334472656
2024-02-16,GARAN.IS,58.4173469543457
2024-02-19,GARAN.IS,59.126502990722656
2024-02-20,GARAN.IS,60.27889633178711
2024-02-21,GARAN.IS,60.633487701416016
2024-02-22,GARAN.IS,58.461666107177734
2024-02-23,GARAN.IS,58.816246032714844
2024-02-26,GARAN.IS,57.61953353881836
2024-02-27,GARAN.IS,56.289852142333984
2024-02-28,GARAN.IS,55.44771957397461
2024-02-29,GARAN.IS,55.935272216796875
2024-03-01,GARAN.IS,54.82720184326172
2024-03-04,GARAN.IS,53.40887451171875
2024-03-05,GARAN.IS,53.009971618652344
2024-03-06,GARAN.IS,52.30080795288086
2024-03-07,GARAN.IS,55.0488166809082
2024-03-08,GARAN.IS,56.289852142333984
2024-03-11,GARAN.IS,55.84662628173828
2024-03-12,GARAN.IS,56.954689025878906
2024-03-13,GARAN.IS,56.068241119384766
2024-03-14,GARAN.IS,54.6499137878418
2024-03-15,GARAN.IS,53.98507308959961
2024-03-18,GARAN.IS,54.38397216796875
2024-03-19,GARAN.IS,56.5557861328125
2024-03-20,GARAN.IS,56.910369873046875
2024-03-21,GARAN.IS,60.23457717895508
2024-03-22,GARAN.IS,60.98806381225586
2024-03-25,GARAN.IS,61.12102508544922
2024-03-26,GARAN.IS,60.8994140625
2024-03-27,GARAN.IS,60.8994140625
2024-03-28,GARAN.IS,63.38148498535156
2024-03-29,GARAN.IS,63.49177551269531
2024-04-01,GARAN.IS,64.69673919677734
2024-04-02,GARAN.IS,64.97480010986328
2024-04-03,GARAN.IS,64.5113525390625
2024-04-04,GARAN.IS,67.06029510498047
2024-04-05,GARAN.IS,68.86772918701172
2024-04-08,GARAN.IS,68.72869110107422
2024-04-09,GARAN.IS,68.78827667236328
2024-04-15,GARAN.IS,69.14579010009766
2024-04-16,GARAN.IS,65.43824005126953
2024-04-17,GARAN.IS,68.40428161621094
2024-04-18,GARAN.IS,68.58966064453125
2024-04-19,GARAN.IS,72.94602966308594
2024-04-22,GARAN.IS,70.86053466796875
2024-04-24,GARAN.IS,73.87291717529297
2024-04-25,GARAN.IS,73.31678771972656
2024-04-26,GARAN.IS,74.93883514404297
2024-04-29,GARAN.IS,75.95841217041016
2024-04-30,GARAN.IS,76.42185974121094
2024-05-02,GARAN.IS,77.48777770996094
2024-05-03,GARAN.IS,78.73907470703125
2024-05-06,GARAN.IS,78.1365966796875
2024-05-07,GARAN.IS,80.50016021728516
2024-05-08,GARAN.IS,79.71231079101562
2024-05-09,GARAN.IS,82.72469329833984
2024-05-10,GARAN.IS,80.17575073242188
2024-05-13,GARAN.IS,79.8976821899414
2024-05-14,GARAN.IS,83.41986083984375
2024-05-15,GARAN.IS,81.42704772949219
2024-05-16,GARAN.IS,82.3075942993164
2024-05-17,GARAN.IS,87.26644134521484
2024-05-20,GARAN.IS,88.84214782714844
2024-05-21,GARAN.IS,93.89368438720703
2024-05-22,GARAN.IS,93.3375473022461
2024-05-23,GARAN.IS,92.68872833251953
2024-05-24,GARAN.IS,91.99356842041016
2024-05-27,GARAN.IS,91.3910903930664
2024-05-28,GARAN.IS,92.87409973144531
2024-05-29,GARAN.IS,92.41065979003906
2024-05-30,GARAN.IS,95.09864044189453
2024-05-31,GARAN.IS,99.91845703125
2024-06-03,GARAN.IS,100.65995788574219
2024-06-04,GARAN.IS,96.67434692382812
2024-06-05,GARAN.IS,96.95240783691406
2024-06-06,GARAN.IS,95.19132232666016
2024-06-07,GARAN.IS,92.64237976074219
2024-06-10,GARAN.IS,91.2520523071289
2024-06-11,GARAN.IS,95.19132232666016
2024-06-12,GARAN.IS,95.46939086914062
2024-06-13,GARAN.IS,95.46939086914062
2024-06-14,GARAN.IS,97.23047637939453
2024-06-20,GARAN.IS,102.69911193847656
2024-06-21,GARAN.IS,103.6259994506836
2024-06-24,GARAN.IS,105.7578353881836
2024-06-25,GARAN.IS,104.83094787597656
2024-06-26,GARAN.IS,104.73826599121094
2024-06-27,GARAN.IS,108.16773986816406
2024-06-28,GARAN.IS,104.18213653564453
2024-07-01,GARAN.IS,102.6064224243164
2024-07-02,GARAN.IS,104.73826599121094
2024-07-03,GARAN.IS,110.11421203613281
2024-07-04,GARAN.IS,110.29959106445312
2024-07-05,GARAN.IS,113.45101165771484
2024-07-08,GARAN.IS,114.74864959716797
2024-07-09,GARAN.IS,113.72906494140625
2024-07-10,GARAN.IS,114.28520965576172
2024-07-11,GARAN.IS,122.71987915039062
2024-07-12,GARAN.IS,122.81256103515625
2024-07-16,GARAN.IS,123.18331909179688
2024-07-17,GARAN.IS,122.81256103515625
2024-07-18,GARAN.IS,120.49534606933594
2024-07-19,GARAN.IS,121.60761260986328
2024-07-22,GARAN.IS,119.47576904296875
2024-07-23,GARAN.IS,116.32435607910156
2024-07-24,GARAN.IS,117.52931213378906
2024-07-25,GARAN.IS,115.675537109375
2024-07-26,GARAN.IS,115.675537109375
2024-07-29,GARAN.IS,116.97317504882812
2024-07-30,GARAN.IS,109.9288330078125
2024-07-31,GARAN.IS,114.74864959716797
2024-08-01,GARAN.IS,119.19770812988281
2024-08-02,GARAN.IS,115.11940002441406
2024-08-05,GARAN.IS,111.1337890625
2024-08-06,GARAN.IS,108.72388458251953
2024-08-07,GARAN.IS,107.51892852783203
2024-08-08,GARAN.IS,105.7578353881836
2024-08-09,GARAN.IS,102.51373291015625
2024-08-12,GARAN.IS,104.55288696289062
2024-08-13,GARAN.IS,107.70429992675781
2024-08-14,GARAN.IS,104.73826599121094
2024-08-15,GARAN.IS,105.66515350341797
2024-08-16,GARAN.IS,101.03071594238281
2024-08-19,GARAN.IS,103.53330993652344
2024-08-20,GARAN.IS,103.8113784790039
2024-08-21,GARAN.IS,104.18213653564453
2024-08-22,GARAN.IS,105.66515350341797
2024-08-23,GARAN.IS,101.03071594238281
2024-08-26,GARAN.IS,100.8453369140625
2024-08-27,GARAN.IS,103.8113784790039
2024-08-28,GARAN.IS,102.69911193847656
2024-08-29,GARAN.IS,104.08944702148438
2024-09-02,GARAN.IS,106.96279907226562
2024-09-03,GARAN.IS,105.3870849609375
2024-09-04,GARAN.IS,105.7578353881836
2024-09-05,GARAN.IS,105.20171356201172
2024-09-06,GARAN.IS,103.90406036376953
2024-09-09,GARAN.IS,100.10382843017578
2024-09-10,GARAN.IS,98.80618286132812
2024-09-11,GARAN.IS,98.4354248046875
2024-09-12,GARAN.IS,101.67953491210938
2024-09-13,GARAN.IS,102.88449096679688
2024-09-16,GARAN.IS,103.44062042236328
2024-09-17,GARAN.IS,104.73826599121094
2024-09-18,GARAN.IS,105.85052490234375
2024-09-19,GARAN.IS,107.98237609863281
2024-09-20,GARAN.IS,110.4849624633789
2024-09-23,GARAN.IS,111.78260803222656
2024-09-24,GARAN.IS,116.78779602050781
2024-09-25,GARAN.IS,117.62200164794922
2024-09-26,GARAN.IS,114.74864959716797
2024-09-27,GARAN.IS,114.00713348388672
2024-09-30,GARAN.IS,113.45101165771484
2024-10-01,GARAN.IS,112.80217742919922
2024-10-02,GARAN.IS,107.1481704711914
2024-10-03,GARAN.IS,103.8113784790039
2024-10-04,GARAN.IS,107.05548858642578
2024-10-07,GARAN.IS,105.47977447509766
2024-10-08,GARAN.IS,106.87010955810547
2024-10-09,GARAN.IS,111.31916046142578
2024-10-10,GARAN.IS,109.00194549560547
2024-10-11,GARAN.IS,110.67034912109375
2024-10-14,GARAN.IS,107.98237609863281
2024-10-15,GARAN.IS,108.90926361083984
2024-10-16,GARAN.IS,108.3531265258789
2024-10-17,GARAN.IS,106.40666198730469
2024-10-18,GARAN.IS,102.79180145263672
2024-10-21,GARAN.IS,100.65995788574219
2024-10-22,GARAN.IS,103.53330993652344
2024-10-23,GARAN.IS,102.69911193847656
2024-10-24,GARAN.IS,103.8113784790039
2024-10-25,GARAN.IS,103.06986236572266
2024-10-28,GARAN.IS,101.95760345458984
2024-10-30,GARAN.IS,100.56727600097656
2024-10-31,GARAN.IS,99.0842514038086
2024-11-01,GARAN.IS,97.8792953491211
2024-11-04,GARAN.IS,93.15217590332031
2024-11-05,GARAN.IS,90.60323333740234
2024-11-06,GARAN.IS,94.35713195800781
2024-11-07,GARAN.IS,97.50853729248047
2024-11-08,GARAN.IS,101.77222442626953
2024-11-11,GARAN.IS,103.6259994506836
2024-11-12,GARAN.IS,103.6259994506836
2024-11-13,GARAN.IS,105.20171356201172
2024-11-14,GARAN.IS,105.47977447509766
2024-11-15,GARAN.IS,104.73826599121094
2024-11-18,GARAN.IS,105.47977447509766
2024-11-19,GARAN.IS,102.69911193847656
2024-11-20,GARAN.IS,101.03071594238281
2024-11-21,GARAN.IS,106.31397247314453
2024-11-22,GARAN.IS,110.7630386352539
2024-11-25,GARAN.IS,111.50454711914062
2024-11-26,GARAN.IS,111.6899185180664
2024-11-27,GARAN.IS,111.31916046142578
2024-11-28,GARAN.IS,112.98756408691406
2024-11-29,GARAN.IS,111.6899185180664
2024-12-02,GARAN.IS,111.96798706054688
2024-12-03,GARAN.IS,115.58283996582031
2024-12-04,GARAN.IS,114.74864959716797
2024-12-05,GARAN.IS,115.3047866821289
2024-12-06,GARAN.IS,119.19770812988281
2024-12-09,GARAN.IS,122.34912109375
2024-12-10,GARAN.IS,119.47576904296875
2024-12-11,GARAN.IS,116.78779602050781
2024-12-12,GARAN.IS,116.60242462158203
2024-12-13,GARAN.IS,118.4561996459961
2024-12-16,GARAN.IS,118.4561996459961
2024-12-17,GARAN.IS,120.95878601074219
2024-12-18,GARAN.IS,119.0123291015625
2024-12-19,GARAN.IS,115.58283996582031
2024-12-20,GARAN.IS,116.23167419433594
2024-12-23,GARAN.IS,116.23167419433594
2024-12-24,GARAN.IS,117.2512435913086
2024-12-25,GARAN.IS,123.55408477783203
2024-12-26,GARAN.IS,121.42223358154297
2024-12-27,GARAN.IS,120.49534606933594
2024-12-30,GARAN.IS,116.97317504882812
2024-12-31,GARAN.IS,115.3047866821289
2015-03-11,THYAO.IS,8.156983375549316
2015-03-12,THYAO.IS,8.176520347595215
2015-03-13,THYAO.IS,7.942068576812744
2015-03-16,THYAO.IS,8.22536563873291
2015-03-17,THYAO.IS,8.498891830444336
2015-03-18,THYAO.IS,8.430510520935059
2015-03-19,THYAO.IS,8.674732208251953
2015-03-20,THYAO.IS,8.733344078063965
2015-03-23,THYAO.IS,8.801726341247559
2015-03-24,THYAO.IS,8.528199195861816
2015-03-25,THYAO.IS,8.508661270141602
2015-03-26,THYAO.IS,8.274209022521973
2015-03-27,THYAO.IS,8.430510520935059
2015-03-30,THYAO.IS,8.694268226623535
2015-03-31,THYAO.IS,8.694268226623535
2015-04-01,THYAO.IS,8.625886917114258
2015-04-02,THYAO.IS,8.723576545715332
2015-04-03,THYAO.IS,8.909184455871582
2015-04-06,THYAO.IS,8.79195785522461
2015-04-07,THYAO.IS,8.625886917114258
2015-04-08,THYAO.IS,8.831032752990723
2015-04-09,THYAO.IS,8.889646530151367
2015-04-10,THYAO.IS,8.772418975830078
2015-04-13,THYAO.IS,8.850571632385254
2015-04-14,THYAO.IS,8.821263313293457
2015-04-15,THYAO.IS,8.59658145904541
2015-04-16,THYAO.IS,8.684500694274902
2015-04-17,THYAO.IS,8.674732208251953
2015-04-20,THYAO.IS,8.79195785522461
2015-04-21,THYAO.IS,9.006872177124023
2015-04-22,THYAO.IS,8.948258399963379
2015-04-23,THYAO.IS,8.948258399963379
2015-04-24,THYAO.IS,9.065485000610352
2015-04-27,THYAO.IS,9.15340518951416
2015-04-28,THYAO.IS,9.026410102844238
2015-04-29,THYAO.IS,9.045948028564453
2015-04-30,THYAO.IS,8.674732208251953
2015-05-01,THYAO.IS,8.674732208251953
2015-05-04,THYAO.IS,8.850571632385254
2015-05-05,THYAO.IS,8.733344078063965
2015-05-06,THYAO.IS,8.537967681884766
2015-05-07,THYAO.IS,8.674732208251953
2015-05-08,THYAO.IS,8.762651443481445
2015-05-11,THYAO.IS,8.918952941894531
2015-05-12,THYAO.IS,9.16317367553711
2015-05-13,THYAO.IS,9.231555938720703
2015-05-14,THYAO.IS,9.34878158569336
2015-05-15,THYAO.IS,9.446470260620117
2015-05-18,THYAO.IS,9.573464393615723
2015-05-19,THYAO.IS,9.573464393615723
2015-05-20,THYAO.IS,9.378087997436523
2015-05-21,THYAO.IS,9.045948028564453
2015-05-22,THYAO.IS,9.104560852050781
2015-05-25,THYAO.IS,9.006872177124023
2015-05-26,THYAO.IS,8.997103691101074
2015-05-27,THYAO.IS,9.16317367553711
2015-05-28,THYAO.IS,9.104560852050781
2015-05-29,THYAO.IS,8.811495780944824
2015-06-01,THYAO.IS,8.567275047302246
2015-06-02,THYAO.IS,8.664962768554688
2015-06-03,THYAO.IS,8.831032752990723
2015-06-04,THYAO.IS,8.860339164733887
2015-06-05,THYAO.IS,8.79195785522461
2015-06-08,THYAO.IS,8.22536563873291
2015-06-09,THYAO.IS,8.205826759338379
2015-06-10,THYAO.IS,8.410972595214844
2015-06-11,THYAO.IS,8.547737121582031
2015-06-12,THYAO.IS,8.547737121582031
2015-06-15,THYAO.IS,8.38166618347168
2015-06-16,THYAO.IS,8.51842975616455
2015-06-17,THYAO.IS,8.645424842834473
2015-06-18,THYAO.IS,8.74311351776123
2015-06-19,THYAO.IS,8.831032752990723
2015-06-22,THYAO.IS,8.879877090454102
2015-06-23,THYAO.IS,8.74311351776123
2015-06-24,THYAO.IS,8.8994140625
2015-06-25,THYAO.IS,8.948258399963379
2015-06-26,THYAO.IS,8.879877090454102
2015-06-29,THYAO.IS,8.635656356811523
2015-06-30,THYAO.IS,8.59658145904541
2015-07-01,THYAO.IS,8.684500694274902
2015-07-02,THYAO.IS,8.78218936920166
2015-07-03,THYAO.IS,8.60634994506836
2015-07-06,THYAO.IS,8.93848991394043
2015-07-07,THYAO.IS,8.96779727935791
2015-07-08,THYAO.IS,8.811495780944824
2015-07-09,THYAO.IS,9.0752534866333
2015-07-10,THYAO.IS,9.0752534866333
2015-07-13,THYAO.IS,9.16317367553711
2015-07-14,THYAO.IS,9.0752534866333
2015-07-15,THYAO.IS,9.026410102844238
2015-07-16,THYAO.IS,8.96779727935791
2015-07-17,THYAO.IS,8.96779727935791
2015-07-20,THYAO.IS,8.850571632385254
2015-07-21,THYAO.IS,8.997103691101074
2015-07-22,THYAO.IS,9.045948028564453
2015-07-23,THYAO.IS,8.616118431091309
2015-07-24,THYAO.IS,8.645424842834473
2015-07-27,THYAO.IS,8.430510520935059
2015-07-28,THYAO.IS,8.733344078063965
2015-07-29,THYAO.IS,8.655194282531738
2015-07-30,THYAO.IS,8.625886917114258
2015-07-31,THYAO.IS,8.821263313293457
2015-08-03,THYAO.IS,8.674732208251953
2015-08-04,THYAO.IS,8.79195785522461
2015-08-05,THYAO.IS,8.694268226623535
2015-08-06,THYAO.IS,8.889646530151367
2015-08-07,THYAO.IS,8.879877090454102
2015-08-10,THYAO.IS,8.625886917114258
2015-08-11,THYAO.IS,8.93848991394043
2015-08-12,THYAO.IS,8.831032752990723
2015-08-13,THYAO.IS,8.7040376663208
2015-08-14,THYAO.IS,8.870108604431152
2015-08-17,THYAO.IS,8.850571632385254
2015-08-18,THYAO.IS,8.547737121582031
2015-08-19,THYAO.IS,8.18628978729248
2015-08-20,THYAO.IS,8.254671096801758
2015-08-21,THYAO.IS,8.020218849182129
2015-08-24,THYAO.IS,7.590390205383301
2015-08-25,THYAO.IS,7.873686790466309
2015-08-26,THYAO.IS,7.922530651092529
2015-08-27,THYAO.IS,7.922530651092529
2015-08-28,THYAO.IS,7.775998115539551
2015-08-31,THYAO.IS,7.863918304443359
2015-09-01,THYAO.IS,7.590390205383301
2015-09-02,THYAO.IS,7.590390205383301
2015-09-03,THYAO.IS,7.541545391082764
2015-09-04,THYAO.IS,7.580621242523193
2015-09-07,THYAO.IS,7.6685404777526855
2015-09-08,THYAO.IS,7.863918304443359
2015-09-09,THYAO.IS,7.766228675842285
2015-09-10,THYAO.IS,7.746691703796387
2015-09-11,THYAO.IS,7.580621242523193
2015-09-14,THYAO.IS,7.756460189819336
2015-09-15,THYAO.IS,7.863918304443359
2015-09-16,THYAO.IS,7.91276216506958
2015-09-17,THYAO.IS,7.981143951416016
2015-09-18,THYAO.IS,8.029988288879395
2015-09-21,THYAO.IS,8.078832626342773
2015-09-22,THYAO.IS,8.020218849182129
2015-09-23,THYAO.IS,7.922530651092529
2015-09-24,THYAO.IS,7.922530651092529
2015-09-25,THYAO.IS,7.922530651092529
2015-09-28,THYAO.IS,7.746691703796387
2015-09-29,THYAO.IS,7.82484245300293
2015-09-30,THYAO.IS,7.7857666015625
2015-10-01,THYAO.IS,7.815073490142822
2015-10-02,THYAO.IS,7.893224239349365
2015-10-05,THYAO.IS,8.117908477783203
2015-10-06,THYAO.IS,8.23513412475586
2015-10-07,THYAO.IS,8.283977508544922
2015-10-08,THYAO.IS,8.342591285705566
2015-10-09,THYAO.IS,8.303515434265137
2015-10-12,THYAO.IS,8.371896743774414
2015-10-13,THYAO.IS,8.22536563873291
2015-10-14,THYAO.IS,8.391434669494629
2015-10-15,THYAO.IS,8.3328218460083
2015-10-16,THYAO.IS,8.205826759338379
2015-10-19,THYAO.IS,8.283977508544922
2015-10-20,THYAO.IS,8.469586372375488
2015-10-21,THYAO.IS,8.323053359985352
2015-10-22,THYAO.IS,8.3328218460083
2015-10-23,THYAO.IS,8.313284873962402
2015-10-26,THYAO.IS,8.215595245361328
2015-10-27,THYAO.IS,8.108139038085938
2015-10-28,THYAO.IS,8.108139038085938
2015-10-29,THYAO.IS,8.108139038085938
2015-10-30,THYAO.IS,8.410972595214844
2015-11-02,THYAO.IS,8.987334251403809
2015-11-03,THYAO.IS,8.860339164733887
2015-11-04,THYAO.IS,8.987334251403809
2015-11-05,THYAO.IS,9.055716514587402
2015-11-06,THYAO.IS,8.987334251403809
2015-11-09,THYAO.IS,8.948258399963379
2015-11-10,THYAO.IS,8.879877090454102
2015-11-11,THYAO.IS,8.958027839660645
2015-11-12,THYAO.IS,9.065485000610352
2015-11-13,THYAO.IS,9.006872177124023
2015-11-16,THYAO.IS,8.772418975830078
2015-11-17,THYAO.IS,8.723576545715332
2015-11-18,THYAO.IS,8.508661270141602
2015-11-19,THYAO.IS,8.55750560760498
2015-11-20,THYAO.IS,8.55750560760498
2015-11-23,THYAO.IS,8.3328218460083
2015-11-24,THYAO.IS,7.736922740936279
2015-11-25,THYAO.IS,7.766228675842285
2015-11-26,THYAO.IS,7.551314353942871
2015-11-27,THYAO.IS,7.649003028869629
2015-11-30,THYAO.IS,7.4829325675964355
2015-12-01,THYAO.IS,7.512239456176758
2015-12-02,THYAO.IS,7.717385292053223
2015-12-03,THYAO.IS,7.522008419036865
2015-12-04,THYAO.IS,7.424319744110107
2015-12-07,THYAO.IS,7.4536261558532715
2015-12-08,THYAO.IS,7.2973246574401855
2015-12-09,THYAO.IS,7.463395118713379
2015-12-10,THYAO.IS,7.0824103355407715
2015-12-11,THYAO.IS,6.720963478088379
2015-12-14,THYAO.IS,6.642812728881836
2015-12-15,THYAO.IS,7.062872886657715
2015-12-16,THYAO.IS,7.101947784423828
2015-12-17,THYAO.IS,7.1605610847473145
2015-12-18,THYAO.IS,7.062872886657715
2015-12-21,THYAO.IS,7.316862106323242
2015-12-22,THYAO.IS,7.2680182456970215
2015-12-23,THYAO.IS,7.307094097137451
2015-12-24,THYAO.IS,7.248480796813965
2015-12-25,THYAO.IS,7.22894287109375
2015-12-28,THYAO.IS,7.355937957763672
2015-12-29,THYAO.IS,7.316862106323242
2015-12-30,THYAO.IS,7.209404945373535
2015-12-31,THYAO.IS,7.219173908233643
2016-01-01,THYAO.IS,7.219173908233643
2016-01-04,THYAO.IS,6.9749531745910645
2016-01-05,THYAO.IS,7.072641372680664
2016-01-06,THYAO.IS,7.0433349609375
2016-01-07,THYAO.IS,7.150792598724365
2016-01-08,THYAO.IS,7.053103446960449
2016-01-11,THYAO.IS,7.121485710144043
2016-01-12,THYAO.IS,7.101947784423828
2016-01-13,THYAO.IS,7.170330047607422
2016-01-14,THYAO.IS,7.033565998077393
2016-01-15,THYAO.IS,6.935877799987793
2016-01-18,THYAO.IS,6.994490623474121
2016-01-19,THYAO.IS,7.062872886657715
2016-01-20,THYAO.IS,6.887033462524414
2016-01-21,THYAO.IS,6.896801948547363
2016-01-22,THYAO.IS,6.896801948547363
2016-01-25,THYAO.IS,6.95541524887085
2016-01-26,THYAO.IS,7.121485710144043
2016-01-27,THYAO.IS,7.1117167472839355
2016-01-28,THYAO.IS,7.062872886657715
2016-01-29,THYAO.IS,7.1410231590271
2016-02-01,THYAO.IS,7.121485710144043
2016-02-02,THYAO.IS,7.053103446960449
2016-02-03,THYAO.IS,7.053103446960449
2016-02-04,THYAO.IS,7.121485710144043
2016-02-05,THYAO.IS,7.062872886657715
2016-02-08,THYAO.IS,6.730731964111328
2016-02-09,THYAO.IS,6.672118663787842
2016-02-10,THYAO.IS,6.720963478088379
2016-02-11,THYAO.IS,6.6330437660217285
2016-02-12,THYAO.IS,6.506048679351807
2016-02-15,THYAO.IS,6.408360481262207
2016-02-16,THYAO.IS,6.466973304748535
2016-02-17,THYAO.IS,6.672118663787842
2016-02-18,THYAO.IS,6.769806861877441
2016-02-19,THYAO.IS,6.691656589508057
2016-02-22,THYAO.IS,6.9261088371276855
2016-02-23,THYAO.IS,6.994490623474121
2016-02-24,THYAO.IS,6.779576301574707
2016-02-25,THYAO.IS,6.935877799987793
2016-02-26,THYAO.IS,6.965184688568115
2016-02-29,THYAO.IS,7.150792598724365
2016-03-01,THYAO.IS,7.277787208557129
2016-03-02,THYAO.IS,7.2973246574401855
2016-03-03,THYAO.IS,7.248480796813965
2016-03-04,THYAO.IS,7.4536261558532715
2016-03-07,THYAO.IS,7.434088706970215
2016-03-08,THYAO.IS,7.395013332366943
2016-03-09,THYAO.IS,7.512239456176758
2016-03-10,THYAO.IS,7.424319744110107
2016-03-11,THYAO.IS,7.609927654266357
2016-03-14,THYAO.IS,7.727153778076172
2016-03-15,THYAO.IS,7.4829325675964355
2016-03-16,THYAO.IS,7.570852279663086
2016-03-17,THYAO.IS,7.658771991729736
2016-03-18,THYAO.IS,7.727153778076172
2016-03-21,THYAO.IS,7.775998115539551
2016-03-22,THYAO.IS,7.404782295227051
2016-03-23,THYAO.IS,7.336400508880615
2016-03-24,THYAO.IS,7.434088706970215
2016-03-25,THYAO.IS,7.4536261558532715
2016-03-28,THYAO.IS,7.443857192993164
2016-03-29,THYAO.IS,7.4536261558532715
2016-03-30,THYAO.IS,7.590390205383301
2016-03-31,THYAO.IS,7.609927654266357
2016-04-01,THYAO.IS,7.541545391082764
2016-04-04,THYAO.IS,7.658771991729736
2016-04-05,THYAO.IS,7.629465579986572
2016-04-06,THYAO.IS,7.443857192993164
2016-04-07,THYAO.IS,7.3461689949035645
2016-04-08,THYAO.IS,7.375475883483887
2016-04-11,THYAO.IS,7.541545391082764
2016-04-12,THYAO.IS,7.4536261558532715
2016-04-13,THYAO.IS,7.5610833168029785
2016-04-14,THYAO.IS,7.531777381896973
2016-04-15,THYAO.IS,7.395013332366943
2016-04-18,THYAO.IS,7.385244369506836
2016-04-19,THYAO.IS,7.32663106918335
2016-04-20,THYAO.IS,6.828420162200928
2016-04-21,THYAO.IS,6.750269889831543
2016-04-22,THYAO.IS,6.877264499664307
2016-04-25,THYAO.IS,6.769806861877441
2016-04-26,THYAO.IS,6.808882713317871
2016-04-27,THYAO.IS,6.85772705078125
2016-04-28,THYAO.IS,6.828420162200928
2016-04-29,THYAO.IS,6.7405009269714355
2016-05-02,THYAO.IS,6.681887626647949
2016-05-03,THYAO.IS,6.457204341888428
2016-05-04,THYAO.IS,6.545124053955078
2016-05-05,THYAO.IS,6.496279716491699
2016-05-06,THYAO.IS,6.496279716491699
2016-05-09,THYAO.IS,6.564661502838135
2016-05-10,THYAO.IS,6.496279716491699
2016-05-11,THYAO.IS,6.466973304748535
2016-05-12,THYAO.IS,6.26182746887207
2016-05-13,THYAO.IS,6.066451072692871
2016-05-16,THYAO.IS,5.988300323486328
2016-05-17,THYAO.IS,6.095757484436035
2016-05-18,THYAO.IS,5.968762397766113
2016-05-19,THYAO.IS,5.968762397766113
2016-05-20,THYAO.IS,5.9003801345825195
2016-05-23,THYAO.IS,6.007837772369385
2016-05-24,THYAO.IS,6.115294933319092
2016-05-25,THYAO.IS,6.085988521575928
2016-05-26,THYAO.IS,6.066451072692871
2016-05-27,THYAO.IS,6.027375221252441
2016-05-30,THYAO.IS,6.183676719665527
2016-05-31,THYAO.IS,6.07621955871582
2016-06-01,THYAO.IS,5.988300323486328
2016-06-02,THYAO.IS,5.978531360626221
2016-06-03,THYAO.IS,6.07621955871582
2016-06-06,THYAO.IS,6.07621955871582
2016-06-07,THYAO.IS,5.958993434906006
2016-06-08,THYAO.IS,5.949224948883057
2016-06-09,THYAO.IS,5.919918060302734
2016-06-10,THYAO.IS,5.763617038726807
2016-06-13,THYAO.IS,5.636621952056885
2016-06-14,THYAO.IS,5.7147722244262695
2016-06-15,THYAO.IS,5.6854658126831055
2016-06-16,THYAO.IS,5.6073150634765625
2016-06-17,THYAO.IS,5.587777137756348
2016-06-20,THYAO.IS,5.636621952056885
2016-06-21,THYAO.IS,5.783154010772705
2016-06-22,THYAO.IS,5.675696849822998
2016-06-23,THYAO.IS,5.695234775543213
2016-06-24,THYAO.IS,5.538933753967285
2016-06-27,THYAO.IS,5.753848075866699
2016-06-28,THYAO.IS,5.831998348236084
2016-06-29,THYAO.IS,5.675696849822998
2016-06-30,THYAO.IS,5.587777137756348
2016-07-01,THYAO.IS,5.597546100616455
2016-07-04,THYAO.IS,5.597546100616455
2016-07-05,THYAO.IS,5.597546100616455
2016-07-06,THYAO.IS,5.597546100616455
2016-07-07,THYAO.IS,5.597546100616455
2016-07-08,THYAO.IS,5.490088939666748
2016-07-11,THYAO.IS,5.675696849822998
2016-07-12,THYAO.IS,5.7929229736328125
2016-07-13,THYAO.IS,5.861305236816406
2016-07-14,THYAO.IS,5.89061164855957
2016-07-15,THYAO.IS,5.822229862213135
2016-07-18,THYAO.IS,5.089566707611084
2016-07-19,THYAO.IS,5.001646995544434
2016-07-20,THYAO.IS,4.933265209197998
2016-07-21,THYAO.IS,4.757425785064697
2016-07-22,THYAO.IS,4.83557653427124
2016-07-25,THYAO.IS,5.030953407287598
2016-07-26,THYAO.IS,4.962571620941162
2016-07-27,THYAO.IS,5.030953407287598
2016-07-28,THYAO.IS,5.030953407287598
2016-07-29,THYAO.IS,5.0504913330078125
2016-08-01,THYAO.IS,5.099335193634033
2016-08-02,THYAO.IS,5.079797744750977
2016-08-03,THYAO.IS,4.982109546661377
2016-08-04,THYAO.IS,5.030953407287598
2016-08-05,THYAO.IS,5.030953407287598
2016-08-08,THYAO.IS,5.33378791809082
2016-08-09,THYAO.IS,5.597546100616455
2016-08-10,THYAO.IS,5.480320453643799
2016-08-11,THYAO.IS,5.578008651733398
2016-08-12,THYAO.IS,5.490088939666748
2016-08-15,THYAO.IS,5.460782527923584
2016-08-16,THYAO.IS,5.197024345397949
2016-08-17,THYAO.IS,5.2360992431640625
2016-08-18,THYAO.IS,5.197024345397949
2016-08-19,THYAO.IS,5.284943103790283
2016-08-22,THYAO.IS,5.1579484939575195
2016-08-23,THYAO.IS,5.138411045074463
2016-08-24,THYAO.IS,5.02118444442749
2016-08-25,THYAO.IS,5.011415958404541
2016-08-26,THYAO.IS,5.030953407287598
2016-08-29,THYAO.IS,5.040722370147705
2016-08-30,THYAO.IS,5.040722370147705
2016-08-31,THYAO.IS,5.040722370147705
2016-09-01,THYAO.IS,5.030953407287598
2016-09-02,THYAO.IS,5.060259819030762
2016-09-05,THYAO.IS,5.128641605377197
2016-09-06,THYAO.IS,5.060259819030762
2016-09-07,THYAO.IS,5.02118444442749
2016-09-08,THYAO.IS,5.0504913330078125
2016-09-09,THYAO.IS,5.1579484939575195
2016-09-12,THYAO.IS,5.1579484939575195
2016-09-13,THYAO.IS,5.1579484939575195
2016-09-14,THYAO.IS,5.1579484939575195
2016-09-15,THYAO.IS,5.1579484939575195
2016-09-16,THYAO.IS,5.011415958404541
2016-09-19,THYAO.IS,5.0504913330078125
2016-09-20,THYAO.IS,5.060259819030762
2016-09-21,THYAO.IS,5.079797744750977
2016-09-22,THYAO.IS,5.197024345397949
2016-09-23,THYAO.IS,5.216561794281006
2016-09-26,THYAO.IS,5.001646995544434
2016-09-27,THYAO.IS,5.011415958404541
2016-09-28,THYAO.IS,5.040722370147705
2016-09-29,THYAO.IS,5.040722370147705
2016-09-30,THYAO.IS,5.02118444442749
2016-10-03,THYAO.IS,5.030953407287598
2016-10-04,THYAO.IS,5.02118444442749
2016-10-05,THYAO.IS,5.226330280303955
2016-10-06,THYAO.IS,5.187254905700684
2016-10-07,THYAO.IS,5.148179531097412
2016-10-10,THYAO.IS,5.206792831420898
2016-10-11,THYAO.IS,5.2360992431640625
2016-10-12,THYAO.IS,5.3142499923706055
2016-10-13,THYAO.IS,5.304481029510498
2016-10-14,THYAO.IS,5.294712543487549
2016-10-17,THYAO.IS,5.382632255554199
2016-10-18,THYAO.IS,5.421707630157471
2016-10-19,THYAO.IS,5.460782527923584
2016-10-20,THYAO.IS,5.509626865386963
2016-10-21,THYAO.IS,5.451013565063477
2016-10-24,THYAO.IS,5.578008651733398
2016-10-25,THYAO.IS,5.490088939666748
2016-10-26,THYAO.IS,5.460782527923584
2016-10-27,THYAO.IS,5.382632255554199
2016-10-28,THYAO.IS,5.343555927276611
2016-10-31,THYAO.IS,5.3142499923706055
2016-11-01,THYAO.IS,5.245867729187012
2016-11-02,THYAO.IS,5.275174617767334
2016-11-03,THYAO.IS,5.216561794281006
2016-11-04,THYAO.IS,4.962571620941162
2016-11-07,THYAO.IS,5.177486419677734
2016-11-08,THYAO.IS,5.1579484939575195
2016-11-09,THYAO.IS,5.226330280303955
2016-11-10,THYAO.IS,5.128641605377197
2016-11-11,THYAO.IS,5.099335193634033
2016-11-14,THYAO.IS,5.060259819030762
2016-11-15,THYAO.IS,5.109104633331299
2016-11-16,THYAO.IS,5.0504913330078125
2016-11-17,THYAO.IS,5.02118444442749
2016-11-18,THYAO.IS,5.040722370147705
2016-11-21,THYAO.IS,5.138411045074463
2016-11-22,THYAO.IS,5.099335193634033
2016-11-23,THYAO.IS,5.001646995544434
2016-11-24,THYAO.IS,4.903958320617676
2016-11-25,THYAO.IS,4.923496246337891
2016-11-28,THYAO.IS,4.923496246337891
2016-11-29,THYAO.IS,4.845345497131348
2016-11-30,THYAO.IS,4.698812961578369
2016-12-01,THYAO.IS,4.522974014282227
2016-12-02,THYAO.IS,4.679275035858154
2016-12-05,THYAO.IS,4.601124286651611
2016-12-06,THYAO.IS,4.718350410461426
2016-12-07,THYAO.IS,4.757425785064697
2016-12-08,THYAO.IS,4.728119373321533
2016-12-09,THYAO.IS,4.669507026672363
2016-12-12,THYAO.IS,4.659737586975098
2016-12-13,THYAO.IS,4.698812961578369
2016-12-14,THYAO.IS,4.689043998718262
2016-12-15,THYAO.IS,4.845345497131348
2016-12-16,THYAO.IS,4.825808048248291
2016-12-19,THYAO.IS,4.894190311431885
2016-12-20,THYAO.IS,4.943033695220947
2016-12-21,THYAO.IS,4.933265209197998
2016-12-22,THYAO.IS,4.874651908874512
2016-12-23,THYAO.IS,4.825808048248291
2016-12-26,THYAO.IS,4.855114459991455
2016-12-27,THYAO.IS,4.83557653427124
2016-12-28,THYAO.IS,4.923496246337891
2016-12-29,THYAO.IS,4.913727283477783
2016-12-30,THYAO.IS,4.894190311431885
2017-01-02,THYAO.IS,4.855114459991455
2017-01-03,THYAO.IS,4.767195224761963
2017-01-04,THYAO.IS,4.708581924438477
2017-01-05,THYAO.IS,4.845345497131348
2017-01-06,THYAO.IS,4.825808048248291
2017-01-09,THYAO.IS,4.767195224761963
2017-01-10,THYAO.IS,4.718350410461426
2017-01-11,THYAO.IS,4.708581924438477
2017-01-12,THYAO.IS,4.855114459991455
2017-01-13,THYAO.IS,4.894190311431885
2017-01-16,THYAO.IS,4.982109546661377
2017-01-17,THYAO.IS,5.0504913330078125
2017-01-18,THYAO.IS,5.099335193634033
2017-01-19,THYAO.IS,5.030953407287598
2017-01-20,THYAO.IS,5.070028781890869
2017-01-23,THYAO.IS,5.079797744750977
2017-01-24,THYAO.IS,5.372862815856934
2017-01-25,THYAO.IS,5.2360992431640625
2017-01-26,THYAO.IS,5.343555927276611
2017-01-27,THYAO.IS,5.226330280303955
2017-01-30,THYAO.IS,5.470551013946533
2017-01-31,THYAO.IS,5.411938667297363
2017-02-01,THYAO.IS,5.51939582824707
2017-02-02,THYAO.IS,5.548702239990234
2017-02-03,THYAO.IS,5.548702239990234
2017-02-06,THYAO.IS,5.470551013946533
2017-02-07,THYAO.IS,5.43147611618042
2017-02-08,THYAO.IS,5.61708402633667
2017-02-09,THYAO.IS,5.61708402633667
2017-02-10,THYAO.IS,5.451013565063477
2017-02-13,THYAO.IS,5.587777137756348
2017-02-14,THYAO.IS,5.6073150634765625
2017-02-15,THYAO.IS,5.509626865386963
2017-02-16,THYAO.IS,5.548702239990234
2017-02-17,THYAO.IS,5.578008651733398
2017-02-20,THYAO.IS,5.587777137756348
2017-02-21,THYAO.IS,5.587777137756348
2017-02-22,THYAO.IS,5.578008651733398
2017-02-23,THYAO.IS,5.6073150634765625
2017-02-24,THYAO.IS,5.51939582824707
2017-02-27,THYAO.IS,5.411938667297363
2017-02-28,THYAO.IS,5.33378791809082
2017-03-01,THYAO.IS,5.548702239990234
2017-03-02,THYAO.IS,5.578008651733398
2017-03-03,THYAO.IS,5.568239688873291
2017-03-06,THYAO.IS,5.568239688873291
2017-03-07,THYAO.IS,5.5291643142700195
2017-03-08,THYAO.IS,5.441245079040527
2017-03-09,THYAO.IS,5.382632255554199
2017-03-10,THYAO.IS,5.480320453643799
2017-03-13,THYAO.IS,5.51939582824707
2017-03-14,THYAO.IS,5.675696849822998
2017-03-15,THYAO.IS,5.724541664123535
2017-03-16,THYAO.IS,5.783154010772705
2017-03-17,THYAO.IS,5.753848075866699
2017-03-20,THYAO.IS,5.773385524749756
2017-03-21,THYAO.IS,5.6073150634765625
2017-03-22,THYAO.IS,5.372862815856934
2017-03-23,THYAO.IS,5.363093852996826
2017-03-24,THYAO.IS,5.402169704437256
2017-03-27,THYAO.IS,5.411938667297363
2017-03-28,THYAO.IS,5.421707630157471
2017-03-29,THYAO.IS,5.33378791809082
2017-03-30,THYAO.IS,5.343555927276611
2017-03-31,THYAO.IS,5.343555927276611
2017-04-03,THYAO.IS,5.275174617767334
2017-04-04,THYAO.IS,5.372862815856934
2017-04-05,THYAO.IS,5.353325366973877
2017-04-06,THYAO.IS,5.324018955230713
2017-04-07,THYAO.IS,5.304481029510498
2017-04-10,THYAO.IS,5.460782527923584
2017-04-11,THYAO.IS,5.421707630157471
2017-04-12,THYAO.IS,5.43147611618042
2017-04-13,THYAO.IS,5.324018955230713
2017-04-14,THYAO.IS,5.353325366973877
2017-04-17,THYAO.IS,5.402169704437256
2017-04-18,THYAO.IS,5.421707630157471
2017-04-19,THYAO.IS,5.382632255554199
2017-04-20,THYAO.IS,5.460782527923584
2017-04-21,THYAO.IS,5.538933753967285
2017-04-24,THYAO.IS,5.783154010772705
2017-04-25,THYAO.IS,5.783154010772705
2017-04-26,THYAO.IS,5.958993434906006
2017-04-27,THYAO.IS,5.919918060302734
2017-04-28,THYAO.IS,5.919918060302734
2017-05-01,THYAO.IS,5.919918060302734
2017-05-02,THYAO.IS,5.929687023162842
2017-05-03,THYAO.IS,5.968762397766113
2017-05-04,THYAO.IS,5.998068332672119
2017-05-05,THYAO.IS,5.988300323486328
2017-05-08,THYAO.IS,6.281365394592285
2017-05-09,THYAO.IS,6.291134357452393
2017-05-10,THYAO.IS,6.496279716491699
2017-05-11,THYAO.IS,6.349747180938721
2017-05-12,THYAO.IS,6.349747180938721
2017-05-15,THYAO.IS,6.506048679351807
2017-05-16,THYAO.IS,6.564661502838135
2017-05-17,THYAO.IS,6.613505840301514
2017-05-18,THYAO.IS,6.535355567932129
2017-05-19,THYAO.IS,6.535355567932129
2017-05-22,THYAO.IS,6.691656589508057
2017-05-23,THYAO.IS,6.916339874267578
2017-05-24,THYAO.IS,6.9749531745910645
2017-05-25,THYAO.IS,7.121485710144043
2017-05-26,THYAO.IS,7.1117167472839355
2017-05-29,THYAO.IS,7.1410231590271
2017-05-30,THYAO.IS,7.072641372680664
2017-05-31,THYAO.IS,7.072641372680664
2017-06-01,THYAO.IS,6.984722137451172
2017-06-02,THYAO.IS,7.101947784423828
2017-06-05,THYAO.IS,7.248480796813965
2017-06-06,THYAO.IS,7.316862106323242
2017-06-07,THYAO.IS,7.248480796813965
2017-06-08,THYAO.IS,7.1605610847473145
2017-06-09,THYAO.IS,7.219173908233643
2017-06-12,THYAO.IS,7.209404945373535
2017-06-13,THYAO.IS,7.1410231590271
2017-06-14,THYAO.IS,7.2680182456970215
2017-06-15,THYAO.IS,7.189867973327637
2017-06-16,THYAO.IS,7.101947784423828
2017-06-19,THYAO.IS,7.277787208557129
2017-06-20,THYAO.IS,7.238711357116699
2017-06-21,THYAO.IS,7.277787208557129
2017-06-22,THYAO.IS,7.424319744110107
2017-06-23,THYAO.IS,7.590390205383301
2017-06-26,THYAO.IS,7.590390205383301
2017-06-27,THYAO.IS,7.590390205383301
2017-06-28,THYAO.IS,7.805304527282715
2017-06-29,THYAO.IS,7.629465579986572
2017-06-30,THYAO.IS,7.863918304443359
2017-07-03,THYAO.IS,7.873686790466309
2017-07-04,THYAO.IS,8.156983375549316
2017-07-05,THYAO.IS,8.039756774902344
2017-07-06,THYAO.IS,8.117908477783203
2017-07-07,THYAO.IS,8.18628978729248
2017-07-10,THYAO.IS,8.469586372375488
2017-07-11,THYAO.IS,8.42074203491211
2017-07-12,THYAO.IS,8.401204109191895
2017-07-13,THYAO.IS,8.55750560760498
2017-07-14,THYAO.IS,8.625886917114258
2017-07-17,THYAO.IS,8.733344078063965
2017-07-18,THYAO.IS,8.655194282531738
2017-07-19,THYAO.IS,8.75288200378418
2017-07-20,THYAO.IS,8.537967681884766
2017-07-21,THYAO.IS,8.635656356811523
2017-07-24,THYAO.IS,8.635656356811523
2017-07-25,THYAO.IS,8.586811065673828
2017-07-26,THYAO.IS,8.489123344421387
2017-07-27,THYAO.IS,8.577042579650879
2017-07-28,THYAO.IS,8.459816932678223
2017-07-31,THYAO.IS,8.625886917114258
2017-08-01,THYAO.IS,8.440279960632324
2017-08-02,THYAO.IS,8.459816932678223
2017-08-03,THYAO.IS,8.469586372375488
2017-08-04,THYAO.IS,8.664962768554688
2017-08-07,THYAO.IS,8.860339164733887
2017-08-08,THYAO.IS,8.840802192687988
2017-08-09,THYAO.IS,8.71380615234375
2017-08-10,THYAO.IS,8.635656356811523
2017-08-11,THYAO.IS,8.79195785522461
2017-08-14,THYAO.IS,9.280400276184082
2017-08-15,THYAO.IS,9.065485000610352
2017-08-16,THYAO.IS,9.085022926330566
2017-08-17,THYAO.IS,9.085022926330566
2017-08-18,THYAO.IS,9.045948028564453
2017-08-21,THYAO.IS,9.172943115234375
2017-08-22,THYAO.IS,9.339014053344727
2017-08-23,THYAO.IS,9.241324424743652
2017-08-24,THYAO.IS,9.299938201904297
2017-08-25,THYAO.IS,9.436700820922852
2017-08-28,THYAO.IS,9.651616096496582
2017-08-29,THYAO.IS,9.544158935546875
2017-08-30,THYAO.IS,9.544158935546875
2017-08-31,THYAO.IS,9.534390449523926
2017-09-01,THYAO.IS,9.534390449523926
2017-09-04,THYAO.IS,9.534390449523926
2017-09-05,THYAO.IS,9.48554515838623
2017-09-06,THYAO.IS,9.602771759033203
2017-09-07,THYAO.IS,9.807916641235352
2017-09-08,THYAO.IS,9.661385536193848
2017-09-11,THYAO.IS,9.993524551391602
2017-09-12,THYAO.IS,10.227977752685547
2017-09-13,THYAO.IS,9.798148155212402
2017-09-14,THYAO.IS,9.690690994262695
2017-09-15,THYAO.IS,9.583234786987305
2017-09-18,THYAO.IS,9.055716514587402
2017-09-19,THYAO.IS,8.997103691101074
2017-09-20,THYAO.IS,9.104560852050781
2017-09-21,THYAO.IS,9.026410102844238
2017-09-22,THYAO.IS,9.16317367553711
2017-09-25,THYAO.IS,8.567275047302246
2017-09-26,THYAO.IS,8.79195785522461
2017-09-27,THYAO.IS,8.401204109191895
2017-09-28,THYAO.IS,8.7040376663208
2017-09-29,THYAO.IS,8.547737121582031
2017-10-02,THYAO.IS,8.850571632385254
2017-10-03,THYAO.IS,8.733344078063965
2017-10-04,THYAO.IS,8.96779727935791
2017-10-05,THYAO.IS,8.92872142791748
2017-10-06,THYAO.IS,9.0752534866333
2017-10-09,THYAO.IS,8.23513412475586
2017-10-10,THYAO.IS,8.459816932678223
2017-10-11,THYAO.IS,8.645424842834473
2017-10-12,THYAO.IS,8.918952941894531
2017-10-13,THYAO.IS,8.93848991394043
2017-10-16,THYAO.IS,9.133867263793945
2017-10-17,THYAO.IS,9.2706298828125
2017-10-18,THYAO.IS,9.378087997436523
2017-10-19,THYAO.IS,9.71022891998291
2017-10-20,THYAO.IS,9.651616096496582
2017-10-23,THYAO.IS,9.651616096496582
2017-10-24,THYAO.IS,9.651616096496582
2017-10-25,THYAO.IS,9.807916641235352
2017-10-26,THYAO.IS,9.641846656799316
2017-10-27,THYAO.IS,9.866530418395996
2017-10-30,THYAO.IS,9.973987579345703
2017-10-31,THYAO.IS,10.140057563781738
2017-11-01,THYAO.IS,10.267053604125977
2017-11-02,THYAO.IS,10.218209266662598
2017-11-03,THYAO.IS,10.188901901245117
2017-11-06,THYAO.IS,10.794569969177246
2017-11-07,THYAO.IS,10.335434913635254
2017-11-08,THYAO.IS,10.30612850189209
2017-11-09,THYAO.IS,10.267053604125977
2017-11-10,THYAO.IS,9.778611183166504
2017-11-13,THYAO.IS,9.563695907592773
2017-11-14,THYAO.IS,10.198670387268066
2017-11-15,THYAO.IS,9.866530418395996
2017-11-16,THYAO.IS,9.866530418395996
2017-11-17,THYAO.IS,10.218209266662598
2017-11-20,THYAO.IS,10.032601356506348
2017-11-21,THYAO.IS,10.550349235534668
2017-11-22,THYAO.IS,10.843415260314941
2017-11-23,THYAO.IS,10.989947319030762
2017-11-24,THYAO.IS,11.126710891723633
2017-11-27,THYAO.IS,11.56630802154541
2017-11-28,THYAO.IS,10.921565055847168
2017-11-29,THYAO.IS,11.624920845031738
2017-11-30,THYAO.IS,11.976600646972656
2017-12-01,THYAO.IS,12.211051940917969
2017-12-04,THYAO.IS,12.4259672164917
2017-12-05,THYAO.IS,12.504117965698242
2017-12-06,THYAO.IS,12.435735702514648
2017-12-07,THYAO.IS,13.002328872680664
2017-12-08,THYAO.IS,13.275856018066406
2017-12-11,THYAO.IS,13.109785079956055
2017-12-12,THYAO.IS,13.578689575195312
2017-12-13,THYAO.IS,13.334468841552734
2017-12-14,THYAO.IS,14.07690143585205
2017-12-15,THYAO.IS,13.93036937713623
2017-12-18,THYAO.IS,14.291815757751465
2017-12-19,THYAO.IS,14.545805931091309
2017-12-20,THYAO.IS,14.799795150756836
2017-12-21,THYAO.IS,15.083090782165527
2017-12-22,THYAO.IS,14.799795150756836
2017-12-25,THYAO.IS,14.6532621383667
2017-12-26,THYAO.IS,14.770488739013672
2017-12-27,THYAO.IS,15.024478912353516
2017-12-28,THYAO.IS,15.356619834899902
2017-12-29,THYAO.IS,15.327312469482422
2018-01-01,THYAO.IS,15.327312469482422
2018-01-02,THYAO.IS,15.708297729492188
2018-01-03,THYAO.IS,15.82552433013916
2018-01-04,THYAO.IS,15.913444519042969
2018-01-05,THYAO.IS,15.952518463134766
2018-01-08,THYAO.IS,15.913444519042969
2018-01-09,THYAO.IS,15.727836608886719
2018-01-10,THYAO.IS,14.897483825683594
2018-01-11,THYAO.IS,15.298006057739258
2018-01-12,THYAO.IS,15.141704559326172
2018-01-15,THYAO.IS,14.291815757751465
2018-01-16,THYAO.IS,15.141704559326172
2018-01-17,THYAO.IS,15.092860221862793
2018-01-18,THYAO.IS,15.0049409866333
2018-01-19,THYAO.IS,14.64349365234375
2018-01-22,THYAO.IS,15.05378532409668
2018-01-23,THYAO.IS,15.258931159973145
2018-01-24,THYAO.IS,15.151473999023438
2018-01-25,THYAO.IS,14.83887004852295
2018-01-26,THYAO.IS,15.05378532409668
2018-01-29,THYAO.IS,15.298006057739258
2018-01-30,THYAO.IS,15.337080955505371
2018-01-31,THYAO.IS,16.099050521850586
2018-02-01,THYAO.IS,16.39211654663086
2018-02-02,THYAO.IS,16.245582580566406
2018-02-05,THYAO.IS,16.90986442565918
2018-02-06,THYAO.IS,16.734024047851562
2018-02-07,THYAO.IS,16.274890899658203
2018-02-08,THYAO.IS,15.776679039001465
2018-02-09,THYAO.IS,16.51911163330078
2018-02-12,THYAO.IS,16.782869338989258
2018-02-13,THYAO.IS,16.509342193603516
2018-02-14,THYAO.IS,16.128358840942383
2018-02-15,THYAO.IS,16.821945190429688
2018-02-16,THYAO.IS,16.90986442565918
2018-02-19,THYAO.IS,16.782869338989258
2018-02-20,THYAO.IS,16.313966751098633
2018-02-21,THYAO.IS,17.24200439453125
2018-02-22,THYAO.IS,17.281082153320312
2018-02-23,THYAO.IS,17.847673416137695
2018-02-26,THYAO.IS,18.482648849487305
2018-02-27,THYAO.IS,18.209121704101562
2018-02-28,THYAO.IS,18.570568084716797
2018-03-01,THYAO.IS,19.078548431396484
2018-03-02,THYAO.IS,18.238428115844727
2018-03-05,THYAO.IS,18.297040939331055
2018-03-06,THYAO.IS,16.861021041870117
2018-03-07,THYAO.IS,16.96847915649414
2018-03-08,THYAO.IS,16.528879165649414
2018-03-09,THYAO.IS,16.343271255493164
2018-03-12,THYAO.IS,17.124780654907227
2018-03-13,THYAO.IS,17.56437873840332
2018-03-14,THYAO.IS,17.99420738220215
2018-03-15,THYAO.IS,17.710908889770508
2018-03-16,THYAO.IS,17.87697982788086
2018-03-19,THYAO.IS,17.48622703552246
2018-03-20,THYAO.IS,18.42403793334961
2018-03-21,THYAO.IS,18.49241828918457
2018-03-22,THYAO.IS,18.384960174560547
2018-03-23,THYAO.IS,18.365421295166016
2018-03-26,THYAO.IS,18.765945434570312
2018-03-27,THYAO.IS,18.5510311126709
2018-03-28,THYAO.IS,18.091896057128906
2018-03-29,THYAO.IS,18.951553344726562
2018-03-30,THYAO.IS,18.756175994873047
2018-04-02,THYAO.IS,18.609643936157227
2018-04-03,THYAO.IS,18.97109031677246
2018-04-04,THYAO.IS,18.9027099609375
2018-04-05,THYAO.IS,19.019935607910156
2018-04-06,THYAO.IS,19.205543518066406
2018-04-09,THYAO.IS,19.234851837158203
2018-04-10,THYAO.IS,18.795251846313477
2018-04-11,THYAO.IS,18.209121704101562
2018-04-12,THYAO.IS,18.170045852661133
2018-04-13,THYAO.IS,17.91605567932129
2018-04-16,THYAO.IS,18.70733070373535
2018-04-17,THYAO.IS,17.798828125
2018-04-18,THYAO.IS,18.590106964111328
2018-04-19,THYAO.IS,18.453340530395508
2018-04-20,THYAO.IS,17.818368911743164
2018-04-23,THYAO.IS,17.818368911743164
2018-04-24,THYAO.IS,17.154085159301758
2018-04-25,THYAO.IS,16.84148406982422
2018-04-26,THYAO.IS,16.694950103759766
2018-04-27,THYAO.IS,16.997783660888672
2018-04-30,THYAO.IS,16.313966751098633
2018-05-01,THYAO.IS,16.313966751098633
2018-05-02,THYAO.IS,16.6656436920166
2018-05-03,THYAO.IS,16.362810134887695
2018-05-04,THYAO.IS,16.128358840942383
2018-05-07,THYAO.IS,16.216278076171875
2018-05-08,THYAO.IS,15.659453392028809
2018-05-09,THYAO.IS,16.10881996154785
2018-05-10,THYAO.IS,16.128358840942383
2018-05-11,THYAO.IS,15.952518463134766
2018-05-14,THYAO.IS,16.382349014282227
2018-05-15,THYAO.IS,16.313966751098633
2018-05-16,THYAO.IS,16.147897720336914
2018-05-17,THYAO.IS,15.864599227905273
2018-05-18,THYAO.IS,15.923211097717285
2018-05-21,THYAO.IS,16.499574661254883
2018-05-22,THYAO.IS,16.35304069519043
2018-05-23,THYAO.IS,16.235816955566406
2018-05-24,THYAO.IS,15.298006057739258
2018-05-25,THYAO.IS,16.216278076171875
2018-05-28,THYAO.IS,17.124780654907227
2018-05-29,THYAO.IS,17.085702896118164
2018-05-30,THYAO.IS,16.939172744750977
2018-05-31,THYAO.IS,16.255352020263672
2018-06-01,THYAO.IS,16.177200317382812
2018-06-04,THYAO.IS,15.93298053741455
2018-06-05,THYAO.IS,15.630146980285645
2018-06-06,THYAO.IS,14.926790237426758
2018-06-07,THYAO.IS,14.809564590454102
2018-06-08,THYAO.IS,13.168397903442383
2018-06-11,THYAO.IS,13.764298439025879
2018-06-12,THYAO.IS,12.93394660949707
2018-06-13,THYAO.IS,12.52365493774414
2018-06-14,THYAO.IS,12.56273078918457
2018-06-15,THYAO.IS,12.56273078918457
2018-06-18,THYAO.IS,12.250127792358398
2018-06-19,THYAO.IS,12.513887405395508
2018-06-20,THYAO.IS,12.357583999633789
2018-06-21,THYAO.IS,12.660418510437012
2018-06-22,THYAO.IS,12.552961349487305
2018-06-25,THYAO.IS,12.269665718078613
2018-06-26,THYAO.IS,12.67995548248291
2018-06-27,THYAO.IS,13.451695442199707
2018-06-28,THYAO.IS,13.363775253295898
2018-06-29,THYAO.IS,13.178167343139648
2018-07-02,THYAO.IS,13.647071838378906
2018-07-03,THYAO.IS,13.500539779663086
2018-07-04,THYAO.IS,13.578689575195312
2018-07-05,THYAO.IS,14.018288612365723
2018-07-06,THYAO.IS,14.057364463806152
2018-07-09,THYAO.IS,14.68256950378418
2018-07-10,THYAO.IS,13.969444274902344
2018-07-11,THYAO.IS,13.217242240905762
2018-07-12,THYAO.IS,13.93036937713623
2018-07-13,THYAO.IS,14.350427627563477
2018-07-16,THYAO.IS,14.750951766967773
2018-07-17,THYAO.IS,15.53245735168457
2018-07-18,THYAO.IS,15.727836608886719
2018-07-19,THYAO.IS,15.708297729492188
2018-07-20,THYAO.IS,15.698528289794922
2018-07-23,THYAO.IS,16.16743278503418
2018-07-24,THYAO.IS,15.591071128845215
2018-07-25,THYAO.IS,16.694950103759766
2018-07-26,THYAO.IS,16.05997657775879
2018-07-27,THYAO.IS,16.28466033935547
2018-07-30,THYAO.IS,16.421422958374023
2018-07-31,THYAO.IS,16.87078857421875
2018-08-01,THYAO.IS,16.724258422851562
2018-08-02,THYAO.IS,16.51911163330078
2018-08-03,THYAO.IS,16.988014221191406
2018-08-06,THYAO.IS,16.607030868530273
2018-08-07,THYAO.IS,16.88055992126465
2018-08-08,THYAO.IS,16.939172744750977
2018-08-09,THYAO.IS,16.978246688842773
2018-08-10,THYAO.IS,16.6656436920166
2018-08-13,THYAO.IS,16.16743278503418
2018-08-14,THYAO.IS,16.773101806640625
2018-08-15,THYAO.IS,15.542227745056152
2018-08-16,THYAO.IS,15.258931159973145
2018-08-17,THYAO.IS,14.926790237426758
2018-08-20,THYAO.IS,15.630146980285645
2018-08-21,THYAO.IS,15.630146980285645
2018-08-22,THYAO.IS,15.630146980285645
2018-08-23,THYAO.IS,15.630146980285645
2018-08-24,THYAO.IS,15.630146980285645
2018-08-27,THYAO.IS,16.05997657775879
2018-08-28,THYAO.IS,16.39211654663086
2018-08-29,THYAO.IS,16.20650863647461
2018-08-30,THYAO.IS,16.20650863647461
2018-08-31,THYAO.IS,15.903675079345703
2018-09-03,THYAO.IS,16.724258422851562
2018-09-04,THYAO.IS,16.548418045043945
2018-09-05,THYAO.IS,16.85125160217285
2018-09-06,THYAO.IS,16.76333236694336
2018-09-07,THYAO.IS,16.773101806640625
2018-09-10,THYAO.IS,16.63633918762207
2018-09-11,THYAO.IS,17.50576400756836
2018-09-12,THYAO.IS,17.58391571044922
2018-09-13,THYAO.IS,17.74998664855957
2018-09-14,THYAO.IS,17.349464416503906
2018-09-17,THYAO.IS,17.329925537109375
2018-09-18,THYAO.IS,17.740217208862305
2018-09-19,THYAO.IS,17.98443603515625
2018-09-20,THYAO.IS,17.662065505981445
2018-09-21,THYAO.IS,18.08212661743164
2018-09-24,THYAO.IS,18.814790725708008
2018-09-25,THYAO.IS,18.42403793334961
2018-09-26,THYAO.IS,18.775712966918945
2018-09-27,THYAO.IS,18.69756317138672
2018-09-28,THYAO.IS,18.69756317138672
2018-10-01,THYAO.IS,18.209121704101562
2018-10-02,THYAO.IS,17.681604385375977
2018-10-03,THYAO.IS,17.349464416503906
2018-10-04,THYAO.IS,16.753564834594727
2018-10-05,THYAO.IS,17.163854598999023
2018-10-08,THYAO.IS,17.39830780029297
2018-10-09,THYAO.IS,17.24200439453125
2018-10-10,THYAO.IS,16.323734283447266
2018-10-11,THYAO.IS,16.050207138061523
2018-10-12,THYAO.IS,16.92940330505371
2018-10-15,THYAO.IS,17.652297973632812
2018-10-16,THYAO.IS,17.00755500793457
2018-10-17,THYAO.IS,16.16743278503418
2018-10-18,THYAO.IS,16.177200317382812
2018-10-19,THYAO.IS,15.776679039001465
2018-10-22,THYAO.IS,15.327312469482422
2018-10-23,THYAO.IS,15.141704559326172
2018-10-24,THYAO.IS,15.200318336486816
2018-10-25,THYAO.IS,15.551996231079102
2018-10-26,THYAO.IS,15.151473999023438
2018-10-29,THYAO.IS,15.151473999023438
2018-10-30,THYAO.IS,14.30158519744873
2018-10-31,THYAO.IS,13.686147689819336
2018-11-01,THYAO.IS,14.2820463180542
2018-11-02,THYAO.IS,14.790026664733887
2018-11-05,THYAO.IS,14.926790237426758
2018-11-06,THYAO.IS,14.379735946655273
2018-11-07,THYAO.IS,15.22962474822998
2018-11-08,THYAO.IS,14.311352729797363
2018-11-09,THYAO.IS,14.81933307647705
2018-11-12,THYAO.IS,14.467655181884766
2018-11-13,THYAO.IS,15.151473999023438
2018-11-14,THYAO.IS,15.7669095993042
2018-11-15,THYAO.IS,15.82552433013916
2018-11-16,THYAO.IS,15.600841522216797
2018-11-19,THYAO.IS,15.981825828552246
2018-11-20,THYAO.IS,15.503151893615723
2018-11-21,THYAO.IS,16.02090072631836
2018-11-22,THYAO.IS,15.893906593322754
2018-11-23,THYAO.IS,16.489805221557617
2018-11-26,THYAO.IS,16.63633918762207
2018-11-27,THYAO.IS,16.675413131713867
2018-11-28,THYAO.IS,16.831714630126953
2018-11-29,THYAO.IS,16.567955017089844
2018-11-30,THYAO.IS,16.655874252319336
2018-12-03,THYAO.IS,15.962287902832031
2018-12-04,THYAO.IS,15.591071128845215
2018-12-05,THYAO.IS,15.981825828552246
2018-12-06,THYAO.IS,16.001361846923828
2018-12-07,THYAO.IS,15.78644847869873
2018-12-10,THYAO.IS,15.747373580932617
2018-12-11,THYAO.IS,15.639915466308594
2018-12-12,THYAO.IS,14.897483825683594
2018-12-13,THYAO.IS,14.97563362121582
2018-12-14,THYAO.IS,14.555574417114258
2018-12-17,THYAO.IS,14.409041404724121
2018-12-18,THYAO.IS,15.073323249816895
2018-12-19,THYAO.IS,15.82552433013916
2018-12-20,THYAO.IS,15.962287902832031
2018-12-21,THYAO.IS,16.001361846923828
2018-12-24,THYAO.IS,15.796217918395996
2018-12-25,THYAO.IS,15.815755844116211
2018-12-26,THYAO.IS,15.78644847869873
2018-12-27,THYAO.IS,15.854828834533691
2018-12-28,THYAO.IS,15.620378494262695
2018-12-31,THYAO.IS,15.727836608886719
2019-01-01,THYAO.IS,15.727836608886719
2019-01-02,THYAO.IS,15.317543983459473
2019-01-03,THYAO.IS,14.799795150756836
2019-01-04,THYAO.IS,14.741182327270508
2019-01-07,THYAO.IS,14.711875915527344
2019-01-08,THYAO.IS,14.741182327270508
2019-01-09,THYAO.IS,14.623956680297852
2019-01-10,THYAO.IS,14.614188194274902
2019-01-11,THYAO.IS,14.711875915527344
2019-01-14,THYAO.IS,14.67280101776123
2019-01-15,THYAO.IS,14.2625093460083
2019-01-16,THYAO.IS,14.07690143585205
2019-01-17,THYAO.IS,13.8912935256958
2019-01-18,THYAO.IS,14.09643840789795
2019-01-21,THYAO.IS,14.164820671081543
2019-01-22,THYAO.IS,14.067131996154785
2019-01-23,THYAO.IS,14.321122169494629
2019-01-24,THYAO.IS,14.389503479003906
2019-01-25,THYAO.IS,14.350427627563477
2019-01-28,THYAO.IS,14.711875915527344
2019-01-29,THYAO.IS,14.83887004852295
2019-01-30,THYAO.IS,15.454307556152344
2019-01-31,THYAO.IS,15.083090782165527
2019-02-01,THYAO.IS,14.369966506958008
2019-02-04,THYAO.IS,14.594649314880371
2019-02-05,THYAO.IS,14.164820671081543
2019-02-06,THYAO.IS,14.516498565673828
2019-02-07,THYAO.IS,14.340660095214844
2019-02-08,THYAO.IS,14.369966506958008
2019-02-11,THYAO.IS,14.86817741394043
2019-02-12,THYAO.IS,14.115976333618164
2019-02-13,THYAO.IS,13.471232414245605
2019-02-14,THYAO.IS,13.842449188232422
2019-02-15,THYAO.IS,13.402851104736328
2019-02-18,THYAO.IS,13.012097358703613
2019-02-19,THYAO.IS,13.021865844726562
2019-02-20,THYAO.IS,13.119555473327637
2019-02-21,THYAO.IS,13.324700355529785
2019-02-22,THYAO.IS,13.813142776489258
2019-02-25,THYAO.IS,13.686147689819336
2019-02-26,THYAO.IS,14.037825584411621
2019-02-27,THYAO.IS,13.656840324401855
2019-02-28,THYAO.IS,13.842449188232422
2019-03-01,THYAO.IS,13.67637825012207
2019-03-04,THYAO.IS,13.578689575195312
2019-03-05,THYAO.IS,13.959674835205078
2019-03-06,THYAO.IS,13.822911262512207
2019-03-07,THYAO.IS,13.393082618713379
2019-03-08,THYAO.IS,12.865564346313477
2019-03-11,THYAO.IS,12.738569259643555
2019-03-12,THYAO.IS,12.719032287597656
2019-03-13,THYAO.IS,12.533424377441406
2019-03-14,THYAO.IS,12.728800773620605
2019-03-15,THYAO.IS,12.689725875854492
2019-03-18,THYAO.IS,13.559152603149414
2019-03-19,THYAO.IS,13.9108304977417
2019-03-20,THYAO.IS,13.8912935256958
2019-03-21,THYAO.IS,13.72522258758545
2019-03-22,THYAO.IS,13.256318092346191
2019-03-25,THYAO.IS,13.666608810424805
2019-03-26,THYAO.IS,13.19770622253418
2019-03-27,THYAO.IS,12.445504188537598
2019-03-28,THYAO.IS,12.298972129821777
2019-03-29,THYAO.IS,12.611574172973633
2019-04-01,THYAO.IS,12.592037200927734
2019-04-02,THYAO.IS,12.777645111083984
2019-04-03,THYAO.IS,12.953484535217285
2019-04-04,THYAO.IS,13.871755599975586
2019-04-05,THYAO.IS,14.12574577331543
2019-04-08,THYAO.IS,13.871755599975586
2019-04-09,THYAO.IS,14.008519172668457
2019-04-10,THYAO.IS,13.8912935256958
2019-04-11,THYAO.IS,13.832679748535156
2019-04-12,THYAO.IS,13.588459014892578
2019-04-15,THYAO.IS,13.617765426635742
2019-04-16,THYAO.IS,14.037825584411621
2019-04-17,THYAO.IS,14.04759407043457
2019-04-18,THYAO.IS,13.998750686645508
2019-04-19,THYAO.IS,13.842449188232422
2019-04-22,THYAO.IS,13.627534866333008
2019-04-23,THYAO.IS,13.627534866333008
2019-04-24,THYAO.IS,13.72522258758545
2019-04-25,THYAO.IS,13.422388076782227
2019-04-26,THYAO.IS,13.617765426635742
2019-04-29,THYAO.IS,13.881524085998535
2019-04-30,THYAO.IS,13.979212760925293
2019-05-01,THYAO.IS,13.979212760925293
2019-05-02,THYAO.IS,13.72522258758545
2019-05-03,THYAO.IS,13.598227500915527
2019-05-06,THYAO.IS,13.461463928222656
2019-05-07,THYAO.IS,13.207474708557129
2019-05-08,THYAO.IS,12.660418510437012
2019-05-09,THYAO.IS,12.181745529174805
2019-05-10,THYAO.IS,11.849605560302734
2019-05-13,THYAO.IS,12.025444984436035
2019-05-14,THYAO.IS,12.220821380615234
2019-05-15,THYAO.IS,11.83006763458252
2019-05-16,THYAO.IS,11.957062721252441
2019-05-17,THYAO.IS,11.742148399353027
2019-05-20,THYAO.IS,11.810529708862305
2019-05-21,THYAO.IS,11.429544448852539
2019-05-22,THYAO.IS,11.04856014251709
2019-05-23,THYAO.IS,11.537002563476562
2019-05-24,THYAO.IS,11.683534622192383
2019-05-27,THYAO.IS,11.56630802154541
2019-05-28,THYAO.IS,11.83006763458252
2019-05-29,THYAO.IS,11.878911972045898
2019-05-30,THYAO.IS,12.113363265991211
2019-05-31,THYAO.IS,12.19151496887207
2019-06-03,THYAO.IS,12.15243911743164
2019-06-04,THYAO.IS,12.15243911743164
2019-06-05,THYAO.IS,12.15243911743164
2019-06-06,THYAO.IS,12.15243911743164
2019-06-07,THYAO.IS,12.709263801574707
2019-06-10,THYAO.IS,12.943716049194336
2019-06-11,THYAO.IS,12.631113052368164
2019-06-12,THYAO.IS,12.650650024414062
2019-06-13,THYAO.IS,12.37712287902832
2019-06-14,THYAO.IS,12.416197776794434
2019-06-17,THYAO.IS,12.728800773620605
2019-06-18,THYAO.IS,12.904640197753906
2019-06-19,THYAO.IS,12.660418510437012
2019-06-20,THYAO.IS,12.719032287597656
2019-06-21,THYAO.IS,12.504117965698242
2019-06-24,THYAO.IS,12.592037200927734
2019-06-25,THYAO.IS,12.455273628234863
2019-06-26,THYAO.IS,12.19151496887207
2019-06-27,THYAO.IS,12.33804702758789
2019-06-28,THYAO.IS,12.592037200927734
2019-07-01,THYAO.IS,12.865564346313477
2019-07-02,THYAO.IS,13.178167343139648
2019-07-03,THYAO.IS,12.89487075805664
2019-07-04,THYAO.IS,13.109785079956055
2019-07-05,THYAO.IS,13.031635284423828
2019-07-08,THYAO.IS,12.621343612670898
2019-07-09,THYAO.IS,11.976600646972656
2019-07-10,THYAO.IS,12.074288368225098
2019-07-11,THYAO.IS,11.996136665344238
2019-07-12,THYAO.IS,11.663996696472168
2019-07-15,THYAO.IS,11.663996696472168
2019-07-16,THYAO.IS,12.113363265991211
2019-07-17,THYAO.IS,12.416197776794434
2019-07-18,THYAO.IS,12.758108139038086
2019-07-19,THYAO.IS,12.660418510437012
2019-07-22,THYAO.IS,12.455273628234863
2019-07-23,THYAO.IS,12.748339653015137
2019-07-24,THYAO.IS,12.650650024414062
2019-07-25,THYAO.IS,12.357583999633789
2019-07-26,THYAO.IS,12.465042114257812
2019-07-29,THYAO.IS,12.474811553955078
2019-07-30,THYAO.IS,12.445504188537598
2019-07-31,THYAO.IS,12.181745529174805
2019-08-01,THYAO.IS,12.132902145385742
2019-08-02,THYAO.IS,12.025444984436035
2019-08-05,THYAO.IS,12.20128345489502
2019-08-06,THYAO.IS,12.093826293945312
2019-08-07,THYAO.IS,11.722610473632812
2019-08-08,THYAO.IS,11.761686325073242
2019-08-09,THYAO.IS,11.869142532348633
2019-08-12,THYAO.IS,11.869142532348633
2019-08-13,THYAO.IS,11.869142532348633
2019-08-14,THYAO.IS,11.869142532348633
2019-08-15,THYAO.IS,11.507696151733398
2019-08-16,THYAO.IS,11.156017303466797
2019-08-19,THYAO.IS,10.931333541870117
2019-08-20,THYAO.IS,10.950872421264648
2019-08-21,THYAO.IS,10.872720718383789
2019-08-22,THYAO.IS,10.989947319030762
2019-08-23,THYAO.IS,10.941102027893066
2019-08-26,THYAO.IS,11.312318801879883
2019-08-27,THYAO.IS,11.292781829833984
2019-08-28,THYAO.IS,11.08763599395752
2019-08-29,THYAO.IS,11.03879165649414
2019-08-30,THYAO.IS,11.03879165649414
2019-09-02,THYAO.IS,11.263474464416504
2019-09-03,THYAO.IS,11.253705978393555
2019-09-04,THYAO.IS,11.204862594604492
2019-09-05,THYAO.IS,11.624920845031738
2019-09-06,THYAO.IS,11.41000747680664
2019-09-09,THYAO.IS,11.56630802154541
2019-09-10,THYAO.IS,11.888680458068848
2019-09-11,THYAO.IS,11.917986869812012
2019-09-12,THYAO.IS,11.722610473632812
2019-09-13,THYAO.IS,12.064520835876465
2019-09-16,THYAO.IS,11.576078414916992
2019-09-17,THYAO.IS,11.576078414916992
2019-09-18,THYAO.IS,11.488158226013184
2019-09-19,THYAO.IS,11.204862594604492
2019-09-20,THYAO.IS,11.136479377746582
2019-09-23,THYAO.IS,11.136479377746582
2019-09-24,THYAO.IS,11.38070011138916
2019-09-25,THYAO.IS,11.468620300292969
2019-09-26,THYAO.IS,11.312318801879883
2019-09-27,THYAO.IS,11.83006763458252
2019-09-30,THYAO.IS,12.113363265991211
2019-10-01,THYAO.IS,11.517464637756348
2019-10-02,THYAO.IS,11.576078414916992
2019-10-03,THYAO.IS,11.478388786315918
2019-10-04,THYAO.IS,11.59561538696289
2019-10-07,THYAO.IS,11.722610473632812
2019-10-08,THYAO.IS,11.59561538696289
2019-10-09,THYAO.IS,11.400238990783691
2019-10-10,THYAO.IS,11.331856727600098
2019-10-11,THYAO.IS,11.370931625366211
2019-10-14,THYAO.IS,10.648037910461426
2019-10-15,THYAO.IS,10.775032997131348
2019-10-16,THYAO.IS,10.45266056060791
2019-10-17,THYAO.IS,10.843415260314941
2019-10-18,THYAO.IS,11.27324390411377
2019-10-21,THYAO.IS,11.204862594604492
2019-10-22,THYAO.IS,11.292781829833984
2019-10-23,THYAO.IS,11.624920845031738
2019-10-24,THYAO.IS,11.556539535522461
2019-10-25,THYAO.IS,11.63469123840332
2019-10-28,THYAO.IS,11.56630802154541
2019-10-30,THYAO.IS,11.370931625366211
2019-10-31,THYAO.IS,11.351393699645996
2019-11-01,THYAO.IS,11.312318801879883
2019-11-04,THYAO.IS,11.546771049499512
2019-11-05,THYAO.IS,11.59561538696289
2019-11-06,THYAO.IS,11.673765182495117
2019-11-07,THYAO.IS,12.357583999633789
2019-11-08,THYAO.IS,12.494348526000977
2019-11-11,THYAO.IS,12.670187950134277
2019-11-12,THYAO.IS,13.031635284423828
2019-11-13,THYAO.IS,13.422388076782227
2019-11-14,THYAO.IS,13.275856018066406
2019-11-15,THYAO.IS,13.363775253295898
2019-11-18,THYAO.IS,13.901061058044434
2019-11-19,THYAO.IS,13.803374290466309
2019-11-20,THYAO.IS,13.637303352355957
2019-11-21,THYAO.IS,13.441926956176758
2019-11-22,THYAO.IS,13.324700355529785
2019-11-25,THYAO.IS,13.139092445373535
2019-11-26,THYAO.IS,13.412619590759277
2019-11-27,THYAO.IS,13.266087532043457
2019-11-28,THYAO.IS,13.481001853942871
2019-11-29,THYAO.IS,13.334468841552734
2019-12-02,THYAO.IS,13.578689575195312
2019-12-03,THYAO.IS,13.295392990112305
2019-12-04,THYAO.IS,13.422388076782227
2019-12-05,THYAO.IS,13.471232414245605
2019-12-06,THYAO.IS,13.393082618713379
2019-12-09,THYAO.IS,13.461463928222656
2019-12-10,THYAO.IS,13.383313179016113
2019-12-11,THYAO.IS,13.295392990112305
2019-12-12,THYAO.IS,13.72522258758545
2019-12-13,THYAO.IS,13.500539779663086
2019-12-16,THYAO.IS,13.666608810424805
2019-12-17,THYAO.IS,13.578689575195312
2019-12-18,THYAO.IS,13.422388076782227
2019-12-19,THYAO.IS,13.451695442199707
2019-12-20,THYAO.IS,13.451695442199707
2019-12-23,THYAO.IS,13.451695442199707
2019-12-24,THYAO.IS,13.666608810424805
2019-12-25,THYAO.IS,13.666608810424805
2019-12-26,THYAO.IS,13.637303352355957
2019-12-27,THYAO.IS,13.637303352355957
2019-12-30,THYAO.IS,13.969444274902344
2019-12-31,THYAO.IS,14.12574577331543
2020-01-02,THYAO.IS,14.48719310760498
2020-01-03,THYAO.IS,13.94013786315918
2020-01-06,THYAO.IS,13.256318092346191
2020-01-07,THYAO.IS,13.227011680603027
2020-01-08,THYAO.IS,13.187936782836914
2020-01-09,THYAO.IS,13.93036937713623
2020-01-10,THYAO.IS,14.057364463806152
2020-01-13,THYAO.IS,14.48719310760498
2020-01-14,THYAO.IS,14.477422714233398
2020-01-15,THYAO.IS,14.379735946655273
2020-01-16,THYAO.IS,14.692337989807129
2020-01-17,THYAO.IS,14.67280101776123
2020-01-20,THYAO.IS,14.731413841247559
2020-01-21,THYAO.IS,14.506731033325195
2020-01-22,THYAO.IS,14.41880989074707
2020-01-23,THYAO.IS,13.93036937713623
2020-01-24,THYAO.IS,14.203895568847656
2020-01-27,THYAO.IS,13.774066925048828
2020-01-28,THYAO.IS,13.832679748535156
2020-01-29,THYAO.IS,13.783835411071777
2020-01-30,THYAO.IS,13.471232414245605
2020-01-31,THYAO.IS,13.383313179016113
2020-02-03,THYAO.IS,13.510308265686035
2020-02-04,THYAO.IS,14.008519172668457
2020-02-05,THYAO.IS,14.27227783203125
2020-02-06,THYAO.IS,14.389503479003906
2020-02-07,THYAO.IS,14.12574577331543
2020-02-10,THYAO.IS,13.695917129516602
2020-02-11,THYAO.IS,13.959674835205078
2020-02-12,THYAO.IS,14.477422714233398
2020-02-13,THYAO.IS,14.663031578063965
2020-02-14,THYAO.IS,14.545805931091309
2020-02-17,THYAO.IS,14.936559677124023
2020-02-18,THYAO.IS,14.6532621383667
2020-02-19,THYAO.IS,14.584880828857422
2020-02-20,THYAO.IS,14.057364463806152
2020-02-21,THYAO.IS,14.155051231384277
2020-02-24,THYAO.IS,13.539613723754883
2020-02-25,THYAO.IS,13.187936782836914
2020-02-26,THYAO.IS,12.943716049194336
2020-02-27,THYAO.IS,11.986369132995605
2020-02-28,THYAO.IS,11.527234077453613
2020-03-02,THYAO.IS,11.576078414916992
2020-03-03,THYAO.IS,11.800760269165039
2020-03-04,THYAO.IS,11.488158226013184
2020-03-05,THYAO.IS,11.439313888549805
2020-03-06,THYAO.IS,10.872720718383789
2020-03-09,THYAO.IS,10.140057563781738
2020-03-10,THYAO.IS,9.739535331726074
2020-03-11,THYAO.IS,9.739535331726074
2020-03-12,THYAO.IS,8.283977508544922
2020-03-13,THYAO.IS,8.889646530151367
2020-03-16,THYAO.IS,8.039756774902344
2020-03-17,THYAO.IS,7.736922740936279
2020-03-18,THYAO.IS,7.756460189819336
2020-03-19,THYAO.IS,7.746691703796387
2020-03-20,THYAO.IS,7.795535564422607
2020-03-23,THYAO.IS,7.5610833168029785
2020-03-24,THYAO.IS,8.117908477783203
2020-03-25,THYAO.IS,8.537967681884766
2020-03-26,THYAO.IS,9.045948028564453
2020-03-27,THYAO.IS,8.674732208251953
2020-03-30,THYAO.IS,8.489123344421387
2020-03-31,THYAO.IS,8.840802192687988
2020-04-01,THYAO.IS,8.772418975830078
2020-04-02,THYAO.IS,8.772418975830078
2020-04-03,THYAO.IS,8.723576545715332
2020-04-06,THYAO.IS,8.958027839660645
2020-04-07,THYAO.IS,9.30970573425293
2020-04-08,THYAO.IS,9.339014053344727
2020-04-09,THYAO.IS,9.52462100982666
2020-04-10,THYAO.IS,9.573464393615723
2020-04-13,THYAO.IS,9.964219093322754
2020-04-14,THYAO.IS,10.67734432220459
2020-04-15,THYAO.IS,10.140057563781738
2020-04-16,THYAO.IS,9.934911727905273
2020-04-17,THYAO.IS,10.257283210754395
2020-04-20,THYAO.IS,10.394048690795898
2020-04-21,THYAO.IS,10.218209266662598
2020-04-22,THYAO.IS,10.149827003479004
2020-04-24,THYAO.IS,10.04236888885498
2020-04-27,THYAO.IS,10.569886207580566
2020-04-28,THYAO.IS,10.413585662841797
2020-04-29,THYAO.IS,10.364740371704102
2020-04-30,THYAO.IS,10.423354148864746
2020-05-04,THYAO.IS,10.286590576171875
2020-05-05,THYAO.IS,10.286590576171875
2020-05-06,THYAO.IS,10.30612850189209
2020-05-07,THYAO.IS,10.374509811401367
2020-05-08,THYAO.IS,10.354972839355469
2020-05-11,THYAO.IS,10.374509811401367
2020-05-12,THYAO.IS,10.403816223144531
2020-05-13,THYAO.IS,10.403816223144531
2020-05-14,THYAO.IS,10.296359062194824
2020-05-15,THYAO.IS,10.345203399658203
2020-05-18,THYAO.IS,10.579655647277832
2020-05-20,THYAO.IS,10.618730545043945
2020-05-21,THYAO.IS,10.833645820617676
2020-05-22,THYAO.IS,10.950872421264648
2020-05-27,THYAO.IS,12.044981956481934
2020-05-28,THYAO.IS,12.367353439331055
2020-05-29,THYAO.IS,12.19151496887207
2020-06-01,THYAO.IS,12.484579086303711
2020-06-02,THYAO.IS,12.328278541564941
2020-06-03,THYAO.IS,12.240358352661133
2020-06-04,THYAO.IS,12.328278541564941
2020-06-05,THYAO.IS,12.445504188537598
2020-06-08,THYAO.IS,12.347816467285156
2020-06-09,THYAO.IS,12.33804702758789
2020-06-10,THYAO.IS,12.367353439331055
2020-06-11,THYAO.IS,12.211051940917969
2020-06-12,THYAO.IS,12.435735702514648
2020-06-15,THYAO.IS,12.289202690124512
2020-06-16,THYAO.IS,12.308740615844727
2020-06-17,THYAO.IS,12.171977043151855
2020-06-18,THYAO.IS,12.230589866638184
2020-06-19,THYAO.IS,12.250127792358398
2020-06-22,THYAO.IS,12.328278541564941
2020-06-23,THYAO.IS,12.259897232055664
2020-06-24,THYAO.IS,12.103594779968262
2020-06-25,THYAO.IS,12.103594779968262
2020-06-26,THYAO.IS,12.181745529174805
2020-06-29,THYAO.IS,12.181745529174805
2020-06-30,THYAO.IS,12.250127792358398
2020-07-01,THYAO.IS,11.996136665344238
2020-07-02,THYAO.IS,11.976600646972656
2020-07-03,THYAO.IS,11.64445972442627
2020-07-06,THYAO.IS,11.624920845031738
2020-07-07,THYAO.IS,11.370931625366211
2020-07-08,THYAO.IS,11.058328628540039
2020-07-09,THYAO.IS,11.214630126953125
2020-07-10,THYAO.IS,11.517464637756348
2020-07-13,THYAO.IS,11.703072547912598
2020-07-14,THYAO.IS,11.546771049499512
2020-07-16,THYAO.IS,11.673765182495117
2020-07-17,THYAO.IS,11.64445972442627
2020-07-20,THYAO.IS,11.585845947265625
2020-07-21,THYAO.IS,11.439313888549805
2020-07-22,THYAO.IS,11.439313888549805
2020-07-23,THYAO.IS,11.546771049499512
2020-07-24,THYAO.IS,11.458850860595703
2020-07-27,THYAO.IS,11.331856727600098
2020-07-28,THYAO.IS,10.823877334594727
2020-07-29,THYAO.IS,10.579655647277832
2020-07-30,THYAO.IS,10.442891120910645
2020-08-04,THYAO.IS,10.745725631713867
2020-08-05,THYAO.IS,10.599193572998047
2020-08-06,THYAO.IS,9.983757019042969
2020-08-07,THYAO.IS,10.462430000305176
2020-08-10,THYAO.IS,10.30612850189209
2020-08-11,THYAO.IS,11.341625213623047
2020-08-12,THYAO.IS,11.243936538696289
2020-08-13,THYAO.IS,10.921565055847168
2020-08-14,THYAO.IS,10.872720718383789
2020-08-17,THYAO.IS,10.706650733947754
2020-08-18,THYAO.IS,10.823877334594727
2020-08-19,THYAO.IS,11.00948429107666
2020-08-20,THYAO.IS,10.941102027893066
2020-08-21,THYAO.IS,10.814106941223145
2020-08-24,THYAO.IS,10.823877334594727
2020-08-25,THYAO.IS,10.911796569824219
2020-08-26,THYAO.IS,10.775032997131348
2020-08-27,THYAO.IS,10.843415260314941
2020-08-28,THYAO.IS,10.735957145690918
2020-08-31,THYAO.IS,10.354972839355469
2020-09-01,THYAO.IS,10.413585662841797
2020-09-02,THYAO.IS,10.276822090148926
2020-09-03,THYAO.IS,10.130288124084473
2020-09-04,THYAO.IS,10.257283210754395
2020-09-07,THYAO.IS,10.52104377746582
2020-09-08,THYAO.IS,10.530811309814453
2020-09-09,THYAO.IS,10.589425086975098
2020-09-10,THYAO.IS,10.511273384094238
2020-09-11,THYAO.IS,10.66757583618164
2020-09-14,THYAO.IS,10.648037910461426
2020-09-15,THYAO.IS,10.481966972351074
2020-09-16,THYAO.IS,10.384278297424316
2020-09-17,THYAO.IS,10.413585662841797
2020-09-18,THYAO.IS,10.384278297424316
2020-09-21,THYAO.IS,10.100982666015625
2020-09-22,THYAO.IS,10.315896987915039
2020-09-23,THYAO.IS,10.286590576171875
2020-09-24,THYAO.IS,10.267053604125977
2020-09-25,THYAO.IS,10.247514724731445
2020-09-28,THYAO.IS,10.130288124084473
2020-09-29,THYAO.IS,10.11075210571289
2020-09-30,THYAO.IS,10.23774528503418
2020-10-01,THYAO.IS,10.325665473937988
2020-10-02,THYAO.IS,10.394048690795898
2020-10-05,THYAO.IS,10.433123588562012
2020-10-06,THYAO.IS,10.384278297424316
2020-10-07,THYAO.IS,10.394048690795898
2020-10-08,THYAO.IS,10.442891120910645
2020-10-09,THYAO.IS,10.52104377746582
2020-10-12,THYAO.IS,10.550349235534668
2020-10-13,THYAO.IS,10.374509811401367
2020-10-14,THYAO.IS,10.413585662841797
2020-10-15,THYAO.IS,10.267053604125977
2020-10-16,THYAO.IS,10.325665473937988
2020-10-19,THYAO.IS,10.384278297424316
2020-10-20,THYAO.IS,10.325665473937988
2020-10-21,THYAO.IS,10.23774528503418
2020-10-22,THYAO.IS,10.140057563781738
2020-10-23,THYAO.IS,10.130288124084473
2020-10-26,THYAO.IS,9.563695907592773
2020-10-27,THYAO.IS,9.231555938720703
2020-10-28,THYAO.IS,8.948258399963379
2020-10-30,THYAO.IS,8.811495780944824
2020-11-02,THYAO.IS,9.202248573303223
2020-11-03,THYAO.IS,9.290168762207031
2020-11-04,THYAO.IS,9.563695907592773
2020-11-05,THYAO.IS,9.48554515838623
2020-11-06,THYAO.IS,9.48554515838623
2020-11-09,THYAO.IS,10.433123588562012
2020-11-10,THYAO.IS,11.224398612976074
2020-11-11,THYAO.IS,11.527234077453613
2020-11-12,THYAO.IS,11.439313888549805
2020-11-13,THYAO.IS,11.243936538696289
2020-11-16,THYAO.IS,11.527234077453613
2020-11-17,THYAO.IS,11.185323715209961
2020-11-18,THYAO.IS,11.439313888549805
2020-11-19,THYAO.IS,11.44908332824707
2020-11-20,THYAO.IS,11.64445972442627
2020-11-23,THYAO.IS,11.478388786315918
2020-11-24,THYAO.IS,11.556539535522461
2020-11-25,THYAO.IS,11.693304061889648
2020-11-26,THYAO.IS,11.898449897766113
2020-11-27,THYAO.IS,11.693304061889648
2020-11-30,THYAO.IS,11.175554275512695
2020-12-01,THYAO.IS,12.19151496887207
2020-12-02,THYAO.IS,12.00590705871582
2020-12-03,THYAO.IS,11.908217430114746
2020-12-04,THYAO.IS,11.898449897766113
2020-12-07,THYAO.IS,12.00590705871582
2020-12-08,THYAO.IS,11.947293281555176
2020-12-09,THYAO.IS,12.00590705871582
2020-12-10,THYAO.IS,11.927755355834961
2020-12-11,THYAO.IS,12.01567554473877
2020-12-14,THYAO.IS,12.269665718078613
2020-12-15,THYAO.IS,12.357583999633789
2020-12-16,THYAO.IS,12.445504188537598
2020-12-17,THYAO.IS,12.728800773620605
2020-12-18,THYAO.IS,12.699494361877441
2020-12-21,THYAO.IS,11.898449897766113
2020-12-22,THYAO.IS,12.15243911743164
2020-12-23,THYAO.IS,12.15243911743164
2020-12-24,THYAO.IS,12.484579086303711
2020-12-25,THYAO.IS,12.465042114257812
2020-12-28,THYAO.IS,12.33804702758789
2020-12-29,THYAO.IS,12.592037200927734
2020-12-30,THYAO.IS,12.621343612670898
2020-12-31,THYAO.IS,12.719032287597656
2021-01-04,THYAO.IS,12.386892318725586
2021-01-05,THYAO.IS,12.289202690124512
2021-01-06,THYAO.IS,12.386892318725586
2021-01-07,THYAO.IS,12.386892318725586
2021-01-08,THYAO.IS,12.543192863464355
2021-01-11,THYAO.IS,12.406429290771484
2021-01-12,THYAO.IS,12.552961349487305
2021-01-13,THYAO.IS,12.953484535217285
2021-01-14,THYAO.IS,12.93394660949707
2021-01-15,THYAO.IS,12.973021507263184
2021-01-18,THYAO.IS,12.93394660949707
2021-01-19,THYAO.IS,13.178167343139648
2021-01-20,THYAO.IS,12.953484535217285
2021-01-21,THYAO.IS,12.728800773620605
2021-01-22,THYAO.IS,12.631113052368164
2021-01-25,THYAO.IS,12.406429290771484
2021-01-26,THYAO.IS,12.33804702758789
2021-01-27,THYAO.IS,11.673765182495117
2021-01-28,THYAO.IS,12.044981956481934
2021-01-29,THYAO.IS,11.83006763458252
2021-02-01,THYAO.IS,11.732378959655762
2021-02-02,THYAO.IS,11.78122329711914
2021-02-03,THYAO.IS,11.869142532348633
2021-02-04,THYAO.IS,11.917986869812012
2021-02-05,THYAO.IS,11.878911972045898
2021-02-08,THYAO.IS,11.869142532348633
2021-02-09,THYAO.IS,11.888680458068848
2021-02-10,THYAO.IS,11.927755355834961
2021-02-11,THYAO.IS,11.869142532348633
2021-02-12,THYAO.IS,11.722610473632812
2021-02-15,THYAO.IS,12.113363265991211
2021-02-16,THYAO.IS,11.898449897766113
2021-02-17,THYAO.IS,11.917986869812012
2021-02-18,THYAO.IS,11.986369132995605
2021-02-19,THYAO.IS,12.01567554473877
2021-02-22,THYAO.IS,12.347816467285156
2021-02-23,THYAO.IS,12.719032287597656
2021-02-24,THYAO.IS,12.533424377441406
2021-02-25,THYAO.IS,13.080479621887207
2021-02-26,THYAO.IS,13.178167343139648
2021-03-01,THYAO.IS,13.481001853942871
2021-03-02,THYAO.IS,14.467655181884766
2021-03-03,THYAO.IS,14.575112342834473
2021-03-04,THYAO.IS,14.379735946655273
2021-03-05,THYAO.IS,14.438347816467285
2021-03-08,THYAO.IS,14.311352729797363
2021-03-09,THYAO.IS,14.67280101776123
2021-03-10,THYAO.IS,14.555574417114258
2021-03-11,THYAO.IS,14.409041404724121
2021-03-12,THYAO.IS,14.164820671081543
2021-03-15,THYAO.IS,14.350427627563477
2021-03-16,THYAO.IS,14.399272918701172
2021-03-17,THYAO.IS,14.213665008544922
2021-03-18,THYAO.IS,13.617765426635742
2021-03-19,THYAO.IS,13.471232414245605
2021-03-22,THYAO.IS,12.132902145385742
2021-03-23,THYAO.IS,11.927755355834961
2021-03-24,THYAO.IS,12.709263801574707
2021-03-25,THYAO.IS,12.37712287902832
2021-03-26,THYAO.IS,12.367353439331055
2021-03-29,THYAO.IS,12.19151496887207
2021-03-30,THYAO.IS,12.416197776794434
2021-03-31,THYAO.IS,12.455273628234863
2021-04-01,THYAO.IS,12.699494361877441
2021-04-02,THYAO.IS,12.611574172973633
2021-04-05,THYAO.IS,12.758108139038086
2021-04-06,THYAO.IS,12.465042114257812
2021-04-07,THYAO.IS,12.552961349487305
2021-04-08,THYAO.IS,12.240358352661133
2021-04-09,THYAO.IS,11.663996696472168
2021-04-12,THYAO.IS,11.693304061889648
2021-04-13,THYAO.IS,11.654229164123535
2021-04-14,THYAO.IS,11.654229164123535
2021-04-15,THYAO.IS,11.624920845031738
2021-04-16,THYAO.IS,11.38070011138916
2021-04-19,THYAO.IS,11.331856727600098
2021-04-20,THYAO.IS,10.902027130126953
2021-04-21,THYAO.IS,10.648037910461426
2021-04-22,THYAO.IS,11.00948429107666
2021-04-26,THYAO.IS,11.458850860595703
2021-04-27,THYAO.IS,11.654229164123535
2021-04-28,THYAO.IS,11.732378959655762
2021-04-29,THYAO.IS,11.703072547912598
2021-04-30,THYAO.IS,11.947293281555176
2021-05-03,THYAO.IS,12.621343612670898
2021-05-04,THYAO.IS,12.328278541564941
2021-05-05,THYAO.IS,12.308740615844727
2021-05-06,THYAO.IS,12.631113052368164
2021-05-07,THYAO.IS,12.689725875854492
2021-05-10,THYAO.IS,13.060941696166992
2021-05-11,THYAO.IS,13.041403770446777
2021-05-12,THYAO.IS,13.080479621887207
2021-05-17,THYAO.IS,13.051172256469727
2021-05-18,THYAO.IS,13.041403770446777
2021-05-20,THYAO.IS,13.266087532043457
2021-05-21,THYAO.IS,13.178167343139648
2021-05-24,THYAO.IS,13.15863037109375
2021-05-25,THYAO.IS,12.601805686950684
2021-05-26,THYAO.IS,12.748339653015137
2021-05-27,THYAO.IS,12.748339653015137
2021-05-28,THYAO.IS,12.67995548248291
2021-05-31,THYAO.IS,13.012097358703613
2021-06-01,THYAO.IS,13.178167343139648
2021-06-02,THYAO.IS,13.334468841552734
2021-06-03,THYAO.IS,13.666608810424805
2021-06-04,THYAO.IS,13.7154541015625
2021-06-07,THYAO.IS,13.949906349182129
2021-06-08,THYAO.IS,14.145282745361328
2021-06-09,THYAO.IS,14.223433494567871
2021-06-10,THYAO.IS,14.09643840789795
2021-06-11,THYAO.IS,14.252740859985352
2021-06-14,THYAO.IS,14.2820463180542
2021-06-15,THYAO.IS,14.155051231384277
2021-06-16,THYAO.IS,13.988981246948242
2021-06-17,THYAO.IS,14.321122169494629
2021-06-18,THYAO.IS,14.203895568847656
2021-06-21,THYAO.IS,14.252740859985352
2021-06-22,THYAO.IS,14.41880989074707
2021-06-23,THYAO.IS,14.223433494567871
2021-06-24,THYAO.IS,14.27227783203125
2021-06-25,THYAO.IS,13.949906349182129
2021-06-28,THYAO.IS,13.539613723754883
2021-06-29,THYAO.IS,13.080479621887207
2021-06-30,THYAO.IS,13.060941696166992
2021-07-01,THYAO.IS,13.432157516479492
2021-07-02,THYAO.IS,13.422388076782227
2021-07-05,THYAO.IS,13.793603897094727
2021-07-06,THYAO.IS,13.559152603149414
2021-07-07,THYAO.IS,13.52984619140625
2021-07-08,THYAO.IS,13.344237327575684
2021-07-09,THYAO.IS,13.256318092346191
2021-07-12,THYAO.IS,12.93394660949707
2021-07-13,THYAO.IS,12.7971830368042
2021-07-14,THYAO.IS,12.777645111083984
2021-07-16,THYAO.IS,12.777645111083984
2021-07-19,THYAO.IS,12.435735702514648
2021-07-26,THYAO.IS,12.025444984436035
2021-07-27,THYAO.IS,12.259897232055664
2021-07-28,THYAO.IS,12.269665718078613
2021-07-29,THYAO.IS,12.484579086303711
2021-07-30,THYAO.IS,12.435735702514648
2021-08-02,THYAO.IS,12.57249927520752
2021-08-03,THYAO.IS,12.33804702758789
2021-08-04,THYAO.IS,12.33804702758789
2021-08-05,THYAO.IS,12.465042114257812
2021-08-06,THYAO.IS,12.533424377441406
2021-08-09,THYAO.IS,12.494348526000977
2021-08-10,THYAO.IS,12.33804702758789
2021-08-11,THYAO.IS,11.927755355834961
2021-08-12,THYAO.IS,12.142670631408691
2021-08-13,THYAO.IS,12.132902145385742
2021-08-16,THYAO.IS,12.318510055541992
2021-08-17,THYAO.IS,12.15243911743164
2021-08-18,THYAO.IS,11.917986869812012
2021-08-19,THYAO.IS,11.908217430114746
2021-08-20,THYAO.IS,11.976600646972656
2021-08-23,THYAO.IS,12.20128345489502
2021-08-24,THYAO.IS,12.513887405395508
2021-08-25,THYAO.IS,12.211051940917969
2021-08-26,THYAO.IS,12.494348526000977
2021-08-27,THYAO.IS,12.386892318725586
2021-08-31,THYAO.IS,12.386892318725586
2021-09-01,THYAO.IS,12.601805686950684
2021-09-02,THYAO.IS,12.601805686950684
2021-09-03,THYAO.IS,12.582268714904785
2021-09-06,THYAO.IS,12.650650024414062
2021-09-07,THYAO.IS,12.357583999633789
2021-09-08,THYAO.IS,12.132902145385742
2021-09-09,THYAO.IS,12.33804702758789
2021-09-10,THYAO.IS,12.12313175201416
2021-09-13,THYAO.IS,12.142670631408691
2021-09-14,THYAO.IS,12.15243911743164
2021-09-15,THYAO.IS,11.976600646972656
2021-09-16,THYAO.IS,12.181745529174805
2021-09-17,THYAO.IS,12.4259672164917
2021-09-20,THYAO.IS,12.513887405395508
2021-09-21,THYAO.IS,12.748339653015137
2021-09-22,THYAO.IS,12.885102272033691
2021-09-23,THYAO.IS,13.021865844726562
2021-09-24,THYAO.IS,13.305163383483887
2021-09-27,THYAO.IS,13.217242240905762
2021-09-28,THYAO.IS,13.461463928222656
2021-09-29,THYAO.IS,13.461463928222656
2021-09-30,THYAO.IS,13.627534866333008
2021-10-01,THYAO.IS,13.72522258758545
2021-10-04,THYAO.IS,13.549383163452148
2021-10-05,THYAO.IS,13.7154541015625
2021-10-06,THYAO.IS,13.393082618713379
2021-10-07,THYAO.IS,13.793603897094727
2021-10-08,THYAO.IS,13.764298439025879
2021-10-11,THYAO.IS,13.871755599975586
2021-10-12,THYAO.IS,13.67637825012207
2021-10-13,THYAO.IS,13.93036937713623
2021-10-14,THYAO.IS,13.969444274902344
2021-10-15,THYAO.IS,14.30158519744873
2021-10-18,THYAO.IS,14.23320198059082
2021-10-19,THYAO.IS,13.988981246948242
2021-10-20,THYAO.IS,13.481001853942871
2021-10-21,THYAO.IS,13.647071838378906
2021-10-22,THYAO.IS,13.813142776489258
2021-10-25,THYAO.IS,13.949906349182129
2021-10-26,THYAO.IS,14.360198020935059
2021-10-27,THYAO.IS,14.506731033325195
2021-10-28,THYAO.IS,14.623956680297852
2021-11-01,THYAO.IS,14.926790237426758
2021-11-02,THYAO.IS,15.131936073303223
2021-11-03,THYAO.IS,15.219855308532715
2021-11-04,THYAO.IS,16.57772445678711
2021-11-05,THYAO.IS,17.24200439453125
2021-11-08,THYAO.IS,17.63275909423828
2021-11-09,THYAO.IS,17.740217208862305
2021-11-10,THYAO.IS,17.710908889770508
2021-11-11,THYAO.IS,17.310388565063477
2021-11-12,THYAO.IS,17.4080753326416
2021-11-15,THYAO.IS,17.202930450439453
2021-11-16,THYAO.IS,17.251773834228516
2021-11-17,THYAO.IS,17.574146270751953
2021-11-18,THYAO.IS,17.58391571044922
2021-11-19,THYAO.IS,16.694950103759766
2021-11-22,THYAO.IS,17.22246742248535
2021-11-23,THYAO.IS,18.287269592285156
2021-11-24,THYAO.IS,18.531492233276367
2021-11-25,THYAO.IS,18.34588623046875
2021-11-26,THYAO.IS,16.597261428833008
2021-11-29,THYAO.IS,16.919633865356445
2021-11-30,THYAO.IS,16.821945190429688
2021-12-01,THYAO.IS,17.98443603515625
2021-12-02,THYAO.IS,17.828136444091797
2021-12-03,THYAO.IS,18.10166358947754
2021-12-06,THYAO.IS,18.257966995239258
2021-12-07,THYAO.IS,18.756175994873047
2021-12-08,THYAO.IS,19.908897399902344
2021-12-09,THYAO.IS,21.491451263427734
2021-12-10,THYAO.IS,21.72590446472168
2021-12-13,THYAO.IS,22.116657257080078
2021-12-14,THYAO.IS,22.05804443359375
2021-12-15,THYAO.IS,22.937240600585938
2021-12-16,THYAO.IS,24.539331436157227
2021-12-17,THYAO.IS,22.09712028503418
2021-12-20,THYAO.IS,21.62821388244629
2021-12-21,THYAO.IS,19.469301223754883
2021-12-22,THYAO.IS,18.443572998046875
2021-12-23,THYAO.IS,18.765945434570312
2021-12-24,THYAO.IS,20.631793975830078
2021-12-27,THYAO.IS,20.299654006958008
2021-12-28,THYAO.IS,20.006587982177734
2021-12-29,THYAO.IS,20.59271812438965
2021-12-30,THYAO.IS,19.674448013305664
2021-12-31,THYAO.IS,19.557222366333008
2022-01-03,THYAO.IS,21.33515167236328
2022-01-04,THYAO.IS,22.272958755493164
2022-01-05,THYAO.IS,23.347530364990234
2022-01-06,THYAO.IS,24.285341262817383
2022-01-07,THYAO.IS,24.36349105834961
2022-01-10,THYAO.IS,26.082807540893555
2022-01-11,THYAO.IS,26.27818489074707
2022-01-12,THYAO.IS,26.25864601135254
2022-01-13,THYAO.IS,28.114728927612305
2022-01-14,THYAO.IS,27.567670822143555
2022-01-17,THYAO.IS,27.626285552978516
2022-01-18,THYAO.IS,26.25864601135254
2022-01-19,THYAO.IS,26.766626358032227
2022-01-20,THYAO.IS,27.4504451751709
2022-01-21,THYAO.IS,26.864315032958984
2022-01-24,THYAO.IS,25.418527603149414
2022-01-25,THYAO.IS,25.516216278076172
2022-01-26,THYAO.IS,26.59078598022461
2022-01-27,THYAO.IS,27.977962493896484
2022-01-28,THYAO.IS,27.509057998657227
2022-01-31,THYAO.IS,28.05611228942871
2022-02-01,THYAO.IS,27.665359497070312
2022-02-02,THYAO.IS,27.157379150390625
2022-02-03,THYAO.IS,26.39541244506836
2022-02-04,THYAO.IS,26.043731689453125
2022-02-07,THYAO.IS,27.606748580932617
2022-02-08,THYAO.IS,28.114728927612305
2022-02-09,THYAO.IS,29.150224685668945
2022-02-10,THYAO.IS,29.111148834228516
2022-02-11,THYAO.IS,28.93531036376953
2022-02-14,THYAO.IS,27.938888549804688
2022-02-15,THYAO.IS,29.26744842529297
2022-02-16,THYAO.IS,28.915771484375
2022-02-17,THYAO.IS,28.075651168823242
2022-02-18,THYAO.IS,28.720396041870117
2022-02-21,THYAO.IS,28.759471893310547
2022-02-22,THYAO.IS,28.212413787841797
2022-02-23,THYAO.IS,27.430908203125
2022-02-24,THYAO.IS,24.695632934570312
2022-02-25,THYAO.IS,26.66893768310547
2022-02-28,THYAO.IS,25.027774810791016
2022-03-01,THYAO.IS,24.67609405517578
2022-03-02,THYAO.IS,25.379451751708984
2022-03-03,THYAO.IS,25.340375900268555
2022-03-04,THYAO.IS,24.715167999267578
2022-03-07,THYAO.IS,25.301300048828125
2022-03-08,THYAO.IS,24.715167999267578
2022-03-09,THYAO.IS,25.535751342773438
2022-03-10,THYAO.IS,25.14499855041504
2022-03-11,THYAO.IS,25.809280395507812
2022-03-14,THYAO.IS,26.004657745361328
2022-03-15,THYAO.IS,27.02061653137207
2022-03-16,THYAO.IS,27.0596923828125
2022-03-17,THYAO.IS,27.215993881225586
2022-03-18,THYAO.IS,27.079227447509766
2022-03-21,THYAO.IS,27.274606704711914
2022-03-22,THYAO.IS,27.86073875427246
2022-03-23,THYAO.IS,27.4504451751709
2022-03-24,THYAO.IS,27.46998405456543
2022-03-25,THYAO.IS,27.509057998657227
2022-03-28,THYAO.IS,28.388254165649414
2022-03-29,THYAO.IS,30.908615112304688
2022-03-30,THYAO.IS,31.436132431030273
2022-03-31,THYAO.IS,31.5142822265625
2022-04-01,THYAO.IS,32.02226257324219
2022-04-04,THYAO.IS,32.68654251098633
2022-04-05,THYAO.IS,33.7025032043457
2022-04-06,THYAO.IS,33.81972885131836
2022-04-07,THYAO.IS,34.79661560058594
2022-04-08,THYAO.IS,34.50354766845703
2022-04-11,THYAO.IS,35.32413101196289
2022-04-12,THYAO.IS,36.37916946411133
2022-04-13,THYAO.IS,36.12517547607422
2022-04-14,THYAO.IS,36.496395111083984
2022-04-15,THYAO.IS,36.867610931396484
2022-04-18,THYAO.IS,36.769920349121094
2022-04-19,THYAO.IS,37.86402893066406
2022-04-20,THYAO.IS,37.96172332763672
2022-04-21,THYAO.IS,39.2512092590332
2022-04-22,THYAO.IS,38.821380615234375
2022-04-25,THYAO.IS,38.68461227416992
2022-04-26,THYAO.IS,38.1961669921875
2022-04-27,THYAO.IS,39.56380844116211
2022-04-28,THYAO.IS,39.56380844116211
2022-04-29,THYAO.IS,40.30624008178711
2022-05-05,THYAO.IS,41.693416595458984
2022-05-06,THYAO.IS,41.400352478027344
2022-05-09,THYAO.IS,41.322200775146484
2022-05-10,THYAO.IS,41.712955474853516
2022-05-11,THYAO.IS,41.22451400756836
2022-05-12,THYAO.IS,40.892372131347656
2022-05-13,THYAO.IS,41.49803924560547
2022-05-16,THYAO.IS,41.73249435424805
2022-05-17,THYAO.IS,41.1072883605957
2022-05-18,THYAO.IS,41.419891357421875
2022-05-20,THYAO.IS,41.86925506591797
2022-05-23,THYAO.IS,41.966941833496094
2022-05-24,THYAO.IS,41.1854362487793
2022-05-25,THYAO.IS,41.67387771606445
2022-05-26,THYAO.IS,43.43227005004883
2022-05-27,THYAO.IS,43.97932815551758
2022-05-30,THYAO.IS,48.37530517578125
2022-05-31,THYAO.IS,48.74652099609375
2022-06-01,THYAO.IS,48.12131118774414
2022-06-02,THYAO.IS,48.453453063964844
2022-06-03,THYAO.IS,46.87089920043945
2022-06-06,THYAO.IS,46.75367736816406
2022-06-07,THYAO.IS,47.339805603027344
2022-06-08,THYAO.IS,45.64002990722656
2022-06-09,THYAO.IS,47.22258377075195
2022-06-10,THYAO.IS,45.62049102783203
2022-06-13,THYAO.IS,45.91355514526367
2022-06-14,THYAO.IS,45.77679443359375
2022-06-15,THYAO.IS,47.32027053833008
2022-06-16,THYAO.IS,46.245697021484375
2022-06-17,THYAO.IS,47.066280364990234
2022-06-20,THYAO.IS,49.674560546875
2022-06-21,THYAO.IS,50.70029067993164
2022-06-22,THYAO.IS,50.84682083129883
2022-06-23,THYAO.IS,49.381492614746094
2022-06-24,THYAO.IS,49.08843231201172
2022-06-27,THYAO.IS,48.64883041381836
2022-06-28,THYAO.IS,46.92951583862305
2022-06-29,THYAO.IS,45.112510681152344
2022-06-30,THYAO.IS,45.718177795410156
2022-07-01,THYAO.IS,48.16039276123047
2022-07-04,THYAO.IS,46.57783889770508
2022-07-05,THYAO.IS,45.91355514526367
2022-07-06,THYAO.IS,47.30073165893555
2022-07-07,THYAO.IS,48.06270217895508
2022-07-08,THYAO.IS,48.39484405517578
2022-07-13,THYAO.IS,48.06270217895508
2022-07-14,THYAO.IS,46.831825256347656
2022-07-18,THYAO.IS,48.824668884277344
2022-07-19,THYAO.IS,49.91878128051758
2022-07-20,THYAO.IS,50.16299819946289
2022-07-21,THYAO.IS,50.407222747802734
2022-07-22,THYAO.IS,48.8930549621582
2022-07-25,THYAO.IS,48.39484405517578
2022-07-26,THYAO.IS,47.86732482910156
2022-07-27,THYAO.IS,48.551143646240234
2022-07-28,THYAO.IS,48.551143646240234
2022-07-29,THYAO.IS,49.234962463378906
2022-08-01,THYAO.IS,50.30953598022461
2022-08-02,THYAO.IS,51.13988494873047
2022-08-03,THYAO.IS,53.72863006591797
2022-08-04,THYAO.IS,54.02169418334961
2022-08-05,THYAO.IS,56.85466003417969
2022-08-08,THYAO.IS,57.39194869995117
2022-08-09,THYAO.IS,57.24541091918945
2022-08-10,THYAO.IS,58.759586334228516
2022-08-11,THYAO.IS,59.980690002441406
2022-08-12,THYAO.IS,60.957576751708984
2022-08-15,THYAO.IS,62.12982940673828
2022-08-16,THYAO.IS,66.28158569335938
2022-08-17,THYAO.IS,67.11194610595703
2022-08-18,THYAO.IS,68.03997802734375
2022-08-19,THYAO.IS,66.91657257080078
2022-08-22,THYAO.IS,66.18390655517578
2022-08-23,THYAO.IS,66.23274993896484
2022-08-24,THYAO.IS,67.06310272216797
2022-08-25,THYAO.IS,68.67496490478516
2022-08-26,THYAO.IS,68.08882141113281
2022-08-29,THYAO.IS,68.82148742675781
2022-08-31,THYAO.IS,71.41023254394531
2022-09-01,THYAO.IS,69.45645904541016
2022-09-02,THYAO.IS,70.14028930664062
2022-09-05,THYAO.IS,73.41284942626953
2022-09-06,THYAO.IS,71.94751739501953
2022-09-07,THYAO.IS,72.9732437133789
2022-09-08,THYAO.IS,71.31254577636719
2022-09-09,THYAO.IS,71.70330047607422
2022-09-12,THYAO.IS,73.21746826171875
2022-09-13,THYAO.IS,69.45645904541016
2022-09-14,THYAO.IS,72.58250427246094
2022-09-15,THYAO.IS,72.43596649169922
2022-09-16,THYAO.IS,72.2405776977539
2022-09-19,THYAO.IS,67.1607894897461
2022-09-20,THYAO.IS,70.77525329589844
2022-09-21,THYAO.IS,68.13766479492188
2022-09-22,THYAO.IS,69.65184783935547
2022-09-23,THYAO.IS,69.21224212646484
2022-09-26,THYAO.IS,67.79576110839844
2022-09-27,THYAO.IS,69.35877227783203
2022-09-28,THYAO.IS,67.35616302490234
2022-09-29,THYAO.IS,67.0142593383789
2022-09-30,THYAO.IS,68.968017578125
2022-10-03,THYAO.IS,75.85505676269531
2022-10-04,THYAO.IS,78.93224334716797
2022-10-05,THYAO.IS,82.83978271484375
2022-10-06,THYAO.IS,82.7420883178711
2022-10-07,THYAO.IS,82.25364685058594
2022-10-10,THYAO.IS,84.15857696533203
2022-10-11,THYAO.IS,82.54671478271484
2022-10-12,THYAO.IS,83.13284301757812
2022-10-13,THYAO.IS,85.96580505371094
2022-10-14,THYAO.IS,87.9195785522461
2022-10-17,THYAO.IS,96.17424011230469
2022-10-18,THYAO.IS,95.00199127197266
2022-10-19,THYAO.IS,95.14852142333984
2022-10-20,THYAO.IS,96.76038360595703
2022-10-21,THYAO.IS,95.68579864501953
2022-10-24,THYAO.IS,97.1999740600586
2022-10-25,THYAO.IS,98.17686462402344
2022-10-26,THYAO.IS,96.51616668701172
2022-10-27,THYAO.IS,97.10228729248047
2022-10-28,THYAO.IS,94.70891571044922
2022-10-31,THYAO.IS,98.95836639404297
2022-11-01,THYAO.IS,100.03294372558594
2022-11-02,THYAO.IS,98.46992492675781
2022-11-03,THYAO.IS,99.44681549072266
2022-11-04,THYAO.IS,101.79132843017578
2022-11-07,THYAO.IS,104.72198486328125
2022-11-08,THYAO.IS,110.3879165649414
2022-11-09,THYAO.IS,109.02027893066406
2022-11-10,THYAO.IS,110.77867126464844
2022-11-11,THYAO.IS,108.9225845336914
2022-11-14,THYAO.IS,107.16419219970703
2022-11-15,THYAO.IS,106.48037719726562
2022-11-16,THYAO.IS,102.18208312988281
2022-11-17,THYAO.IS,104.72198486328125
2022-11-18,THYAO.IS,104.13584899902344
2022-11-21,THYAO.IS,104.42891693115234
2022-11-22,THYAO.IS,108.6295166015625
2022-11-23,THYAO.IS,109.89946746826172
2022-11-24,THYAO.IS,109.02027893066406
2022-11-25,THYAO.IS,111.16942596435547
2022-11-28,THYAO.IS,112.43936920166016
2022-11-29,THYAO.IS,116.15153503417969
2022-11-30,THYAO.IS,117.2260971069336
2022-12-01,THYAO.IS,121.5243911743164
2022-12-02,THYAO.IS,125.33424377441406
2022-12-05,THYAO.IS,135.39614868164062
2022-12-06,THYAO.IS,132.4654998779297
2022-12-07,THYAO.IS,131.5863037109375
2022-12-08,THYAO.IS,132.27011108398438
2022-12-09,THYAO.IS,137.7406768798828
2022-12-12,THYAO.IS,142.52740478515625
2022-12-13,THYAO.IS,140.67132568359375
2022-12-14,THYAO.IS,133.83314514160156
2022-12-15,THYAO.IS,136.86148071289062
2022-12-16,THYAO.IS,135.98226928710938
2022-12-19,THYAO.IS,139.9875030517578
2022-12-20,THYAO.IS,142.52740478515625
2022-12-21,THYAO.IS,139.5967559814453
2022-12-22,THYAO.IS,138.81524658203125
2022-12-23,THYAO.IS,138.5221710205078
2022-12-26,THYAO.IS,141.648193359375
2022-12-27,THYAO.IS,139.79212951660156
2022-12-28,THYAO.IS,136.86148071289062
2022-12-29,THYAO.IS,139.0106201171875
2022-12-30,THYAO.IS,137.64297485351562
2023-01-02,THYAO.IS,143.40660095214844
2023-01-03,THYAO.IS,143.9927215576172
2023-01-04,THYAO.IS,141.15975952148438
2023-01-05,THYAO.IS,138.5221710205078
2023-01-06,THYAO.IS,139.2060089111328
2023-01-09,THYAO.IS,135.2007598876953
2023-01-10,THYAO.IS,128.16720581054688
2023-01-11,THYAO.IS,122.4035873413086
2023-01-12,THYAO.IS,132.66087341308594
2023-01-13,THYAO.IS,131.5863037109375
2023-01-16,THYAO.IS,141.06207275390625
2023-01-17,THYAO.IS,143.9927215576172
2023-01-18,THYAO.IS,145.6534423828125
2023-01-19,THYAO.IS,151.02630615234375
2023-01-20,THYAO.IS,149.36558532714844
2023-01-23,THYAO.IS,147.70489501953125
2023-01-24,THYAO.IS,146.23956298828125
2023-01-25,THYAO.IS,148.29103088378906
2023-01-26,THYAO.IS,146.72799682617188
2023-01-27,THYAO.IS,146.33724975585938
2023-01-30,THYAO.IS,141.4528350830078
2023-01-31,THYAO.IS,134.4192657470703
2023-02-01,THYAO.IS,127.77645111083984
2023-02-02,THYAO.IS,131.48861694335938
2023-02-03,THYAO.IS,139.40138244628906
2023-02-06,THYAO.IS,136.6660919189453
2023-02-07,THYAO.IS,124.25965881347656
2023-02-08,THYAO.IS,112.34168243408203
2023-02-15,THYAO.IS,136.6660919189453
2023-02-16,THYAO.IS,136.7637939453125
2023-02-17,THYAO.IS,138.0337371826172
2023-02-20,THYAO.IS,138.0337371826172
2023-02-21,THYAO.IS,134.3215789794922
2023-02-22,THYAO.IS,133.2469940185547
2023-02-23,THYAO.IS,133.4423828125
2023-02-24,THYAO.IS,131.87936401367188
2023-02-27,THYAO.IS,140.08518981933594
2023-02-28,THYAO.IS,140.28057861328125
2023-03-01,THYAO.IS,144.0904083251953
2023-03-02,THYAO.IS,138.71754455566406
2023-03-03,THYAO.IS,135.49383544921875
2023-03-06,THYAO.IS,139.10829162597656
2023-03-07,THYAO.IS,137.7406768798828
2023-03-08,THYAO.IS,136.86148071289062
2023-03-09,THYAO.IS,137.25222778320312
2023-03-10,THYAO.IS,135.49383544921875
2023-03-13,THYAO.IS,132.66087341308594
2023-03-14,THYAO.IS,129.2417755126953
2023-03-15,THYAO.IS,127.87413787841797
2023-03-16,THYAO.IS,129.1440887451172
2023-03-17,THYAO.IS,123.57585144042969
2023-03-20,THYAO.IS,123.18509674072266
2023-03-21,THYAO.IS,121.03594970703125
2023-03-22,THYAO.IS,124.94348907470703
2023-03-23,THYAO.IS,126.40880584716797
2023-03-24,THYAO.IS,125.43192291259766
2023-03-27,THYAO.IS,122.4035873413086
2023-03-28,THYAO.IS,116.63997650146484
2023-03-29,THYAO.IS,121.71977233886719
2023-03-30,THYAO.IS,119.08218383789062
2023-03-31,THYAO.IS,115.76077270507812
2023-04-03,THYAO.IS,118.00761413574219
2023-04-04,THYAO.IS,125.13887023925781
2023-04-05,THYAO.IS,122.4035873413086
2023-04-06,THYAO.IS,124.25965881347656
2023-04-07,THYAO.IS,124.45504760742188
2023-04-10,THYAO.IS,130.41403198242188
2023-04-11,THYAO.IS,129.92559814453125
2023-04-12,THYAO.IS,130.31634521484375
2023-04-13,THYAO.IS,133.9308319091797
2023-04-14,THYAO.IS,131.29322814941406
2023-04-17,THYAO.IS,132.56317138671875
2023-04-18,THYAO.IS,133.05162048339844
2023-04-19,THYAO.IS,131.5863037109375
2023-04-20,THYAO.IS,130.90248107910156
2023-04-24,THYAO.IS,133.14930725097656
2023-04-25,THYAO.IS,130.60940551757812
2023-04-26,THYAO.IS,126.99493408203125
2023-04-27,THYAO.IS,127.77645111083984
2023-04-28,THYAO.IS,124.8458023071289
2023-05-02,THYAO.IS,123.38047790527344
2023-05-03,THYAO.IS,126.21343231201172
2023-05-04,THYAO.IS,124.74810791015625
2023-05-05,THYAO.IS,122.59896087646484
2023-05-08,THYAO.IS,129.730224609375
2023-05-09,THYAO.IS,125.82269287109375
2023-05-10,THYAO.IS,123.8689193725586
2023-05-11,THYAO.IS,133.14930725097656
2023-05-12,THYAO.IS,129.53485107421875
2023-05-15,THYAO.IS,121.5243911743164
2023-05-16,THYAO.IS,132.758544921875
2023-05-17,THYAO.IS,133.9308319091797
2023-05-18,THYAO.IS,129.53485107421875
2023-05-22,THYAO.IS,132.36781311035156
2023-05-23,THYAO.IS,131.29322814941406
2023-05-24,THYAO.IS,129.730224609375
2023-05-25,THYAO.IS,131.00018310546875
2023-05-26,THYAO.IS,139.0106201171875
2023-05-29,THYAO.IS,142.62509155273438
2023-05-30,THYAO.IS,143.6019744873047
2023-05-31,THYAO.IS,140.4759521484375
2023-06-01,THYAO.IS,143.6019744873047
2023-06-02,THYAO.IS,146.6303253173828
2023-06-05,THYAO.IS,160.69744873046875
2023-06-06,THYAO.IS,161.57662963867188
2023-06-07,THYAO.IS,168.5125274658203
2023-06-08,THYAO.IS,167.63333129882812
2023-06-09,THYAO.IS,172.81080627441406
2023-06-12,THYAO.IS,179.06288146972656
2023-06-13,THYAO.IS,173.6900177001953
2023-06-14,THYAO.IS,178.672119140625
2023-06-15,THYAO.IS,178.76980590820312
2023-06-16,THYAO.IS,176.52297973632812
2023-06-19,THYAO.IS,169.97784423828125
2023-06-20,THYAO.IS,167.4379425048828
2023-06-21,THYAO.IS,165.4841766357422
2023-06-22,THYAO.IS,176.13223266601562
2023-06-23,THYAO.IS,180.4304962158203
2023-06-26,THYAO.IS,186.58486938476562
2023-06-27,THYAO.IS,189.2224578857422
2023-07-03,THYAO.IS,205.63412475585938
2023-07-04,THYAO.IS,203.2895965576172
2023-07-05,THYAO.IS,211.49542236328125
2023-07-06,THYAO.IS,211.59310913085938
2023-07-07,THYAO.IS,210.22547912597656
2023-07-10,THYAO.IS,209.6393585205078
2023-07-11,THYAO.IS,210.3231658935547
2023-07-12,THYAO.IS,206.0248565673828
2023-07-13,THYAO.IS,204.65724182128906
2023-07-14,THYAO.IS,208.5647735595703
2023-07-17,THYAO.IS,213.7422637939453
2023-07-18,THYAO.IS,209.05320739746094
2023-07-19,THYAO.IS,218.4313201904297
2023-07-20,THYAO.IS,219.9943084716797
2023-07-21,THYAO.IS,218.4313201904297
2023-07-24,THYAO.IS,216.67291259765625
2023-07-25,THYAO.IS,212.27694702148438
2023-07-26,THYAO.IS,218.9197540283203
2023-07-27,THYAO.IS,223.21803283691406
2023-07-28,THYAO.IS,229.5677947998047
2023-07-31,THYAO.IS,228.8839569091797
2023-08-01,THYAO.IS,225.66024780273438
2023-08-02,THYAO.IS,231.03311157226562
2023-08-03,THYAO.IS,229.5677947998047
2023-08-04,THYAO.IS,243.0487823486328
2023-08-07,THYAO.IS,260.7303771972656
2023-08-08,THYAO.IS,255.74827575683594
2023-08-09,THYAO.IS,253.9898681640625
2023-08-10,THYAO.IS,252.52456665039062
2023-08-11,THYAO.IS,259.5581359863281
2023-08-14,THYAO.IS,255.35752868652344
2023-08-15,THYAO.IS,253.69683837890625
2023-08-16,THYAO.IS,248.6170196533203
2023-08-17,THYAO.IS,256.0413513183594
2023-08-18,THYAO.IS,245.5886688232422
2023-08-21,THYAO.IS,253.01300048828125
2023-08-22,THYAO.IS,249.00778198242188
2023-08-23,THYAO.IS,234.1591339111328
2023-08-24,THYAO.IS,225.1717987060547
2023-08-25,THYAO.IS,232.49844360351562
2023-08-28,THYAO.IS,250.0823516845703
2023-08-29,THYAO.IS,242.16958618164062
2023-08-31,THYAO.IS,239.3366241455078
2023-09-01,THYAO.IS,248.1285858154297
2023-09-04,THYAO.IS,246.85862731933594
2023-09-05,THYAO.IS,246.17481994628906
2023-09-06,THYAO.IS,239.3366241455078
2023-09-07,THYAO.IS,238.9458770751953
2023-09-08,THYAO.IS,237.67593383789062
2023-09-11,THYAO.IS,229.07933044433594
2023-09-12,THYAO.IS,230.54466247558594
2023-09-13,THYAO.IS,226.3440704345703
2023-09-14,THYAO.IS,232.98687744140625
2023-09-15,THYAO.IS,221.85040283203125
2023-09-18,THYAO.IS,213.05845642089844
2023-09-19,THYAO.IS,213.54689025878906
2023-09-20,THYAO.IS,218.13824462890625
2023-09-21,THYAO.IS,227.2232666015625
2023-09-22,THYAO.IS,220.87351989746094
2023-09-25,THYAO.IS,227.12557983398438
2023-09-26,THYAO.IS,222.24114990234375
2023-09-27,THYAO.IS,225.07411193847656
2023-09-28,THYAO.IS,237.57823181152344
2023-09-29,THYAO.IS,236.8944091796875
2023-10-02,THYAO.IS,247.54244995117188
2023-10-03,THYAO.IS,241.97421264648438
2023-10-04,THYAO.IS,232.98687744140625
2023-10-05,THYAO.IS,235.9175262451172
2023-10-06,THYAO.IS,232.88919067382812
2023-10-09,THYAO.IS,221.94808959960938
2023-10-10,THYAO.IS,232.59613037109375
2023-10-11,THYAO.IS,224.7810516357422
2023-10-12,THYAO.IS,219.89663696289062
2023-10-13,THYAO.IS,217.06365966796875
2023-10-16,THYAO.IS,217.8451690673828
2023-10-17,THYAO.IS,219.89663696289062
2023-10-18,THYAO.IS,211.49542236328125
2023-10-19,THYAO.IS,208.66246032714844
2023-10-20,THYAO.IS,202.31271362304688
2023-10-23,THYAO.IS,208.76014709472656
2023-10-24,THYAO.IS,212.96075439453125
2023-10-25,THYAO.IS,198.3074951171875
2023-10-26,THYAO.IS,209.2485809326172
2023-10-27,THYAO.IS,212.17922973632812
2023-10-30,THYAO.IS,213.83993530273438
2023-10-31,THYAO.IS,212.27694702148438
2023-11-01,THYAO.IS,213.05845642089844
2023-11-02,THYAO.IS,217.8451690673828
2023-11-03,THYAO.IS,220.48275756835938
2023-11-06,THYAO.IS,220.97120666503906
2023-11-07,THYAO.IS,220.7758331298828
2023-11-08,THYAO.IS,223.3157196044922
2023-11-09,THYAO.IS,224.8787384033203
2023-11-10,THYAO.IS,223.80418395996094
2023-11-13,THYAO.IS,226.83250427246094
2023-11-14,THYAO.IS,231.61924743652344
2023-11-15,THYAO.IS,230.15391540527344
2023-11-16,THYAO.IS,238.65281677246094
2023-11-17,THYAO.IS,248.372802734375
2023-11-20,THYAO.IS,248.8612518310547
2023-11-21,THYAO.IS,262.2934265136719
2023-11-22,THYAO.IS,255.9436492919922
2023-11-23,THYAO.IS,254.72256469726562
2023-11-24,THYAO.IS,253.7456512451172
2023-11-27,THYAO.IS,254.4783477783203
2023-11-28,THYAO.IS,254.96678161621094
2023-11-29,THYAO.IS,249.10546875
2023-11-30,THYAO.IS,245.1979217529297
2023-12-01,THYAO.IS,254.72256469726562
2023-12-04,THYAO.IS,255.9436492919922
2023-12-05,THYAO.IS,253.01300048828125
2023-12-06,THYAO.IS,245.44215393066406
2023-12-07,THYAO.IS,253.7456512451172
2023-12-08,THYAO.IS,248.1285858154297
2023-12-11,THYAO.IS,240.60658264160156
2023-12-12,THYAO.IS,243.24417114257812
2023-12-13,THYAO.IS,235.72215270996094
2023-12-14,THYAO.IS,246.41903686523438
2023-12-15,THYAO.IS,247.3959197998047
2023-12-18,THYAO.IS,240.0204315185547
2023-12-19,THYAO.IS,239.6296844482422
2023-12-20,THYAO.IS,236.3082733154297
2023-12-21,THYAO.IS,239.3366241455078
2023-12-22,THYAO.IS,227.614013671875
2023-12-25,THYAO.IS,220.97120666503906
2023-12-26,THYAO.IS,222.4365234375
2023-12-27,THYAO.IS,217.06365966796875
2023-12-28,THYAO.IS,223.70648193359375
2023-12-29,THYAO.IS,223.3157196044922
2024-01-02,THYAO.IS,230.93540954589844
2024-01-03,THYAO.IS,224.7810516357422
2024-01-04,THYAO.IS,227.90708923339844
2024-01-05,THYAO.IS,233.67068481445312
2024-01-08,THYAO.IS,236.9921112060547
2024-01-09,THYAO.IS,237.28515625
2024-01-10,THYAO.IS,244.12335205078125
2024-01-11,THYAO.IS,240.99732971191406
2024-01-12,THYAO.IS,245.1979217529297
2024-01-15,THYAO.IS,247.3959197998047
2024-01-16,THYAO.IS,244.0256805419922
2024-01-17,THYAO.IS,246.6632537841797
2024-01-18,THYAO.IS,244.95370483398438
2024-01-19,THYAO.IS,244.46527099609375
2024-01-22,THYAO.IS,244.46527099609375
2024-01-23,THYAO.IS,243.0487823486328
2024-01-24,THYAO.IS,245.1979217529297
2024-01-25,THYAO.IS,246.41903686523438
2024-01-26,THYAO.IS,253.9898681640625
2024-01-29,THYAO.IS,267.6662902832031
2024-01-30,THYAO.IS,265.7124938964844
2024-01-31,THYAO.IS,266.4451599121094
2024-02-01,THYAO.IS,268.15472412109375
2024-02-02,THYAO.IS,274.9928894042969
2024-02-05,THYAO.IS,282.5637512207031
2024-02-06,THYAO.IS,284.2733154296875
2024-02-07,THYAO.IS,279.3888854980469
2024-02-08,THYAO.IS,280.12152099609375
2024-02-09,THYAO.IS,287.9366149902344
2024-02-12,THYAO.IS,283.5406494140625
2024-02-13,THYAO.IS,274.7486572265625
2024-02-14,THYAO.IS,275.96978759765625
2024-02-15,THYAO.IS,277.4350891113281
2024-02-16,THYAO.IS,275.96978759765625
2024-02-19,THYAO.IS,272.0622253417969
2024-02-20,THYAO.IS,274.7486572265625
2024-02-21,THYAO.IS,272.794921875
2024-02-22,THYAO.IS,278.4120178222656
2024-02-23,THYAO.IS,279.8773193359375
2024-02-26,THYAO.IS,278.90045166015625
2024-02-27,THYAO.IS,273.77178955078125
2024-02-28,THYAO.IS,269.6200256347656
2024-02-29,THYAO.IS,275.2370910644531
2024-03-01,THYAO.IS,271.32958984375
2024-03-04,THYAO.IS,264.2471618652344
2024-03-05,THYAO.IS,259.1185302734375
2024-03-06,THYAO.IS,254.96678161621094
2024-03-07,THYAO.IS,266.4451599121094
2024-03-08,THYAO.IS,272.794921875
2024-03-11,THYAO.IS,274.2602233886719
2024-03-12,THYAO.IS,269.131591796875
2024-03-13,THYAO.IS,265.7124938964844
2024-03-14,THYAO.IS,265.4682922363281
2024-03-15,THYAO.IS,264.0029296875
2024-03-18,THYAO.IS,262.2934265136719
2024-03-19,THYAO.IS,271.8180236816406
2024-03-20,THYAO.IS,271.8180236816406
2024-03-21,THYAO.IS,278.90045166015625
2024-03-22,THYAO.IS,284.51751708984375
2024-03-25,THYAO.IS,279.1446533203125
2024-03-26,THYAO.IS,278.6562194824219
2024-03-27,THYAO.IS,276.2140197753906
2024-03-28,THYAO.IS,290.86724853515625
2024-03-29,THYAO.IS,290.86724853515625
2024-04-01,THYAO.IS,296.72857666015625
2024-04-02,THYAO.IS,290.1346130371094
2024-04-03,THYAO.IS,293.06524658203125
2024-04-04,THYAO.IS,283.29638671875
2024-04-05,THYAO.IS,300.1476745605469
2024-04-08,THYAO.IS,302.8341064453125
2024-04-09,THYAO.IS,301.2292262486049
2024-04-15,THYAO.IS,291.5999450683594
2024-04-16,THYAO.IS,290.1346130371094
2024-04-17,THYAO.IS,288.425048828125
2024-04-18,THYAO.IS,289.4019470214844
2024-04-19,THYAO.IS,295.5074768066406
2024-04-22,THYAO.IS,295.7516784667969
2024-04-24,THYAO.IS,302.5898742675781
2024-04-25,THYAO.IS,306.00897216796875
2024-04-26,THYAO.IS,309.6722717285156
2024-04-29,THYAO.IS,318.4642639160156
2024-04-30,THYAO.IS,318.4642639160156
2024-05-02,THYAO.IS,317.7315673828125
2024-05-03,THYAO.IS,317.4873352050781
2024-05-06,THYAO.IS,318.4642639160156
2024-05-07,THYAO.IS,322.37176513671875
2024-05-08,THYAO.IS,320.17376708984375
2024-05-09,THYAO.IS,317.7315673828125
2024-05-10,THYAO.IS,310.649169921875
2024-05-13,THYAO.IS,306.98583984375
2024-05-14,THYAO.IS,303.07830810546875
2024-05-15,THYAO.IS,298.4381103515625
2024-05-16,THYAO.IS,299.9034423828125
2024-05-17,THYAO.IS,316.02203369140625
2024-05-20,THYAO.IS,316.02203369140625
2024-05-21,THYAO.IS,315.0451354980469
2024-05-22,THYAO.IS,314.0682678222656
2024-05-23,THYAO.IS,310.1607360839844
2024-05-24,THYAO.IS,310.8934020996094
2024-05-27,THYAO.IS,307.7185363769531
2024-05-28,THYAO.IS,304.7878723144531
2024-05-29,THYAO.IS,298.9265441894531
2024-05-30,THYAO.IS,298.9265441894531
2024-05-31,THYAO.IS,295.7516784667969
2024-06-03,THYAO.IS,304.7878723144531
2024-06-04,THYAO.IS,298.9265441894531
2024-06-05,THYAO.IS,305.0321044921875
2024-06-06,THYAO.IS,298.4381103515625
2024-06-07,THYAO.IS,295.5074768066406
2024-06-10,THYAO.IS,292.821044921875
2024-06-11,THYAO.IS,295.5074768066406
2024-06-12,THYAO.IS,297.9496765136719
2024-06-13,THYAO.IS,302.3456726074219
2024-06-14,THYAO.IS,304.54364013671875
2024-06-20,THYAO.IS,308.6954040527344
2024-06-21,THYAO.IS,308.6954040527344
2024-06-24,THYAO.IS,303.07830810546875
2024-06-25,THYAO.IS,298.6823425292969
2024-06-26,THYAO.IS,294.0421447753906
2024-06-27,THYAO.IS,298.6823425292969
2024-06-28,THYAO.IS,301.61297607421875
2024-07-01,THYAO.IS,288.91351318359375
2024-07-02,THYAO.IS,290.86724853515625
2024-07-03,THYAO.IS,296.2401123046875
2024-07-04,THYAO.IS,303.81097412109375
2024-07-05,THYAO.IS,300.8803405761719
2024-07-08,THYAO.IS,298.9265441894531
2024-07-09,THYAO.IS,303.5667419433594
2024-07-10,THYAO.IS,297.7054443359375
2024-07-11,THYAO.IS,302.8341064453125
2024-07-12,THYAO.IS,300.1476745605469
2024-07-16,THYAO.IS,300.3918762207031
2024-07-17,THYAO.IS,302.1014404296875
2024-07-18,THYAO.IS,309.183837890625
2024-07-19,THYAO.IS,308.20697021484375
2024-07-22,THYAO.IS,302.5898742675781
2024-07-23,THYAO.IS,298.9265441894531
2024-07-24,THYAO.IS,297.9496765136719
2024-07-25,THYAO.IS,293.3094787597656
2024-07-26,THYAO.IS,294.53057861328125
2024-07-29,THYAO.IS,287.2039489746094
2024-07-30,THYAO.IS,286.71551513671875
2024-07-31,THYAO.IS,282.5637512207031
2024-08-01,THYAO.IS,290.623046875
2024-08-02,THYAO.IS,284.7617492675781
2024-08-05,THYAO.IS,270.596923828125
2024-08-06,THYAO.IS,273.0391540527344
2024-08-07,THYAO.IS,291.1114807128906
2024-08-08,THYAO.IS,295.0190124511719
2024-08-09,THYAO.IS,294.7748107910156
2024-08-12,THYAO.IS,293.3094787597656
2024-08-13,THYAO.IS,290.86724853515625
2024-08-14,THYAO.IS,285.0059509277344
2024-08-15,THYAO.IS,281.8310852050781
2024-08-16,THYAO.IS,286.71551513671875
2024-08-19,THYAO.IS,290.1346130371094
2024-08-20,THYAO.IS,292.821044921875
2024-08-21,THYAO.IS,290.86724853515625
2024-08-22,THYAO.IS,287.6923828125
2024-08-23,THYAO.IS,288.1808166503906
2024-08-26,THYAO.IS,282.0753173828125
2024-08-27,THYAO.IS,290.86724853515625
2024-08-28,THYAO.IS,295.26324462890625
2024-08-29,THYAO.IS,293.5536804199219
2024-09-02,THYAO.IS,301.3687744140625
2024-09-03,THYAO.IS,295.7516784667969
2024-09-04,THYAO.IS,294.0421447753906
2024-09-05,THYAO.IS,289.890380859375
2024-09-06,THYAO.IS,287.44818115234375
2024-09-09,THYAO.IS,282.31951904296875
2024-09-10,THYAO.IS,277.4350891113281
2024-09-11,THYAO.IS,273.527587890625
2024-09-12,THYAO.IS,279.6330871582031
2024-09-13,THYAO.IS,285.494384765625
2024-09-16,THYAO.IS,279.6330871582031
2024-09-17,THYAO.IS,283.78485107421875
2024-09-18,THYAO.IS,284.7617492675781
2024-09-19,THYAO.IS,294.0421447753906
2024-09-20,THYAO.IS,292.5768127441406
2024-09-23,THYAO.IS,289.15771484375
2024-09-24,THYAO.IS,289.4019470214844
2024-09-25,THYAO.IS,284.51751708984375
2024-09-26,THYAO.IS,284.51751708984375
2024-09-27,THYAO.IS,285.494384765625
2024-09-30,THYAO.IS,278.4120178222656
2024-10-01,THYAO.IS,271.32958984375
2024-10-02,THYAO.IS,265.22406005859375
2024-10-03,THYAO.IS,262.5376281738281
2024-10-04,THYAO.IS,267.42205810546875
2024-10-07,THYAO.IS,264.2471618652344
2024-10-08,THYAO.IS,264.49139404296875
2024-10-09,THYAO.IS,264.0029296875
2024-10-10,THYAO.IS,260.3396301269531
2024-10-11,THYAO.IS,258.6300964355469
2024-10-14,THYAO.IS,251.79190063476562
2024-10-15,THYAO.IS,261.8049621582031
2024-10-16,THYAO.IS,263.02606201171875
2024-10-17,THYAO.IS,267.1778259277344
2024-10-18,THYAO.IS,261.8049621582031
2024-10-21,THYAO.IS,263.2702941894531
2024-10-22,THYAO.IS,268.39892578125
2024-10-23,THYAO.IS,261.56072998046875
2024-10-24,THYAO.IS,267.42205810546875
2024-10-25,THYAO.IS,269.6200256347656
2024-10-28,THYAO.IS,271.57379150390625
2024-10-30,THYAO.IS,271.0853576660156
2024-10-31,THYAO.IS,266.200927734375
2024-11-01,THYAO.IS,266.6893615722656
2024-11-04,THYAO.IS,262.2934265136719
2024-11-05,THYAO.IS,265.95672607421875
2024-11-06,THYAO.IS,270.8411560058594
2024-11-07,THYAO.IS,276.2140197753906
2024-11-08,THYAO.IS,283.5406494140625
2024-11-11,THYAO.IS,281.3426513671875
2024-11-12,THYAO.IS,279.8773193359375
2024-11-13,THYAO.IS,277.1908874511719
2024-11-14,THYAO.IS,279.8773193359375
2024-11-15,THYAO.IS,283.05218505859375
2024-11-18,THYAO.IS,282.0753173828125
2024-11-19,THYAO.IS,272.5506591796875
2024-11-20,THYAO.IS,264.7356262207031
2024-11-21,THYAO.IS,273.2833557128906
2024-11-22,THYAO.IS,273.0391540527344
2024-11-25,THYAO.IS,289.4019470214844
2024-11-26,THYAO.IS,287.2039489746094
2024-11-27,THYAO.IS,285.7386169433594
2024-11-28,THYAO.IS,280.6099548339844
2024-11-29,THYAO.IS,278.4120178222656
2024-12-02,THYAO.IS,278.90045166015625
2024-12-03,THYAO.IS,280.3657531738281
2024-12-04,THYAO.IS,282.31951904296875
2024-12-05,THYAO.IS,286.71551513671875
2024-12-06,THYAO.IS,293.5536804199219
2024-12-09,THYAO.IS,293.5536804199219
2024-12-10,THYAO.IS,292.33258056640625
2024-12-11,THYAO.IS,294.286376953125
2024-12-12,THYAO.IS,291.5999450683594
2024-12-13,THYAO.IS,292.33258056640625
2024-12-16,THYAO.IS,288.6692810058594
2024-12-17,THYAO.IS,290.86724853515625
2024-12-18,THYAO.IS,283.78485107421875
2024-12-19,THYAO.IS,282.8079528808594
2024-12-20,THYAO.IS,283.05218505859375
2024-12-23,THYAO.IS,279.3888854980469
2024-12-24,THYAO.IS,278.90045166015625
2024-12-25,THYAO.IS,281.5868835449219
2024-12-26,THYAO.IS,283.29638671875
2024-12-27,THYAO.IS,284.0290832519531
2024-12-30,THYAO.IS,275.7255859375
2024-12-31,THYAO.IS,274.50445556640625
2015-03-11,TUPRS.IS,3.1940605640411377
2015-03-12,TUPRS.IS,3.1816439628601074
2015-03-13,TUPRS.IS,3.1257710456848145
2015-03-16,TUPRS.IS,3.1909561157226562
2015-03-17,TUPRS.IS,3.321326494216919
2015-03-18,TUPRS.IS,3.2964937686920166
2015-03-19,TUPRS.IS,3.420654773712158
2015-03-20,TUPRS.IS,3.5230889320373535
2015-03-23,TUPRS.IS,3.6006898880004883
2015-03-24,TUPRS.IS,3.6534578800201416
2015-03-25,TUPRS.IS,3.6627707481384277
2015-03-26,TUPRS.IS,3.641042470932007
2015-03-27,TUPRS.IS,3.687603235244751
2015-03-30,TUPRS.IS,3.8397014141082764
2015-03-31,TUPRS.IS,3.8397014141082764
2015-04-01,TUPRS.IS,3.74657940864563
2015-04-02,TUPRS.IS,3.700019598007202
2015-04-03,TUPRS.IS,3.8086612224578857
2015-04-06,TUPRS.IS,3.8397014141082764
2015-04-07,TUPRS.IS,3.7838284969329834
2015-04-08,TUPRS.IS,3.743476390838623
2015-04-09,TUPRS.IS,3.7652041912078857
2015-04-10,TUPRS.IS,3.743476390838623
2015-04-13,TUPRS.IS,3.7589962482452393
2015-04-14,TUPRS.IS,3.752788543701172
2015-04-15,TUPRS.IS,3.7279560565948486
2015-04-16,TUPRS.IS,3.8614299297332764
2015-04-17,TUPRS.IS,3.836597204208374
2015-04-20,TUPRS.IS,3.8179733753204346
2015-04-21,TUPRS.IS,3.9421346187591553
2015-04-22,TUPRS.IS,4.00731897354126
2015-04-23,TUPRS.IS,4.00731897354126
2015-04-24,TUPRS.IS,4.134585380554199
2015-04-27,TUPRS.IS,4.122169017791748
2015-04-28,TUPRS.IS,4.109752178192139
2015-04-29,TUPRS.IS,4.112856388092041
2015-04-30,TUPRS.IS,4.029047966003418
2015-05-01,TUPRS.IS,4.029047966003418
2015-05-04,TUPRS.IS,4.091128349304199
2015-05-05,TUPRS.IS,3.973174810409546
2015-05-06,TUPRS.IS,3.8490138053894043
2015-05-07,TUPRS.IS,3.8179733753204346
2015-05-08,TUPRS.IS,3.9669668674468994
2015-05-11,TUPRS.IS,3.973174810409546
2015-05-12,TUPRS.IS,4.05077600479126
2015-05-13,TUPRS.IS,4.053880214691162
2015-05-14,TUPRS.IS,4.053880214691162
2015-05-15,TUPRS.IS,4.044568061828613
2015-05-18,TUPRS.IS,4.1066484451293945
2015-05-19,TUPRS.IS,4.1066484451293945
2015-05-20,TUPRS.IS,4.271163463592529
2015-05-21,TUPRS.IS,4.07250452041626
2015-05-22,TUPRS.IS,4.081816673278809
2015-05-25,TUPRS.IS,4.056984901428223
2015-05-26,TUPRS.IS,3.985590934753418
2015-05-27,TUPRS.IS,4.035255432128906
2015-05-28,TUPRS.IS,4.044568061828613
2015-05-29,TUPRS.IS,4.134585380554199
2015-06-01,TUPRS.IS,4.041463851928711
2015-06-02,TUPRS.IS,4.097336769104004
2015-06-03,TUPRS.IS,4.156314373016357
2015-06-04,TUPRS.IS,4.041463851928711
2015-06-05,TUPRS.IS,3.9545507431030273
2015-06-08,TUPRS.IS,3.870741128921509
2015-06-09,TUPRS.IS,3.8645336627960205
2015-06-10,TUPRS.IS,3.892469882965088
2015-06-11,TUPRS.IS,3.9235105514526367
2015-06-12,TUPRS.IS,3.9576544761657715
2015-06-15,TUPRS.IS,3.9762790203094482
2015-06-16,TUPRS.IS,4.029047966003418
2015-06-17,TUPRS.IS,3.985590934753418
2015-06-18,TUPRS.IS,4.1718339920043945
2015-06-19,TUPRS.IS,4.131481647491455
2015-06-22,TUPRS.IS,4.202874660491943
2015-06-23,TUPRS.IS,4.215290069580078
2015-06-24,TUPRS.IS,4.283579349517822
2015-06-25,TUPRS.IS,4.237019062042236
2015-06-26,TUPRS.IS,4.2618513107299805
2015-06-29,TUPRS.IS,4.156314373016357
2015-06-30,TUPRS.IS,4.215290069580078
2015-07-01,TUPRS.IS,4.243227481842041
2015-07-02,TUPRS.IS,4.286683082580566
2015-07-03,TUPRS.IS,4.230810642242432
2015-07-06,TUPRS.IS,4.243227481842041
2015-07-07,TUPRS.IS,4.193562030792236
2015-07-08,TUPRS.IS,4.230810642242432
2015-07-09,TUPRS.IS,4.283579349517822
2015-07-10,TUPRS.IS,4.255643367767334
2015-07-13,TUPRS.IS,4.472926139831543
2015-07-14,TUPRS.IS,4.488446235656738
2015-07-15,TUPRS.IS,4.460509300231934
2015-07-16,TUPRS.IS,4.494655132293701
2015-07-17,TUPRS.IS,4.494655132293701
2015-07-20,TUPRS.IS,4.488446235656738
2015-07-21,TUPRS.IS,4.39532470703125
2015-07-22,TUPRS.IS,4.339452266693115
2015-07-23,TUPRS.IS,4.283579349517822
2015-07-24,TUPRS.IS,4.314620018005371
2015-07-27,TUPRS.IS,4.283579349517822
2015-07-28,TUPRS.IS,4.274267673492432
2015-07-29,TUPRS.IS,4.283579349517822
2015-07-30,TUPRS.IS,4.367388725280762
2015-07-31,TUPRS.IS,4.469822406768799
2015-08-03,TUPRS.IS,4.351868629455566
2015-08-04,TUPRS.IS,4.317723751068115
2015-08-05,TUPRS.IS,4.264955520629883
2015-08-06,TUPRS.IS,4.39532470703125
2015-08-07,TUPRS.IS,4.469822406768799
2015-08-10,TUPRS.IS,4.485342979431152
2015-08-11,TUPRS.IS,4.634336471557617
2015-08-12,TUPRS.IS,4.6591691970825195
2015-08-13,TUPRS.IS,4.5877766609191895
2015-08-14,TUPRS.IS,4.603296279907227
2015-08-17,TUPRS.IS,4.606400966644287
2015-08-18,TUPRS.IS,4.615711212158203
2015-08-19,TUPRS.IS,4.553631782531738
2015-08-20,TUPRS.IS,4.451198101043701
2015-08-21,TUPRS.IS,4.413949012756348
2015-08-24,TUPRS.IS,4.246330261230469
2015-08-25,TUPRS.IS,4.429469585418701
2015-08-26,TUPRS.IS,4.386013984680176
2015-08-27,TUPRS.IS,4.578463077545166
2015-08-28,TUPRS.IS,4.612608432769775
2015-08-31,TUPRS.IS,4.662273406982422
2015-09-01,TUPRS.IS,4.488446235656738
2015-09-02,TUPRS.IS,4.50396728515625
2015-09-03,TUPRS.IS,4.550527095794678
2015-09-04,TUPRS.IS,4.472926139831543
2015-09-07,TUPRS.IS,4.339452266693115
2015-09-08,TUPRS.IS,4.342556953430176
2015-09-09,TUPRS.IS,4.354972839355469
2015-09-10,TUPRS.IS,4.3891167640686035
2015-09-11,TUPRS.IS,4.444990158081055
2015-09-14,TUPRS.IS,4.39532470703125
2015-09-15,TUPRS.IS,4.438782215118408
2015-09-16,TUPRS.IS,4.491549968719482
2015-09-17,TUPRS.IS,4.550527095794678
2015-09-18,TUPRS.IS,4.621920585632324
2015-09-21,TUPRS.IS,4.6374406814575195
2015-09-22,TUPRS.IS,4.566047191619873
2015-09-23,TUPRS.IS,4.5722551345825195
2015-09-24,TUPRS.IS,4.5722551345825195
2015-09-25,TUPRS.IS,4.5722551345825195
2015-09-28,TUPRS.IS,4.581568241119385
2015-09-29,TUPRS.IS,4.538110733032227
2015-09-30,TUPRS.IS,4.600192546844482
2015-10-01,TUPRS.IS,4.656064033508301
2015-10-02,TUPRS.IS,4.702625274658203
2015-10-05,TUPRS.IS,4.857828140258789
2015-10-06,TUPRS.IS,4.870243549346924
2015-10-07,TUPRS.IS,4.798851013183594
2015-10-08,TUPRS.IS,4.777122497558594
2015-10-09,TUPRS.IS,4.66848087310791
2015-10-12,TUPRS.IS,4.482238292694092
2015-10-13,TUPRS.IS,4.479134559631348
2015-10-14,TUPRS.IS,4.556735038757324
2015-10-15,TUPRS.IS,4.621920585632324
2015-10-16,TUPRS.IS,4.625024795532227
2015-10-19,TUPRS.IS,4.767810344696045
2015-10-20,TUPRS.IS,4.8329949378967285
2015-10-21,TUPRS.IS,4.8329949378967285
2015-10-22,TUPRS.IS,4.8547234535217285
2015-10-23,TUPRS.IS,4.770914077758789
2015-10-26,TUPRS.IS,4.798851013183594
2015-10-27,TUPRS.IS,4.780227184295654
2015-10-28,TUPRS.IS,4.839203357696533
2015-10-29,TUPRS.IS,4.839203357696533
2015-10-30,TUPRS.IS,4.780227184295654
2015-11-02,TUPRS.IS,4.801954746246338
2015-11-03,TUPRS.IS,4.752289772033691
2015-11-04,TUPRS.IS,4.780227184295654
2015-11-05,TUPRS.IS,4.86713981628418
2015-11-06,TUPRS.IS,4.826786994934082
2015-11-09,TUPRS.IS,4.817475318908691
2015-11-10,TUPRS.IS,4.755393981933594
2015-11-11,TUPRS.IS,4.786434650421143
2015-11-12,TUPRS.IS,4.767810344696045
2015-11-13,TUPRS.IS,4.742977619171143
2015-11-16,TUPRS.IS,4.656064033508301
2015-11-17,TUPRS.IS,4.6498565673828125
2015-11-18,TUPRS.IS,4.6374406814575195
2015-11-19,TUPRS.IS,4.628129005432129
2015-11-20,TUPRS.IS,4.593984127044678
2015-11-23,TUPRS.IS,4.631232261657715
2015-11-24,TUPRS.IS,4.426366329193115
2015-11-25,TUPRS.IS,4.628129005432129
2015-11-26,TUPRS.IS,4.593984127044678
2015-11-27,TUPRS.IS,4.535006999969482
2015-11-30,TUPRS.IS,4.466717720031738
2015-12-01,TUPRS.IS,4.472926139831543
2015-12-02,TUPRS.IS,4.510174751281738
2015-12-03,TUPRS.IS,4.358076572418213
2015-12-04,TUPRS.IS,4.274267673492432
2015-12-07,TUPRS.IS,4.3332438468933105
2015-12-08,TUPRS.IS,4.314620018005371
2015-12-09,TUPRS.IS,4.379804611206055
2015-12-10,TUPRS.IS,4.330140113830566
2015-12-11,TUPRS.IS,4.268060207366943
2015-12-14,TUPRS.IS,4.140793800354004
2015-12-15,TUPRS.IS,4.43257474899292
2015-12-16,TUPRS.IS,4.485342979431152
2015-12-17,TUPRS.IS,4.538110733032227
2015-12-18,TUPRS.IS,4.4574055671691895
2015-12-21,TUPRS.IS,4.497758388519287
2015-12-22,TUPRS.IS,4.584671974182129
2015-12-23,TUPRS.IS,4.553631782531738
2015-12-24,TUPRS.IS,4.522590637207031
2015-12-25,TUPRS.IS,4.541214942932129
2015-12-28,TUPRS.IS,4.562943935394287
2015-12-29,TUPRS.IS,4.50396728515625
2015-12-30,TUPRS.IS,4.479134559631348
2015-12-31,TUPRS.IS,4.320828437805176
2016-01-01,TUPRS.IS,4.320828437805176
2016-01-04,TUPRS.IS,4.407741069793701
2016-01-05,TUPRS.IS,4.382908821105957
2016-01-06,TUPRS.IS,4.547422885894775
2016-01-07,TUPRS.IS,4.696417331695557
2016-01-08,TUPRS.IS,4.562943935394287
2016-01-11,TUPRS.IS,4.550527095794678
2016-01-12,TUPRS.IS,4.625024795532227
2016-01-13,TUPRS.IS,4.724353313446045
2016-01-14,TUPRS.IS,4.6498565673828125
2016-01-15,TUPRS.IS,4.550527095794678
2016-01-18,TUPRS.IS,4.677793025970459
2016-01-19,TUPRS.IS,4.569150924682617
2016-01-20,TUPRS.IS,4.5008625984191895
2016-01-21,TUPRS.IS,4.441885948181152
2016-01-22,TUPRS.IS,4.441885948181152
2016-01-25,TUPRS.IS,4.559839248657227
2016-01-26,TUPRS.IS,4.603296279907227
2016-01-27,TUPRS.IS,4.5877766609191895
2016-01-28,TUPRS.IS,4.597088813781738
2016-01-29,TUPRS.IS,4.6498565673828125
2016-02-01,TUPRS.IS,4.5877766609191895
2016-02-02,TUPRS.IS,4.522590637207031
2016-02-03,TUPRS.IS,4.522590637207031
2016-02-04,TUPRS.IS,4.497758388519287
2016-02-05,TUPRS.IS,4.4356770515441895
2016-02-08,TUPRS.IS,4.2401227951049805
2016-02-09,TUPRS.IS,4.302204608917236
2016-02-10,TUPRS.IS,4.305306911468506
2016-02-11,TUPRS.IS,4.2401227951049805
2016-02-12,TUPRS.IS,4.274267673492432
2016-02-15,TUPRS.IS,4.472926139831543
2016-02-16,TUPRS.IS,4.451198101043701
2016-02-17,TUPRS.IS,4.494655132293701
2016-02-18,TUPRS.IS,4.525694847106934
2016-02-19,TUPRS.IS,4.584671974182129
2016-02-22,TUPRS.IS,4.609503269195557
2016-02-23,TUPRS.IS,4.662273406982422
2016-02-24,TUPRS.IS,4.609503269195557
2016-02-25,TUPRS.IS,4.621920585632324
2016-02-26,TUPRS.IS,4.606400966644287
2016-02-29,TUPRS.IS,4.711937427520752
2016-03-01,TUPRS.IS,4.708833694458008
2016-03-02,TUPRS.IS,4.693313121795654
2016-03-03,TUPRS.IS,4.665376663208008
2016-03-04,TUPRS.IS,4.66848087310791
2016-03-07,TUPRS.IS,4.593984127044678
2016-03-08,TUPRS.IS,4.702625274658203
2016-03-09,TUPRS.IS,4.814370632171631
2016-03-10,TUPRS.IS,4.817475318908691
2016-03-11,TUPRS.IS,4.764705657958984
2016-03-14,TUPRS.IS,4.814370632171631
2016-03-15,TUPRS.IS,4.7150421142578125
2016-03-16,TUPRS.IS,4.808162212371826
2016-03-17,TUPRS.IS,4.923012733459473
2016-03-18,TUPRS.IS,5.044070720672607
2016-03-21,TUPRS.IS,5.044070720672607
2016-03-22,TUPRS.IS,4.94163703918457
2016-03-23,TUPRS.IS,4.84541130065918
2016-03-24,TUPRS.IS,4.873347759246826
2016-03-25,TUPRS.IS,4.885764122009277
2016-03-28,TUPRS.IS,4.913700580596924
2016-03-29,TUPRS.IS,4.923012733459473
2016-03-30,TUPRS.IS,4.89818000793457
2016-03-31,TUPRS.IS,4.926115989685059
2016-04-01,TUPRS.IS,4.88886833190918
2016-04-04,TUPRS.IS,4.935429573059082
2016-04-05,TUPRS.IS,4.891971588134766
2016-04-06,TUPRS.IS,4.891971588134766
2016-04-07,TUPRS.IS,4.864907264709473
2016-04-08,TUPRS.IS,4.935952186584473
2016-04-11,TUPRS.IS,4.966399669647217
2016-04-12,TUPRS.IS,5.013764381408691
2016-04-13,TUPRS.IS,5.149087905883789
2016-04-14,TUPRS.IS,5.19983434677124
2016-04-15,TUPRS.IS,5.000231742858887
2016-04-18,TUPRS.IS,5.006997585296631
2016-04-19,TUPRS.IS,5.013764381408691
2016-04-20,TUPRS.IS,4.9833149909973145
2016-04-21,TUPRS.IS,5.064509868621826
2016-04-22,TUPRS.IS,5.0915751457214355
2016-04-25,TUPRS.IS,5.0475945472717285
2016-04-26,TUPRS.IS,5.07127571105957
2016-04-27,TUPRS.IS,5.01038122177124
2016-04-28,TUPRS.IS,5.030678749084473
2016-04-29,TUPRS.IS,4.9968485832214355
2016-05-02,TUPRS.IS,4.95286750793457
2016-05-03,TUPRS.IS,4.864907264709473
2016-05-04,TUPRS.IS,4.780330181121826
2016-05-05,TUPRS.IS,4.814160346984863
2016-05-06,TUPRS.IS,4.50968074798584
2016-05-09,TUPRS.IS,4.577342987060547
2016-05-10,TUPRS.IS,4.577342987060547
2016-05-11,TUPRS.IS,4.587491512298584
2016-05-12,TUPRS.IS,4.469083309173584
2016-05-13,TUPRS.IS,4.370972633361816
2016-05-16,TUPRS.IS,4.452167987823486
2016-05-17,TUPRS.IS,4.347291469573975
2016-05-18,TUPRS.IS,4.337141990661621
2016-05-19,TUPRS.IS,4.337141990661621
2016-05-20,TUPRS.IS,4.26271390914917
2016-05-23,TUPRS.IS,4.293161869049072
2016-05-24,TUPRS.IS,4.465700149536133
2016-05-25,TUPRS.IS,4.573958873748779
2016-05-26,TUPRS.IS,4.519830703735352
2016-05-27,TUPRS.IS,4.54351282119751
2016-05-30,TUPRS.IS,4.5502777099609375
2016-05-31,TUPRS.IS,4.506297588348389
2016-06-01,TUPRS.IS,4.479231834411621
2016-06-02,TUPRS.IS,4.452167987823486
2016-06-03,TUPRS.IS,4.472466468811035
2016-06-06,TUPRS.IS,4.533363342285156
2016-06-07,TUPRS.IS,4.506297588348389
2016-06-08,TUPRS.IS,4.46231746673584
2016-06-09,TUPRS.IS,4.31007719039917
2016-06-10,TUPRS.IS,4.276246547698975
2016-06-13,TUPRS.IS,4.228883266448975
2016-06-14,TUPRS.IS,4.19166898727417
2016-06-15,TUPRS.IS,4.232266426086426
2016-06-16,TUPRS.IS,4.171370506286621
2016-06-17,TUPRS.IS,4.178135871887207
2016-06-20,TUPRS.IS,4.266097068786621
2016-06-21,TUPRS.IS,4.249181270599365
2016-06-22,TUPRS.IS,4.249181270599365
2016-06-23,TUPRS.IS,4.26271390914917
2016-06-24,TUPRS.IS,4.157838344573975
2016-06-27,TUPRS.IS,4.167986869812012
2016-06-28,TUPRS.IS,4.222116947174072
2016-06-29,TUPRS.IS,4.269480228424072
2016-06-30,TUPRS.IS,4.313460350036621
2016-07-01,TUPRS.IS,4.360823631286621
2016-07-04,TUPRS.IS,4.320226669311523
2016-07-05,TUPRS.IS,4.320226669311523
2016-07-06,TUPRS.IS,4.320226669311523
2016-07-07,TUPRS.IS,4.320226669311523
2016-07-08,TUPRS.IS,4.134156703948975
2016-07-11,TUPRS.IS,4.232266426086426
2016-07-12,TUPRS.IS,4.255948066711426
2016-07-13,TUPRS.IS,4.299928188323975
2016-07-14,TUPRS.IS,4.411571025848389
2016-07-15,TUPRS.IS,4.421720504760742
2016-07-18,TUPRS.IS,4.235649108886719
2016-07-19,TUPRS.IS,4.299928188323975
2016-07-20,TUPRS.IS,4.296544551849365
2016-07-21,TUPRS.IS,4.161221504211426
2016-07-22,TUPRS.IS,4.100324630737305
2016-07-25,TUPRS.IS,4.255948066711426
2016-07-26,TUPRS.IS,4.320226669311523
2016-07-27,TUPRS.IS,4.306694984436035
2016-07-28,TUPRS.IS,4.3405256271362305
2016-07-29,TUPRS.IS,4.320226669311523
2016-08-01,TUPRS.IS,4.354057788848877
2016-08-02,TUPRS.IS,4.320226669311523
2016-08-03,TUPRS.IS,4.205200672149658
2016-08-04,TUPRS.IS,4.252564430236816
2016-08-05,TUPRS.IS,4.21535062789917
2016-08-08,TUPRS.IS,4.21535062789917
2016-08-09,TUPRS.IS,4.205200672149658
2016-08-10,TUPRS.IS,4.19166898727417
2016-08-11,TUPRS.IS,4.225499629974365
2016-08-12,TUPRS.IS,3.941319465637207
2016-08-15,TUPRS.IS,3.897338628768921
2016-08-16,TUPRS.IS,3.924403429031372
2016-08-17,TUPRS.IS,3.924403429031372
2016-08-18,TUPRS.IS,3.924403429031372
2016-08-19,TUPRS.IS,3.9379358291625977
2016-08-22,TUPRS.IS,3.941319465637207
2016-08-23,TUPRS.IS,3.948085069656372
2016-08-24,TUPRS.IS,3.917637348175049
2016-08-25,TUPRS.IS,3.900721311569214
2016-08-26,TUPRS.IS,3.873656988143921
2016-08-29,TUPRS.IS,3.8533577919006348
2016-08-30,TUPRS.IS,3.8533577919006348
2016-08-31,TUPRS.IS,3.917637348175049
2016-09-01,TUPRS.IS,3.907487630844116
2016-09-02,TUPRS.IS,3.9514689445495605
2016-09-05,TUPRS.IS,4.036046028137207
2016-09-06,TUPRS.IS,4.073260307312012
2016-09-07,TUPRS.IS,3.9852988719940186
2016-09-08,TUPRS.IS,3.965000629425049
2016-09-09,TUPRS.IS,3.917637348175049
2016-09-12,TUPRS.IS,3.917637348175049
2016-09-13,TUPRS.IS,3.917637348175049
2016-09-14,TUPRS.IS,3.917637348175049
2016-09-15,TUPRS.IS,3.917637348175049
2016-09-16,TUPRS.IS,3.8229103088378906
2016-09-19,TUPRS.IS,3.877039909362793
2016-09-20,TUPRS.IS,3.8330602645874023
2016-09-21,TUPRS.IS,3.829676389694214
2016-09-22,TUPRS.IS,3.873656988143921
2016-09-23,TUPRS.IS,3.941319465637207
2016-09-26,TUPRS.IS,3.8161442279815674
2016-09-27,TUPRS.IS,3.8262932300567627
2016-09-28,TUPRS.IS,3.8398258686065674
2016-09-29,TUPRS.IS,3.8905720710754395
2016-09-30,TUPRS.IS,3.8432090282440186
2016-10-03,TUPRS.IS,3.8533577919006348
2016-10-04,TUPRS.IS,3.8871891498565674
2016-10-05,TUPRS.IS,4.046196460723877
2016-10-06,TUPRS.IS,4.0867919921875
2016-10-07,TUPRS.IS,4.093557834625244
2016-10-10,TUPRS.IS,4.113857746124268
2016-10-11,TUPRS.IS,4.113857746124268
2016-10-12,TUPRS.IS,4.080026626586914
2016-10-13,TUPRS.IS,3.995448350906372
2016-10-14,TUPRS.IS,4.039429664611816
2016-10-17,TUPRS.IS,4.039429664611816
2016-10-18,TUPRS.IS,4.039429664611816
2016-10-19,TUPRS.IS,4.130772590637207
2016-10-20,TUPRS.IS,4.232266426086426
2016-10-21,TUPRS.IS,4.222116947174072
2016-10-24,TUPRS.IS,4.286395072937012
2016-10-25,TUPRS.IS,4.255948066711426
2016-10-26,TUPRS.IS,4.198434829711914
2016-10-27,TUPRS.IS,4.178135871887207
2016-10-28,TUPRS.IS,4.2119669914245605
2016-10-31,TUPRS.IS,4.266097068786621
2016-11-01,TUPRS.IS,4.330376148223877
2016-11-02,TUPRS.IS,4.286395072937012
2016-11-03,TUPRS.IS,4.252564430236816
2016-11-04,TUPRS.IS,4.1172404289245605
2016-11-07,TUPRS.IS,4.31007719039917
2016-11-08,TUPRS.IS,4.411571025848389
2016-11-09,TUPRS.IS,4.374356269836426
2016-11-10,TUPRS.IS,4.367589950561523
2016-11-11,TUPRS.IS,4.398037910461426
2016-11-14,TUPRS.IS,4.303311347961426
2016-11-15,TUPRS.IS,4.326992988586426
2016-11-16,TUPRS.IS,4.43863582611084
2016-11-17,TUPRS.IS,4.489382266998291
2016-11-18,TUPRS.IS,4.536746025085449
2016-11-21,TUPRS.IS,4.563810348510742
2016-11-22,TUPRS.IS,4.513063907623291
2016-11-23,TUPRS.IS,4.516447067260742
2016-11-24,TUPRS.IS,4.485998630523682
2016-11-25,TUPRS.IS,4.469083309173584
2016-11-28,TUPRS.IS,4.496149063110352
2016-11-29,TUPRS.IS,4.445401668548584
2016-11-30,TUPRS.IS,4.6348557472229
2016-12-01,TUPRS.IS,4.573958873748779
2016-12-02,TUPRS.IS,4.611173629760742
2016-12-05,TUPRS.IS,4.62808895111084
2016-12-06,TUPRS.IS,4.716049671173096
2016-12-07,TUPRS.IS,4.736349105834961
2016-12-08,TUPRS.IS,4.7701802253723145
2016-12-09,TUPRS.IS,4.783712387084961
2016-12-12,TUPRS.IS,4.847991466522217
2016-12-13,TUPRS.IS,4.820926666259766
2016-12-14,TUPRS.IS,4.858140468597412
2016-12-15,TUPRS.IS,4.8378424644470215
2016-12-16,TUPRS.IS,4.851374626159668
2016-12-19,TUPRS.IS,4.783712387084961
2016-12-20,TUPRS.IS,4.844608783721924
2016-12-21,TUPRS.IS,4.800628185272217
2016-12-22,TUPRS.IS,4.739732265472412
2016-12-23,TUPRS.IS,4.776946067810059
2016-12-26,TUPRS.IS,4.7701802253723145
2016-12-27,TUPRS.IS,4.780330181121826
2016-12-28,TUPRS.IS,4.7701802253723145
2016-12-29,TUPRS.IS,4.824310779571533
2016-12-30,TUPRS.IS,4.78709602355957
2017-01-02,TUPRS.IS,4.763413429260254
2017-01-03,TUPRS.IS,4.6585373878479
2017-01-04,TUPRS.IS,4.702517986297607
2017-01-05,TUPRS.IS,4.804010391235352
2017-01-06,TUPRS.IS,4.834458827972412
2017-01-09,TUPRS.IS,4.854757785797119
2017-01-10,TUPRS.IS,4.8378424644470215
2017-01-11,TUPRS.IS,4.8378424644470215
2017-01-12,TUPRS.IS,5.017147541046143
2017-01-13,TUPRS.IS,5.1152567863464355
2017-01-16,TUPRS.IS,5.145704746246338
2017-01-17,TUPRS.IS,5.176153182983398
2017-01-18,TUPRS.IS,5.125406265258789
2017-01-19,TUPRS.IS,5.203217506408691
2017-01-20,TUPRS.IS,5.19983434677124
2017-01-23,TUPRS.IS,5.277645587921143
2017-01-24,TUPRS.IS,5.341925621032715
2017-01-25,TUPRS.IS,5.301327705383301
2017-01-26,TUPRS.IS,5.34530782699585
2017-01-27,TUPRS.IS,5.484016418457031
2017-01-30,TUPRS.IS,5.5246124267578125
2017-01-31,TUPRS.IS,5.544910907745361
2017-02-01,TUPRS.IS,5.615956783294678
2017-02-02,TUPRS.IS,5.653172016143799
2017-02-03,TUPRS.IS,5.69376802444458
2017-02-06,TUPRS.IS,5.71744966506958
2017-02-07,TUPRS.IS,5.72760009765625
2017-02-08,TUPRS.IS,5.829092502593994
2017-02-09,TUPRS.IS,5.920436859130859
2017-02-10,TUPRS.IS,5.869689464569092
2017-02-13,TUPRS.IS,5.879838466644287
2017-02-14,TUPRS.IS,5.71744966506958
2017-02-15,TUPRS.IS,5.771580219268799
2017-02-16,TUPRS.IS,5.602424621582031
2017-02-17,TUPRS.IS,5.602424621582031
2017-02-20,TUPRS.IS,5.670085430145264
2017-02-21,TUPRS.IS,5.649786472320557
2017-02-22,TUPRS.IS,5.676852226257324
2017-02-23,TUPRS.IS,5.683618545532227
2017-02-24,TUPRS.IS,5.690384387969971
2017-02-27,TUPRS.IS,5.69376802444458
2017-02-28,TUPRS.IS,5.761429309844971
2017-03-01,TUPRS.IS,5.852773666381836
2017-03-02,TUPRS.IS,5.846007823944092
2017-03-03,TUPRS.IS,5.984714984893799
2017-03-06,TUPRS.IS,6.055759906768799
2017-03-07,TUPRS.IS,6.028695583343506
2017-03-08,TUPRS.IS,5.961033821105957
2017-03-09,TUPRS.IS,5.913670539855957
2017-03-10,TUPRS.IS,6.069293022155762
2017-03-13,TUPRS.IS,5.971182823181152
2017-03-14,TUPRS.IS,6.005013942718506
2017-03-15,TUPRS.IS,5.961033821105957
2017-03-16,TUPRS.IS,5.964416027069092
2017-03-17,TUPRS.IS,6.052377700805664
2017-03-20,TUPRS.IS,6.086208343505859
2017-03-21,TUPRS.IS,6.170786380767822
2017-03-22,TUPRS.IS,6.045611381530762
2017-03-23,TUPRS.IS,6.055759906768799
2017-03-24,TUPRS.IS,5.9982476234436035
2017-03-27,TUPRS.IS,5.9305853843688965
2017-03-28,TUPRS.IS,5.9745659828186035
2017-03-29,TUPRS.IS,6.079442024230957
2017-03-30,TUPRS.IS,6.160637378692627
2017-03-31,TUPRS.IS,6.103124141693115
2017-04-03,TUPRS.IS,6.038845062255859
2017-04-04,TUPRS.IS,6.021972179412842
2017-04-05,TUPRS.IS,6.185612201690674
2017-04-06,TUPRS.IS,6.07651948928833
2017-04-07,TUPRS.IS,6.178339004516602
2017-04-10,TUPRS.IS,6.192884922027588
2017-04-11,TUPRS.IS,6.254705429077148
2017-04-12,TUPRS.IS,6.232885837554932
2017-04-13,TUPRS.IS,6.160159111022949
2017-04-14,TUPRS.IS,6.178339004516602
2017-04-17,TUPRS.IS,6.214703559875488
2017-04-18,TUPRS.IS,6.160159111022949
2017-04-19,TUPRS.IS,6.105610370635986
2017-04-20,TUPRS.IS,6.1674299240112305
2017-04-21,TUPRS.IS,6.163793563842773
2017-04-24,TUPRS.IS,6.236523151397705
2017-04-25,TUPRS.IS,6.254705429077148
2017-04-26,TUPRS.IS,6.400163173675537
2017-04-27,TUPRS.IS,6.451072692871094
2017-04-28,TUPRS.IS,6.5092573165893555
2017-05-01,TUPRS.IS,6.5092573165893555
2017-05-02,TUPRS.IS,6.4183454513549805
2017-05-03,TUPRS.IS,6.389254570007324
2017-05-04,TUPRS.IS,6.349252223968506
2017-05-05,TUPRS.IS,6.676534652709961
2017-05-08,TUPRS.IS,6.651078701019287
2017-05-09,TUPRS.IS,6.803809642791748
2017-05-10,TUPRS.IS,6.829265117645264
2017-05-11,TUPRS.IS,6.6838059425354
2017-05-12,TUPRS.IS,6.851083278656006
2017-05-15,TUPRS.IS,6.891084671020508
2017-05-16,TUPRS.IS,6.912903785705566
2017-05-17,TUPRS.IS,6.934723377227783
2017-05-18,TUPRS.IS,6.905630588531494
2017-05-19,TUPRS.IS,6.905630588531494
2017-05-22,TUPRS.IS,6.8729023933410645
2017-05-23,TUPRS.IS,6.8765387535095215
2017-05-24,TUPRS.IS,7.025634288787842
2017-05-25,TUPRS.IS,6.960178375244141
2017-05-26,TUPRS.IS,6.978359699249268
2017-05-29,TUPRS.IS,6.971086502075195
2017-05-30,TUPRS.IS,6.967450141906738
2017-05-31,TUPRS.IS,6.909267902374268
2017-06-01,TUPRS.IS,6.960178375244141
2017-06-02,TUPRS.IS,7.032906532287598
2017-06-05,TUPRS.IS,7.131091117858887
2017-06-06,TUPRS.IS,7.243820667266846
2017-06-07,TUPRS.IS,7.145636558532715
2017-06-08,TUPRS.IS,7.1274542808532715
2017-06-09,TUPRS.IS,7.171092510223389
2017-06-12,TUPRS.IS,7.156546592712402
2017-06-13,TUPRS.IS,7.225639820098877
2017-06-14,TUPRS.IS,7.367461204528809
2017-06-15,TUPRS.IS,7.272912979125977
2017-06-16,TUPRS.IS,7.200183868408203
2017-06-19,TUPRS.IS,7.272912979125977
2017-06-20,TUPRS.IS,7.163820266723633
2017-06-21,TUPRS.IS,7.171092510223389
2017-06-22,TUPRS.IS,7.272912979125977
2017-06-23,TUPRS.IS,7.152908802032471
2017-06-26,TUPRS.IS,7.152908802032471
2017-06-27,TUPRS.IS,7.152908802032471
2017-06-28,TUPRS.IS,7.272912979125977
2017-06-29,TUPRS.IS,7.251093864440918
2017-06-30,TUPRS.IS,7.3601884841918945
2017-07-03,TUPRS.IS,7.251093864440918
2017-07-04,TUPRS.IS,7.280186176300049
2017-07-05,TUPRS.IS,7.287458419799805
2017-07-06,TUPRS.IS,7.272912979125977
2017-07-07,TUPRS.IS,7.247458457946777
2017-07-10,TUPRS.IS,7.294732093811035
2017-07-11,TUPRS.IS,7.454735279083252
2017-07-12,TUPRS.IS,7.4256439208984375
2017-07-13,TUPRS.IS,7.636559009552002
2017-07-14,TUPRS.IS,7.803836822509766
2017-07-17,TUPRS.IS,7.782017230987549
2017-07-18,TUPRS.IS,7.658377647399902
2017-07-19,TUPRS.IS,7.854746341705322
2017-07-20,TUPRS.IS,7.912930011749268
2017-07-21,TUPRS.IS,7.912930011749268
2017-07-24,TUPRS.IS,7.832925796508789
2017-07-25,TUPRS.IS,7.7965617179870605
2017-07-26,TUPRS.IS,7.8620195388793945
2017-07-27,TUPRS.IS,7.891109466552734
2017-07-28,TUPRS.IS,7.840200901031494
2017-07-31,TUPRS.IS,7.8838372230529785
2017-08-01,TUPRS.IS,7.782017230987549
2017-08-02,TUPRS.IS,7.854746341705322
2017-08-03,TUPRS.IS,8.291121482849121
2017-08-04,TUPRS.IS,8.298393249511719
2017-08-07,TUPRS.IS,8.291121482849121
2017-08-08,TUPRS.IS,8.509307861328125
2017-08-09,TUPRS.IS,8.531126022338867
2017-08-10,TUPRS.IS,8.509307861328125
2017-08-11,TUPRS.IS,8.363850593566895
2017-08-14,TUPRS.IS,8.502036094665527
2017-08-15,TUPRS.IS,8.385669708251953
2017-08-16,TUPRS.IS,8.218390464782715
2017-08-17,TUPRS.IS,8.28384780883789
2017-08-18,TUPRS.IS,8.363850593566895
2017-08-21,TUPRS.IS,8.385669708251953
2017-08-22,TUPRS.IS,8.378395080566406
2017-08-23,TUPRS.IS,8.407487869262695
2017-08-24,TUPRS.IS,8.422032356262207
2017-08-25,TUPRS.IS,8.472943305969238
2017-08-28,TUPRS.IS,8.509307861328125
2017-08-29,TUPRS.IS,8.560218811035156
2017-08-30,TUPRS.IS,8.560218811035156
2017-08-31,TUPRS.IS,8.531126022338867
2017-09-01,TUPRS.IS,8.531126022338867
2017-09-04,TUPRS.IS,8.531126022338867
2017-09-05,TUPRS.IS,8.502036094665527
2017-09-06,TUPRS.IS,8.982047080993652
2017-09-07,TUPRS.IS,9.011139869689941
2017-09-08,TUPRS.IS,9.083868980407715
2017-09-11,TUPRS.IS,9.054776191711426
2017-09-12,TUPRS.IS,8.945682525634766
2017-09-13,TUPRS.IS,8.872954368591309
2017-09-14,TUPRS.IS,8.909318923950195
2017-09-15,TUPRS.IS,8.88749885559082
2017-09-18,TUPRS.IS,8.88749885559082
2017-09-19,TUPRS.IS,8.84386157989502
2017-09-20,TUPRS.IS,8.705677032470703
2017-09-21,TUPRS.IS,8.632946968078613
2017-09-22,TUPRS.IS,8.582036018371582
2017-09-25,TUPRS.IS,8.698404312133789
2017-09-26,TUPRS.IS,8.836588859558105
2017-09-27,TUPRS.IS,8.640219688415527
2017-09-28,TUPRS.IS,8.654766082763672
2017-09-29,TUPRS.IS,8.84386157989502
2017-10-02,TUPRS.IS,8.916590690612793
2017-10-03,TUPRS.IS,8.96750259399414
2017-10-04,TUPRS.IS,8.95295524597168
2017-10-05,TUPRS.IS,8.84386157989502
2017-10-06,TUPRS.IS,8.96750259399414
2017-10-09,TUPRS.IS,8.785677909851074
2017-10-10,TUPRS.IS,8.923863410949707
2017-10-11,TUPRS.IS,8.909318923950195
2017-10-12,TUPRS.IS,9.272963523864746
2017-10-13,TUPRS.IS,9.302055358886719
2017-10-16,TUPRS.IS,9.360238075256348
2017-10-17,TUPRS.IS,9.316601753234863
2017-10-18,TUPRS.IS,9.360238075256348
2017-10-19,TUPRS.IS,9.476604461669922
2017-10-20,TUPRS.IS,9.505696296691895
2017-10-23,TUPRS.IS,9.6729736328125
2017-10-24,TUPRS.IS,9.636609077453613
2017-10-25,TUPRS.IS,9.585699081420898
2017-10-26,TUPRS.IS,9.592971801757812
2017-10-27,TUPRS.IS,9.767522811889648
2017-10-30,TUPRS.IS,9.832978248596191
2017-10-31,TUPRS.IS,9.927526473999023
2017-11-01,TUPRS.IS,9.971163749694824
2017-11-02,TUPRS.IS,10.232988357543945
2017-11-03,TUPRS.IS,10.16753101348877
2017-11-06,TUPRS.IS,10.443902015686035
2017-11-07,TUPRS.IS,10.218442916870117
2017-11-08,TUPRS.IS,10.182077407836914
2017-11-09,TUPRS.IS,9.200235366821289
2017-11-10,TUPRS.IS,9.02568531036377
2017-11-13,TUPRS.IS,9.25114631652832
2017-11-14,TUPRS.IS,9.134779930114746
2017-11-15,TUPRS.IS,8.902045249938965
2017-11-16,TUPRS.IS,8.836588859558105
2017-11-17,TUPRS.IS,9.0765962600708
2017-11-20,TUPRS.IS,8.938409805297852
2017-11-21,TUPRS.IS,9.243871688842773
2017-11-22,TUPRS.IS,9.23659896850586
2017-11-23,TUPRS.IS,9.171141624450684
2017-11-24,TUPRS.IS,9.02568531036377
2017-11-27,TUPRS.IS,9.062049865722656
2017-11-28,TUPRS.IS,8.931137084960938
2017-11-29,TUPRS.IS,8.763859748840332
2017-11-30,TUPRS.IS,8.814769744873047
2017-12-01,TUPRS.IS,8.582036018371582
2017-12-04,TUPRS.IS,8.632946968078613
2017-12-05,TUPRS.IS,8.763859748840332
2017-12-06,TUPRS.IS,8.516582489013672
2017-12-07,TUPRS.IS,8.531126022338867
2017-12-08,TUPRS.IS,8.582036018371582
2017-12-11,TUPRS.IS,8.552946090698242
2017-12-12,TUPRS.IS,8.560218811035156
2017-12-13,TUPRS.IS,8.611128807067871
2017-12-14,TUPRS.IS,8.407487869262695
2017-12-15,TUPRS.IS,8.34930419921875
2017-12-18,TUPRS.IS,8.17475414276123
2017-12-19,TUPRS.IS,8.436578750610352
2017-12-20,TUPRS.IS,8.88749885559082
2017-12-21,TUPRS.IS,8.756587028503418
2017-12-22,TUPRS.IS,8.691131591796875
2017-12-25,TUPRS.IS,8.756587028503418
2017-12-26,TUPRS.IS,8.712949752807617
2017-12-27,TUPRS.IS,8.654766082763672
2017-12-28,TUPRS.IS,8.880227088928223
2017-12-29,TUPRS.IS,8.836588859558105
2018-01-01,TUPRS.IS,8.836588859558105
2018-01-02,TUPRS.IS,8.945682525634766
2018-01-03,TUPRS.IS,8.89477252960205
2018-01-04,TUPRS.IS,8.858406066894531
2018-01-05,TUPRS.IS,8.931137084960938
2018-01-08,TUPRS.IS,8.909318923950195
2018-01-09,TUPRS.IS,8.727495193481445
2018-01-10,TUPRS.IS,8.662038803100586
2018-01-11,TUPRS.IS,8.836588859558105
2018-01-12,TUPRS.IS,8.691131591796875
2018-01-15,TUPRS.IS,8.516582489013672
2018-01-16,TUPRS.IS,8.552946090698242
2018-01-17,TUPRS.IS,8.640219688415527
2018-01-18,TUPRS.IS,8.545673370361328
2018-01-19,TUPRS.IS,8.560218811035156
2018-01-22,TUPRS.IS,8.46567153930664
2018-01-23,TUPRS.IS,8.480216026306152
2018-01-24,TUPRS.IS,8.472943305969238
2018-01-25,TUPRS.IS,8.363850593566895
2018-01-26,TUPRS.IS,8.342031478881836
2018-01-29,TUPRS.IS,8.494762420654297
2018-01-30,TUPRS.IS,8.378395080566406
2018-01-31,TUPRS.IS,8.392940521240234
2018-02-01,TUPRS.IS,8.254755020141602
2018-02-02,TUPRS.IS,8.189300537109375
2018-02-05,TUPRS.IS,8.014750480651855
2018-02-06,TUPRS.IS,8.152935981750488
2018-02-07,TUPRS.IS,8.189300537109375
2018-02-08,TUPRS.IS,8.189300537109375
2018-02-09,TUPRS.IS,8.1238431930542
2018-02-12,TUPRS.IS,7.992931842803955
2018-02-13,TUPRS.IS,8.145663261413574
2018-02-14,TUPRS.IS,8.291121482849121
2018-02-15,TUPRS.IS,8.291121482849121
2018-02-16,TUPRS.IS,8.196572303771973
2018-02-19,TUPRS.IS,8.232937812805176
2018-02-20,TUPRS.IS,8.094751358032227
2018-02-21,TUPRS.IS,8.24748420715332
2018-02-22,TUPRS.IS,8.611128807067871
2018-02-23,TUPRS.IS,8.618402481079102
2018-02-26,TUPRS.IS,8.574764251708984
2018-02-27,TUPRS.IS,8.46567153930664
2018-02-28,TUPRS.IS,8.531126022338867
2018-03-01,TUPRS.IS,8.52385425567627
2018-03-02,TUPRS.IS,8.436578750610352
2018-03-05,TUPRS.IS,8.480216026306152
2018-03-06,TUPRS.IS,8.407487869262695
2018-03-07,TUPRS.IS,8.27657413482666
2018-03-08,TUPRS.IS,8.27657413482666
2018-03-09,TUPRS.IS,8.262028694152832
2018-03-12,TUPRS.IS,8.429306030273438
2018-03-13,TUPRS.IS,8.400215148925781
2018-03-14,TUPRS.IS,8.429306030273438
2018-03-15,TUPRS.IS,8.436578750610352
2018-03-16,TUPRS.IS,8.407487869262695
2018-03-19,TUPRS.IS,8.414759635925293
2018-03-20,TUPRS.IS,8.407487869262695
2018-03-21,TUPRS.IS,8.611128807067871
2018-03-22,TUPRS.IS,8.720222473144531
2018-03-23,TUPRS.IS,9.003866195678711
2018-03-26,TUPRS.IS,9.112959861755371
2018-03-27,TUPRS.IS,9.09841537475586
2018-03-28,TUPRS.IS,8.800222396850586
2018-03-29,TUPRS.IS,9.00532341003418
2018-03-30,TUPRS.IS,8.915189743041992
2018-04-02,TUPRS.IS,8.866024017333984
2018-04-03,TUPRS.IS,8.988935470581055
2018-04-04,TUPRS.IS,8.947964668273926
2018-04-05,TUPRS.IS,9.038100242614746
2018-04-06,TUPRS.IS,9.324893951416016
2018-04-09,TUPRS.IS,9.210176467895508
2018-04-10,TUPRS.IS,9.136428833007812
2018-04-11,TUPRS.IS,9.242953300476074
2018-04-12,TUPRS.IS,9.29211711883545
2018-04-13,TUPRS.IS,9.242953300476074
2018-04-16,TUPRS.IS,9.242953300476074
2018-04-17,TUPRS.IS,9.161011695861816
2018-04-18,TUPRS.IS,9.25114631652832
2018-04-19,TUPRS.IS,9.111847877502441
2018-04-20,TUPRS.IS,8.77588939666748
2018-04-23,TUPRS.IS,8.77588939666748
2018-04-24,TUPRS.IS,8.718531608581543
2018-04-25,TUPRS.IS,8.554648399353027
2018-04-26,TUPRS.IS,8.636589050292969
2018-04-27,TUPRS.IS,8.751306533813477
2018-04-30,TUPRS.IS,8.439929962158203
2018-05-01,TUPRS.IS,8.439929962158203
2018-05-02,TUPRS.IS,8.38257122039795
2018-05-03,TUPRS.IS,8.341601371765137
2018-05-04,TUPRS.IS,8.292436599731445
2018-05-07,TUPRS.IS,8.276047706604004
2018-05-08,TUPRS.IS,8.103970527648926
2018-05-09,TUPRS.IS,7.874536514282227
2018-05-10,TUPRS.IS,8.112166404724121
2018-05-11,TUPRS.IS,8.579230308532715
2018-05-14,TUPRS.IS,8.56284236907959
2018-05-15,TUPRS.IS,8.194107055664062
2018-05-16,TUPRS.IS,8.357989311218262
2018-05-17,TUPRS.IS,8.439929962158203
2018-05-18,TUPRS.IS,8.431737899780273
2018-05-21,TUPRS.IS,8.210494995117188
2018-05-22,TUPRS.IS,8.349794387817383
2018-05-23,TUPRS.IS,8.276047706604004
2018-05-24,TUPRS.IS,8.112166404724121
2018-05-25,TUPRS.IS,8.431737899780273
2018-05-28,TUPRS.IS,8.751306533813477
2018-05-29,TUPRS.IS,8.833248138427734
2018-05-30,TUPRS.IS,8.636589050292969
2018-05-31,TUPRS.IS,8.693948745727539
2018-06-01,TUPRS.IS,8.644783020019531
2018-06-04,TUPRS.IS,8.554648399353027
2018-06-05,TUPRS.IS,8.767694473266602
2018-06-06,TUPRS.IS,8.718531608581543
2018-06-07,TUPRS.IS,9.259340286254883
2018-06-08,TUPRS.IS,9.013516426086426
2018-06-11,TUPRS.IS,9.169205665588379
2018-06-12,TUPRS.IS,9.038100242614746
2018-06-13,TUPRS.IS,8.906993865966797
2018-06-14,TUPRS.IS,9.177399635314941
2018-06-15,TUPRS.IS,9.177399635314941
2018-06-18,TUPRS.IS,9.300311088562012
2018-06-19,TUPRS.IS,9.259340286254883
2018-06-20,TUPRS.IS,9.365864753723145
2018-06-21,TUPRS.IS,9.169205665588379
2018-06-22,TUPRS.IS,9.259340286254883
2018-06-25,TUPRS.IS,9.472387313842773
2018-06-26,TUPRS.IS,9.333086967468262
2018-06-27,TUPRS.IS,8.792277336120605
2018-06-28,TUPRS.IS,8.792277336120605
2018-06-29,TUPRS.IS,8.882411003112793
2018-07-02,TUPRS.IS,8.825053215026855
2018-07-03,TUPRS.IS,9.029906272888184
2018-07-04,TUPRS.IS,8.84963607788086
2018-07-05,TUPRS.IS,8.9315767288208
2018-07-06,TUPRS.IS,8.84963607788086
2018-07-09,TUPRS.IS,8.84963607788086
2018-07-10,TUPRS.IS,8.84963607788086
2018-07-11,TUPRS.IS,8.669364929199219
2018-07-12,TUPRS.IS,8.038419723510742
2018-07-13,TUPRS.IS,8.15313720703125
2018-07-16,TUPRS.IS,8.210494995117188
2018-07-17,TUPRS.IS,8.30882453918457
2018-07-18,TUPRS.IS,8.1859130859375
2018-07-19,TUPRS.IS,8.1859130859375
2018-07-20,TUPRS.IS,8.480899810791016
2018-07-23,TUPRS.IS,8.554648399353027
2018-07-24,TUPRS.IS,8.530064582824707
2018-07-25,TUPRS.IS,8.603813171386719
2018-07-26,TUPRS.IS,8.612006187438965
2018-07-27,TUPRS.IS,8.644783020019531
2018-07-30,TUPRS.IS,8.677559852600098
2018-07-31,TUPRS.IS,8.80866527557373
2018-08-01,TUPRS.IS,9.21837043762207
2018-08-02,TUPRS.IS,9.185593605041504
2018-08-03,TUPRS.IS,8.743111610412598
2018-08-06,TUPRS.IS,8.595619201660156
2018-08-07,TUPRS.IS,8.644783020019531
2018-08-08,TUPRS.IS,8.546453475952148
2018-08-09,TUPRS.IS,8.431737899780273
2018-08-10,TUPRS.IS,9.079071044921875
2018-08-13,TUPRS.IS,9.906675338745117
2018-08-14,TUPRS.IS,10.19346809387207
2018-08-15,TUPRS.IS,9.865705490112305
2018-08-16,TUPRS.IS,9.578910827636719
2018-08-17,TUPRS.IS,9.865705490112305
2018-08-20,TUPRS.IS,10.119721412658691
2018-08-21,TUPRS.IS,10.119721412658691
2018-08-22,TUPRS.IS,10.119721412658691
2018-08-23,TUPRS.IS,10.119721412658691
2018-08-24,TUPRS.IS,10.119721412658691
2018-08-27,TUPRS.IS,9.82473373413086
2018-08-28,TUPRS.IS,9.996811866760254
2018-08-29,TUPRS.IS,10.062362670898438
2018-08-30,TUPRS.IS,10.062362670898438
2018-08-31,TUPRS.IS,9.710017204284668
2018-09-03,TUPRS.IS,9.742793083190918
2018-09-04,TUPRS.IS,9.767374992370605
2018-09-05,TUPRS.IS,10.037781715393066
2018-09-06,TUPRS.IS,10.39012622833252
2018-09-07,TUPRS.IS,10.185274124145508
2018-09-10,TUPRS.IS,10.20166301727295
2018-09-11,TUPRS.IS,10.447486877441406
2018-09-12,TUPRS.IS,10.545816421508789
2018-09-13,TUPRS.IS,10.619561195373535
2018-09-14,TUPRS.IS,10.939132690429688
2018-09-17,TUPRS.IS,10.78344440460205
2018-09-18,TUPRS.IS,10.644144058227539
2018-09-19,TUPRS.IS,10.726086616516113
2018-09-20,TUPRS.IS,10.554008483886719
2018-09-21,TUPRS.IS,11.078432083129883
2018-09-24,TUPRS.IS,11.160372734069824
2018-09-25,TUPRS.IS,11.217732429504395
2018-09-26,TUPRS.IS,11.324256896972656
2018-09-27,TUPRS.IS,11.062044143676758
2018-09-28,TUPRS.IS,10.947328567504883
2018-10-01,TUPRS.IS,10.69330883026123
2018-10-02,TUPRS.IS,10.635950088500977
2018-10-03,TUPRS.IS,10.865385055541992
2018-10-04,TUPRS.IS,11.373420715332031
2018-10-05,TUPRS.IS,11.111207962036133
2018-10-08,TUPRS.IS,11.365225791931152
2018-10-09,TUPRS.IS,11.701186180114746
2018-10-10,TUPRS.IS,11.291481018066406
2018-10-11,TUPRS.IS,11.201343536376953
2018-10-12,TUPRS.IS,11.307868003845215
2018-10-15,TUPRS.IS,11.193150520324707
2018-10-16,TUPRS.IS,11.258703231811523
2018-10-17,TUPRS.IS,11.635631561279297
2018-10-18,TUPRS.IS,11.602855682373047
2018-10-19,TUPRS.IS,11.119402885437012
2018-10-22,TUPRS.IS,10.963714599609375
2018-10-23,TUPRS.IS,10.922744750976562
2018-10-24,TUPRS.IS,10.652338027954102
2018-10-25,TUPRS.IS,10.816219329833984
2018-10-26,TUPRS.IS,10.291797637939453
2018-10-29,TUPRS.IS,10.291797637939453
2018-10-30,TUPRS.IS,10.299992561340332
2018-10-31,TUPRS.IS,10.66053295135498
2018-11-01,TUPRS.IS,10.619561195373535
2018-11-02,TUPRS.IS,10.742474555969238
2018-11-05,TUPRS.IS,11.299674034118652
2018-11-06,TUPRS.IS,11.03746223449707
2018-11-07,TUPRS.IS,11.266897201538086
2018-11-08,TUPRS.IS,10.291797637939453
2018-11-09,TUPRS.IS,9.890286445617676
2018-11-12,TUPRS.IS,9.923062324523926
2018-11-13,TUPRS.IS,9.996811866760254
2018-11-14,TUPRS.IS,9.98042106628418
2018-11-15,TUPRS.IS,9.923062324523926
2018-11-16,TUPRS.IS,10.070556640625
2018-11-19,TUPRS.IS,10.242632865905762
2018-11-20,TUPRS.IS,9.906675338745117
2018-11-21,TUPRS.IS,9.890286445617676
2018-11-22,TUPRS.IS,10.1688871383667
2018-11-23,TUPRS.IS,9.955839157104492
2018-11-26,TUPRS.IS,9.94764518737793
2018-11-27,TUPRS.IS,9.988616943359375
2018-11-28,TUPRS.IS,9.964033126831055
2018-11-29,TUPRS.IS,10.283604621887207
2018-11-30,TUPRS.IS,10.16069221496582
2018-12-03,TUPRS.IS,10.414709091186523
2018-12-04,TUPRS.IS,10.209856033325195
2018-12-05,TUPRS.IS,10.316381454467773
2018-12-06,TUPRS.IS,10.218050003051758
2018-12-07,TUPRS.IS,10.521233558654785
2018-12-10,TUPRS.IS,10.25082778930664
2018-12-11,TUPRS.IS,10.037781715393066
2018-12-12,TUPRS.IS,9.857510566711426
2018-12-13,TUPRS.IS,9.898480415344238
2018-12-14,TUPRS.IS,10.095139503479004
2018-12-17,TUPRS.IS,10.226244926452637
2018-12-18,TUPRS.IS,10.021391868591309
2018-12-19,TUPRS.IS,10.062362670898438
2018-12-20,TUPRS.IS,9.964033126831055
2018-12-21,TUPRS.IS,9.767374992370605
2018-12-24,TUPRS.IS,9.603492736816406
2018-12-25,TUPRS.IS,9.44780445098877
2018-12-26,TUPRS.IS,9.496969223022461
2018-12-27,TUPRS.IS,9.537939071655273
2018-12-28,TUPRS.IS,9.652658462524414
2018-12-31,TUPRS.IS,9.546133995056152
2019-01-01,TUPRS.IS,9.546133995056152
2019-01-02,TUPRS.IS,9.431417465209961
2019-01-03,TUPRS.IS,9.415027618408203
2019-01-04,TUPRS.IS,9.38225269317627
2019-01-07,TUPRS.IS,9.415027618408203
2019-01-08,TUPRS.IS,9.693628311157227
2019-01-09,TUPRS.IS,9.955839157104492
2019-01-10,TUPRS.IS,9.923062324523926
2019-01-11,TUPRS.IS,10.029586791992188
2019-01-14,TUPRS.IS,9.767374992370605
2019-01-15,TUPRS.IS,9.87389850616455
2019-01-16,TUPRS.IS,10.021391868591309
2019-01-17,TUPRS.IS,10.291797637939453
2019-01-18,TUPRS.IS,10.685115814208984
2019-01-21,TUPRS.IS,10.562204360961914
2019-01-22,TUPRS.IS,10.775250434875488
2019-01-23,TUPRS.IS,10.996491432189941
2019-01-24,TUPRS.IS,11.250507354736328
2019-01-25,TUPRS.IS,11.053849220275879
2019-01-28,TUPRS.IS,11.225927352905273
2019-01-29,TUPRS.IS,11.193150520324707
2019-01-30,TUPRS.IS,11.225927352905273
2019-01-31,TUPRS.IS,11.438974380493164
2019-02-01,TUPRS.IS,11.38980770111084
2019-02-04,TUPRS.IS,11.103014945983887
2019-02-05,TUPRS.IS,11.234121322631836
2019-02-06,TUPRS.IS,11.471749305725098
2019-02-07,TUPRS.IS,11.504525184631348
2019-02-08,TUPRS.IS,11.545496940612793
2019-02-11,TUPRS.IS,11.783126831054688
2019-02-12,TUPRS.IS,11.897843360900879
2019-02-13,TUPRS.IS,11.627436637878418
2019-02-14,TUPRS.IS,11.873261451721191
2019-02-15,TUPRS.IS,11.95520305633545
2019-02-18,TUPRS.IS,11.815903663635254
2019-02-19,TUPRS.IS,11.520915031433105
2019-02-20,TUPRS.IS,11.512721061706543
2019-02-21,TUPRS.IS,11.815903663635254
2019-02-22,TUPRS.IS,11.95520305633545
2019-02-25,TUPRS.IS,11.76673698425293
2019-02-26,TUPRS.IS,12.004368782043457
2019-02-27,TUPRS.IS,11.897843360900879
2019-02-28,TUPRS.IS,11.824094772338867
2019-03-01,TUPRS.IS,11.684797286987305
2019-03-04,TUPRS.IS,11.95520305633545
2019-03-05,TUPRS.IS,12.037142753601074
2019-03-06,TUPRS.IS,11.971590042114258
2019-03-07,TUPRS.IS,11.963395118713379
2019-03-08,TUPRS.IS,11.725768089294434
2019-03-11,TUPRS.IS,11.914230346679688
2019-03-12,TUPRS.IS,12.061723709106445
2019-03-13,TUPRS.IS,12.373101234436035
2019-03-14,TUPRS.IS,12.217413902282715
2019-03-15,TUPRS.IS,12.23380184173584
2019-03-18,TUPRS.IS,12.217413902282715
2019-03-19,TUPRS.IS,12.750030517578125
2019-03-20,TUPRS.IS,12.44684886932373
2019-03-21,TUPRS.IS,12.151862144470215
2019-03-22,TUPRS.IS,12.06991958618164
2019-03-25,TUPRS.IS,12.397683143615723
2019-03-26,TUPRS.IS,12.258383750915527
2019-03-27,TUPRS.IS,11.283284187316895
2019-03-28,TUPRS.IS,11.720623016357422
2019-03-29,TUPRS.IS,11.481237411499023
2019-04-01,TUPRS.IS,12.006041526794434
2019-04-02,TUPRS.IS,12.355912208557129
2019-04-03,TUPRS.IS,12.162562370300293
2019-04-04,TUPRS.IS,12.061283111572266
2019-04-05,TUPRS.IS,12.401947975158691
2019-04-08,TUPRS.IS,12.217803001403809
2019-04-09,TUPRS.IS,12.162562370300293
2019-04-10,TUPRS.IS,12.263839721679688
2019-04-11,TUPRS.IS,12.125733375549316
2019-04-12,TUPRS.IS,11.93238353729248
2019-04-15,TUPRS.IS,11.74824333190918
2019-04-16,TUPRS.IS,12.098112106323242
2019-04-17,TUPRS.IS,12.162562370300293
2019-04-18,TUPRS.IS,11.88634967803955
2019-04-19,TUPRS.IS,11.821898460388184
2019-04-22,TUPRS.IS,11.56410026550293
2019-04-23,TUPRS.IS,11.56410026550293
2019-04-24,TUPRS.IS,11.32471752166748
2019-04-25,TUPRS.IS,11.573307037353516
2019-04-26,TUPRS.IS,11.665379524230957
2019-04-29,TUPRS.IS,11.490445137023926
2019-04-30,TUPRS.IS,11.343131065368652
2019-05-01,TUPRS.IS,11.343131065368652
2019-05-02,TUPRS.IS,11.508856773376465
2019-05-03,TUPRS.IS,11.407581329345703
2019-05-06,TUPRS.IS,11.32471752166748
2019-05-07,TUPRS.IS,11.158988952636719
2019-05-08,TUPRS.IS,11.232645988464355
2019-05-09,TUPRS.IS,10.855154991149902
2019-05-10,TUPRS.IS,10.606563568115234
2019-05-13,TUPRS.IS,10.744669914245605
2019-05-14,TUPRS.IS,10.901191711425781
2019-05-15,TUPRS.IS,11.232645988464355
2019-05-16,TUPRS.IS,11.195816993713379
2019-05-17,TUPRS.IS,11.066919326782227
2019-05-20,TUPRS.IS,11.094539642333984
2019-05-21,TUPRS.IS,10.864361763000488
2019-05-22,TUPRS.IS,10.781498908996582
2019-05-23,TUPRS.IS,10.882776260375977
2019-05-24,TUPRS.IS,10.919604301452637
2019-05-27,TUPRS.IS,10.809118270874023
2019-05-28,TUPRS.IS,10.965639114379883
2019-05-29,TUPRS.IS,10.956433296203613
2019-05-30,TUPRS.IS,11.407581329345703
2019-05-31,TUPRS.IS,12.006041526794434
2019-06-03,TUPRS.IS,11.83110523223877
2019-06-04,TUPRS.IS,11.83110523223877
2019-06-05,TUPRS.IS,11.83110523223877
2019-06-06,TUPRS.IS,11.83110523223877
2019-06-07,TUPRS.IS,11.674586296081543
2019-06-10,TUPRS.IS,11.600929260253906
2019-06-11,TUPRS.IS,11.453615188598633
2019-06-12,TUPRS.IS,11.195816993713379
2019-06-13,TUPRS.IS,10.99326229095459
2019-06-14,TUPRS.IS,10.864361763000488
2019-06-17,TUPRS.IS,10.974847793579102
2019-06-18,TUPRS.IS,11.076125144958496
2019-06-19,TUPRS.IS,10.974847793579102
2019-06-20,TUPRS.IS,10.65259838104248
2019-06-21,TUPRS.IS,10.569735527038574
2019-06-24,TUPRS.IS,10.440836906433105
2019-06-25,TUPRS.IS,10.551321029663086
2019-06-26,TUPRS.IS,10.450042724609375
2019-06-27,TUPRS.IS,10.486870765686035
2019-06-28,TUPRS.IS,10.569735527038574
2019-07-01,TUPRS.IS,10.818326950073242
2019-07-02,TUPRS.IS,10.6618070602417
2019-07-03,TUPRS.IS,10.643391609191895
2019-07-04,TUPRS.IS,10.643391609191895
2019-07-05,TUPRS.IS,10.551321029663086
2019-07-08,TUPRS.IS,10.450042724609375
2019-07-09,TUPRS.IS,10.634185791015625
2019-07-10,TUPRS.IS,10.781498908996582
2019-07-11,TUPRS.IS,11.149782180786133
2019-07-12,TUPRS.IS,11.407581329345703
2019-07-15,TUPRS.IS,11.407581329345703
2019-07-16,TUPRS.IS,11.545686721801758
2019-07-17,TUPRS.IS,11.637757301330566
2019-07-18,TUPRS.IS,11.89555549621582
2019-07-19,TUPRS.IS,12.070490837097168
2019-07-22,TUPRS.IS,11.840312957763672
2019-07-23,TUPRS.IS,12.088903427124023
2019-07-24,TUPRS.IS,12.429566383361816
2019-07-25,TUPRS.IS,12.254631996154785
2019-07-26,TUPRS.IS,12.365118026733398
2019-07-29,TUPRS.IS,12.540050506591797
2019-07-30,TUPRS.IS,12.797850608825684
2019-07-31,TUPRS.IS,12.889921188354492
2019-08-01,TUPRS.IS,13.175341606140137
2019-08-02,TUPRS.IS,12.586087226867676
2019-08-05,TUPRS.IS,12.484808921813965
2019-08-06,TUPRS.IS,12.622917175292969
2019-08-07,TUPRS.IS,12.576878547668457
2019-08-08,TUPRS.IS,12.604500770568848
2019-08-09,TUPRS.IS,12.484808921813965
2019-08-12,TUPRS.IS,12.484808921813965
2019-08-13,TUPRS.IS,12.484808921813965
2019-08-14,TUPRS.IS,12.484808921813965
2019-08-15,TUPRS.IS,11.978421211242676
2019-08-16,TUPRS.IS,11.582514762878418
2019-08-19,TUPRS.IS,11.656172752380371
2019-08-20,TUPRS.IS,11.960005760192871
2019-08-21,TUPRS.IS,12.484808921813965
2019-08-22,TUPRS.IS,12.319082260131836
2019-08-23,TUPRS.IS,12.190183639526367
2019-08-26,TUPRS.IS,12.420358657836914
2019-08-27,TUPRS.IS,12.033663749694824
2019-08-28,TUPRS.IS,11.702207565307617
2019-08-29,TUPRS.IS,11.619342803955078
2019-08-30,TUPRS.IS,11.619342803955078
2019-09-02,TUPRS.IS,11.85872745513916
2019-09-03,TUPRS.IS,11.996833801269531
2019-09-04,TUPRS.IS,12.19939136505127
2019-09-05,TUPRS.IS,12.134941101074219
2019-09-06,TUPRS.IS,11.840312957763672
2019-09-09,TUPRS.IS,12.05207633972168
2019-09-10,TUPRS.IS,12.245426177978516
2019-09-11,TUPRS.IS,12.319082260131836
2019-09-12,TUPRS.IS,12.65053653717041
2019-09-13,TUPRS.IS,12.622917175292969
2019-09-16,TUPRS.IS,12.576878547668457
2019-09-17,TUPRS.IS,12.392741203308105
2019-09-18,TUPRS.IS,12.604500770568848
2019-09-19,TUPRS.IS,12.438773155212402
2019-09-20,TUPRS.IS,12.484808921813965
2019-09-23,TUPRS.IS,12.429566383361816
2019-09-24,TUPRS.IS,12.696571350097656
2019-09-25,TUPRS.IS,12.494016647338867
2019-09-26,TUPRS.IS,12.807056427001953
2019-09-27,TUPRS.IS,13.110893249511719
2019-09-30,TUPRS.IS,13.221375465393066
2019-10-01,TUPRS.IS,13.01882266998291
2019-10-02,TUPRS.IS,12.714986801147461
2019-10-03,TUPRS.IS,12.696571350097656
2019-10-04,TUPRS.IS,12.843886375427246
2019-10-07,TUPRS.IS,13.000407218933105
2019-10-08,TUPRS.IS,12.788643836975098
2019-10-09,TUPRS.IS,12.291460037231445
2019-10-10,TUPRS.IS,11.766655921936035
2019-10-11,TUPRS.IS,11.692998886108398
2019-10-14,TUPRS.IS,11.214232444763184
2019-10-15,TUPRS.IS,11.158988952636719
2019-10-16,TUPRS.IS,10.965639114379883
2019-10-17,TUPRS.IS,11.103747367858887
2019-10-18,TUPRS.IS,11.444408416748047
2019-10-21,TUPRS.IS,11.103747367858887
2019-10-22,TUPRS.IS,11.232645988464355
2019-10-23,TUPRS.IS,11.508856773376465
2019-10-24,TUPRS.IS,11.453615188598633
2019-10-25,TUPRS.IS,11.637757301330566
2019-10-28,TUPRS.IS,11.462823867797852
2019-10-30,TUPRS.IS,11.425994873046875
2019-10-31,TUPRS.IS,11.444408416748047
2019-11-01,TUPRS.IS,11.610136985778809
2019-11-04,TUPRS.IS,11.766655921936035
2019-11-05,TUPRS.IS,11.600929260253906
2019-11-06,TUPRS.IS,11.683793067932129
2019-11-07,TUPRS.IS,11.913971900939941
2019-11-08,TUPRS.IS,11.757450103759766
2019-11-11,TUPRS.IS,11.720623016357422
2019-11-12,TUPRS.IS,11.637757301330566
2019-11-13,TUPRS.IS,11.646965980529785
2019-11-14,TUPRS.IS,11.343131065368652
2019-11-15,TUPRS.IS,11.352336883544922
2019-11-18,TUPRS.IS,11.3983736038208
2019-11-19,TUPRS.IS,11.720623016357422
2019-11-20,TUPRS.IS,11.628549575805664
2019-11-21,TUPRS.IS,11.600929260253906
2019-11-22,TUPRS.IS,11.573307037353516
2019-11-25,TUPRS.IS,11.315509796142578
2019-11-26,TUPRS.IS,11.333924293518066
2019-11-27,TUPRS.IS,11.306302070617676
2019-11-28,TUPRS.IS,11.36154556274414
2019-11-29,TUPRS.IS,11.370752334594727
2019-12-02,TUPRS.IS,11.343131065368652
2019-12-03,TUPRS.IS,11.122159957885742
2019-12-04,TUPRS.IS,11.103747367858887
2019-12-05,TUPRS.IS,11.131367683410645
2019-12-06,TUPRS.IS,11.232645988464355
2019-12-09,TUPRS.IS,11.29709529876709
2019-12-10,TUPRS.IS,11.269474029541016
2019-12-11,TUPRS.IS,11.122159957885742
2019-12-12,TUPRS.IS,11.195816993713379
2019-12-13,TUPRS.IS,11.149782180786133
2019-12-16,TUPRS.IS,11.195816993713379
2019-12-17,TUPRS.IS,11.462823867797852
2019-12-18,TUPRS.IS,11.315509796142578
2019-12-19,TUPRS.IS,11.343131065368652
2019-12-20,TUPRS.IS,11.435201644897461
2019-12-23,TUPRS.IS,11.600929260253906
2019-12-24,TUPRS.IS,11.656172752380371
2019-12-25,TUPRS.IS,11.646965980529785
2019-12-26,TUPRS.IS,11.775863647460938
2019-12-27,TUPRS.IS,11.757450103759766
2019-12-30,TUPRS.IS,11.720623016357422
2019-12-31,TUPRS.IS,11.656172752380371
2020-01-02,TUPRS.IS,11.78507137298584
2020-01-03,TUPRS.IS,11.573307037353516
2020-01-06,TUPRS.IS,11.389166831970215
2020-01-07,TUPRS.IS,11.315509796142578
2020-01-08,TUPRS.IS,11.085333824157715
2020-01-09,TUPRS.IS,11.51806640625
2020-01-10,TUPRS.IS,11.536479949951172
2020-01-13,TUPRS.IS,11.573307037353516
2020-01-14,TUPRS.IS,11.416787147521973
2020-01-15,TUPRS.IS,11.370752334594727
2020-01-16,TUPRS.IS,11.269474029541016
2020-01-17,TUPRS.IS,11.149782180786133
2020-01-20,TUPRS.IS,11.22343921661377
2020-01-21,TUPRS.IS,11.186610221862793
2020-01-22,TUPRS.IS,11.186610221862793
2020-01-23,TUPRS.IS,11.112953186035156
2020-01-24,TUPRS.IS,11.011676788330078
2020-01-27,TUPRS.IS,10.671013832092285
2020-01-28,TUPRS.IS,10.634185791015625
2020-01-29,TUPRS.IS,10.514493942260742
2020-01-30,TUPRS.IS,10.606563568115234
2020-01-31,TUPRS.IS,10.38559341430664
2020-02-03,TUPRS.IS,10.348766326904297
2020-02-04,TUPRS.IS,10.43163013458252
2020-02-05,TUPRS.IS,10.50528621673584
2020-02-06,TUPRS.IS,10.46845817565918
2020-02-07,TUPRS.IS,10.413215637207031
2020-02-10,TUPRS.IS,10.192245483398438
2020-02-11,TUPRS.IS,10.38559341430664
2020-02-12,TUPRS.IS,10.588150024414062
2020-02-13,TUPRS.IS,10.330350875854492
2020-02-14,TUPRS.IS,10.127795219421387
2020-02-17,TUPRS.IS,10.31193733215332
2020-02-18,TUPRS.IS,10.127795219421387
2020-02-19,TUPRS.IS,10.219865798950195
2020-02-20,TUPRS.IS,10.155417442321777
2020-02-21,TUPRS.IS,10.275108337402344
2020-02-24,TUPRS.IS,10.183037757873535
2020-02-25,TUPRS.IS,10.08176040649414
2020-02-26,TUPRS.IS,10.054139137268066
2020-02-27,TUPRS.IS,9.474092483520508
2020-02-28,TUPRS.IS,9.317571640014648
2020-03-02,TUPRS.IS,9.345192909240723
2020-03-03,TUPRS.IS,9.382020950317383
2020-03-04,TUPRS.IS,9.22550106048584
2020-03-05,TUPRS.IS,9.184069633483887
2020-03-06,TUPRS.IS,8.746732711791992
2020-03-09,TUPRS.IS,8.6224365234375
2020-03-10,TUPRS.IS,8.521158218383789
2020-03-11,TUPRS.IS,8.521158218383789
2020-03-12,TUPRS.IS,7.733953475952148
2020-03-13,TUPRS.IS,7.881266117095947
2020-03-16,TUPRS.IS,7.273598670959473
2020-03-17,TUPRS.IS,6.711965560913086
2020-03-18,TUPRS.IS,6.408132076263428
2020-03-19,TUPRS.IS,6.1779561042785645
2020-03-20,TUPRS.IS,6.325268268585205
2020-03-23,TUPRS.IS,6.366699695587158
2020-03-24,TUPRS.IS,6.799435138702393
2020-03-25,TUPRS.IS,6.928333282470703
2020-03-26,TUPRS.IS,7.227561950683594
2020-03-27,TUPRS.IS,7.038817405700684
2020-03-30,TUPRS.IS,6.859279632568359
2020-03-31,TUPRS.IS,6.983575344085693
2020-04-01,TUPRS.IS,7.181527137756348
2020-04-02,TUPRS.IS,7.609658241271973
2020-04-03,TUPRS.IS,7.8168158531188965
2020-04-06,TUPRS.IS,7.853645324707031
2020-04-07,TUPRS.IS,8.304792404174805
2020-04-08,TUPRS.IS,8.369241714477539
2020-04-09,TUPRS.IS,8.76514720916748
2020-04-10,TUPRS.IS,8.571799278259277
2020-04-13,TUPRS.IS,8.332413673400879
2020-04-14,TUPRS.IS,8.387656211853027
2020-04-15,TUPRS.IS,8.051596641540527
2020-04-16,TUPRS.IS,7.839835166931152
2020-04-17,TUPRS.IS,8.042390823364258
2020-04-20,TUPRS.IS,8.005560874938965
2020-04-21,TUPRS.IS,7.77538537979126
2020-04-22,TUPRS.IS,7.881266117095947
2020-04-24,TUPRS.IS,7.895076751708984
2020-04-27,TUPRS.IS,7.9042840003967285
2020-04-28,TUPRS.IS,7.941112518310547
2020-04-29,TUPRS.IS,8.203514099121094
2020-04-30,TUPRS.IS,8.323205947875977
2020-05-04,TUPRS.IS,7.968734264373779
2020-05-05,TUPRS.IS,7.987146854400635
2020-05-06,TUPRS.IS,7.839835166931152
2020-05-07,TUPRS.IS,7.826023101806641
2020-05-08,TUPRS.IS,7.826023101806641
2020-05-11,TUPRS.IS,7.8122124671936035
2020-05-12,TUPRS.IS,7.839835166931152
2020-05-13,TUPRS.IS,7.77538537979126
2020-05-14,TUPRS.IS,7.605053901672363
2020-05-15,TUPRS.IS,7.540604591369629
2020-05-18,TUPRS.IS,7.517585754394531
2020-05-20,TUPRS.IS,7.430119037628174
2020-05-21,TUPRS.IS,7.296616554260254
2020-05-22,TUPRS.IS,7.388686656951904
2020-05-27,TUPRS.IS,7.729349613189697
2020-05-28,TUPRS.IS,7.876662254333496
2020-05-29,TUPRS.IS,7.885870456695557
2020-06-01,TUPRS.IS,8.185101509094238
2020-06-02,TUPRS.IS,8.263360023498535
2020-06-03,TUPRS.IS,8.111444473266602
2020-06-04,TUPRS.IS,7.973336696624756
2020-06-05,TUPRS.IS,8.221929550170898
2020-06-08,TUPRS.IS,8.221929550170898
2020-06-09,TUPRS.IS,8.180496215820312
2020-06-10,TUPRS.IS,8.152875900268555
2020-06-11,TUPRS.IS,8.010165214538574
2020-06-12,TUPRS.IS,8.051596641540527
2020-06-15,TUPRS.IS,7.922698497772217
2020-06-16,TUPRS.IS,8.042390823364258
2020-06-17,TUPRS.IS,7.964130401611328
2020-06-18,TUPRS.IS,8.010165214538574
2020-06-19,TUPRS.IS,8.157478332519531
2020-06-22,TUPRS.IS,8.295584678649902
2020-06-23,TUPRS.IS,8.258757591247559
2020-06-24,TUPRS.IS,8.21272087097168
2020-06-25,TUPRS.IS,8.17589282989502
2020-06-26,TUPRS.IS,8.226531982421875
2020-06-29,TUPRS.IS,8.27256965637207
2020-06-30,TUPRS.IS,8.286377906799316
2020-07-01,TUPRS.IS,8.051596641540527
2020-07-02,TUPRS.IS,8.1022367477417
2020-07-03,TUPRS.IS,7.991751194000244
2020-07-06,TUPRS.IS,8.005560874938965
2020-07-07,TUPRS.IS,8.17589282989502
2020-07-08,TUPRS.IS,8.116047859191895
2020-07-09,TUPRS.IS,7.968734264373779
2020-07-10,TUPRS.IS,7.890472412109375
2020-07-13,TUPRS.IS,8.070011138916016
2020-07-14,TUPRS.IS,7.94571590423584
2020-07-16,TUPRS.IS,8.000957489013672
2020-07-17,TUPRS.IS,7.996355056762695
2020-07-20,TUPRS.IS,7.94571590423584
2020-07-21,TUPRS.IS,7.954923152923584
2020-07-22,TUPRS.IS,7.968734264373779
2020-07-23,TUPRS.IS,8.079219818115234
2020-07-24,TUPRS.IS,8.033184051513672
2020-07-27,TUPRS.IS,8.02397632598877
2020-07-28,TUPRS.IS,7.77538537979126
2020-07-29,TUPRS.IS,7.591242790222168
2020-07-30,TUPRS.IS,7.60045051574707
2020-08-04,TUPRS.IS,7.278202533721924
2020-08-05,TUPRS.IS,7.333445072174072
2020-08-06,TUPRS.IS,7.0526299476623535
2020-08-07,TUPRS.IS,7.186131000518799
2020-08-10,TUPRS.IS,7.0157999992370605
2020-08-11,TUPRS.IS,7.149302959442139
2020-08-12,TUPRS.IS,7.158509731292725
2020-08-13,TUPRS.IS,7.222959041595459
2020-08-14,TUPRS.IS,7.213752269744873
2020-08-17,TUPRS.IS,7.439326763153076
2020-08-18,TUPRS.IS,7.3610663414001465
2020-08-19,TUPRS.IS,7.90888786315918
2020-08-20,TUPRS.IS,8.484330177307129
2020-08-21,TUPRS.IS,7.641881942749023
2020-08-24,TUPRS.IS,7.75697135925293
2020-08-25,TUPRS.IS,7.6326751708984375
2020-08-26,TUPRS.IS,7.5452070236206055
2020-08-27,TUPRS.IS,7.701727867126465
2020-08-28,TUPRS.IS,7.641881942749023
2020-08-31,TUPRS.IS,7.365670680999756
2020-09-01,TUPRS.IS,7.453137397766113
2020-09-02,TUPRS.IS,7.374876499176025
2020-09-03,TUPRS.IS,7.301219940185547
2020-09-04,TUPRS.IS,7.370272159576416
2020-09-07,TUPRS.IS,7.4163079261779785
2020-09-08,TUPRS.IS,7.296616554260254
2020-09-09,TUPRS.IS,7.807609558105469
2020-09-10,TUPRS.IS,7.476155757904053
2020-09-11,TUPRS.IS,7.466947078704834
2020-09-14,TUPRS.IS,7.503775119781494
2020-09-15,TUPRS.IS,7.471550941467285
2020-09-16,TUPRS.IS,7.457739353179932
2020-09-17,TUPRS.IS,7.4163079261779785
2020-09-18,TUPRS.IS,7.425515651702881
2020-09-21,TUPRS.IS,7.26899528503418
2020-09-22,TUPRS.IS,7.301219940185547
2020-09-23,TUPRS.IS,7.301219940185547
2020-09-24,TUPRS.IS,7.347255229949951
2020-09-25,TUPRS.IS,7.4024977684021
2020-09-28,TUPRS.IS,7.310426712036133
2020-09-29,TUPRS.IS,7.287409782409668
2020-09-30,TUPRS.IS,7.338047504425049
2020-10-01,TUPRS.IS,7.333445072174072
2020-10-02,TUPRS.IS,7.328841209411621
2020-10-05,TUPRS.IS,7.3610663414001465
2020-10-06,TUPRS.IS,7.374876499176025
2020-10-07,TUPRS.IS,7.397894382476807
2020-10-08,TUPRS.IS,7.5452070236206055
2020-10-09,TUPRS.IS,7.6648993492126465
2020-10-12,TUPRS.IS,7.489965438842773
2020-10-13,TUPRS.IS,7.397894382476807
2020-10-14,TUPRS.IS,7.697124481201172
2020-10-15,TUPRS.IS,7.499172210693359
2020-10-16,TUPRS.IS,7.591242790222168
2020-10-19,TUPRS.IS,7.462345123291016
2020-10-20,TUPRS.IS,7.430119037628174
2020-10-21,TUPRS.IS,7.388686656951904
2020-10-22,TUPRS.IS,7.333445072174072
2020-10-23,TUPRS.IS,7.296616554260254
2020-10-26,TUPRS.IS,7.001988410949707
2020-10-27,TUPRS.IS,7.140096187591553
2020-10-28,TUPRS.IS,6.9973859786987305
2020-10-30,TUPRS.IS,6.859279632568359
2020-11-02,TUPRS.IS,6.951350688934326
2020-11-03,TUPRS.IS,7.066437721252441
2020-11-04,TUPRS.IS,7.149302959442139
2020-11-05,TUPRS.IS,7.121682643890381
2020-11-06,TUPRS.IS,7.1170783042907715
2020-11-09,TUPRS.IS,7.582035064697266
2020-11-10,TUPRS.IS,7.7615742683410645
2020-11-11,TUPRS.IS,8.051596641540527
2020-11-12,TUPRS.IS,8.217326164245605
2020-11-13,TUPRS.IS,8.189702987670898
2020-11-16,TUPRS.IS,8.198911666870117
2020-11-17,TUPRS.IS,7.890472412109375
2020-11-18,TUPRS.IS,8.129858016967773
2020-11-19,TUPRS.IS,8.27256965637207
2020-11-20,TUPRS.IS,8.208117485046387
2020-11-23,TUPRS.IS,8.083822250366211
2020-11-24,TUPRS.IS,8.300187110900879
2020-11-25,TUPRS.IS,8.553383827209473
2020-11-26,TUPRS.IS,8.62704086303711
2020-11-27,TUPRS.IS,8.70069694519043
2020-11-30,TUPRS.IS,8.39225959777832
2020-12-01,TUPRS.IS,8.567194938659668
2020-12-02,TUPRS.IS,8.55798625946045
2020-12-03,TUPRS.IS,8.484330177307129
2020-12-04,TUPRS.IS,8.640850067138672
2020-12-07,TUPRS.IS,8.880234718322754
2020-12-08,TUPRS.IS,8.792768478393555
2020-12-09,TUPRS.IS,8.792768478393555
2020-12-10,TUPRS.IS,8.99071979522705
2020-12-11,TUPRS.IS,9.345192909240723
2020-12-14,TUPRS.IS,9.639819145202637
2020-12-15,TUPRS.IS,9.989689826965332
2020-12-16,TUPRS.IS,10.01731014251709
2020-12-17,TUPRS.IS,9.952860832214355
2020-12-18,TUPRS.IS,9.916032791137695
2020-12-21,TUPRS.IS,9.575369834899902
2020-12-22,TUPRS.IS,9.612197875976562
2020-12-23,TUPRS.IS,9.916032791137695
2020-12-24,TUPRS.IS,9.842376708984375
2020-12-25,TUPRS.IS,9.78713321685791
2020-12-28,TUPRS.IS,9.925240516662598
2020-12-29,TUPRS.IS,10.08176040649414
2020-12-30,TUPRS.IS,9.952860832214355
2020-12-31,TUPRS.IS,10.00810432434082
2021-01-04,TUPRS.IS,10.100172996520996
2021-01-05,TUPRS.IS,10.21065902709961
2021-01-06,TUPRS.IS,10.302730560302734
2021-01-07,TUPRS.IS,10.265901565551758
2021-01-08,TUPRS.IS,10.348766326904297
2021-01-11,TUPRS.IS,10.164624214172363
2021-01-12,TUPRS.IS,10.090967178344727
2021-01-13,TUPRS.IS,10.01731014251709
2021-01-14,TUPRS.IS,10.127795219421387
2021-01-15,TUPRS.IS,9.823962211608887
2021-01-18,TUPRS.IS,9.934446334838867
2021-01-19,TUPRS.IS,9.98048210144043
2021-01-20,TUPRS.IS,10.00810432434082
2021-01-21,TUPRS.IS,9.860791206359863
2021-01-22,TUPRS.IS,9.842376708984375
2021-01-25,TUPRS.IS,9.621405601501465
2021-01-26,TUPRS.IS,9.428057670593262
2021-01-27,TUPRS.IS,9.11501693725586
2021-01-28,TUPRS.IS,9.437263488769531
2021-01-29,TUPRS.IS,9.15184497833252
2021-02-01,TUPRS.IS,9.138033866882324
2021-02-02,TUPRS.IS,9.243915557861328
2021-02-03,TUPRS.IS,9.326778411865234
2021-02-04,TUPRS.IS,9.326778411865234
2021-02-05,TUPRS.IS,9.271535873413086
2021-02-08,TUPRS.IS,9.280743598937988
2021-02-09,TUPRS.IS,9.575369834899902
2021-02-10,TUPRS.IS,9.584576606750488
2021-02-11,TUPRS.IS,9.741097450256348
2021-02-12,TUPRS.IS,9.446470260620117
2021-02-15,TUPRS.IS,9.685856819152832
2021-02-16,TUPRS.IS,9.547748565673828
2021-02-17,TUPRS.IS,9.400434494018555
2021-02-18,TUPRS.IS,9.354399681091309
2021-02-19,TUPRS.IS,9.474092483520508
2021-02-22,TUPRS.IS,9.289949417114258
2021-02-23,TUPRS.IS,9.37281608581543
2021-02-24,TUPRS.IS,9.446470260620117
2021-02-25,TUPRS.IS,9.474092483520508
2021-02-26,TUPRS.IS,9.308364868164062
2021-03-01,TUPRS.IS,9.741097450256348
2021-03-02,TUPRS.IS,9.906824111938477
2021-03-03,TUPRS.IS,9.741097450256348
2021-03-04,TUPRS.IS,9.741097450256348
2021-03-05,TUPRS.IS,9.823962211608887
2021-03-08,TUPRS.IS,9.897618293762207
2021-03-09,TUPRS.IS,9.860791206359863
2021-03-10,TUPRS.IS,9.823962211608887
2021-03-11,TUPRS.IS,9.851583480834961
2021-03-12,TUPRS.IS,9.879204750061035
2021-03-15,TUPRS.IS,9.796340942382812
2021-03-16,TUPRS.IS,9.722683906555176
2021-03-17,TUPRS.IS,9.483299255371094
2021-03-18,TUPRS.IS,9.41884994506836
2021-03-19,TUPRS.IS,9.262330055236816
2021-03-22,TUPRS.IS,8.337016105651855
2021-03-23,TUPRS.IS,8.16208267211914
2021-03-24,TUPRS.IS,8.479726791381836
2021-03-25,TUPRS.IS,8.691489219665527
2021-03-26,TUPRS.IS,8.617833137512207
2021-03-29,TUPRS.IS,8.539573669433594
2021-03-30,TUPRS.IS,8.332413673400879
2021-03-31,TUPRS.IS,8.286377906799316
2021-04-01,TUPRS.IS,8.502744674682617
2021-04-02,TUPRS.IS,8.479726791381836
2021-04-05,TUPRS.IS,8.498141288757324
2021-04-06,TUPRS.IS,8.369241714477539
2021-04-07,TUPRS.IS,8.373846054077148
2021-04-08,TUPRS.IS,8.286377906799316
2021-04-09,TUPRS.IS,8.16208267211914
2021-04-12,TUPRS.IS,8.010165214538574
2021-04-13,TUPRS.IS,7.954923152923584
2021-04-14,TUPRS.IS,8.198911666870117
2021-04-15,TUPRS.IS,8.24034309387207
2021-04-16,TUPRS.IS,8.217326164245605
2021-04-19,TUPRS.IS,8.051596641540527
2021-04-20,TUPRS.IS,7.968734264373779
2021-04-21,TUPRS.IS,7.826023101806641
2021-04-22,TUPRS.IS,7.964130401611328
2021-04-26,TUPRS.IS,7.941112518310547
2021-04-27,TUPRS.IS,7.964130401611328
2021-04-28,TUPRS.IS,8.01937198638916
2021-04-29,TUPRS.IS,8.097633361816406
2021-04-30,TUPRS.IS,8.079219818115234
2021-05-03,TUPRS.IS,8.36463737487793
2021-05-04,TUPRS.IS,8.300187110900879
2021-05-05,TUPRS.IS,8.406070709228516
2021-05-06,TUPRS.IS,8.442898750305176
2021-05-07,TUPRS.IS,8.89404582977295
2021-05-10,TUPRS.IS,8.871027946472168
2021-05-11,TUPRS.IS,8.815786361694336
2021-05-12,TUPRS.IS,9.0781888961792
2021-05-17,TUPRS.IS,9.317571640014648
2021-05-18,TUPRS.IS,9.354399681091309
2021-05-20,TUPRS.IS,9.22550106048584
2021-05-21,TUPRS.IS,9.474092483520508
2021-05-24,TUPRS.IS,9.483299255371094
2021-05-25,TUPRS.IS,9.10580825805664
2021-05-26,TUPRS.IS,9.133430480957031
2021-05-27,TUPRS.IS,8.912459373474121
2021-05-28,TUPRS.IS,8.986117362976074
2021-05-31,TUPRS.IS,8.96309757232666
2021-06-01,TUPRS.IS,9.0781888961792
2021-06-02,TUPRS.IS,9.345192909240723
2021-06-03,TUPRS.IS,9.483299255371094
2021-06-04,TUPRS.IS,9.483299255371094
2021-06-07,TUPRS.IS,9.474092483520508
2021-06-08,TUPRS.IS,9.520127296447754
2021-06-09,TUPRS.IS,9.446470260620117
2021-06-10,TUPRS.IS,9.492507934570312
2021-06-11,TUPRS.IS,9.547748565673828
2021-06-14,TUPRS.IS,9.575369834899902
2021-06-15,TUPRS.IS,9.474092483520508
2021-06-16,TUPRS.IS,9.483299255371094
2021-06-17,TUPRS.IS,9.566164016723633
2021-06-18,TUPRS.IS,9.354399681091309
2021-06-21,TUPRS.IS,9.170258522033691
2021-06-22,TUPRS.IS,9.253122329711914
2021-06-23,TUPRS.IS,9.22550106048584
2021-06-24,TUPRS.IS,9.21629524230957
2021-06-25,TUPRS.IS,9.055171012878418
2021-06-28,TUPRS.IS,8.875631332397461
2021-06-29,TUPRS.IS,8.797370910644531
2021-06-30,TUPRS.IS,8.723714828491211
2021-07-01,TUPRS.IS,8.852614402770996
2021-07-02,TUPRS.IS,8.806577682495117
2021-07-05,TUPRS.IS,8.986117362976074
2021-07-06,TUPRS.IS,8.852614402770996
2021-07-07,TUPRS.IS,8.871027946472168
2021-07-08,TUPRS.IS,8.769749641418457
2021-07-09,TUPRS.IS,8.89404582977295
2021-07-12,TUPRS.IS,8.70069694519043
2021-07-13,TUPRS.IS,8.654661178588867
2021-07-14,TUPRS.IS,8.746732711791992
2021-07-16,TUPRS.IS,8.723714828491211
2021-07-19,TUPRS.IS,8.636246681213379
2021-07-26,TUPRS.IS,8.475123405456543
2021-07-27,TUPRS.IS,8.502744674682617
2021-07-28,TUPRS.IS,8.461313247680664
2021-07-29,TUPRS.IS,8.66386890411377
2021-07-30,TUPRS.IS,8.636246681213379
2021-08-02,TUPRS.IS,8.797370910644531
2021-08-03,TUPRS.IS,8.755939483642578
2021-08-04,TUPRS.IS,8.705301284790039
2021-08-05,TUPRS.IS,8.999926567077637
2021-08-06,TUPRS.IS,9.03675651550293
2021-08-09,TUPRS.IS,9.032151222229004
2021-08-10,TUPRS.IS,9.174861907958984
2021-08-11,TUPRS.IS,8.884839057922363
2021-08-12,TUPRS.IS,9.050566673278809
2021-08-13,TUPRS.IS,9.262330055236816
2021-08-16,TUPRS.IS,9.262330055236816
2021-08-17,TUPRS.IS,9.45567798614502
2021-08-18,TUPRS.IS,9.363607406616211
2021-08-19,TUPRS.IS,9.243915557861328
2021-08-20,TUPRS.IS,9.128827095031738
2021-08-23,TUPRS.IS,9.207086563110352
2021-08-24,TUPRS.IS,9.22550106048584
2021-08-25,TUPRS.IS,9.161050796508789
2021-08-26,TUPRS.IS,9.10580825805664
2021-08-27,TUPRS.IS,9.170258522033691
2021-08-31,TUPRS.IS,9.363607406616211
2021-09-01,TUPRS.IS,9.538542747497559
2021-09-02,TUPRS.IS,9.667441368103027
2021-09-03,TUPRS.IS,9.547748565673828
2021-09-06,TUPRS.IS,9.602992057800293
2021-09-07,TUPRS.IS,9.501713752746582
2021-09-08,TUPRS.IS,9.400434494018555
2021-09-09,TUPRS.IS,9.602992057800293
2021-09-10,TUPRS.IS,9.464884757995605
2021-09-13,TUPRS.IS,9.538542747497559
2021-09-14,TUPRS.IS,9.823962211608887
2021-09-15,TUPRS.IS,10.054139137268066
2021-09-16,TUPRS.IS,9.952860832214355
2021-09-17,TUPRS.IS,10.00810432434082
2021-09-20,TUPRS.IS,9.897618293762207
2021-09-21,TUPRS.IS,10.100172996520996
2021-09-22,TUPRS.IS,10.201452255249023
2021-09-23,TUPRS.IS,10.23828125
2021-09-24,TUPRS.IS,10.201452255249023
2021-09-27,TUPRS.IS,10.31193733215332
2021-09-28,TUPRS.IS,10.394801139831543
2021-09-29,TUPRS.IS,10.376386642456055
2021-09-30,TUPRS.IS,10.551321029663086
2021-10-01,TUPRS.IS,10.450042724609375
2021-10-04,TUPRS.IS,10.680221557617188
2021-10-05,TUPRS.IS,11.131367683410645
2021-10-06,TUPRS.IS,10.956433296203613
2021-10-07,TUPRS.IS,11.333924293518066
2021-10-08,TUPRS.IS,11.32471752166748
2021-10-11,TUPRS.IS,11.582514762878418
2021-10-12,TUPRS.IS,11.692998886108398
2021-10-13,TUPRS.IS,11.306302070617676
2021-10-14,TUPRS.IS,11.508856773376465
2021-10-15,TUPRS.IS,11.877141952514648
2021-10-18,TUPRS.IS,11.923178672790527
2021-10-19,TUPRS.IS,11.987627029418945
2021-10-20,TUPRS.IS,12.144147872924805
2021-10-21,TUPRS.IS,12.5492582321167
2021-10-22,TUPRS.IS,12.816264152526855
2021-10-25,TUPRS.IS,13.055646896362305
2021-10-26,TUPRS.IS,12.871508598327637
2021-10-27,TUPRS.IS,13.009613990783691
2021-10-28,TUPRS.IS,12.871508598327637
2021-11-01,TUPRS.IS,12.687366485595703
2021-11-02,TUPRS.IS,12.917542457580566
2021-11-03,TUPRS.IS,13.138513565063477
2021-11-04,TUPRS.IS,13.138513565063477
2021-11-05,TUPRS.IS,13.377897262573242
2021-11-08,TUPRS.IS,13.589659690856934
2021-11-09,TUPRS.IS,14.086844444274902
2021-11-10,TUPRS.IS,14.53799057006836
2021-11-11,TUPRS.IS,14.409090042114258
2021-11-12,TUPRS.IS,14.326228141784668
2021-11-15,TUPRS.IS,14.169706344604492
2021-11-16,TUPRS.IS,14.169706344604492
2021-11-17,TUPRS.IS,14.56561279296875
2021-11-18,TUPRS.IS,14.52878189086914
2021-11-19,TUPRS.IS,14.280192375183105
2021-11-22,TUPRS.IS,14.556405067443848
2021-11-23,TUPRS.IS,15.55077075958252
2021-11-24,TUPRS.IS,14.722132682800293
2021-11-25,TUPRS.IS,14.45512580871582
2021-11-26,TUPRS.IS,13.718559265136719
2021-11-29,TUPRS.IS,14.307814598083496
2021-11-30,TUPRS.IS,13.967150688171387
2021-12-01,TUPRS.IS,14.473541259765625
2021-12-02,TUPRS.IS,14.363054275512695
2021-12-03,TUPRS.IS,14.27098560333252
2021-12-06,TUPRS.IS,14.45512580871582
2021-12-07,TUPRS.IS,15.035173416137695
2021-12-08,TUPRS.IS,15.072000503540039
2021-12-09,TUPRS.IS,15.17327880859375
2021-12-10,TUPRS.IS,15.928260803222656
2021-12-13,TUPRS.IS,17.364566802978516
2021-12-14,TUPRS.IS,17.60394859313965
2021-12-15,TUPRS.IS,17.824918746948242
2021-12-16,TUPRS.IS,18.994220733642578
2021-12-17,TUPRS.IS,17.1804256439209
2021-12-20,TUPRS.IS,17.005489349365234
2021-12-21,TUPRS.IS,15.311385154724121
2021-12-22,TUPRS.IS,13.783007621765137
2021-12-23,TUPRS.IS,13.156926155090332
2021-12-24,TUPRS.IS,14.234156608581543
2021-12-27,TUPRS.IS,14.068428993225098
2021-12-28,TUPRS.IS,13.773801803588867
2021-12-29,TUPRS.IS,14.3814697265625
2021-12-30,TUPRS.IS,14.050013542175293
2021-12-31,TUPRS.IS,14.215743064880371
2022-01-03,TUPRS.IS,15.311385154724121
2022-01-04,TUPRS.IS,15.606012344360352
2022-01-05,TUPRS.IS,16.471479415893555
2022-01-06,TUPRS.IS,17.208045959472656
2022-01-07,TUPRS.IS,17.208045959472656
2022-01-10,TUPRS.IS,17.226459503173828
2022-01-11,TUPRS.IS,17.244873046875
2022-01-12,TUPRS.IS,17.419809341430664
2022-01-13,TUPRS.IS,17.410602569580078
2022-01-14,TUPRS.IS,17.1804256439209
2022-01-17,TUPRS.IS,17.410602569580078
2022-01-18,TUPRS.IS,16.462268829345703
2022-01-19,TUPRS.IS,17.198837280273438
2022-01-20,TUPRS.IS,16.60958480834961
2022-01-21,TUPRS.IS,16.499099731445312
2022-01-24,TUPRS.IS,15.320591926574707
2022-01-25,TUPRS.IS,15.467906951904297
2022-01-26,TUPRS.IS,15.375835418701172
2022-01-27,TUPRS.IS,15.854602813720703
2022-01-28,TUPRS.IS,15.532357215881348
2022-01-31,TUPRS.IS,15.762532234191895
2022-02-01,TUPRS.IS,15.578393936157227
2022-02-02,TUPRS.IS,15.606012344360352
2022-02-03,TUPRS.IS,15.412665367126465
2022-02-04,TUPRS.IS,15.2377290725708
2022-02-07,TUPRS.IS,15.790153503417969
2022-02-08,TUPRS.IS,16.91341781616211
2022-02-09,TUPRS.IS,17.171218872070312
2022-02-10,TUPRS.IS,17.493465423583984
2022-02-11,TUPRS.IS,18.202409744262695
2022-02-14,TUPRS.IS,17.84333610534668
2022-02-15,TUPRS.IS,17.926197052001953
2022-02-16,TUPRS.IS,18.009063720703125
2022-02-17,TUPRS.IS,17.58553695678711
2022-02-18,TUPRS.IS,17.705228805541992
2022-02-21,TUPRS.IS,17.438220977783203
2022-02-22,TUPRS.IS,16.950246810913086
2022-02-23,TUPRS.IS,16.931833267211914
2022-02-24,TUPRS.IS,15.366629600524902
2022-02-25,TUPRS.IS,16.563547134399414
2022-02-28,TUPRS.IS,17.760469436645508
2022-03-01,TUPRS.IS,17.778886795043945
2022-03-02,TUPRS.IS,17.705228805541992
2022-03-03,TUPRS.IS,18.101133346557617
2022-03-04,TUPRS.IS,17.999855041503906
2022-03-07,TUPRS.IS,17.778886795043945
2022-03-08,TUPRS.IS,18.009063720703125
2022-03-09,TUPRS.IS,18.0458927154541
2022-03-10,TUPRS.IS,18.9573917388916
2022-03-11,TUPRS.IS,18.865320205688477
2022-03-14,TUPRS.IS,18.671974182128906
2022-03-15,TUPRS.IS,17.86174774169922
2022-03-16,TUPRS.IS,17.6776065826416
2022-03-17,TUPRS.IS,18.25765609741211
2022-03-18,TUPRS.IS,18.0458927154541
2022-03-21,TUPRS.IS,18.77324867248535
2022-03-22,TUPRS.IS,19.021839141845703
2022-03-23,TUPRS.IS,18.93897819519043
2022-03-24,TUPRS.IS,18.902149200439453
2022-03-25,TUPRS.IS,18.994220733642578
2022-03-28,TUPRS.IS,18.902149200439453
2022-03-29,TUPRS.IS,19.003427505493164
2022-03-30,TUPRS.IS,19.003427505493164
2022-03-31,TUPRS.IS,19.739994049072266
2022-04-01,TUPRS.IS,20.93691635131836
2022-04-04,TUPRS.IS,22.271944046020508
2022-04-05,TUPRS.IS,22.18907928466797
2022-04-06,TUPRS.IS,22.161460876464844
2022-04-07,TUPRS.IS,21.949695587158203
2022-04-08,TUPRS.IS,22.483705520629883
2022-04-11,TUPRS.IS,22.713884353637695
2022-04-12,TUPRS.IS,23.32155418395996
2022-04-13,TUPRS.IS,23.58855628967285
2022-04-14,TUPRS.IS,23.864768981933594
2022-04-15,TUPRS.IS,23.910802841186523
2022-04-18,TUPRS.IS,23.15582275390625
2022-04-19,TUPRS.IS,23.55173110961914
2022-04-20,TUPRS.IS,23.432037353515625
2022-04-21,TUPRS.IS,23.708250045776367
2022-04-22,TUPRS.IS,23.385997772216797
2022-04-25,TUPRS.IS,23.883180618286133
2022-04-26,TUPRS.IS,22.557363510131836
2022-04-27,TUPRS.IS,22.6033992767334
2022-04-28,TUPRS.IS,21.912866592407227
2022-04-29,TUPRS.IS,21.562997817993164
2022-05-05,TUPRS.IS,22.58498764038086
2022-05-06,TUPRS.IS,23.49648666381836
2022-05-09,TUPRS.IS,22.58498764038086
2022-05-10,TUPRS.IS,23.045339584350586
2022-05-11,TUPRS.IS,23.183446884155273
2022-05-12,TUPRS.IS,23.229482650756836
2022-05-13,TUPRS.IS,23.58855628967285
2022-05-16,TUPRS.IS,23.634593963623047
2022-05-17,TUPRS.IS,23.662214279174805
2022-05-18,TUPRS.IS,23.109790802001953
2022-05-20,TUPRS.IS,22.833574295043945
2022-05-23,TUPRS.IS,22.888818740844727
2022-05-24,TUPRS.IS,22.502119064331055
2022-05-25,TUPRS.IS,22.962474822998047
2022-05-26,TUPRS.IS,23.487279891967773
2022-05-27,TUPRS.IS,23.054546356201172
2022-05-30,TUPRS.IS,23.846357345581055
2022-05-31,TUPRS.IS,24.960416793823242
2022-06-01,TUPRS.IS,24.988033294677734
2022-06-02,TUPRS.IS,24.951204299926758
2022-06-03,TUPRS.IS,25.255043029785156
2022-06-06,TUPRS.IS,25.917949676513672
2022-06-07,TUPRS.IS,26.369094848632812
2022-06-08,TUPRS.IS,24.969621658325195
2022-06-09,TUPRS.IS,25.66014862060547
2022-06-10,TUPRS.IS,24.767061233520508
2022-06-13,TUPRS.IS,25.006446838378906
2022-06-14,TUPRS.IS,24.895963668823242
2022-06-15,TUPRS.IS,24.619749069213867
2022-06-16,TUPRS.IS,24.28829574584961
2022-06-17,TUPRS.IS,24.711824417114258
2022-06-20,TUPRS.IS,23.97525405883789
2022-06-21,TUPRS.IS,24.610546112060547
2022-06-22,TUPRS.IS,24.536888122558594
2022-06-23,TUPRS.IS,24.54609489440918
2022-06-24,TUPRS.IS,24.57371711730957
2022-06-27,TUPRS.IS,25.10772705078125
2022-06-28,TUPRS.IS,24.601337432861328
2022-06-29,TUPRS.IS,24.150190353393555
2022-06-30,TUPRS.IS,24.35274314880371
2022-07-01,TUPRS.IS,24.721031188964844
2022-07-04,TUPRS.IS,24.35274314880371
2022-07-05,TUPRS.IS,23.49648666381836
2022-07-06,TUPRS.IS,22.53894805908203
2022-07-07,TUPRS.IS,22.52053451538086
2022-07-08,TUPRS.IS,22.382431030273438
2022-07-13,TUPRS.IS,21.470928192138672
2022-07-14,TUPRS.IS,20.973743438720703
2022-07-18,TUPRS.IS,22.419254302978516
2022-07-19,TUPRS.IS,22.52053451538086
2022-07-20,TUPRS.IS,23.432037353515625
2022-07-21,TUPRS.IS,22.934852600097656
2022-07-22,TUPRS.IS,22.842782974243164
2022-07-25,TUPRS.IS,23.29393196105957
2022-07-26,TUPRS.IS,23.735872268676758
2022-07-27,TUPRS.IS,23.69904327392578
2022-07-28,TUPRS.IS,23.689834594726562
2022-07-29,TUPRS.IS,24.711824417114258
2022-08-01,TUPRS.IS,25.135347366333008
2022-08-02,TUPRS.IS,24.93279457092285
2022-08-03,TUPRS.IS,25.135347366333008
2022-08-04,TUPRS.IS,24.895963668823242
2022-08-05,TUPRS.IS,24.767061233520508
2022-08-08,TUPRS.IS,25.181381225585938
2022-08-09,TUPRS.IS,26.21257972717285
2022-08-10,TUPRS.IS,26.17574691772461
2022-08-11,TUPRS.IS,26.884693145751953
2022-08-12,TUPRS.IS,27.032005310058594
2022-08-15,TUPRS.IS,26.470373153686523
2022-08-16,TUPRS.IS,27.6120548248291
2022-08-17,TUPRS.IS,28.127647399902344
2022-08-18,TUPRS.IS,30.291316986083984
2022-08-19,TUPRS.IS,30.09796905517578
2022-08-22,TUPRS.IS,29.757307052612305
2022-08-23,TUPRS.IS,31.386959075927734
2022-08-24,TUPRS.IS,31.396169662475586
2022-08-25,TUPRS.IS,32.09590530395508
2022-08-26,TUPRS.IS,31.644758224487305
2022-08-29,TUPRS.IS,33.24679183959961
2022-08-31,TUPRS.IS,33.08106231689453
2022-09-01,TUPRS.IS,31.202816009521484
2022-09-02,TUPRS.IS,31.009471893310547
2022-09-05,TUPRS.IS,31.073915481567383
2022-09-06,TUPRS.IS,30.91739845275879
2022-09-07,TUPRS.IS,31.184406280517578
2022-09-08,TUPRS.IS,30.889780044555664
2022-09-09,TUPRS.IS,30.871366500854492
2022-09-12,TUPRS.IS,31.037090301513672
2022-09-13,TUPRS.IS,30.328140258789062
2022-09-14,TUPRS.IS,31.368547439575195
2022-09-15,TUPRS.IS,30.843740463256836
2022-09-16,TUPRS.IS,30.641185760498047
2022-09-19,TUPRS.IS,28.680078506469727
2022-09-20,TUPRS.IS,28.219722747802734
2022-09-21,TUPRS.IS,28.20130729675293
2022-09-22,TUPRS.IS,29.31536865234375
2022-09-23,TUPRS.IS,28.30258560180664
2022-09-26,TUPRS.IS,27.685710906982422
2022-09-27,TUPRS.IS,27.160907745361328
2022-09-28,TUPRS.IS,27.114866256713867
2022-09-29,TUPRS.IS,27.206941604614258
2022-09-30,TUPRS.IS,26.663726806640625
2022-10-03,TUPRS.IS,29.324575424194336
2022-10-04,TUPRS.IS,30.889780044555664
2022-10-05,TUPRS.IS,31.258056640625
2022-10-06,TUPRS.IS,31.94858741760254
2022-10-07,TUPRS.IS,31.89335060119629
2022-10-10,TUPRS.IS,31.764450073242188
2022-10-11,TUPRS.IS,31.626344680786133
2022-10-12,TUPRS.IS,31.02788543701172
2022-10-13,TUPRS.IS,30.43863296508789
2022-10-14,TUPRS.IS,30.76087760925293
2022-10-17,TUPRS.IS,33.65190124511719
2022-10-18,TUPRS.IS,33.035030364990234
2022-10-19,TUPRS.IS,33.145511627197266
2022-10-20,TUPRS.IS,33.90049362182617
2022-10-21,TUPRS.IS,34.98693084716797
2022-10-24,TUPRS.IS,35.097415924072266
2022-10-25,TUPRS.IS,34.48054122924805
2022-10-26,TUPRS.IS,33.87287139892578
2022-10-27,TUPRS.IS,34.32401657104492
2022-10-28,TUPRS.IS,33.661109924316406
2022-10-31,TUPRS.IS,34.894859313964844
2022-11-01,TUPRS.IS,35.90763854980469
2022-11-02,TUPRS.IS,36.36799621582031
2022-11-03,TUPRS.IS,37.518882751464844
2022-11-04,TUPRS.IS,39.42474365234375
2022-11-07,TUPRS.IS,41.24774932861328
2022-11-08,TUPRS.IS,40.69532775878906
2022-11-09,TUPRS.IS,39.645721435546875
2022-11-10,TUPRS.IS,39.93113708496094
2022-11-11,TUPRS.IS,39.618099212646484
2022-11-14,TUPRS.IS,39.553646087646484
2022-11-15,TUPRS.IS,40.281005859375
2022-11-16,TUPRS.IS,39.44316482543945
2022-11-17,TUPRS.IS,39.028839111328125
2022-11-18,TUPRS.IS,39.18536376953125
2022-11-21,TUPRS.IS,39.84827423095703
2022-11-22,TUPRS.IS,43.365379333496094
2022-11-23,TUPRS.IS,43.37458419799805
2022-11-24,TUPRS.IS,43.061546325683594
2022-11-25,TUPRS.IS,43.61397171020508
2022-11-28,TUPRS.IS,43.34696578979492
2022-11-29,TUPRS.IS,44.32292175292969
2022-11-30,TUPRS.IS,44.3137092590332
2022-12-01,TUPRS.IS,44.65436935424805
2022-12-02,TUPRS.IS,44.29529571533203
2022-12-05,TUPRS.IS,43.567935943603516
2022-12-06,TUPRS.IS,44.41498947143555
2022-12-07,TUPRS.IS,42.35260009765625
2022-12-08,TUPRS.IS,40.133689880371094
2022-12-09,TUPRS.IS,40.27179718017578
2022-12-12,TUPRS.IS,41.91066360473633
2022-12-13,TUPRS.IS,43.37458419799805
2022-12-14,TUPRS.IS,41.625240325927734
2022-12-15,TUPRS.IS,42.11322021484375
2022-12-16,TUPRS.IS,41.70810317993164
2022-12-19,TUPRS.IS,43.181236267089844
2022-12-20,TUPRS.IS,43.567935943603516
2022-12-21,TUPRS.IS,43.954627990722656
2022-12-22,TUPRS.IS,43.74287414550781
2022-12-23,TUPRS.IS,45.2067985534668
2022-12-26,TUPRS.IS,46.84566116333008
2022-12-27,TUPRS.IS,46.615482330322266
2022-12-28,TUPRS.IS,46.68913650512695
2022-12-29,TUPRS.IS,46.63389587402344
2022-12-30,TUPRS.IS,48.78835678100586
2023-01-02,TUPRS.IS,49.239498138427734
2023-01-03,TUPRS.IS,48.291175842285156
2023-01-04,TUPRS.IS,47.186317443847656
2023-01-05,TUPRS.IS,45.99861145019531
2023-01-06,TUPRS.IS,46.799625396728516
2023-01-09,TUPRS.IS,46.109092712402344
2023-01-10,TUPRS.IS,43.76128387451172
2023-01-11,TUPRS.IS,43.549522399902344
2023-01-12,TUPRS.IS,47.33363342285156
2023-01-13,TUPRS.IS,46.97455978393555
2023-01-16,TUPRS.IS,49.74589157104492
2023-01-17,TUPRS.IS,52.443572998046875
2023-01-18,TUPRS.IS,53.95353317260742
2023-01-19,TUPRS.IS,53.778594970703125
2023-01-20,TUPRS.IS,54.84661102294922
2023-01-23,TUPRS.IS,56.11719512939453
2023-01-24,TUPRS.IS,57.27729034423828
2023-01-25,TUPRS.IS,57.72843551635742
2023-01-26,TUPRS.IS,56.64199447631836
2023-01-27,TUPRS.IS,58.4373779296875
2023-01-30,TUPRS.IS,55.63842010498047
2023-01-31,TUPRS.IS,54.45071792602539
2023-02-01,TUPRS.IS,51.808284759521484
2023-02-02,TUPRS.IS,50.79550552368164
2023-02-03,TUPRS.IS,55.15045166015625
2023-02-06,TUPRS.IS,53.29983139038086
2023-02-07,TUPRS.IS,48.12544250488281
2023-02-08,TUPRS.IS,44.884552001953125
2023-02-15,TUPRS.IS,52.93154525756836
2023-02-16,TUPRS.IS,58.041481018066406
2023-02-17,TUPRS.IS,57.45222473144531
2023-02-20,TUPRS.IS,56.743282318115234
2023-02-21,TUPRS.IS,55.61080551147461
2023-02-22,TUPRS.IS,54.04560470581055
2023-02-23,TUPRS.IS,53.99957275390625
2023-02-24,TUPRS.IS,55.2056884765625
2023-02-27,TUPRS.IS,55.24251937866211
2023-02-28,TUPRS.IS,54.607234954833984
2023-03-01,TUPRS.IS,55.2241096496582
2023-03-02,TUPRS.IS,55.481903076171875
2023-03-03,TUPRS.IS,56.20927429199219
2023-03-06,TUPRS.IS,57.30491256713867
2023-03-07,TUPRS.IS,59.46857833862305
2023-03-08,TUPRS.IS,59.293643951416016
2023-03-09,TUPRS.IS,58.833282470703125
2023-03-10,TUPRS.IS,57.90281677246094
2023-03-13,TUPRS.IS,56.891841888427734
2023-03-14,TUPRS.IS,55.02849197387695
2023-03-15,TUPRS.IS,56.18812942504883
2023-03-16,TUPRS.IS,57.010780334472656
2023-03-17,TUPRS.IS,55.038394927978516
2023-03-20,TUPRS.IS,52.85787582397461
2023-03-21,TUPRS.IS,52.639827728271484
2023-03-22,TUPRS.IS,54.36441421508789
2023-03-23,TUPRS.IS,54.18601608276367
2023-03-24,TUPRS.IS,52.90743637084961
2023-03-27,TUPRS.IS,51.92620086669922
2023-03-28,TUPRS.IS,50.786376953125
2023-03-29,TUPRS.IS,53.175045013427734
2023-03-30,TUPRS.IS,53.42283248901367
2023-03-31,TUPRS.IS,52.54071044921875
2023-04-03,TUPRS.IS,55.94034194946289
2023-04-04,TUPRS.IS,56.92654037475586
2023-04-05,TUPRS.IS,55.122650146484375
2023-04-06,TUPRS.IS,53.839111328125
2023-04-07,TUPRS.IS,53.24938201904297
2023-04-10,TUPRS.IS,54.67167663574219
2023-04-11,TUPRS.IS,54.324771881103516
2023-04-12,TUPRS.IS,54.18601608276367
2023-04-13,TUPRS.IS,53.90849304199219
2023-04-14,TUPRS.IS,53.07593536376953
2023-04-17,TUPRS.IS,51.72301483154297
2023-04-18,TUPRS.IS,50.95983123779297
2023-04-19,TUPRS.IS,52.27805709838867
2023-04-20,TUPRS.IS,51.27204132080078
2023-04-24,TUPRS.IS,51.02920913696289
2023-04-25,TUPRS.IS,49.95380783081055
2023-04-26,TUPRS.IS,48.149925231933594
2023-04-27,TUPRS.IS,48.04585647583008
2023-04-28,TUPRS.IS,45.999141693115234
2023-05-02,TUPRS.IS,45.34002685546875
2023-05-03,TUPRS.IS,47.872406005859375
2023-05-04,TUPRS.IS,46.31135177612305
2023-05-05,TUPRS.IS,45.02781677246094
2023-05-08,TUPRS.IS,46.31135177612305
2023-05-09,TUPRS.IS,45.2359504699707
2023-05-10,TUPRS.IS,45.097190856933594
2023-05-11,TUPRS.IS,49.606910705566406
2023-05-12,TUPRS.IS,49.260009765625
2023-05-15,TUPRS.IS,44.54214859008789
2023-05-16,TUPRS.IS,46.207271575927734
2023-05-17,TUPRS.IS,47.24798583984375
2023-05-18,TUPRS.IS,45.47878646850586
2023-05-22,TUPRS.IS,44.40338897705078
2023-05-23,TUPRS.IS,45.51347351074219
2023-05-24,TUPRS.IS,44.68091583251953
2023-05-25,TUPRS.IS,44.33401107788086
2023-05-26,TUPRS.IS,45.582855224609375
2023-05-29,TUPRS.IS,47.317359924316406
2023-05-30,TUPRS.IS,48.21930694580078
2023-05-31,TUPRS.IS,46.48480224609375
2023-06-01,TUPRS.IS,46.93577575683594
2023-06-02,TUPRS.IS,48.32337951660156
2023-06-05,TUPRS.IS,50.71699905395508
2023-06-06,TUPRS.IS,50.85576248168945
2023-06-07,TUPRS.IS,53.73503875732422
2023-06-08,TUPRS.IS,53.873802185058594
2023-06-09,TUPRS.IS,53.76973342895508
2023-06-12,TUPRS.IS,53.56159210205078
2023-06-13,TUPRS.IS,51.34142303466797
2023-06-14,TUPRS.IS,49.95380783081055
2023-06-15,TUPRS.IS,51.61894607543945
2023-06-16,TUPRS.IS,50.682308197021484
2023-06-19,TUPRS.IS,49.884437561035156
2023-06-20,TUPRS.IS,50.64761734008789
2023-06-21,TUPRS.IS,50.1966438293457
2023-06-22,TUPRS.IS,52.13929748535156
2023-06-23,TUPRS.IS,53.24938201904297
2023-06-26,TUPRS.IS,54.81043243408203
2023-06-27,TUPRS.IS,55.018585205078125
2023-07-03,TUPRS.IS,58.97325134277344
2023-07-04,TUPRS.IS,58.27945327758789
2023-07-05,TUPRS.IS,58.73041915893555
2023-07-06,TUPRS.IS,61.08935546875
2023-07-07,TUPRS.IS,62.997314453125
2023-07-10,TUPRS.IS,62.823856353759766
2023-07-11,TUPRS.IS,62.893245697021484
2023-07-12,TUPRS.IS,62.858551025390625
2023-07-13,TUPRS.IS,61.78315734863281
2023-07-14,TUPRS.IS,61.4709358215332
2023-07-17,TUPRS.IS,62.51164627075195
2023-07-18,TUPRS.IS,60.013954162597656
2023-07-19,TUPRS.IS,62.060672760009766
2023-07-20,TUPRS.IS,63.13607406616211
2023-07-21,TUPRS.IS,63.41358947753906
2023-07-24,TUPRS.IS,63.72581100463867
2023-07-25,TUPRS.IS,64.83589172363281
2023-07-26,TUPRS.IS,64.73181915283203
2023-07-27,TUPRS.IS,66.98668670654297
2023-07-28,TUPRS.IS,68.61711883544922
2023-07-31,TUPRS.IS,71.73922729492188
2023-08-01,TUPRS.IS,70.2822494506836
2023-08-02,TUPRS.IS,70.629150390625
2023-08-03,TUPRS.IS,69.03340148925781
2023-08-04,TUPRS.IS,71.94737243652344
2023-08-07,TUPRS.IS,72.22488403320312
2023-08-08,TUPRS.IS,70.629150390625
2023-08-09,TUPRS.IS,74.23692321777344
2023-08-10,TUPRS.IS,72.71055603027344
2023-08-11,TUPRS.IS,77.01213073730469
2023-08-14,TUPRS.IS,79.78734588623047
2023-08-15,TUPRS.IS,79.37106323242188
2023-08-16,TUPRS.IS,82.7013168334961
2023-08-17,TUPRS.IS,85.3377685546875
2023-08-18,TUPRS.IS,88.11297607421875
2023-08-21,TUPRS.IS,96.92427062988281
2023-08-22,TUPRS.IS,96.43861389160156
2023-08-23,TUPRS.IS,89.84748077392578
2023-08-24,TUPRS.IS,88.11297607421875
2023-08-25,TUPRS.IS,92.6227035522461
2023-08-28,TUPRS.IS,101.85028076171875
2023-08-29,TUPRS.IS,98.65877532958984
2023-08-31,TUPRS.IS,97.8956069946289
2023-09-01,TUPRS.IS,99.00568389892578
2023-09-04,TUPRS.IS,100.53205871582031
2023-09-05,TUPRS.IS,101.85028076171875
2023-09-06,TUPRS.IS,99.9076156616211
2023-09-07,TUPRS.IS,100.46268463134766
2023-09-08,TUPRS.IS,99.76887512207031
2023-09-11,TUPRS.IS,97.27118682861328
2023-09-12,TUPRS.IS,98.79754638671875
2023-09-13,TUPRS.IS,97.82621765136719
2023-09-14,TUPRS.IS,100.2545394897461
2023-09-15,TUPRS.IS,98.17313385009766
2023-09-18,TUPRS.IS,96.09171295166016
2023-09-19,TUPRS.IS,100.53205871582031
2023-09-20,TUPRS.IS,98.03437042236328
2023-09-21,TUPRS.IS,102.54408264160156
2023-09-22,TUPRS.IS,106.91504669189453
2023-09-25,TUPRS.IS,115.17130279541016
2023-09-26,TUPRS.IS,117.73836517333984
2023-09-27,TUPRS.IS,113.5755386352539
2023-09-28,TUPRS.IS,113.78368377685547
2023-09-29,TUPRS.IS,121.461669921875
2023-10-02,TUPRS.IS,120.16302490234375
2023-10-03,TUPRS.IS,118.4060287475586
2023-10-04,TUPRS.IS,112.90587615966797
2023-10-05,TUPRS.IS,115.42678833007812
2023-10-06,TUPRS.IS,112.82948303222656
2023-10-09,TUPRS.IS,112.98226928710938
2023-10-10,TUPRS.IS,112.75310516357422
2023-10-11,TUPRS.IS,110.3085708618164
2023-10-12,TUPRS.IS,112.44752502441406
2023-10-13,TUPRS.IS,111.91279602050781
2023-10-16,TUPRS.IS,107.32933044433594
2023-10-17,TUPRS.IS,110.3085708618164
2023-10-18,TUPRS.IS,107.86406707763672
2023-10-19,TUPRS.IS,101.90557861328125
2023-10-20,TUPRS.IS,98.77354431152344
2023-10-23,TUPRS.IS,103.35701751708984
2023-10-24,TUPRS.IS,104.65565490722656
2023-10-25,TUPRS.IS,98.16241455078125
2023-10-26,TUPRS.IS,103.81534576416016
2023-10-27,TUPRS.IS,105.87791442871094
2023-10-30,TUPRS.IS,108.01685333251953
2023-10-31,TUPRS.IS,108.39881134033203
2023-11-01,TUPRS.IS,110.76693725585938
2023-11-02,TUPRS.IS,112.67671203613281
2023-11-03,TUPRS.IS,114.28092956542969
2023-11-06,TUPRS.IS,117.0309829711914
2023-11-07,TUPRS.IS,113.82256317138672
2023-11-08,TUPRS.IS,114.8156509399414
2023-11-09,TUPRS.IS,115.04484558105469
2023-11-10,TUPRS.IS,114.43370056152344
2023-11-13,TUPRS.IS,112.29475402832031
2023-11-14,TUPRS.IS,116.2670669555664
2023-11-15,TUPRS.IS,115.88512420654297
2023-11-16,TUPRS.IS,117.71851348876953
2023-11-17,TUPRS.IS,117.26016235351562
2023-11-20,TUPRS.IS,117.33655548095703
2023-11-21,TUPRS.IS,118.02406311035156
2023-11-22,TUPRS.IS,118.86438751220703
2023-11-23,TUPRS.IS,114.51008605957031
2023-11-24,TUPRS.IS,114.96843719482422
2023-11-27,TUPRS.IS,119.16993713378906
2023-11-28,TUPRS.IS,119.16993713378906
2023-11-29,TUPRS.IS,118.32963562011719
2023-11-30,TUPRS.IS,116.80181884765625
2023-12-01,TUPRS.IS,117.10739135742188
2023-12-04,TUPRS.IS,117.71851348876953
2023-12-05,TUPRS.IS,118.25325775146484
2023-12-06,TUPRS.IS,114.51008605957031
2023-12-07,TUPRS.IS,118.4060287475586
2023-12-08,TUPRS.IS,116.5726318359375
2023-12-11,TUPRS.IS,113.66979217529297
2023-12-12,TUPRS.IS,112.29475402832031
2023-12-13,TUPRS.IS,110.07942199707031
2023-12-14,TUPRS.IS,115.88512420654297
2023-12-15,TUPRS.IS,115.50316619873047
2023-12-18,TUPRS.IS,111.76001739501953
2023-12-19,TUPRS.IS,112.52392578125
2023-12-20,TUPRS.IS,114.35730743408203
2023-12-21,TUPRS.IS,116.49625396728516
2023-12-22,TUPRS.IS,110.6141586303711
2023-12-25,TUPRS.IS,106.1834716796875
2023-12-26,TUPRS.IS,109.62106323242188
2023-12-27,TUPRS.IS,111.68362426757812
2023-12-28,TUPRS.IS,110.46136474609375
2023-12-29,TUPRS.IS,109.23910522460938
2024-01-02,TUPRS.IS,110.00301361083984
2024-01-03,TUPRS.IS,107.32933044433594
2024-01-04,TUPRS.IS,109.77384185791016
2024-01-05,TUPRS.IS,109.8502426147461
2024-01-08,TUPRS.IS,106.9473876953125
2024-01-09,TUPRS.IS,105.49595642089844
2024-01-10,TUPRS.IS,106.71820068359375
2024-01-11,TUPRS.IS,106.64183044433594
2024-01-12,TUPRS.IS,106.71820068359375
2024-01-15,TUPRS.IS,107.63489532470703
2024-01-16,TUPRS.IS,109.39189910888672
2024-01-17,TUPRS.IS,108.55160522460938
2024-01-18,TUPRS.IS,106.87098693847656
2024-01-19,TUPRS.IS,106.41264343261719
2024-01-22,TUPRS.IS,107.86406707763672
2024-01-23,TUPRS.IS,106.9473876953125
2024-01-24,TUPRS.IS,108.8571548461914
2024-01-25,TUPRS.IS,110.6141586303711
2024-01-26,TUPRS.IS,112.75310516357422
2024-01-29,TUPRS.IS,116.3434829711914
2024-01-30,TUPRS.IS,114.8156509399414
2024-01-31,TUPRS.IS,114.58648681640625
2024-02-01,TUPRS.IS,118.17684936523438
2024-02-02,TUPRS.IS,118.63520050048828
2024-02-05,TUPRS.IS,118.48242950439453
2024-02-06,TUPRS.IS,118.02406311035156
2024-02-07,TUPRS.IS,117.87129211425781
2024-02-08,TUPRS.IS,120.54498291015625
2024-02-09,TUPRS.IS,120.46857452392578
2024-02-12,TUPRS.IS,124.36453247070312
2024-02-13,TUPRS.IS,122.6839370727539
2024-02-14,TUPRS.IS,125.73957824707031
2024-02-15,TUPRS.IS,127.87850189208984
2024-02-16,TUPRS.IS,127.57295227050781
2024-02-19,TUPRS.IS,132.15638732910156
2024-02-20,TUPRS.IS,130.85775756835938
2024-02-21,TUPRS.IS,126.19790649414062
2024-02-22,TUPRS.IS,125.28121185302734
2024-02-23,TUPRS.IS,125.35761260986328
2024-02-26,TUPRS.IS,122.6839370727539
2024-02-27,TUPRS.IS,122.37835693359375
2024-02-28,TUPRS.IS,123.37144470214844
2024-02-29,TUPRS.IS,123.60060119628906
2024-03-01,TUPRS.IS,125.8923568725586
2024-03-04,TUPRS.IS,123.29503631591797
2024-03-05,TUPRS.IS,126.12151336669922
2024-03-06,TUPRS.IS,129.10076904296875
2024-03-07,TUPRS.IS,130.70498657226562
2024-03-08,TUPRS.IS,130.0174560546875
2024-03-11,TUPRS.IS,127.80210876464844
2024-03-12,TUPRS.IS,126.65625762939453
2024-03-13,TUPRS.IS,124.67008209228516
2024-03-14,TUPRS.IS,126.35069274902344
2024-03-15,TUPRS.IS,124.5173110961914
2024-03-18,TUPRS.IS,126.19790649414062
2024-03-19,TUPRS.IS,132.69114685058594
2024-03-20,TUPRS.IS,131.23971557617188
2024-03-21,TUPRS.IS,132.92031860351562
2024-03-22,TUPRS.IS,131.3925018310547
2024-03-25,TUPRS.IS,129.8646697998047
2024-03-26,TUPRS.IS,129.4063262939453
2024-03-27,TUPRS.IS,129.635498046875
2024-03-28,TUPRS.IS,135.1356658935547
2024-03-29,TUPRS.IS,135.21205139160156
2024-04-01,TUPRS.IS,136.35789489746094
2024-04-02,TUPRS.IS,134.2953643798828
2024-04-03,TUPRS.IS,132.16827392578125
2024-04-04,TUPRS.IS,137.93234252929688
2024-04-05,TUPRS.IS,145.888427734375
2024-04-08,TUPRS.IS,148.64871215820312
2024-04-09,TUPRS.IS,148.6371132986886
2024-04-15,TUPRS.IS,148.56752014160156
2024-04-16,TUPRS.IS,151.00306701660156
2024-04-17,TUPRS.IS,151.40896606445312
2024-04-18,TUPRS.IS,150.92185974121094
2024-04-19,TUPRS.IS,154.16925048828125
2024-04-22,TUPRS.IS,153.03265380859375
2024-04-24,TUPRS.IS,152.46438598632812
2024-04-25,TUPRS.IS,153.92568969726562
2024-04-26,TUPRS.IS,155.95530700683594
2024-04-29,TUPRS.IS,159.12149047851562
2024-04-30,TUPRS.IS,158.95912170410156
2024-05-02,TUPRS.IS,165.61624145507812
2024-05-03,TUPRS.IS,163.4242706298828
2024-05-06,TUPRS.IS,162.77479553222656
2024-05-07,TUPRS.IS,160.98873901367188
2024-05-08,TUPRS.IS,156.44239807128906
2024-05-09,TUPRS.IS,153.519775390625
2024-05-10,TUPRS.IS,151.9772491455078
2024-05-13,TUPRS.IS,150.02883911132812
2024-05-14,TUPRS.IS,149.0546417236328
2024-05-15,TUPRS.IS,147.34974670410156
2024-05-16,TUPRS.IS,146.7814483642578
2024-05-17,TUPRS.IS,153.519775390625
2024-05-20,TUPRS.IS,155.7929229736328
2024-05-21,TUPRS.IS,157.9037322998047
2024-05-22,TUPRS.IS,158.22845458984375
2024-05-23,TUPRS.IS,156.11767578125
2024-05-24,TUPRS.IS,154.49398803710938
2024-05-27,TUPRS.IS,153.68214416503906
2024-05-28,TUPRS.IS,152.2208251953125
2024-05-29,TUPRS.IS,150.84068298339844
2024-05-30,TUPRS.IS,148.486328125
2024-05-31,TUPRS.IS,143.45289611816406
2024-06-03,TUPRS.IS,141.17971801757812
2024-06-04,TUPRS.IS,136.876953125
2024-06-05,TUPRS.IS,135.57801818847656
2024-06-06,TUPRS.IS,132.81773376464844
2024-06-07,TUPRS.IS,133.06129455566406
2024-06-10,TUPRS.IS,131.76234436035156
2024-06-11,TUPRS.IS,130.62576293945312
2024-06-12,TUPRS.IS,133.14247131347656
2024-06-13,TUPRS.IS,134.84735107421875
2024-06-14,TUPRS.IS,135.57801818847656
2024-06-20,TUPRS.IS,139.7184295654297
2024-06-21,TUPRS.IS,138.66302490234375
2024-06-24,TUPRS.IS,139.31248474121094
2024-06-25,TUPRS.IS,137.93234252929688
2024-06-26,TUPRS.IS,134.279052734375
2024-06-27,TUPRS.IS,136.95814514160156
2024-06-28,TUPRS.IS,134.3602294921875
2024-07-01,TUPRS.IS,132.9801025390625
2024-07-02,TUPRS.IS,131.84352111816406
2024-07-03,TUPRS.IS,136.63340759277344
2024-07-04,TUPRS.IS,141.34210205078125
2024-07-05,TUPRS.IS,140.77381896972656
2024-07-08,TUPRS.IS,139.39366149902344
2024-07-09,TUPRS.IS,137.03933715820312
2024-07-10,TUPRS.IS,136.3898468017578
2024-07-11,TUPRS.IS,138.50064086914062
2024-07-12,TUPRS.IS,136.71458435058594
2024-07-16,TUPRS.IS,135.17208862304688
2024-07-17,TUPRS.IS,135.0097198486328
2024-07-18,TUPRS.IS,134.92852783203125
2024-07-19,TUPRS.IS,133.95433044433594
2024-07-22,TUPRS.IS,132.4929962158203
2024-07-23,TUPRS.IS,133.54840087890625
2024-07-24,TUPRS.IS,132.33062744140625
2024-07-25,TUPRS.IS,130.9504852294922
2024-07-26,TUPRS.IS,132.65536499023438
2024-07-29,TUPRS.IS,131.92471313476562
2024-07-30,TUPRS.IS,131.1940460205078
2024-07-31,TUPRS.IS,132.5741729736328
2024-08-01,TUPRS.IS,133.3860321044922
2024-08-02,TUPRS.IS,129.1644287109375
2024-08-05,TUPRS.IS,124.78048706054688
2024-08-06,TUPRS.IS,128.2714080810547
2024-08-07,TUPRS.IS,132.24945068359375
2024-08-08,TUPRS.IS,133.95433044433594
2024-08-09,TUPRS.IS,132.5741729736328
2024-08-12,TUPRS.IS,131.35641479492188
2024-08-13,TUPRS.IS,131.68115234375
2024-08-14,TUPRS.IS,129.083251953125
2024-08-15,TUPRS.IS,132.0059051513672
2024-08-16,TUPRS.IS,131.27523803710938
2024-08-19,TUPRS.IS,134.11668395996094
2024-08-20,TUPRS.IS,133.14247131347656
2024-08-21,TUPRS.IS,133.8731231689453
2024-08-22,TUPRS.IS,132.81773376464844
2024-08-23,TUPRS.IS,130.70693969726562
2024-08-26,TUPRS.IS,130.70693969726562
2024-08-27,TUPRS.IS,133.7107696533203
2024-08-28,TUPRS.IS,134.279052734375
2024-08-29,TUPRS.IS,136.876953125
2024-09-02,TUPRS.IS,138.50064086914062
2024-09-03,TUPRS.IS,135.65921020507812
2024-09-04,TUPRS.IS,133.95433044433594
2024-09-05,TUPRS.IS,131.84352111816406
2024-09-06,TUPRS.IS,131.51878356933594
2024-09-09,TUPRS.IS,130.9504852294922
2024-09-10,TUPRS.IS,129.97628784179688
2024-09-11,TUPRS.IS,126.48534393310547
2024-09-12,TUPRS.IS,127.21600341796875
2024-09-13,TUPRS.IS,132.0059051513672
2024-09-16,TUPRS.IS,132.65536499023438
2024-09-17,TUPRS.IS,134.03549194335938
2024-09-18,TUPRS.IS,133.62957763671875
2024-09-19,TUPRS.IS,137.2017059326172
2024-09-20,TUPRS.IS,134.6849822998047
2024-09-23,TUPRS.IS,136.79579162597656
2024-09-24,TUPRS.IS,138.74420166015625
2024-09-25,TUPRS.IS,137.2017059326172
2024-09-26,TUPRS.IS,138.01353454589844
2024-09-27,TUPRS.IS,138.48236083984375
2024-09-30,TUPRS.IS,135.5136260986328
2024-10-01,TUPRS.IS,135.5136260986328
2024-10-02,TUPRS.IS,134.02926635742188
2024-10-03,TUPRS.IS,131.4097900390625
2024-10-04,TUPRS.IS,134.90240478515625
2024-10-07,TUPRS.IS,132.7195281982422
2024-10-08,TUPRS.IS,134.2039031982422
2024-10-09,TUPRS.IS,133.59268188476562
2024-10-10,TUPRS.IS,130.9732208251953
2024-10-11,TUPRS.IS,129.4015350341797
2024-10-14,TUPRS.IS,127.04402160644531
2024-10-15,TUPRS.IS,127.21865844726562
2024-10-16,TUPRS.IS,128.52838134765625
2024-10-17,TUPRS.IS,128.70301818847656
2024-10-18,TUPRS.IS,126.60743713378906
2024-10-21,TUPRS.IS,126.3454818725586
2024-10-22,TUPRS.IS,127.48059844970703
2024-10-23,TUPRS.IS,125.47234344482422
2024-10-24,TUPRS.IS,127.48059844970703
2024-10-25,TUPRS.IS,127.56791687011719
2024-10-28,TUPRS.IS,130.1000518798828
2024-10-30,TUPRS.IS,129.4015350341797
2024-10-31,TUPRS.IS,126.2581787109375
2024-11-01,TUPRS.IS,126.69477081298828
2024-11-04,TUPRS.IS,124.51187896728516
2024-11-05,TUPRS.IS,123.2021484375
2024-11-06,TUPRS.IS,126.08354187011719
2024-11-07,TUPRS.IS,126.5201187133789
2024-11-08,TUPRS.IS,128.2664337158203
2024-11-11,TUPRS.IS,127.48059844970703
2024-11-12,TUPRS.IS,125.73428344726562
2024-11-13,TUPRS.IS,127.65523529052734
2024-11-14,TUPRS.IS,129.1395721435547
2024-11-15,TUPRS.IS,129.31422424316406
2024-11-18,TUPRS.IS,128.52838134765625
2024-11-19,TUPRS.IS,125.2977066040039
2024-11-20,TUPRS.IS,122.94020080566406
2024-11-21,TUPRS.IS,126.5201187133789
2024-11-22,TUPRS.IS,127.8298568725586
2024-11-25,TUPRS.IS,129.66348266601562
2024-11-26,TUPRS.IS,128.96495056152344
2024-11-27,TUPRS.IS,127.91717529296875
2024-11-28,TUPRS.IS,128.70301818847656
2024-11-29,TUPRS.IS,128.52838134765625
2024-12-02,TUPRS.IS,128.61569213867188
2024-12-03,TUPRS.IS,129.83811950683594
2024-12-04,TUPRS.IS,133.06878662109375
2024-12-05,TUPRS.IS,132.02101135253906
2024-12-06,TUPRS.IS,132.8068389892578
2024-12-09,TUPRS.IS,134.90240478515625
2024-12-10,TUPRS.IS,134.46583557128906
2024-12-11,TUPRS.IS,134.55316162109375
2024-12-12,TUPRS.IS,131.75904846191406
2024-12-13,TUPRS.IS,132.02101135253906
2024-12-16,TUPRS.IS,129.7508087158203
2024-12-17,TUPRS.IS,129.66348266601562
2024-12-18,TUPRS.IS,127.7425537109375
2024-12-19,TUPRS.IS,126.08354187011719
2024-12-20,TUPRS.IS,127.04402160644531
2024-12-23,TUPRS.IS,125.12308502197266
2024-12-24,TUPRS.IS,124.424560546875
2024-12-25,TUPRS.IS,125.55966186523438
2024-12-26,TUPRS.IS,125.47234344482422
2024-12-27,TUPRS.IS,125.90892028808594
2024-12-30,TUPRS.IS,124.424560546875
2024-12-31,TUPRS.IS,123.90066528320312
