ds,Hisse_Kodu,y
2015-03-11,AKBNK.IS,4.449032783508301
2015-03-12,AKBNK.IS,4.467044830322266
2015-03-13,AKBNK.IS,4.449032783508301
2015-03-16,AKBNK.IS,4.569114685058594
2015-03-17,AKBNK.IS,4.665180206298828
2015-03-18,AKBNK.IS,4.605138778686523
2015-03-19,AKBNK.IS,4.839298725128174
2015-03-20,AKBNK.IS,4.893336296081543
2015-03-23,AKBNK.IS,4.953375816345215
2015-03-24,AKBNK.IS,4.785261154174805
2015-03-25,AKBNK.IS,4.8092780113220215
2015-03-26,AKBNK.IS,4.767249584197998
2015-03-27,AKBNK.IS,4.70720911026001
2015-03-30,AKBNK.IS,4.818748950958252
2015-03-31,AKBNK.IS,4.818748950958252
2015-04-01,AKBNK.IS,4.7025604248046875
2015-04-02,AKBNK.IS,4.727022171020508
2015-04-03,AKBNK.IS,4.873785018920898
2015-04-06,AKBNK.IS,4.977743148803711
2015-04-07,AKBNK.IS,4.849324703216553
2015-04-08,AKBNK.IS,4.904361248016357
2015-04-09,AKBNK.IS,4.941051483154297
2015-04-10,AKBNK.IS,4.843209743499756
2015-04-13,AKBNK.IS,4.7331366539001465
2015-04-14,AKBNK.IS,4.824863910675049
2015-04-15,AKBNK.IS,4.696444988250732
2015-04-16,AKBNK.IS,4.739252090454102
2015-04-17,AKBNK.IS,4.7331366539001465
2015-04-20,AKBNK.IS,4.678099632263184
2015-04-21,AKBNK.IS,4.830978870391846
2015-04-22,AKBNK.IS,4.7514824867248535
2015-04-23,AKBNK.IS,4.7514824867248535
2015-04-24,AKBNK.IS,4.830978870391846
2015-04-27,AKBNK.IS,4.934937000274658
2015-04-28,AKBNK.IS,4.959397792816162
2015-04-29,AKBNK.IS,4.965512275695801
2015-04-30,AKBNK.IS,4.763711929321289
2015-05-01,AKBNK.IS,4.763711929321289
2015-05-04,AKBNK.IS,4.763711929321289
2015-05-05,AKBNK.IS,4.708675384521484
2015-05-06,AKBNK.IS,4.665868759155273
2015-05-07,AKBNK.IS,4.671984672546387
2015-05-08,AKBNK.IS,4.824863910675049
2015-05-11,AKBNK.IS,4.8921308517456055
2015-05-12,AKBNK.IS,4.88601541519165
2015-05-13,AKBNK.IS,5.045009613037109
2015-05-14,AKBNK.IS,5.118391990661621
2015-05-15,AKBNK.IS,5.1367363929748535
2015-05-18,AKBNK.IS,5.26515531539917
2015-05-19,AKBNK.IS,5.26515531539917
2015-05-20,AKBNK.IS,5.161198139190674
2015-05-21,AKBNK.IS,5.07558536529541
2015-05-22,AKBNK.IS,4.983859062194824
2015-05-25,AKBNK.IS,4.904361248016357
2015-05-26,AKBNK.IS,4.861555099487305
2015-05-27,AKBNK.IS,4.947166919708252
2015-05-28,AKBNK.IS,4.928822040557861
2015-05-29,AKBNK.IS,4.849324703216553
2015-06-01,AKBNK.IS,4.665868759155273
2015-06-02,AKBNK.IS,4.7820587158203125
2015-06-03,AKBNK.IS,4.88601541519165
2015-06-04,AKBNK.IS,4.788173198699951
2015-06-05,AKBNK.IS,4.745367050170898
2015-06-08,AKBNK.IS,4.494644641876221
2015-06-09,AKBNK.IS,4.568027019500732
2015-06-10,AKBNK.IS,4.739252090454102
2015-06-11,AKBNK.IS,4.843209743499756
2015-06-12,AKBNK.IS,4.867670059204102
2015-06-15,AKBNK.IS,4.690330505371094
2015-06-16,AKBNK.IS,4.769827365875244
2015-06-17,AKBNK.IS,4.800403118133545
2015-06-18,AKBNK.IS,4.867670059204102
2015-06-19,AKBNK.IS,4.904361248016357
2015-06-22,AKBNK.IS,4.989973545074463
2015-06-23,AKBNK.IS,4.88601541519165
2015-06-24,AKBNK.IS,4.965512275695801
2015-06-25,AKBNK.IS,4.861555099487305
2015-06-26,AKBNK.IS,4.85543966293335
2015-06-29,AKBNK.IS,4.7514824867248535
2015-06-30,AKBNK.IS,4.739252090454102
2015-07-01,AKBNK.IS,4.653639793395996
2015-07-02,AKBNK.IS,4.690330505371094
2015-07-03,AKBNK.IS,4.635293483734131
2015-07-06,AKBNK.IS,4.7514824867248535
2015-07-07,AKBNK.IS,4.659755229949951
2015-07-08,AKBNK.IS,4.519106388092041
2015-07-09,AKBNK.IS,4.708675384521484
2015-07-10,AKBNK.IS,4.7514824867248535
2015-07-13,AKBNK.IS,4.7820587158203125
2015-07-14,AKBNK.IS,4.739252090454102
2015-07-15,AKBNK.IS,4.714791774749756
2015-07-16,AKBNK.IS,4.708675384521484
2015-07-17,AKBNK.IS,4.708675384521484
2015-07-20,AKBNK.IS,4.592488765716553
2015-07-21,AKBNK.IS,4.555797100067139
2015-07-22,AKBNK.IS,4.543566703796387
2015-07-23,AKBNK.IS,4.421264171600342
2015-07-24,AKBNK.IS,4.488530158996582
2015-07-27,AKBNK.IS,4.396801948547363
2015-07-28,AKBNK.IS,4.390687465667725
2015-07-29,AKBNK.IS,4.409033298492432
2015-07-30,AKBNK.IS,4.457953453063965
2015-07-31,AKBNK.IS,4.537450790405273
2015-08-03,AKBNK.IS,4.40291690826416
2015-08-04,AKBNK.IS,4.40291690826416
2015-08-05,AKBNK.IS,4.390687465667725
2015-08-06,AKBNK.IS,4.457953453063965
2015-08-07,AKBNK.IS,4.457953453063965
2015-08-10,AKBNK.IS,4.409033298492432
2015-08-11,AKBNK.IS,4.592488765716553
2015-08-12,AKBNK.IS,4.445723533630371
2015-08-13,AKBNK.IS,4.335650444030762
2015-08-14,AKBNK.IS,4.329535484313965
2015-08-17,AKBNK.IS,4.280614852905273
2015-08-18,AKBNK.IS,4.13385009765625
2015-08-19,AKBNK.IS,4.13385009765625
2015-08-20,AKBNK.IS,4.066583633422852
2015-08-21,AKBNK.IS,3.999317169189453
2015-08-24,AKBNK.IS,3.883129596710205
2015-08-25,AKBNK.IS,4.042123317718506
2015-08-26,AKBNK.IS,4.072699069976807
2015-08-27,AKBNK.IS,4.139965534210205
2015-08-28,AKBNK.IS,4.176656723022461
2015-08-31,AKBNK.IS,4.170541286468506
2015-09-01,AKBNK.IS,4.048238277435303
2015-09-02,AKBNK.IS,4.0971598625183105
2015-09-03,AKBNK.IS,4.0971598625183105
2015-09-04,AKBNK.IS,4.011546611785889
2015-09-07,AKBNK.IS,3.962625503540039
2015-09-08,AKBNK.IS,3.9870872497558594
2015-09-09,AKBNK.IS,3.980971574783325
2015-09-10,AKBNK.IS,3.968740701675415
2015-09-11,AKBNK.IS,3.913705348968506
2015-09-14,AKBNK.IS,3.846437692642212
2015-09-15,AKBNK.IS,4.029892444610596
2015-09-16,AKBNK.IS,4.146080017089844
2015-09-17,AKBNK.IS,4.195001602172852
2015-09-18,AKBNK.IS,4.170541286468506
2015-09-21,AKBNK.IS,4.225577354431152
2015-09-22,AKBNK.IS,4.188887596130371
2015-09-23,AKBNK.IS,4.152196407318115
2015-09-24,AKBNK.IS,4.152196407318115
2015-09-25,AKBNK.IS,4.152196407318115
2015-09-28,AKBNK.IS,4.054354190826416
2015-09-29,AKBNK.IS,4.146080017089844
2015-09-30,AKBNK.IS,4.146080017089844
2015-10-01,AKBNK.IS,4.201117038726807
2015-10-02,AKBNK.IS,4.1216206550598145
2015-10-05,AKBNK.IS,4.353996753692627
2015-10-06,AKBNK.IS,4.353996753692627
2015-10-07,AKBNK.IS,4.500760555267334
2015-10-08,AKBNK.IS,4.488530158996582
2015-10-09,AKBNK.IS,4.5863728523254395
2015-10-12,AKBNK.IS,4.549681663513184
2015-10-13,AKBNK.IS,4.457953453063965
2015-10-14,AKBNK.IS,4.5863728523254395
2015-10-15,AKBNK.IS,4.580258369445801
2015-10-16,AKBNK.IS,4.531336307525635
2015-10-19,AKBNK.IS,4.568027019500732
2015-10-20,AKBNK.IS,4.610833168029785
2015-10-21,AKBNK.IS,4.5863728523254395
2015-10-22,AKBNK.IS,4.598602771759033
2015-10-23,AKBNK.IS,4.568027019500732
2015-10-26,AKBNK.IS,4.464068412780762
2015-10-27,AKBNK.IS,4.464068412780762
2015-10-28,AKBNK.IS,4.525221347808838
2015-10-29,AKBNK.IS,4.525221347808838
2015-10-30,AKBNK.IS,4.580258369445801
2015-11-02,AKBNK.IS,4.928822040557861
2015-11-03,AKBNK.IS,4.85543966293335
2015-11-04,AKBNK.IS,4.904361248016357
2015-11-05,AKBNK.IS,4.837094306945801
2015-11-06,AKBNK.IS,4.800403118133545
2015-11-09,AKBNK.IS,4.720906734466553
2015-11-10,AKBNK.IS,4.678099632263184
2015-11-11,AKBNK.IS,4.714791774749756
2015-11-12,AKBNK.IS,4.745367050170898
2015-11-13,AKBNK.IS,4.727022171020508
2015-11-16,AKBNK.IS,4.678099632263184
2015-11-17,AKBNK.IS,4.678099632263184
2015-11-18,AKBNK.IS,4.629178047180176
2015-11-19,AKBNK.IS,4.592488765716553
2015-11-20,AKBNK.IS,4.574141979217529
2015-11-23,AKBNK.IS,4.506875038146973
2015-11-24,AKBNK.IS,4.329535484313965
2015-11-25,AKBNK.IS,4.335650444030762
2015-11-26,AKBNK.IS,4.201117038726807
2015-11-27,AKBNK.IS,4.219462871551514
2015-11-30,AKBNK.IS,4.2378082275390625
2015-12-01,AKBNK.IS,4.360111236572266
2015-12-02,AKBNK.IS,4.341765880584717
2015-12-03,AKBNK.IS,4.280614852905273
2015-12-04,AKBNK.IS,4.2133469581604
2015-12-07,AKBNK.IS,4.225577354431152
2015-12-08,AKBNK.IS,4.164425849914551
2015-12-09,AKBNK.IS,4.2867302894592285
2015-12-10,AKBNK.IS,4.158310890197754
2015-12-11,AKBNK.IS,3.962625503540039
2015-12-14,AKBNK.IS,3.944279432296753
2015-12-15,AKBNK.IS,4.1093902587890625
2015-12-16,AKBNK.IS,4.188887596130371
2015-12-17,AKBNK.IS,4.219462871551514
2015-12-18,AKBNK.IS,4.139965534210205
2015-12-21,AKBNK.IS,4.2072319984436035
2015-12-22,AKBNK.IS,4.201117038726807
2015-12-23,AKBNK.IS,4.311190128326416
2015-12-24,AKBNK.IS,4.353996753692627
2015-12-25,AKBNK.IS,4.3662261962890625
2015-12-28,AKBNK.IS,4.347880840301514
2015-12-29,AKBNK.IS,4.329535484313965
2015-12-30,AKBNK.IS,4.2378082275390625
2015-12-31,AKBNK.IS,4.0971598625183105
2016-01-01,AKBNK.IS,4.0971598625183105
2016-01-04,AKBNK.IS,4.023777484893799
2016-01-05,AKBNK.IS,3.999317169189453
2016-01-06,AKBNK.IS,4.060468673706055
2016-01-07,AKBNK.IS,4.084929943084717
2016-01-08,AKBNK.IS,4.103274822235107
2016-01-11,AKBNK.IS,4.139965534210205
2016-01-12,AKBNK.IS,4.182772159576416
2016-01-13,AKBNK.IS,4.274499416351318
2016-01-14,AKBNK.IS,4.292844772338867
2016-01-15,AKBNK.IS,4.225577354431152
2016-01-18,AKBNK.IS,4.225577354431152
2016-01-19,AKBNK.IS,4.201117038726807
2016-01-20,AKBNK.IS,4.066583633422852
2016-01-21,AKBNK.IS,4.00543212890625
2016-01-22,AKBNK.IS,4.00543212890625
2016-01-25,AKBNK.IS,4.158310890197754
2016-01-26,AKBNK.IS,4.311190128326416
2016-01-27,AKBNK.IS,4.280614852905273
2016-01-28,AKBNK.IS,4.2683844566345215
2016-01-29,AKBNK.IS,4.396801948547363
2016-02-01,AKBNK.IS,4.396801948547363
2016-02-02,AKBNK.IS,4.298959255218506
2016-02-03,AKBNK.IS,4.427378177642822
2016-02-04,AKBNK.IS,4.555797100067139
2016-02-05,AKBNK.IS,4.488530158996582
2016-02-08,AKBNK.IS,4.353996753692627
2016-02-09,AKBNK.IS,4.40291690826416
2016-02-10,AKBNK.IS,4.378457069396973
2016-02-11,AKBNK.IS,4.360111236572266
2016-02-12,AKBNK.IS,4.378457069396973
2016-02-15,AKBNK.IS,4.353996753692627
2016-02-16,AKBNK.IS,4.305074691772461
2016-02-17,AKBNK.IS,4.41514778137207
2016-02-18,AKBNK.IS,4.427378177642822
2016-02-19,AKBNK.IS,4.3662261962890625
2016-02-22,AKBNK.IS,4.506875038146973
2016-02-23,AKBNK.IS,4.592488765716553
2016-02-24,AKBNK.IS,4.476300239562988
2016-02-25,AKBNK.IS,4.531336307525635
2016-02-26,AKBNK.IS,4.555797100067139
2016-02-29,AKBNK.IS,4.519106388092041
2016-03-01,AKBNK.IS,4.525221347808838
2016-03-02,AKBNK.IS,4.604718208312988
2016-03-03,AKBNK.IS,4.5863728523254395
2016-03-04,AKBNK.IS,4.598602771759033
2016-03-07,AKBNK.IS,4.592488765716553
2016-03-08,AKBNK.IS,4.684215068817139
2016-03-09,AKBNK.IS,4.812633991241455
2016-03-10,AKBNK.IS,4.861555099487305
2016-03-11,AKBNK.IS,4.861555099487305
2016-03-14,AKBNK.IS,4.916592121124268
2016-03-15,AKBNK.IS,4.757596969604492
2016-03-16,AKBNK.IS,4.727022171020508
2016-03-17,AKBNK.IS,4.953281402587891
2016-03-18,AKBNK.IS,5.020549297332764
2016-03-21,AKBNK.IS,4.983859062194824
2016-03-22,AKBNK.IS,4.812633991241455
2016-03-23,AKBNK.IS,4.812633991241455
2016-03-24,AKBNK.IS,4.934937000274658
2016-03-25,AKBNK.IS,4.904361248016357
2016-03-28,AKBNK.IS,4.861555099487305
2016-03-29,AKBNK.IS,4.849324703216553
2016-03-30,AKBNK.IS,4.986452102661133
2016-03-31,AKBNK.IS,4.998918056488037
2016-04-01,AKBNK.IS,4.905422210693359
2016-04-04,AKBNK.IS,5.030083179473877
2016-04-05,AKBNK.IS,4.973986625671387
2016-04-06,AKBNK.IS,4.886723518371582
2016-04-07,AKBNK.IS,4.892956256866455
2016-04-08,AKBNK.IS,4.961520671844482
2016-04-11,AKBNK.IS,5.061248779296875
2016-04-12,AKBNK.IS,5.061248779296875
2016-04-13,AKBNK.IS,5.254473686218262
2016-04-14,AKBNK.IS,5.273172855377197
2016-04-15,AKBNK.IS,5.291872024536133
2016-04-18,AKBNK.IS,5.428999900817871
2016-04-19,AKBNK.IS,5.416533946990967
2016-04-20,AKBNK.IS,5.304339408874512
2016-04-21,AKBNK.IS,5.323037624359131
2016-04-22,AKBNK.IS,5.291872024536133
2016-04-25,AKBNK.IS,5.2046098709106445
2016-04-26,AKBNK.IS,5.341737270355225
2016-04-27,AKBNK.IS,5.335504055023193
2016-04-28,AKBNK.IS,5.372901439666748
2016-04-29,AKBNK.IS,5.360435962677002
2016-05-02,AKBNK.IS,5.235774517059326
2016-05-03,AKBNK.IS,5.023850917816162
2016-05-04,AKBNK.IS,4.849324703216553
2016-05-05,AKBNK.IS,4.76206111907959
2016-05-06,AKBNK.IS,4.755828857421875
2016-05-09,AKBNK.IS,4.830625534057617
2016-05-10,AKBNK.IS,4.7745280265808105
2016-05-11,AKBNK.IS,4.818160057067871
2016-05-12,AKBNK.IS,4.799459934234619
2016-05-13,AKBNK.IS,4.793227672576904
2016-05-16,AKBNK.IS,4.67479944229126
2016-05-17,AKBNK.IS,4.7433624267578125
2016-05-18,AKBNK.IS,4.805694103240967
2016-05-19,AKBNK.IS,4.805694103240967
2016-05-20,AKBNK.IS,4.67479944229126
2016-05-23,AKBNK.IS,4.7745280265808105
2016-05-24,AKBNK.IS,5.017617225646973
2016-05-25,AKBNK.IS,4.942821979522705
2016-05-26,AKBNK.IS,4.917888641357422
2016-05-27,AKBNK.IS,4.955287456512451
2016-05-30,AKBNK.IS,4.986452102661133
2016-05-31,AKBNK.IS,4.967752933502197
2016-06-01,AKBNK.IS,4.924120903015137
2016-06-02,AKBNK.IS,4.855557441711426
2016-06-03,AKBNK.IS,4.986452102661133
2016-06-06,AKBNK.IS,5.030083179473877
2016-06-07,AKBNK.IS,4.917888641357422
2016-06-08,AKBNK.IS,5.017617225646973
2016-06-09,AKBNK.IS,4.936587810516357
2016-06-10,AKBNK.IS,4.892956256866455
2016-06-13,AKBNK.IS,4.880490303039551
2016-06-14,AKBNK.IS,4.855557441711426
2016-06-15,AKBNK.IS,4.892956256866455
2016-06-16,AKBNK.IS,4.793227672576904
2016-06-17,AKBNK.IS,4.942821979522705
2016-06-20,AKBNK.IS,5.111113548278809
2016-06-21,AKBNK.IS,5.129812717437744
2016-06-22,AKBNK.IS,5.098647117614746
2016-06-23,AKBNK.IS,5.22330904006958
2016-06-24,AKBNK.IS,5.092414855957031
2016-06-27,AKBNK.IS,5.055016040802002
2016-06-28,AKBNK.IS,5.117346286773682
2016-06-29,AKBNK.IS,5.0737152099609375
2016-06-30,AKBNK.IS,5.129812717437744
2016-07-01,AKBNK.IS,5.22330904006958
2016-07-04,AKBNK.IS,5.254473686218262
2016-07-05,AKBNK.IS,5.254473686218262
2016-07-06,AKBNK.IS,5.254473686218262
2016-07-07,AKBNK.IS,5.254473686218262
2016-07-08,AKBNK.IS,5.185909271240234
2016-07-11,AKBNK.IS,5.229541778564453
2016-07-12,AKBNK.IS,5.503796100616455
2016-07-13,AKBNK.IS,5.503796100616455
2016-07-14,AKBNK.IS,5.510029315948486
2016-07-15,AKBNK.IS,5.55989408493042
2016-07-18,AKBNK.IS,5.123580455780029
2016-07-19,AKBNK.IS,4.967752933502197
2016-07-20,AKBNK.IS,4.805694103240967
2016-07-21,AKBNK.IS,4.624934196472168
2016-07-22,AKBNK.IS,4.6374006271362305
2016-07-25,AKBNK.IS,4.768294811248779
2016-07-26,AKBNK.IS,4.656100273132324
2016-07-27,AKBNK.IS,4.768294811248779
2016-07-28,AKBNK.IS,4.737130165100098
2016-07-29,AKBNK.IS,4.799459934234619
2016-08-01,AKBNK.IS,4.868023872375488
2016-08-02,AKBNK.IS,4.768294811248779
2016-08-03,AKBNK.IS,4.687264919281006
2016-08-04,AKBNK.IS,4.836858749389648
2016-08-05,AKBNK.IS,4.811926364898682
2016-08-08,AKBNK.IS,4.998918056488037
2016-08-09,AKBNK.IS,5.048782825469971
2016-08-10,AKBNK.IS,5.017617225646973
2016-08-11,AKBNK.IS,5.098647117614746
2016-08-12,AKBNK.IS,5.061248779296875
2016-08-15,AKBNK.IS,5.086181163787842
2016-08-16,AKBNK.IS,4.98021936416626
2016-08-17,AKBNK.IS,5.03631591796875
2016-08-18,AKBNK.IS,5.0674824714660645
2016-08-19,AKBNK.IS,5.111113548278809
2016-08-22,AKBNK.IS,5.0674824714660645
2016-08-23,AKBNK.IS,5.00515079498291
2016-08-24,AKBNK.IS,4.836858749389648
2016-08-25,AKBNK.IS,4.880490303039551
2016-08-26,AKBNK.IS,4.98021936416626
2016-08-29,AKBNK.IS,4.886723518371582
2016-08-30,AKBNK.IS,4.886723518371582
2016-08-31,AKBNK.IS,4.874258041381836
2016-09-01,AKBNK.IS,4.917888641357422
2016-09-02,AKBNK.IS,4.998918056488037
2016-09-05,AKBNK.IS,5.104880332946777
2016-09-06,AKBNK.IS,5.123580455780029
2016-09-07,AKBNK.IS,5.092414855957031
2016-09-08,AKBNK.IS,5.136046409606934
2016-09-09,AKBNK.IS,5.017617225646973
2016-09-12,AKBNK.IS,5.017617225646973
2016-09-13,AKBNK.IS,5.017617225646973
2016-09-14,AKBNK.IS,5.017617225646973
2016-09-15,AKBNK.IS,5.017617225646973
2016-09-16,AKBNK.IS,5.00515079498291
2016-09-19,AKBNK.IS,5.1609787940979
2016-09-20,AKBNK.IS,5.111113548278809
2016-09-21,AKBNK.IS,5.142278671264648
2016-09-22,AKBNK.IS,5.248241424560547
2016-09-23,AKBNK.IS,5.235774517059326
2016-09-26,AKBNK.IS,4.961520671844482
2016-09-27,AKBNK.IS,5.0674824714660645
2016-09-28,AKBNK.IS,5.179677486419678
2016-09-29,AKBNK.IS,5.0674824714660645
2016-09-30,AKBNK.IS,5.011384010314941
2016-10-03,AKBNK.IS,5.098647117614746
2016-10-04,AKBNK.IS,5.042550563812256
2016-10-05,AKBNK.IS,5.0674824714660645
2016-10-06,AKBNK.IS,5.0674824714660645
2016-10-07,AKBNK.IS,5.048782825469971
2016-10-10,AKBNK.IS,5.061248779296875
2016-10-11,AKBNK.IS,5.0674824714660645
2016-10-12,AKBNK.IS,5.055016040802002
2016-10-13,AKBNK.IS,4.949053764343262
2016-10-14,AKBNK.IS,5.017617225646973
2016-10-17,AKBNK.IS,5.017617225646973
2016-10-18,AKBNK.IS,5.179677486419678
2016-10-19,AKBNK.IS,5.235774517059326
2016-10-20,AKBNK.IS,5.248241424560547
2016-10-21,AKBNK.IS,5.217075824737549
2016-10-24,AKBNK.IS,5.260707378387451
2016-10-25,AKBNK.IS,5.173443794250488
2016-10-26,AKBNK.IS,5.192142486572266
2016-10-27,AKBNK.IS,5.104880332946777
2016-10-28,AKBNK.IS,5.104880332946777
2016-10-31,AKBNK.IS,5.154745101928711
2016-11-01,AKBNK.IS,5.0737152099609375
2016-11-02,AKBNK.IS,5.042550563812256
2016-11-03,AKBNK.IS,4.961520671844482
2016-11-04,AKBNK.IS,4.799459934234619
2016-11-07,AKBNK.IS,4.880490303039551
2016-11-08,AKBNK.IS,4.924120903015137
2016-11-09,AKBNK.IS,4.930354595184326
2016-11-10,AKBNK.IS,4.949053764343262
2016-11-11,AKBNK.IS,4.824392318725586
2016-11-14,AKBNK.IS,4.818160057067871
2016-11-15,AKBNK.IS,4.917888641357422
2016-11-16,AKBNK.IS,4.849324703216553
2016-11-17,AKBNK.IS,4.849324703216553
2016-11-18,AKBNK.IS,4.911655426025391
2016-11-21,AKBNK.IS,4.874258041381836
2016-11-22,AKBNK.IS,4.967752933502197
2016-11-23,AKBNK.IS,4.855557441711426
2016-11-24,AKBNK.IS,4.76206111907959
2016-11-25,AKBNK.IS,4.78076171875
2016-11-28,AKBNK.IS,4.836858749389648
2016-11-29,AKBNK.IS,4.768294811248779
2016-11-30,AKBNK.IS,4.7059645652771
2016-12-01,AKBNK.IS,4.649866580963135
2016-12-02,AKBNK.IS,4.631167411804199
2016-12-05,AKBNK.IS,4.593769073486328
2016-12-06,AKBNK.IS,4.724663257598877
2016-12-07,AKBNK.IS,4.793227672576904
2016-12-08,AKBNK.IS,4.76206111907959
2016-12-09,AKBNK.IS,4.724663257598877
2016-12-12,AKBNK.IS,4.755828857421875
2016-12-13,AKBNK.IS,4.868023872375488
2016-12-14,AKBNK.IS,4.911655426025391
2016-12-15,AKBNK.IS,4.961520671844482
2016-12-16,AKBNK.IS,4.892956256866455
2016-12-19,AKBNK.IS,4.855557441711426
2016-12-20,AKBNK.IS,4.892956256866455
2016-12-21,AKBNK.IS,4.868023872375488
2016-12-22,AKBNK.IS,4.849324703216553
2016-12-23,AKBNK.IS,4.811926364898682
2016-12-26,AKBNK.IS,4.818160057067871
2016-12-27,AKBNK.IS,4.78076171875
2016-12-28,AKBNK.IS,4.855557441711426
2016-12-29,AKBNK.IS,4.8430914878845215
2016-12-30,AKBNK.IS,4.874258041381836
2017-01-02,AKBNK.IS,4.8430914878845215
2017-01-03,AKBNK.IS,4.7433624267578125
2017-01-04,AKBNK.IS,4.67479944229126
2017-01-05,AKBNK.IS,4.67479944229126
2017-01-06,AKBNK.IS,4.768294811248779
2017-01-09,AKBNK.IS,4.7745280265808105
2017-01-10,AKBNK.IS,4.656100273132324
2017-01-11,AKBNK.IS,4.631167411804199
2017-01-12,AKBNK.IS,4.892956256866455
2017-01-13,AKBNK.IS,4.861791610717773
2017-01-16,AKBNK.IS,4.818160057067871
2017-01-17,AKBNK.IS,4.880490303039551
2017-01-18,AKBNK.IS,4.911655426025391
2017-01-19,AKBNK.IS,4.849324703216553
2017-01-20,AKBNK.IS,4.936587810516357
2017-01-23,AKBNK.IS,4.886723518371582
2017-01-24,AKBNK.IS,4.967752933502197
2017-01-25,AKBNK.IS,4.899188995361328
2017-01-26,AKBNK.IS,5.00515079498291
2017-01-27,AKBNK.IS,4.936587810516357
2017-01-30,AKBNK.IS,5.198376178741455
2017-01-31,AKBNK.IS,5.235774517059326
2017-02-01,AKBNK.IS,5.266940116882324
2017-02-02,AKBNK.IS,5.397834300994873
2017-02-03,AKBNK.IS,5.491331100463867
2017-02-06,AKBNK.IS,5.3791351318359375
2017-02-07,AKBNK.IS,5.410301208496094
2017-02-08,AKBNK.IS,5.491331100463867
2017-02-09,AKBNK.IS,5.528728485107422
2017-02-10,AKBNK.IS,5.3791351318359375
2017-02-13,AKBNK.IS,5.528728485107422
2017-02-14,AKBNK.IS,5.553661346435547
2017-02-15,AKBNK.IS,5.472631454467773
2017-02-16,AKBNK.IS,5.516262531280518
2017-02-17,AKBNK.IS,5.597292423248291
2017-02-20,AKBNK.IS,5.572360038757324
2017-02-21,AKBNK.IS,5.584826469421387
2017-02-22,AKBNK.IS,5.478864669799805
2017-02-23,AKBNK.IS,5.497563362121582
2017-02-24,AKBNK.IS,5.4663987159729
2017-02-27,AKBNK.IS,5.447699069976807
2017-02-28,AKBNK.IS,5.416533946990967
2017-03-01,AKBNK.IS,5.572360038757324
2017-03-02,AKBNK.IS,5.615992546081543
2017-03-03,AKBNK.IS,5.6035261154174805
2017-03-06,AKBNK.IS,5.771818161010742
2017-03-07,AKBNK.IS,5.690788269042969
2017-03-08,AKBNK.IS,5.566127777099609
2017-03-09,AKBNK.IS,5.478864669799805
2017-03-10,AKBNK.IS,5.528728485107422
2017-03-13,AKBNK.IS,5.534962177276611
2017-03-14,AKBNK.IS,5.460165023803711
2017-03-15,AKBNK.IS,5.510029315948486
2017-03-16,AKBNK.IS,5.55989408493042
2017-03-17,AKBNK.IS,5.553661346435547
2017-03-20,AKBNK.IS,5.5785932540893555
2017-03-21,AKBNK.IS,5.522495746612549
2017-03-22,AKBNK.IS,5.472631454467773
2017-03-23,AKBNK.IS,5.4352335929870605
2017-03-24,AKBNK.IS,5.541194438934326
2017-03-27,AKBNK.IS,5.491331100463867
2017-03-28,AKBNK.IS,5.522495746612549
2017-03-29,AKBNK.IS,5.472631454467773
2017-03-30,AKBNK.IS,5.469433307647705
2017-03-31,AKBNK.IS,5.456638813018799
2017-04-03,AKBNK.IS,5.418257236480713
2017-04-04,AKBNK.IS,5.456638813018799
2017-04-05,AKBNK.IS,5.533402919769287
2017-04-06,AKBNK.IS,5.501418113708496
2017-04-07,AKBNK.IS,5.475829601287842
2017-04-10,AKBNK.IS,5.802076816558838
2017-04-11,AKBNK.IS,5.776488780975342
2017-04-12,AKBNK.IS,5.821267604827881
2017-04-13,AKBNK.IS,5.725312232971191
2017-04-14,AKBNK.IS,5.814870834350586
2017-04-17,AKBNK.IS,5.814870834350586
2017-04-18,AKBNK.IS,5.923619270324707
2017-04-19,AKBNK.IS,5.834062099456787
2017-04-20,AKBNK.IS,5.93001651763916
2017-04-21,AKBNK.IS,5.955604553222656
2017-04-24,AKBNK.IS,6.147514820098877
2017-04-25,AKBNK.IS,6.205087184906006
2017-04-26,AKBNK.IS,6.115530014038086
2017-04-27,AKBNK.IS,6.0387654304504395
2017-04-28,AKBNK.IS,6.083544731140137
2017-05-01,AKBNK.IS,6.083544731140137
2017-05-02,AKBNK.IS,6.032368183135986
2017-05-03,AKBNK.IS,6.013177394866943
2017-05-04,AKBNK.IS,5.93001651763916
2017-05-05,AKBNK.IS,5.9492082595825195
2017-05-08,AKBNK.IS,5.910825252532959
2017-05-09,AKBNK.IS,6.000383377075195
2017-05-10,AKBNK.IS,6.032368183135986
2017-05-11,AKBNK.IS,5.9172234535217285
2017-05-12,AKBNK.IS,5.878840923309326
2017-05-15,AKBNK.IS,5.904428482055664
2017-05-16,AKBNK.IS,5.9492082595825195
2017-05-17,AKBNK.IS,5.9683990478515625
2017-05-18,AKBNK.IS,5.9172234535217285
2017-05-19,AKBNK.IS,5.9172234535217285
2017-05-22,AKBNK.IS,5.981192588806152
2017-05-23,AKBNK.IS,6.083544731140137
2017-05-24,AKBNK.IS,6.192293167114258
2017-05-25,AKBNK.IS,6.185896873474121
2017-05-26,AKBNK.IS,6.115530014038086
2017-05-29,AKBNK.IS,6.160308837890625
2017-05-30,AKBNK.IS,6.077147483825684
2017-05-31,AKBNK.IS,6.096338748931885
2017-06-01,AKBNK.IS,6.096338748931885
2017-06-02,AKBNK.IS,6.179500102996826
2017-06-05,AKBNK.IS,6.147514820098877
2017-06-06,AKBNK.IS,6.160308837890625
2017-06-07,AKBNK.IS,6.115530014038086
2017-06-08,AKBNK.IS,6.083544731140137
2017-06-09,AKBNK.IS,6.147514820098877
2017-06-12,AKBNK.IS,6.262660503387451
2017-06-13,AKBNK.IS,6.269057750701904
2017-06-14,AKBNK.IS,6.307439804077148
2017-06-15,AKBNK.IS,6.243469715118408
2017-06-16,AKBNK.IS,6.237072467803955
2017-06-19,AKBNK.IS,6.403393745422363
2017-06-20,AKBNK.IS,6.377806663513184
2017-06-21,AKBNK.IS,6.384204387664795
2017-06-22,AKBNK.IS,6.4353790283203125
2017-06-23,AKBNK.IS,6.358615875244141
2017-06-26,AKBNK.IS,6.358615875244141
2017-06-27,AKBNK.IS,6.358615875244141
2017-06-28,AKBNK.IS,6.384204387664795
2017-06-29,AKBNK.IS,6.326630592346191
2017-06-30,AKBNK.IS,6.269057750701904
2017-07-03,AKBNK.IS,6.2882490158081055
2017-07-04,AKBNK.IS,6.390600204467773
2017-07-05,AKBNK.IS,6.307439804077148
2017-07-06,AKBNK.IS,6.352218151092529
2017-07-07,AKBNK.IS,6.307439804077148
2017-07-10,AKBNK.IS,6.3394246101379395
2017-07-11,AKBNK.IS,6.55692195892334
2017-07-12,AKBNK.IS,6.640082836151123
2017-07-13,AKBNK.IS,6.537731647491455
2017-07-14,AKBNK.IS,6.640082836151123
2017-07-17,AKBNK.IS,6.729641914367676
2017-07-18,AKBNK.IS,6.640082836151123
2017-07-19,AKBNK.IS,6.78081750869751
2017-07-20,AKBNK.IS,6.691259384155273
2017-07-21,AKBNK.IS,6.6656718254089355
2017-07-24,AKBNK.IS,6.652877330780029
2017-07-25,AKBNK.IS,6.633686065673828
2017-07-26,AKBNK.IS,6.672068119049072
2017-07-27,AKBNK.IS,6.736038684844971
2017-07-28,AKBNK.IS,6.659274578094482
2017-07-31,AKBNK.IS,6.691259384155273
2017-08-01,AKBNK.IS,6.601701736450195
2017-08-02,AKBNK.IS,6.646481037139893
2017-08-03,AKBNK.IS,6.633686065673828
2017-08-04,AKBNK.IS,6.755229949951172
2017-08-07,AKBNK.IS,6.800008296966553
2017-08-08,AKBNK.IS,6.787214279174805
2017-08-09,AKBNK.IS,6.6656718254089355
2017-08-10,AKBNK.IS,6.608098030090332
2017-08-11,AKBNK.IS,6.505746364593506
2017-08-14,AKBNK.IS,6.697657108306885
2017-08-15,AKBNK.IS,6.537731647491455
2017-08-16,AKBNK.IS,6.537731647491455
2017-08-17,AKBNK.IS,6.492952346801758
2017-08-18,AKBNK.IS,6.46736478805542
2017-08-21,AKBNK.IS,6.524938106536865
2017-08-22,AKBNK.IS,6.524938106536865
2017-08-23,AKBNK.IS,6.55692195892334
2017-08-24,AKBNK.IS,6.614495277404785
2017-08-25,AKBNK.IS,6.68486213684082
2017-08-28,AKBNK.IS,6.716846466064453
2017-08-29,AKBNK.IS,6.691259384155273
2017-08-30,AKBNK.IS,6.691259384155273
2017-08-31,AKBNK.IS,6.614495277404785
2017-09-01,AKBNK.IS,6.614495277404785
2017-09-04,AKBNK.IS,6.614495277404785
2017-09-05,AKBNK.IS,6.614495277404785
2017-09-06,AKBNK.IS,6.563318729400635
2017-09-07,AKBNK.IS,6.492952346801758
2017-09-08,AKBNK.IS,6.416189193725586
2017-09-11,AKBNK.IS,6.486555576324463
2017-09-12,AKBNK.IS,6.518540382385254
2017-09-13,AKBNK.IS,6.448174476623535
2017-09-14,AKBNK.IS,6.524938106536865
2017-09-15,AKBNK.IS,6.544127941131592
2017-09-18,AKBNK.IS,6.505746364593506
2017-09-19,AKBNK.IS,6.3394246101379395
2017-09-20,AKBNK.IS,6.301042556762695
2017-09-21,AKBNK.IS,6.211484909057617
2017-09-22,AKBNK.IS,6.352218151092529
2017-09-25,AKBNK.IS,6.269057750701904
2017-09-26,AKBNK.IS,6.3394246101379395
2017-09-27,AKBNK.IS,5.974795818328857
2017-09-28,AKBNK.IS,6.045162677764893
2017-09-29,AKBNK.IS,6.013177394866943
2017-10-02,AKBNK.IS,6.051559925079346
2017-10-03,AKBNK.IS,6.045162677764893
2017-10-04,AKBNK.IS,6.153911590576172
2017-10-05,AKBNK.IS,6.08994197845459
2017-10-06,AKBNK.IS,6.051559925079346
2017-10-09,AKBNK.IS,5.878840923309326
2017-10-10,AKBNK.IS,6.057957649230957
2017-10-11,AKBNK.IS,6.032368183135986
2017-10-12,AKBNK.IS,6.198690891265869
2017-10-13,AKBNK.IS,6.205087184906006
2017-10-16,AKBNK.IS,6.160308837890625
2017-10-17,AKBNK.IS,6.147514820098877
2017-10-18,AKBNK.IS,6.134720802307129
2017-10-19,AKBNK.IS,6.294644832611084
2017-10-20,AKBNK.IS,6.262660503387451
2017-10-23,AKBNK.IS,6.08994197845459
2017-10-24,AKBNK.IS,6.083544731140137
2017-10-25,AKBNK.IS,6.275454521179199
2017-10-26,AKBNK.IS,6.160308837890625
2017-10-27,AKBNK.IS,6.134720802307129
2017-10-30,AKBNK.IS,6.205087184906006
2017-10-31,AKBNK.IS,6.403393745422363
2017-11-01,AKBNK.IS,6.652877330780029
2017-11-02,AKBNK.IS,6.627289772033691
2017-11-03,AKBNK.IS,6.384204387664795
2017-11-06,AKBNK.IS,6.595304489135742
2017-11-07,AKBNK.IS,6.428982734680176
2017-11-08,AKBNK.IS,6.2882490158081055
2017-11-09,AKBNK.IS,6.166706085205078
2017-11-10,AKBNK.IS,6.166706085205078
2017-11-13,AKBNK.IS,6.262660503387451
2017-11-14,AKBNK.IS,6.3330278396606445
2017-11-15,AKBNK.IS,6.160308837890625
2017-11-16,AKBNK.IS,6.141116619110107
2017-11-17,AKBNK.IS,6.115530014038086
2017-11-20,AKBNK.IS,5.814870834350586
2017-11-21,AKBNK.IS,5.795679569244385
2017-11-22,AKBNK.IS,5.942810535430908
2017-11-23,AKBNK.IS,5.750901222229004
2017-11-24,AKBNK.IS,5.674136161804199
2017-11-27,AKBNK.IS,5.6933274269104
2017-11-28,AKBNK.IS,5.5973734855651855
2017-11-29,AKBNK.IS,5.699725151062012
2017-11-30,AKBNK.IS,5.750901222229004
2017-12-01,AKBNK.IS,5.642151355743408
2017-12-04,AKBNK.IS,5.750901222229004
2017-12-05,AKBNK.IS,5.808474063873291
2017-12-06,AKBNK.IS,5.6869306564331055
2017-12-07,AKBNK.IS,5.706122398376465
2017-12-08,AKBNK.IS,5.846856117248535
2017-12-11,AKBNK.IS,5.981192588806152
2017-12-12,AKBNK.IS,5.981192588806152
2017-12-13,AKBNK.IS,5.942810535430908
2017-12-14,AKBNK.IS,6.051559925079346
2017-12-15,AKBNK.IS,5.981192588806152
2017-12-18,AKBNK.IS,6.0387654304504395
2017-12-19,AKBNK.IS,5.9939866065979
2017-12-20,AKBNK.IS,5.9939866065979
2017-12-21,AKBNK.IS,6.013177394866943
2017-12-22,AKBNK.IS,5.981192588806152
2017-12-25,AKBNK.IS,6.006780624389648
2017-12-26,AKBNK.IS,6.0195746421813965
2017-12-27,AKBNK.IS,6.013177394866943
2017-12-28,AKBNK.IS,6.224277973175049
2017-12-29,AKBNK.IS,6.301042556762695
2018-01-01,AKBNK.IS,6.301042556762695
2018-01-02,AKBNK.IS,6.454570770263672
2018-01-03,AKBNK.IS,6.358615875244141
2018-01-04,AKBNK.IS,6.294644832611084
2018-01-05,AKBNK.IS,6.428982734680176
2018-01-08,AKBNK.IS,6.358615875244141
2018-01-09,AKBNK.IS,6.275454521179199
2018-01-10,AKBNK.IS,6.160308837890625
2018-01-11,AKBNK.IS,6.198690891265869
2018-01-12,AKBNK.IS,6.269057750701904
2018-01-15,AKBNK.IS,6.128324031829834
2018-01-16,AKBNK.IS,6.294644832611084
2018-01-17,AKBNK.IS,6.460967540740967
2018-01-18,AKBNK.IS,6.492952346801758
2018-01-19,AKBNK.IS,6.403393745422363
2018-01-22,AKBNK.IS,6.537731647491455
2018-01-23,AKBNK.IS,6.614495277404785
2018-01-24,AKBNK.IS,6.889565944671631
2018-01-25,AKBNK.IS,6.812801837921143
2018-01-26,AKBNK.IS,7.087873458862305
2018-01-29,AKBNK.IS,7.087873458862305
2018-01-30,AKBNK.IS,6.902360916137695
2018-01-31,AKBNK.IS,6.98552131652832
2018-02-01,AKBNK.IS,6.7680230140686035
2018-02-02,AKBNK.IS,6.812801837921143
2018-02-05,AKBNK.IS,6.78081750869751
2018-02-06,AKBNK.IS,6.710450649261475
2018-02-07,AKBNK.IS,6.652877330780029
2018-02-08,AKBNK.IS,6.492952346801758
2018-02-09,AKBNK.IS,6.55692195892334
2018-02-12,AKBNK.IS,6.646481037139893
2018-02-13,AKBNK.IS,6.614495277404785
2018-02-14,AKBNK.IS,6.492952346801758
2018-02-15,AKBNK.IS,6.755229949951172
2018-02-16,AKBNK.IS,6.761626720428467
2018-02-19,AKBNK.IS,6.6656718254089355
2018-02-20,AKBNK.IS,6.544127941131592
2018-02-21,AKBNK.IS,6.716846466064453
2018-02-22,AKBNK.IS,6.723244667053223
2018-02-23,AKBNK.IS,6.736038684844971
2018-02-26,AKBNK.IS,6.800008296966553
2018-02-27,AKBNK.IS,6.889565944671631
2018-02-28,AKBNK.IS,6.812801837921143
2018-03-01,AKBNK.IS,6.736038684844971
2018-03-02,AKBNK.IS,6.672068119049072
2018-03-05,AKBNK.IS,6.646481037139893
2018-03-06,AKBNK.IS,6.742435455322266
2018-03-07,AKBNK.IS,6.761626720428467
2018-03-08,AKBNK.IS,6.736038684844971
2018-03-09,AKBNK.IS,6.646481037139893
2018-03-12,AKBNK.IS,6.78081750869751
2018-03-13,AKBNK.IS,6.691259384155273
2018-03-14,AKBNK.IS,6.588907241821289
2018-03-15,AKBNK.IS,6.505746364593506
2018-03-16,AKBNK.IS,6.460967540740967
2018-03-19,AKBNK.IS,6.307439804077148
2018-03-20,AKBNK.IS,6.4353790283203125
2018-03-21,AKBNK.IS,6.492952346801758
2018-03-22,AKBNK.IS,6.448174476623535
2018-03-23,AKBNK.IS,6.3394246101379395
2018-03-26,AKBNK.IS,6.262660503387451
2018-03-27,AKBNK.IS,6.217881679534912
2018-03-28,AKBNK.IS,6.24456787109375
2018-03-29,AKBNK.IS,6.3579840660095215
2018-03-30,AKBNK.IS,6.398013591766357
2018-04-02,AKBNK.IS,6.317955017089844
2018-04-03,AKBNK.IS,6.331296920776367
2018-04-04,AKBNK.IS,6.398013591766357
2018-04-05,AKBNK.IS,6.504757881164551
2018-04-06,AKBNK.IS,6.424699783325195
2018-04-09,AKBNK.IS,6.344640731811523
2018-04-10,AKBNK.IS,6.13782262802124
2018-04-11,AKBNK.IS,6.004391670227051
2018-04-12,AKBNK.IS,6.124479293823242
2018-04-13,AKBNK.IS,6.117807865142822
2018-04-16,AKBNK.IS,6.117807865142822
2018-04-17,AKBNK.IS,6.084450721740723
2018-04-18,AKBNK.IS,6.324626445770264
2018-04-19,AKBNK.IS,6.231224536895752
2018-04-20,AKBNK.IS,6.13782262802124
2018-04-23,AKBNK.IS,6.13782262802124
2018-04-24,AKBNK.IS,6.231224536895752
2018-04-25,AKBNK.IS,5.991048812866211
2018-04-26,AKBNK.IS,5.850946426391602
2018-04-27,AKBNK.IS,5.877633094787598
2018-04-30,AKBNK.IS,5.63745641708374
2018-05-01,AKBNK.IS,5.63745641708374
2018-05-02,AKBNK.IS,5.644128322601318
2018-05-03,AKBNK.IS,5.437311172485352
2018-05-04,AKBNK.IS,5.557398796081543
2018-05-07,AKBNK.IS,5.450654029846191
2018-05-08,AKBNK.IS,5.443982124328613
2018-05-09,AKBNK.IS,5.557398796081543
2018-05-10,AKBNK.IS,5.797574043273926
2018-05-11,AKBNK.IS,5.677485942840576
2018-05-14,AKBNK.IS,5.710843563079834
2018-05-15,AKBNK.IS,5.584084987640381
2018-05-16,AKBNK.IS,5.6307854652404785
2018-05-17,AKBNK.IS,5.590755939483643
2018-05-18,AKBNK.IS,5.68415641784668
2018-05-21,AKBNK.IS,5.657472133636475
2018-05-22,AKBNK.IS,5.710843563079834
2018-05-23,AKBNK.IS,5.650799751281738
2018-05-24,AKBNK.IS,5.697500228881836
2018-05-25,AKBNK.IS,5.75754451751709
2018-05-28,AKBNK.IS,5.8709611892700195
2018-05-29,AKBNK.IS,5.730859279632568
2018-05-30,AKBNK.IS,5.604098320007324
2018-05-31,AKBNK.IS,5.390609264373779
2018-06-01,AKBNK.IS,5.163776874542236
2018-06-04,AKBNK.IS,5.143763065338135
2018-06-05,AKBNK.IS,5.050360202789307
2018-06-06,AKBNK.IS,4.976973533630371
2018-06-07,AKBNK.IS,5.103732585906982
2018-06-08,AKBNK.IS,4.943615913391113
2018-06-11,AKBNK.IS,4.976973533630371
2018-06-12,AKBNK.IS,4.930273056030273
2018-06-13,AKBNK.IS,4.8769001960754395
2018-06-14,AKBNK.IS,4.836871147155762
2018-06-15,AKBNK.IS,4.836871147155762
2018-06-18,AKBNK.IS,4.803513050079346
2018-06-19,AKBNK.IS,4.863557815551758
2018-06-20,AKBNK.IS,4.85688591003418
2018-06-21,AKBNK.IS,4.843542098999023
2018-06-22,AKBNK.IS,4.9236016273498535
2018-06-25,AKBNK.IS,4.71011209487915
2018-06-26,AKBNK.IS,4.823528289794922
2018-06-27,AKBNK.IS,4.996988773345947
2018-06-28,AKBNK.IS,4.983645439147949
2018-06-29,AKBNK.IS,5.030345916748047
2018-07-02,AKBNK.IS,5.010332107543945
2018-07-03,AKBNK.IS,4.936944961547852
2018-07-04,AKBNK.IS,4.996988773345947
2018-07-05,AKBNK.IS,5.077046871185303
2018-07-06,AKBNK.IS,5.077046871185303
2018-07-09,AKBNK.IS,5.123746871948242
2018-07-10,AKBNK.IS,4.830199241638184
2018-07-11,AKBNK.IS,4.469936370849609
2018-07-12,AKBNK.IS,4.4098920822143555
2018-07-13,AKBNK.IS,4.363192081451416
2018-07-16,AKBNK.IS,4.336504936218262
2018-07-17,AKBNK.IS,4.443249702453613
2018-07-18,AKBNK.IS,4.416563510894775
2018-07-19,AKBNK.IS,4.396549224853516
2018-07-20,AKBNK.IS,4.423235893249512
2018-07-23,AKBNK.IS,4.570009708404541
2018-07-24,AKBNK.IS,4.35651969909668
2018-07-25,AKBNK.IS,4.676754474639893
2018-07-26,AKBNK.IS,4.6634111404418945
2018-07-27,AKBNK.IS,4.7167840003967285
2018-07-30,AKBNK.IS,4.770155429840088
2018-07-31,AKBNK.IS,4.816856384277344
2018-08-01,AKBNK.IS,4.72345495223999
2018-08-02,AKBNK.IS,4.503293514251709
2018-08-03,AKBNK.IS,4.5966949462890625
2018-08-06,AKBNK.IS,4.4565935134887695
2018-08-07,AKBNK.IS,4.636724948883057
2018-08-08,AKBNK.IS,4.763484477996826
2018-08-09,AKBNK.IS,4.75681209564209
2018-08-10,AKBNK.IS,4.483279228210449
2018-08-13,AKBNK.IS,4.109672546386719
2018-08-14,AKBNK.IS,4.129688262939453
2018-08-15,AKBNK.IS,3.8694968223571777
2018-08-16,AKBNK.IS,3.7760956287384033
2018-08-17,AKBNK.IS,3.8694968223571777
2018-08-20,AKBNK.IS,3.962898015975952
2018-08-21,AKBNK.IS,3.962898015975952
2018-08-22,AKBNK.IS,3.962898015975952
2018-08-23,AKBNK.IS,3.962898015975952
2018-08-24,AKBNK.IS,3.962898015975952
2018-08-27,AKBNK.IS,3.9161975383758545
2018-08-28,AKBNK.IS,4.042956829071045
2018-08-29,AKBNK.IS,3.9895849227905273
2018-08-30,AKBNK.IS,3.9895849227905273
2018-08-31,AKBNK.IS,3.8628251552581787
2018-09-03,AKBNK.IS,3.9295403957366943
2018-09-04,AKBNK.IS,3.882840394973755
2018-09-05,AKBNK.IS,3.782766580581665
2018-09-06,AKBNK.IS,3.756079912185669
2018-09-07,AKBNK.IS,3.816124200820923
2018-09-10,AKBNK.IS,3.7160511016845703
2018-09-11,AKBNK.IS,3.7160511016845703
2018-09-12,AKBNK.IS,3.602635145187378
2018-09-13,AKBNK.IS,3.796109676361084
2018-09-14,AKBNK.IS,3.909526824951172
2018-09-17,AKBNK.IS,3.882840394973755
2018-09-18,AKBNK.IS,3.896183490753174
2018-09-19,AKBNK.IS,4.20974588394165
2018-09-20,AKBNK.IS,4.076314926147461
2018-09-21,AKBNK.IS,4.216418266296387
2018-09-24,AKBNK.IS,4.489950656890869
2018-09-25,AKBNK.IS,4.4098920822143555
2018-09-26,AKBNK.IS,4.429906845092773
2018-09-27,AKBNK.IS,4.623381614685059
2018-09-28,AKBNK.IS,4.616710662841797
2018-10-01,AKBNK.IS,4.443249702453613
2018-10-02,AKBNK.IS,4.343176364898682
2018-10-03,AKBNK.IS,4.24310302734375
2018-10-04,AKBNK.IS,3.9228694438934326
2018-10-05,AKBNK.IS,4.022942066192627
2018-10-08,AKBNK.IS,4.263118267059326
2018-10-09,AKBNK.IS,4.283132553100586
2018-10-10,AKBNK.IS,4.24310302734375
2018-10-11,AKBNK.IS,4.263118267059326
2018-10-12,AKBNK.IS,4.396549224853516
2018-10-15,AKBNK.IS,4.72345495223999
2018-10-16,AKBNK.IS,4.6634111404418945
2018-10-17,AKBNK.IS,4.896915912628174
2018-10-18,AKBNK.IS,4.796841621398926
2018-10-19,AKBNK.IS,4.736798286437988
2018-10-22,AKBNK.IS,4.7167840003967285
2018-10-23,AKBNK.IS,4.5966949462890625
2018-10-24,AKBNK.IS,4.570009708404541
2018-10-25,AKBNK.IS,4.496622562408447
2018-10-26,AKBNK.IS,4.269789695739746
2018-10-29,AKBNK.IS,4.269789695739746
2018-10-30,AKBNK.IS,4.429906845092773
2018-10-31,AKBNK.IS,4.329833030700684
2018-11-01,AKBNK.IS,4.6700825691223145
2018-11-02,AKBNK.IS,4.7034406661987305
2018-11-05,AKBNK.IS,4.936944961547852
2018-11-06,AKBNK.IS,4.85688591003418
2018-11-07,AKBNK.IS,4.930273056030273
2018-11-08,AKBNK.IS,4.8702287673950195
2018-11-09,AKBNK.IS,4.823528289794922
2018-11-12,AKBNK.IS,4.7034406661987305
2018-11-13,AKBNK.IS,4.790171146392822
2018-11-14,AKBNK.IS,4.836871147155762
2018-11-15,AKBNK.IS,4.816856384277344
2018-11-16,AKBNK.IS,4.9102582931518555
2018-11-19,AKBNK.IS,4.983645439147949
2018-11-20,AKBNK.IS,4.836871147155762
2018-11-21,AKBNK.IS,4.8769001960754395
2018-11-22,AKBNK.IS,4.8769001960754395
2018-11-23,AKBNK.IS,4.936944961547852
2018-11-26,AKBNK.IS,5.017002582550049
2018-11-27,AKBNK.IS,4.983645439147949
2018-11-28,AKBNK.IS,4.956958770751953
2018-11-29,AKBNK.IS,5.010332107543945
2018-11-30,AKBNK.IS,5.103732585906982
2018-12-03,AKBNK.IS,5.057032108306885
2018-12-04,AKBNK.IS,4.883572101593018
2018-12-05,AKBNK.IS,4.656739711761475
2018-12-06,AKBNK.IS,4.443249702453613
2018-12-07,AKBNK.IS,4.590023040771484
2018-12-10,AKBNK.IS,4.496622562408447
2018-12-11,AKBNK.IS,4.463264465332031
2018-12-12,AKBNK.IS,4.303147315979004
2018-12-13,AKBNK.IS,4.269789695739746
2018-12-14,AKBNK.IS,4.216418266296387
2018-12-17,AKBNK.IS,4.276461601257324
2018-12-18,AKBNK.IS,4.436577796936035
2018-12-19,AKBNK.IS,4.503293514251709
2018-12-20,AKBNK.IS,4.523308277130127
2018-12-21,AKBNK.IS,4.576680660247803
2018-12-24,AKBNK.IS,4.570009708404541
2018-12-25,AKBNK.IS,4.496622562408447
2018-12-26,AKBNK.IS,4.536651134490967
2018-12-27,AKBNK.IS,4.563337326049805
2018-12-28,AKBNK.IS,4.583352088928223
2018-12-31,AKBNK.IS,4.583352088928223
2019-01-01,AKBNK.IS,4.583352088928223
2019-01-02,AKBNK.IS,4.363192081451416
2019-01-03,AKBNK.IS,4.310522079467773
2019-01-04,AKBNK.IS,4.559504985809326
2019-01-07,AKBNK.IS,4.621750831604004
2019-01-08,AKBNK.IS,4.551723957061768
2019-01-09,AKBNK.IS,4.4350128173828125
2019-01-10,AKBNK.IS,4.466135501861572
2019-01-11,AKBNK.IS,4.575066089630127
2019-01-14,AKBNK.IS,4.660654544830322
2019-01-15,AKBNK.IS,4.676215648651123
2019-01-16,AKBNK.IS,5.05747127532959
2019-01-17,AKBNK.IS,5.158620834350586
2019-01-18,AKBNK.IS,5.096374988555908
2019-01-21,AKBNK.IS,5.010786533355713
2019-01-22,AKBNK.IS,5.119717121124268
2019-01-23,AKBNK.IS,5.05747127532959
2019-01-24,AKBNK.IS,5.049690246582031
2019-01-25,AKBNK.IS,5.080813884735107
2019-01-28,AKBNK.IS,5.065252304077148
2019-01-29,AKBNK.IS,5.32201623916626
2019-01-30,AKBNK.IS,5.493191242218018
2019-01-31,AKBNK.IS,5.516533851623535
2019-02-01,AKBNK.IS,5.36091947555542
2019-02-04,AKBNK.IS,5.32201623916626
2019-02-05,AKBNK.IS,5.446507930755615
2019-02-06,AKBNK.IS,5.275332450866699
2019-02-07,AKBNK.IS,5.267550468444824
2019-02-08,AKBNK.IS,5.251989364624023
2019-02-11,AKBNK.IS,5.399823188781738
2019-02-12,AKBNK.IS,5.275332450866699
2019-02-13,AKBNK.IS,5.143059730529785
2019-02-14,AKBNK.IS,5.2208662033081055
2019-02-15,AKBNK.IS,5.228647232055664
2019-02-18,AKBNK.IS,5.174182415008545
2019-02-19,AKBNK.IS,5.158620834350586
2019-02-20,AKBNK.IS,5.104155540466309
2019-02-21,AKBNK.IS,5.2208662033081055
2019-02-22,AKBNK.IS,5.174182415008545
2019-02-25,AKBNK.IS,5.337577819824219
2019-02-26,AKBNK.IS,5.345358371734619
2019-02-27,AKBNK.IS,5.267550468444824
2019-02-28,AKBNK.IS,5.376480579376221
2019-03-01,AKBNK.IS,5.197524547576904
2019-03-04,AKBNK.IS,5.298673152923584
2019-03-05,AKBNK.IS,5.290893077850342
2019-03-06,AKBNK.IS,5.228647232055664
2019-03-07,AKBNK.IS,5.065252304077148
2019-03-08,AKBNK.IS,4.956321716308594
2019-03-11,AKBNK.IS,4.917418479919434
2019-03-12,AKBNK.IS,5.041910171508789
2019-03-13,AKBNK.IS,5.158620834350586
2019-03-14,AKBNK.IS,5.096374988555908
2019-03-15,AKBNK.IS,5.2208662033081055
2019-03-18,AKBNK.IS,5.3687005043029785
2019-03-19,AKBNK.IS,5.32201623916626
2019-03-20,AKBNK.IS,5.197524547576904
2019-03-21,AKBNK.IS,5.275332450866699
2019-03-22,AKBNK.IS,5.0185675621032715
2019-03-25,AKBNK.IS,4.738461971282959
2019-03-26,AKBNK.IS,4.699558258056641
2019-03-27,AKBNK.IS,4.271617889404297
2019-03-28,AKBNK.IS,4.629530906677246
2019-03-29,AKBNK.IS,4.878514289855957
2019-04-01,AKBNK.IS,4.738461971282959
2019-04-02,AKBNK.IS,4.792926788330078
2019-04-03,AKBNK.IS,4.699558258056641
2019-04-04,AKBNK.IS,4.878514289855957
2019-04-05,AKBNK.IS,5.135278701782227
2019-04-08,AKBNK.IS,5.003006458282471
2019-04-09,AKBNK.IS,4.971883296966553
2019-04-10,AKBNK.IS,4.901857376098633
2019-04-11,AKBNK.IS,4.925199031829834
2019-04-12,AKBNK.IS,4.824049472808838
2019-04-15,AKBNK.IS,4.792926788330078
2019-04-16,AKBNK.IS,4.901857376098633
2019-04-17,AKBNK.IS,5.08859395980835
2019-04-18,AKBNK.IS,4.909636974334717
2019-04-19,AKBNK.IS,4.862953186035156
2019-04-22,AKBNK.IS,4.76180362701416
2019-04-23,AKBNK.IS,4.76180362701416
2019-04-24,AKBNK.IS,4.948541164398193
2019-04-25,AKBNK.IS,4.769583702087402
2019-04-26,AKBNK.IS,4.8162689208984375
2019-04-29,AKBNK.IS,4.715119361877441
2019-04-30,AKBNK.IS,4.769583702087402
2019-05-01,AKBNK.IS,4.769583702087402
2019-05-02,AKBNK.IS,4.668435096740723
2019-05-03,AKBNK.IS,4.660654544830322
2019-05-06,AKBNK.IS,4.613969802856445
2019-05-07,AKBNK.IS,4.543943405151367
2019-05-08,AKBNK.IS,4.520601749420166
2019-05-09,AKBNK.IS,4.411671161651611
2019-05-10,AKBNK.IS,4.388328552246094
2019-05-13,AKBNK.IS,4.2638373374938965
2019-05-14,AKBNK.IS,4.4350128173828125
2019-05-15,AKBNK.IS,4.489478588104248
2019-05-16,AKBNK.IS,4.497259140014648
2019-05-17,AKBNK.IS,4.497259140014648
2019-05-20,AKBNK.IS,4.473916530609131
2019-05-21,AKBNK.IS,4.388328552246094
2019-05-22,AKBNK.IS,4.294960975646973
2019-05-23,AKBNK.IS,4.326082706451416
2019-05-24,AKBNK.IS,4.466135501861572
2019-05-27,AKBNK.IS,4.380548000335693
2019-05-28,AKBNK.IS,4.473916530609131
2019-05-29,AKBNK.IS,4.45835542678833
2019-05-30,AKBNK.IS,4.598409175872803
2019-05-31,AKBNK.IS,4.637312412261963
2019-06-03,AKBNK.IS,4.621750831604004
2019-06-04,AKBNK.IS,4.621750831604004
2019-06-05,AKBNK.IS,4.621750831604004
2019-06-06,AKBNK.IS,4.621750831604004
2019-06-07,AKBNK.IS,4.940760135650635
2019-06-10,AKBNK.IS,5.003006458282471
2019-06-11,AKBNK.IS,5.010786533355713
2019-06-12,AKBNK.IS,4.894076347351074
2019-06-13,AKBNK.IS,4.75402307510376
2019-06-14,AKBNK.IS,4.738461971282959
2019-06-17,AKBNK.IS,4.847391605377197
2019-06-18,AKBNK.IS,4.964102745056152
2019-06-19,AKBNK.IS,5.119717121124268
2019-06-20,AKBNK.IS,5.189743518829346
2019-06-21,AKBNK.IS,5.2364277839660645
2019-06-24,AKBNK.IS,5.3842620849609375
2019-06-25,AKBNK.IS,5.337577819824219
2019-06-26,AKBNK.IS,5.2364277839660645
2019-06-27,AKBNK.IS,5.205305099487305
2019-06-28,AKBNK.IS,5.298673152923584
2019-07-01,AKBNK.IS,5.672148704528809
2019-07-02,AKBNK.IS,5.65658712387085
2019-07-03,AKBNK.IS,5.578780651092529
2019-07-04,AKBNK.IS,5.563218593597412
2019-07-05,AKBNK.IS,5.843324184417725
2019-07-08,AKBNK.IS,5.835543632507324
2019-07-09,AKBNK.IS,5.734394073486328
2019-07-10,AKBNK.IS,5.874447345733643
2019-07-11,AKBNK.IS,5.8044209480285645
2019-07-12,AKBNK.IS,5.672148704528809
2019-07-15,AKBNK.IS,5.672148704528809
2019-07-16,AKBNK.IS,5.594340801239014
2019-07-17,AKBNK.IS,5.749955654144287
2019-07-18,AKBNK.IS,5.89000940322876
2019-07-19,AKBNK.IS,5.8666672706604
2019-07-22,AKBNK.IS,5.851105213165283
2019-07-23,AKBNK.IS,5.9911580085754395
2019-07-24,AKBNK.IS,5.944474220275879
2019-07-25,AKBNK.IS,5.835543632507324
2019-07-26,AKBNK.IS,5.89000940322876
2019-07-29,AKBNK.IS,5.9911580085754395
2019-07-30,AKBNK.IS,5.882228374481201
2019-07-31,AKBNK.IS,5.874447345733643
2019-08-01,AKBNK.IS,5.8044209480285645
2019-08-02,AKBNK.IS,5.664368152618408
2019-08-05,AKBNK.IS,5.648806571960449
2019-08-06,AKBNK.IS,5.781078338623047
2019-08-07,AKBNK.IS,5.749955654144287
2019-08-08,AKBNK.IS,5.851105213165283
2019-08-09,AKBNK.IS,5.921131610870361
2019-08-12,AKBNK.IS,5.921131610870361
2019-08-13,AKBNK.IS,5.921131610870361
2019-08-14,AKBNK.IS,5.921131610870361
2019-08-15,AKBNK.IS,5.5865607261657715
2019-08-16,AKBNK.IS,5.415384769439697
2019-08-19,AKBNK.IS,5.298673152923584
2019-08-20,AKBNK.IS,5.32201623916626
2019-08-21,AKBNK.IS,5.298673152923584
2019-08-22,AKBNK.IS,5.251989364624023
2019-08-23,AKBNK.IS,5.430946350097656
2019-08-26,AKBNK.IS,5.376480579376221
2019-08-27,AKBNK.IS,5.345358371734619
2019-08-28,AKBNK.IS,5.36091947555542
2019-08-29,AKBNK.IS,5.3687005043029785
2019-08-30,AKBNK.IS,5.3687005043029785
2019-09-02,AKBNK.IS,5.5865607261657715
2019-09-03,AKBNK.IS,5.664368152618408
2019-09-04,AKBNK.IS,5.679929256439209
2019-09-05,AKBNK.IS,5.672148704528809
2019-09-06,AKBNK.IS,5.547657012939453
2019-09-09,AKBNK.IS,5.695490837097168
2019-09-10,AKBNK.IS,5.703271389007568
2019-09-11,AKBNK.IS,5.749955654144287
2019-09-12,AKBNK.IS,5.882228374481201
2019-09-13,AKBNK.IS,5.960035800933838
2019-09-16,AKBNK.IS,5.835543632507324
2019-09-17,AKBNK.IS,5.8044209480285645
2019-09-18,AKBNK.IS,5.913351535797119
2019-09-19,AKBNK.IS,5.7577362060546875
2019-09-20,AKBNK.IS,5.718832969665527
2019-09-23,AKBNK.IS,5.726613998413086
2019-09-24,AKBNK.IS,5.905570030212402
2019-09-25,AKBNK.IS,5.9755964279174805
2019-09-26,AKBNK.IS,5.9755964279174805
2019-09-27,AKBNK.IS,6.426879405975342
2019-09-30,AKBNK.IS,6.325729846954346
2019-10-01,AKBNK.IS,6.19345760345459
2019-10-02,AKBNK.IS,6.131211280822754
2019-10-03,AKBNK.IS,6.053403854370117
2019-10-04,AKBNK.IS,6.1234307289123535
2019-10-07,AKBNK.IS,6.022281169891357
2019-10-08,AKBNK.IS,6.037842750549316
2019-10-09,AKBNK.IS,5.8044209480285645
2019-10-10,AKBNK.IS,5.65658712387085
2019-10-11,AKBNK.IS,5.62546443939209
2019-10-14,AKBNK.IS,5.158620834350586
2019-10-15,AKBNK.IS,5.2364277839660645
2019-10-16,AKBNK.IS,5.189743518829346
2019-10-17,AKBNK.IS,5.3531389236450195
2019-10-18,AKBNK.IS,5.648806571960449
2019-10-21,AKBNK.IS,5.500973224639893
2019-10-22,AKBNK.IS,5.508753299713135
2019-10-23,AKBNK.IS,5.602121353149414
2019-10-24,AKBNK.IS,5.602121353149414
2019-10-25,AKBNK.IS,5.563218593597412
2019-10-28,AKBNK.IS,5.524314880371094
2019-10-30,AKBNK.IS,5.407603740692139
2019-10-31,AKBNK.IS,5.3842620849609375
2019-11-01,AKBNK.IS,5.39204216003418
2019-11-04,AKBNK.IS,5.508753299713135
2019-11-05,AKBNK.IS,5.485411643981934
2019-11-06,AKBNK.IS,5.563218593597412
2019-11-07,AKBNK.IS,5.711052417755127
2019-11-08,AKBNK.IS,5.718832969665527
2019-11-11,AKBNK.IS,5.711052417755127
2019-11-12,AKBNK.IS,5.819982528686523
2019-11-13,AKBNK.IS,5.952254772186279
2019-11-14,AKBNK.IS,5.858885765075684
2019-11-15,AKBNK.IS,5.9678168296813965
2019-11-18,AKBNK.IS,6.053403854370117
2019-11-19,AKBNK.IS,6.053403854370117
2019-11-20,AKBNK.IS,6.037842750549316
2019-11-21,AKBNK.IS,6.053403854370117
2019-11-22,AKBNK.IS,6.068965435028076
2019-11-25,AKBNK.IS,5.983377456665039
2019-11-26,AKBNK.IS,6.068965435028076
2019-11-27,AKBNK.IS,6.022281169891357
2019-11-28,AKBNK.IS,6.084527015686035
2019-11-29,AKBNK.IS,6.030062198638916
2019-12-02,AKBNK.IS,6.045623779296875
2019-12-03,AKBNK.IS,5.9755964279174805
2019-12-04,AKBNK.IS,5.9911580085754395
2019-12-05,AKBNK.IS,6.045623779296875
2019-12-06,AKBNK.IS,6.037842750549316
2019-12-09,AKBNK.IS,5.983377456665039
2019-12-10,AKBNK.IS,5.998939037322998
2019-12-11,AKBNK.IS,5.952254772186279
2019-12-12,AKBNK.IS,6.138991832733154
2019-12-13,AKBNK.IS,6.224579811096191
2019-12-16,AKBNK.IS,6.3568525314331055
2019-12-17,AKBNK.IS,6.411317825317383
2019-12-18,AKBNK.IS,6.333510875701904
2019-12-19,AKBNK.IS,6.3101677894592285
2019-12-20,AKBNK.IS,6.333510875701904
2019-12-23,AKBNK.IS,6.3568525314331055
2019-12-24,AKBNK.IS,6.395756244659424
2019-12-25,AKBNK.IS,6.403536796569824
2019-12-26,AKBNK.IS,6.434659957885742
2019-12-27,AKBNK.IS,6.403536796569824
2019-12-30,AKBNK.IS,6.426879405975342
2019-12-31,AKBNK.IS,6.317948341369629
2020-01-02,AKBNK.IS,6.364633560180664
2020-01-03,AKBNK.IS,6.19345760345459
2020-01-06,AKBNK.IS,5.998939037322998
2020-01-07,AKBNK.IS,6.061184883117676
2020-01-08,AKBNK.IS,6.19345760345459
2020-01-09,AKBNK.IS,6.621397018432617
2020-01-10,AKBNK.IS,6.745888710021973
2020-01-13,AKBNK.IS,6.80813455581665
2020-01-14,AKBNK.IS,6.885941505432129
2020-01-15,AKBNK.IS,6.870380401611328
2020-01-16,AKBNK.IS,6.847038269042969
2020-01-17,AKBNK.IS,6.854818820953369
2020-01-20,AKBNK.IS,6.917065143585205
2020-01-21,AKBNK.IS,6.932625770568848
2020-01-22,AKBNK.IS,6.769230842590332
2020-01-23,AKBNK.IS,6.847038269042969
2020-01-24,AKBNK.IS,6.80813455581665
2020-01-27,AKBNK.IS,6.644739151000977
2020-01-28,AKBNK.IS,6.582492828369141
2020-01-29,AKBNK.IS,6.442440032958984
2020-01-30,AKBNK.IS,6.551370620727539
2020-01-31,AKBNK.IS,6.489124774932861
2020-02-03,AKBNK.IS,6.4735636711120605
2020-02-04,AKBNK.IS,6.706984996795654
2020-02-05,AKBNK.IS,6.738107204437256
2020-02-06,AKBNK.IS,6.722546577453613
2020-02-07,AKBNK.IS,6.53580904006958
2020-02-10,AKBNK.IS,6.434659957885742
2020-02-11,AKBNK.IS,6.504685878753662
2020-02-12,AKBNK.IS,6.325729846954346
2020-02-13,AKBNK.IS,6.333510875701904
2020-02-14,AKBNK.IS,6.302387237548828
2020-02-17,AKBNK.IS,6.302387237548828
2020-02-18,AKBNK.IS,6.279044151306152
2020-02-19,AKBNK.IS,6.1701154708862305
2020-02-20,AKBNK.IS,5.9678168296813965
2020-02-21,AKBNK.IS,5.9755964279174805
2020-02-24,AKBNK.IS,5.851105213165283
2020-02-25,AKBNK.IS,5.819982528686523
2020-02-26,AKBNK.IS,5.905570030212402
2020-02-27,AKBNK.IS,5.641026020050049
2020-02-28,AKBNK.IS,5.251989364624023
2020-03-02,AKBNK.IS,5.3531389236450195
2020-03-03,AKBNK.IS,5.563218593597412
2020-03-04,AKBNK.IS,5.788859844207764
2020-03-05,AKBNK.IS,5.812201976776123
2020-03-06,AKBNK.IS,5.695490837097168
2020-03-09,AKBNK.IS,5.407603740692139
2020-03-10,AKBNK.IS,5.345358371734619
2020-03-11,AKBNK.IS,5.345358371734619
2020-03-12,AKBNK.IS,4.909636974334717
2020-03-13,AKBNK.IS,5.003006458282471
2020-03-16,AKBNK.IS,4.738461971282959
2020-03-17,AKBNK.IS,4.722899913787842
2020-03-18,AKBNK.IS,4.598409175872803
2020-03-19,AKBNK.IS,4.419451713562012
2020-03-20,AKBNK.IS,4.333863735198975
2020-03-23,AKBNK.IS,4.209372043609619
2020-03-24,AKBNK.IS,4.466135501861572
2020-03-25,AKBNK.IS,4.341645240783691
2020-03-26,AKBNK.IS,4.4505743980407715
2020-03-27,AKBNK.IS,4.310522079467773
2020-03-30,AKBNK.IS,4.2793989181518555
2020-03-31,AKBNK.IS,4.372767925262451
2020-04-01,AKBNK.IS,4.240495204925537
2020-04-02,AKBNK.IS,4.2327141761779785
2020-04-03,AKBNK.IS,4.201591968536377
2020-04-06,AKBNK.IS,4.333863735198975
2020-04-07,AKBNK.IS,4.349425792694092
2020-04-08,AKBNK.IS,4.388328552246094
2020-04-09,AKBNK.IS,4.668435096740723
2020-04-10,AKBNK.IS,4.75402307510376
2020-04-13,AKBNK.IS,4.683996677398682
2020-04-14,AKBNK.IS,4.699558258056641
2020-04-15,AKBNK.IS,4.4350128173828125
2020-04-16,AKBNK.IS,4.411671161651611
2020-04-17,AKBNK.IS,4.505040168762207
2020-04-20,AKBNK.IS,4.505040168762207
2020-04-21,AKBNK.IS,4.419451713562012
2020-04-22,AKBNK.IS,4.42723274230957
2020-04-24,AKBNK.IS,4.466135501861572
2020-04-27,AKBNK.IS,4.699558258056641
2020-04-28,AKBNK.IS,4.606188774108887
2020-04-29,AKBNK.IS,4.660654544830322
2020-04-30,AKBNK.IS,4.5828471183776855
2020-05-04,AKBNK.IS,4.45835542678833
2020-05-05,AKBNK.IS,4.4505743980407715
2020-05-06,AKBNK.IS,4.4350128173828125
2020-05-07,AKBNK.IS,4.419451713562012
2020-05-08,AKBNK.IS,4.333863735198975
2020-05-11,AKBNK.IS,4.333863735198975
2020-05-12,AKBNK.IS,4.364986419677734
2020-05-13,AKBNK.IS,4.341645240783691
2020-05-14,AKBNK.IS,4.224932670593262
2020-05-15,AKBNK.IS,4.224932670593262
2020-05-18,AKBNK.IS,4.2638373374938965
2020-05-20,AKBNK.IS,4.287179470062256
2020-05-21,AKBNK.IS,4.2793989181518555
2020-05-22,AKBNK.IS,4.287179470062256
2020-05-27,AKBNK.IS,4.357206344604492
2020-05-28,AKBNK.IS,4.403890132904053
2020-05-29,AKBNK.IS,4.419451713562012
2020-06-01,AKBNK.IS,4.512820720672607
2020-06-02,AKBNK.IS,4.505040168762207
2020-06-03,AKBNK.IS,4.551723957061768
2020-06-04,AKBNK.IS,4.52838134765625
2020-06-05,AKBNK.IS,4.606188774108887
2020-06-08,AKBNK.IS,4.575066089630127
2020-06-09,AKBNK.IS,4.551723957061768
2020-06-10,AKBNK.IS,4.559504985809326
2020-06-11,AKBNK.IS,4.512820720672607
2020-06-12,AKBNK.IS,4.52838134765625
2020-06-15,AKBNK.IS,4.4816975593566895
2020-06-16,AKBNK.IS,4.551723957061768
2020-06-17,AKBNK.IS,4.536162853240967
2020-06-18,AKBNK.IS,4.536162853240967
2020-06-19,AKBNK.IS,4.652873516082764
2020-06-22,AKBNK.IS,4.792926788330078
2020-06-23,AKBNK.IS,4.769583702087402
2020-06-24,AKBNK.IS,4.645092964172363
2020-06-25,AKBNK.IS,4.590628147125244
2020-06-26,AKBNK.IS,4.590628147125244
2020-06-29,AKBNK.IS,4.75402307510376
2020-06-30,AKBNK.IS,4.75402307510376
2020-07-01,AKBNK.IS,4.629530906677246
2020-07-02,AKBNK.IS,4.660654544830322
2020-07-03,AKBNK.IS,4.590628147125244
2020-07-06,AKBNK.IS,4.746242046356201
2020-07-07,AKBNK.IS,4.683996677398682
2020-07-08,AKBNK.IS,4.606188774108887
2020-07-09,AKBNK.IS,4.512820720672607
2020-07-10,AKBNK.IS,4.45835542678833
2020-07-13,AKBNK.IS,4.551723957061768
2020-07-14,AKBNK.IS,4.505040168762207
2020-07-16,AKBNK.IS,4.551723957061768
2020-07-17,AKBNK.IS,4.52838134765625
2020-07-20,AKBNK.IS,4.520601749420166
2020-07-21,AKBNK.IS,4.52838134765625
2020-07-22,AKBNK.IS,4.512820720672607
2020-07-23,AKBNK.IS,4.520601749420166
2020-07-24,AKBNK.IS,4.489478588104248
2020-07-27,AKBNK.IS,4.4505743980407715
2020-07-28,AKBNK.IS,4.2793989181518555
2020-07-29,AKBNK.IS,4.139346122741699
2020-07-30,AKBNK.IS,4.077099323272705
2020-08-04,AKBNK.IS,3.9448275566101074
2020-08-05,AKBNK.IS,3.905923843383789
2020-08-06,AKBNK.IS,3.672502040863037
2020-08-07,AKBNK.IS,3.703624963760376
2020-08-10,AKBNK.IS,3.6958444118499756
2020-08-11,AKBNK.IS,3.952608585357666
2020-08-12,AKBNK.IS,3.9448275566101074
2020-08-13,AKBNK.IS,3.905923843383789
2020-08-14,AKBNK.IS,3.835897207260132
2020-08-17,AKBNK.IS,3.890362501144409
2020-08-18,AKBNK.IS,3.9214847087860107
2020-08-19,AKBNK.IS,4.0148539543151855
2020-08-20,AKBNK.IS,3.9603893756866455
2020-08-21,AKBNK.IS,3.9370462894439697
2020-08-24,AKBNK.IS,3.890362501144409
2020-08-25,AKBNK.IS,3.804774045944214
2020-08-26,AKBNK.IS,3.8592395782470703
2020-08-27,AKBNK.IS,3.913705348968506
2020-08-28,AKBNK.IS,3.890362501144409
2020-08-31,AKBNK.IS,3.8125555515289307
2020-09-01,AKBNK.IS,3.8436782360076904
2020-09-02,AKBNK.IS,3.835897207260132
2020-09-03,AKBNK.IS,3.804774045944214
2020-09-04,AKBNK.IS,3.820336103439331
2020-09-07,AKBNK.IS,3.8436782360076904
2020-09-08,AKBNK.IS,3.8125555515289307
2020-09-09,AKBNK.IS,3.8125555515289307
2020-09-10,AKBNK.IS,3.8436782360076904
2020-09-11,AKBNK.IS,3.8281168937683105
2020-09-14,AKBNK.IS,3.8125555515289307
2020-09-15,AKBNK.IS,3.796994209289551
2020-09-16,AKBNK.IS,3.804774045944214
2020-09-17,AKBNK.IS,3.7814323902130127
2020-09-18,AKBNK.IS,3.773651361465454
2020-09-21,AKBNK.IS,3.680283546447754
2020-09-22,AKBNK.IS,3.680283546447754
2020-09-23,AKBNK.IS,3.719187021255493
2020-09-24,AKBNK.IS,3.9214847087860107
2020-09-25,AKBNK.IS,3.983731508255005
2020-09-28,AKBNK.IS,3.905923843383789
2020-09-29,AKBNK.IS,3.8825814723968506
2020-09-30,AKBNK.IS,4.007073402404785
2020-10-01,AKBNK.IS,4.022634983062744
2020-10-02,AKBNK.IS,4.0148539543151855
2020-10-05,AKBNK.IS,4.030415058135986
2020-10-06,AKBNK.IS,3.9992921352386475
2020-10-07,AKBNK.IS,3.9448275566101074
2020-10-08,AKBNK.IS,3.9370462894439697
2020-10-09,AKBNK.IS,4.007073402404785
2020-10-12,AKBNK.IS,4.038196563720703
2020-10-13,AKBNK.IS,4.0148539543151855
2020-10-14,AKBNK.IS,4.0148539543151855
2020-10-15,AKBNK.IS,3.968169689178467
2020-10-16,AKBNK.IS,4.0459771156311035
2020-10-19,AKBNK.IS,4.209372043609619
2020-10-20,AKBNK.IS,4.201591968536377
2020-10-21,AKBNK.IS,4.217153549194336
2020-10-22,AKBNK.IS,3.9992921352386475
2020-10-23,AKBNK.IS,3.9448275566101074
2020-10-26,AKBNK.IS,3.789212942123413
2020-10-27,AKBNK.IS,3.8592395782470703
2020-10-28,AKBNK.IS,3.804774045944214
2020-10-30,AKBNK.IS,3.719187021255493
2020-11-02,AKBNK.IS,3.7425289154052734
2020-11-03,AKBNK.IS,3.9214847087860107
2020-11-04,AKBNK.IS,3.898143768310547
2020-11-05,AKBNK.IS,3.898143768310547
2020-11-06,AKBNK.IS,3.898143768310547
2020-11-09,AKBNK.IS,4.18602991104126
2020-11-10,AKBNK.IS,4.3961100578308105
2020-11-11,AKBNK.IS,4.839611053466797
2020-11-12,AKBNK.IS,4.870734214782715
2020-11-13,AKBNK.IS,4.909636974334717
2020-11-16,AKBNK.IS,4.917418479919434
2020-11-17,AKBNK.IS,4.668435096740723
2020-11-18,AKBNK.IS,4.878514289855957
2020-11-19,AKBNK.IS,5.049690246582031
2020-11-20,AKBNK.IS,5.080813884735107
2020-11-23,AKBNK.IS,4.862953186035156
2020-11-24,AKBNK.IS,4.894076347351074
2020-11-25,AKBNK.IS,4.901857376098633
2020-11-26,AKBNK.IS,5.010786533355713
2020-11-27,AKBNK.IS,4.956321716308594
2020-11-30,AKBNK.IS,4.730680465698242
2020-12-01,AKBNK.IS,4.909636974334717
2020-12-02,AKBNK.IS,4.855172157287598
2020-12-03,AKBNK.IS,4.855172157287598
2020-12-04,AKBNK.IS,4.808488368988037
2020-12-07,AKBNK.IS,4.707338333129883
2020-12-08,AKBNK.IS,4.715119361877441
2020-12-09,AKBNK.IS,4.839611053466797
2020-12-10,AKBNK.IS,4.878514289855957
2020-12-11,AKBNK.IS,4.901857376098633
2020-12-14,AKBNK.IS,4.956321716308594
2020-12-15,AKBNK.IS,4.956321716308594
2020-12-16,AKBNK.IS,4.940760135650635
2020-12-17,AKBNK.IS,4.979664325714111
2020-12-18,AKBNK.IS,5.0341291427612305
2020-12-21,AKBNK.IS,4.917418479919434
2020-12-22,AKBNK.IS,5.049690246582031
2020-12-23,AKBNK.IS,5.0341291427612305
2020-12-24,AKBNK.IS,5.104155540466309
2020-12-25,AKBNK.IS,5.073031902313232
2020-12-28,AKBNK.IS,5.096374988555908
2020-12-29,AKBNK.IS,5.150839328765869
2020-12-30,AKBNK.IS,5.376480579376221
2020-12-31,AKBNK.IS,5.454288005828857
2021-01-04,AKBNK.IS,5.524314880371094
2021-01-05,AKBNK.IS,5.454288005828857
2021-01-06,AKBNK.IS,5.718832969665527
2021-01-07,AKBNK.IS,5.858885765075684
2021-01-08,AKBNK.IS,5.851105213165283
2021-01-11,AKBNK.IS,5.687710285186768
2021-01-12,AKBNK.IS,5.664368152618408
2021-01-13,AKBNK.IS,5.641026020050049
2021-01-14,AKBNK.IS,5.5398759841918945
2021-01-15,AKBNK.IS,5.3842620849609375
2021-01-18,AKBNK.IS,5.438726425170898
2021-01-19,AKBNK.IS,5.462068557739258
2021-01-20,AKBNK.IS,5.3842620849609375
2021-01-21,AKBNK.IS,5.3842620849609375
2021-01-22,AKBNK.IS,5.228647232055664
2021-01-25,AKBNK.IS,5.104155540466309
2021-01-26,AKBNK.IS,5.143059730529785
2021-01-27,AKBNK.IS,4.932979583740234
2021-01-28,AKBNK.IS,5.065252304077148
2021-01-29,AKBNK.IS,4.964102745056152
2021-02-01,AKBNK.IS,5.049690246582031
2021-02-02,AKBNK.IS,5.096374988555908
2021-02-03,AKBNK.IS,5.267550468444824
2021-02-04,AKBNK.IS,5.197524547576904
2021-02-05,AKBNK.IS,5.143059730529785
2021-02-08,AKBNK.IS,5.189743518829346
2021-02-09,AKBNK.IS,5.314234733581543
2021-02-10,AKBNK.IS,5.306454658508301
2021-02-11,AKBNK.IS,5.213085174560547
2021-02-12,AKBNK.IS,5.166401386260986
2021-02-15,AKBNK.IS,5.213085174560547
2021-02-16,AKBNK.IS,5.065252304077148
2021-02-17,AKBNK.IS,4.987444877624512
2021-02-18,AKBNK.IS,4.917418479919434
2021-02-19,AKBNK.IS,5.010786533355713
2021-02-22,AKBNK.IS,4.901857376098633
2021-02-23,AKBNK.IS,4.855172157287598
2021-02-24,AKBNK.IS,4.676215648651123
2021-02-25,AKBNK.IS,4.808488368988037
2021-02-26,AKBNK.IS,4.715119361877441
2021-03-01,AKBNK.IS,4.901857376098633
2021-03-02,AKBNK.IS,4.901857376098633
2021-03-03,AKBNK.IS,4.847391605377197
2021-03-04,AKBNK.IS,4.940760135650635
2021-03-05,AKBNK.IS,4.917418479919434
2021-03-08,AKBNK.IS,4.76180362701416
2021-03-09,AKBNK.IS,4.769583702087402
2021-03-10,AKBNK.IS,4.824049472808838
2021-03-11,AKBNK.IS,4.746242046356201
2021-03-12,AKBNK.IS,4.769583702087402
2021-03-15,AKBNK.IS,4.707338333129883
2021-03-16,AKBNK.IS,4.738461971282959
2021-03-17,AKBNK.IS,4.660654544830322
2021-03-18,AKBNK.IS,4.746242046356201
2021-03-19,AKBNK.IS,4.606188774108887
2021-03-22,AKBNK.IS,4.1471266746521
2021-03-23,AKBNK.IS,3.734748601913452
2021-03-24,AKBNK.IS,3.820336103439331
2021-03-25,AKBNK.IS,3.773651361465454
2021-03-26,AKBNK.IS,3.765991687774658
2021-03-29,AKBNK.IS,3.7979071140289307
2021-03-30,AKBNK.IS,3.765991687774658
2021-03-31,AKBNK.IS,3.7420554161071777
2021-04-01,AKBNK.IS,3.9016311168670654
2021-04-02,AKBNK.IS,3.9016311168670654
2021-04-05,AKBNK.IS,3.9016311168670654
2021-04-06,AKBNK.IS,3.84578013420105
2021-04-07,AKBNK.IS,3.869716167449951
2021-04-08,AKBNK.IS,3.8298230171203613
2021-04-09,AKBNK.IS,3.7979071140289307
2021-04-12,AKBNK.IS,3.7500345706939697
2021-04-13,AKBNK.IS,3.7979071140289307
2021-04-14,AKBNK.IS,3.94152569770813
2021-04-15,AKBNK.IS,4.029292583465576
2021-04-16,AKBNK.IS,3.9654617309570312
2021-04-19,AKBNK.IS,3.8298230171203613
2021-04-20,AKBNK.IS,3.893653154373169
2021-04-21,AKBNK.IS,3.893653154373169
2021-04-22,AKBNK.IS,3.885673761367798
2021-04-26,AKBNK.IS,3.9096105098724365
2021-04-27,AKBNK.IS,3.869716167449951
2021-04-28,AKBNK.IS,3.869716167449951
2021-04-29,AKBNK.IS,3.893653154373169
2021-04-30,AKBNK.IS,3.893653154373169
2021-05-03,AKBNK.IS,3.981419086456299
2021-05-04,AKBNK.IS,3.94152569770813
2021-05-05,AKBNK.IS,3.94152569770813
2021-05-06,AKBNK.IS,3.989398241043091
2021-05-07,AKBNK.IS,4.1090803146362305
2021-05-10,AKBNK.IS,4.117058753967285
2021-05-11,AKBNK.IS,4.021312713623047
2021-05-12,AKBNK.IS,4.013335227966309
2021-05-17,AKBNK.IS,4.101100921630859
2021-05-18,AKBNK.IS,4.148974418640137
2021-05-20,AKBNK.IS,4.228762626647949
2021-05-21,AKBNK.IS,4.180888652801514
2021-05-24,AKBNK.IS,4.15695333480835
2021-05-25,AKBNK.IS,4.069186210632324
2021-05-26,AKBNK.IS,4.172911167144775
2021-05-27,AKBNK.IS,4.117058753967285
2021-05-28,AKBNK.IS,4.140995502471924
2021-05-31,AKBNK.IS,4.148974418640137
2021-06-01,AKBNK.IS,4.236741065979004
2021-06-02,AKBNK.IS,4.204826354980469
2021-06-03,AKBNK.IS,4.196846961975098
2021-06-04,AKBNK.IS,4.212804794311523
2021-06-07,AKBNK.IS,4.292592525482178
2021-06-08,AKBNK.IS,4.308550834655762
2021-06-09,AKBNK.IS,4.348443984985352
2021-06-10,AKBNK.IS,4.404296398162842
2021-06-11,AKBNK.IS,4.396317005157471
2021-06-14,AKBNK.IS,4.37238073348999
2021-06-15,AKBNK.IS,4.388338088989258
2021-06-16,AKBNK.IS,4.332485675811768
2021-06-17,AKBNK.IS,4.196846961975098
2021-06-18,AKBNK.IS,4.196846961975098
2021-06-21,AKBNK.IS,4.228762626647949
2021-06-22,AKBNK.IS,4.284613609313965
2021-06-23,AKBNK.IS,4.260677337646484
2021-06-24,AKBNK.IS,4.300571441650391
2021-06-25,AKBNK.IS,4.260677337646484
2021-06-28,AKBNK.IS,4.25269889831543
2021-06-29,AKBNK.IS,4.244719982147217
2021-06-30,AKBNK.IS,4.212804794311523
2021-07-01,AKBNK.IS,4.292592525482178
2021-07-02,AKBNK.IS,4.25269889831543
2021-07-05,AKBNK.IS,4.340465068817139
2021-07-06,AKBNK.IS,4.284613609313965
2021-07-07,AKBNK.IS,4.292592525482178
2021-07-08,AKBNK.IS,4.244719982147217
2021-07-09,AKBNK.IS,4.244719982147217
2021-07-12,AKBNK.IS,4.220783233642578
2021-07-13,AKBNK.IS,4.180888652801514
2021-07-14,AKBNK.IS,4.220783233642578
2021-07-16,AKBNK.IS,4.180888652801514
2021-07-19,AKBNK.IS,4.117058753967285
2021-07-26,AKBNK.IS,4.093122959136963
2021-07-27,AKBNK.IS,4.101100921630859
2021-07-28,AKBNK.IS,4.069186210632324
2021-07-29,AKBNK.IS,4.15695333480835
2021-07-30,AKBNK.IS,4.196846961975098
2021-08-02,AKBNK.IS,4.228762626647949
2021-08-03,AKBNK.IS,4.268655776977539
2021-08-04,AKBNK.IS,4.324508190155029
2021-08-05,AKBNK.IS,4.404296398162842
2021-08-06,AKBNK.IS,4.332485675811768
2021-08-09,AKBNK.IS,4.316528797149658
2021-08-10,AKBNK.IS,4.380359172821045
2021-08-11,AKBNK.IS,4.276634693145752
2021-08-12,AKBNK.IS,4.380359172821045
2021-08-13,AKBNK.IS,4.37238073348999
2021-08-16,AKBNK.IS,4.5000410079956055
2021-08-17,AKBNK.IS,4.523977756500244
2021-08-18,AKBNK.IS,4.484084129333496
2021-08-19,AKBNK.IS,4.444189548492432
2021-08-20,AKBNK.IS,4.460147857666016
2021-08-23,AKBNK.IS,4.547913551330566
2021-08-24,AKBNK.IS,4.5558929443359375
2021-08-25,AKBNK.IS,4.547913551330566
2021-08-26,AKBNK.IS,4.53993558883667
2021-08-27,AKBNK.IS,4.571850299835205
2021-08-31,AKBNK.IS,4.6995110511779785
2021-09-01,AKBNK.IS,4.691532135009766
2021-09-02,AKBNK.IS,4.7154693603515625
2021-09-03,AKBNK.IS,4.6995110511779785
2021-09-06,AKBNK.IS,4.7154693603515625
2021-09-07,AKBNK.IS,4.651638507843018
2021-09-08,AKBNK.IS,4.5000410079956055
2021-09-09,AKBNK.IS,4.57982873916626
2021-09-10,AKBNK.IS,4.5000410079956055
2021-09-13,AKBNK.IS,4.508020401000977
2021-09-14,AKBNK.IS,4.508020401000977
2021-09-15,AKBNK.IS,4.436210632324219
2021-09-16,AKBNK.IS,4.420253753662109
2021-09-17,AKBNK.IS,4.428232192993164
2021-09-20,AKBNK.IS,4.268655776977539
2021-09-21,AKBNK.IS,4.292592525482178
2021-09-22,AKBNK.IS,4.37238073348999
2021-09-23,AKBNK.IS,4.228762626647949
2021-09-24,AKBNK.IS,4.101100921630859
2021-09-27,AKBNK.IS,4.140995502471924
2021-09-28,AKBNK.IS,4.125038146972656
2021-09-29,AKBNK.IS,4.180888652801514
2021-09-30,AKBNK.IS,4.25269889831543
2021-10-01,AKBNK.IS,4.228762626647949
2021-10-04,AKBNK.IS,4.212804794311523
2021-10-05,AKBNK.IS,4.204826354980469
2021-10-06,AKBNK.IS,4.164931774139404
2021-10-07,AKBNK.IS,4.212804794311523
2021-10-08,AKBNK.IS,4.196846961975098
2021-10-11,AKBNK.IS,4.244719982147217
2021-10-12,AKBNK.IS,4.236741065979004
2021-10-13,AKBNK.IS,4.188868045806885
2021-10-14,AKBNK.IS,4.188868045806885
2021-10-15,AKBNK.IS,4.101100921630859
2021-10-18,AKBNK.IS,4.053228855133057
2021-10-19,AKBNK.IS,4.172911167144775
2021-10-20,AKBNK.IS,4.228762626647949
2021-10-21,AKBNK.IS,4.244719982147217
2021-10-22,AKBNK.IS,4.348443984985352
2021-10-25,AKBNK.IS,4.420253753662109
2021-10-26,AKBNK.IS,4.452168941497803
2021-10-27,AKBNK.IS,4.611744403839111
2021-10-28,AKBNK.IS,4.675574779510498
2021-11-01,AKBNK.IS,4.7473835945129395
2021-11-02,AKBNK.IS,4.8431291580200195
2021-11-03,AKBNK.IS,4.9468536376953125
2021-11-04,AKBNK.IS,5.042599678039551
2021-11-05,AKBNK.IS,5.0505781173706055
2021-11-08,AKBNK.IS,5.082493305206299
2021-11-09,AKBNK.IS,5.026642322540283
2021-11-10,AKBNK.IS,5.1064300537109375
2021-11-11,AKBNK.IS,5.026642322540283
2021-11-12,AKBNK.IS,5.058557033538818
2021-11-15,AKBNK.IS,5.561221599578857
2021-11-16,AKBNK.IS,5.609094619750977
2021-11-17,AKBNK.IS,5.672924518585205
2021-11-18,AKBNK.IS,5.784627914428711
2021-11-19,AKBNK.IS,5.768670082092285
2021-11-22,AKBNK.IS,5.736754417419434
2021-11-23,AKBNK.IS,5.505369663238525
2021-11-24,AKBNK.IS,5.56920051574707
2021-11-25,AKBNK.IS,5.4574971199035645
2021-11-26,AKBNK.IS,5.273984909057617
2021-11-29,AKBNK.IS,5.266005992889404
2021-11-30,AKBNK.IS,5.202174663543701
2021-12-01,AKBNK.IS,5.369729995727539
2021-12-02,AKBNK.IS,5.433559894561768
2021-12-03,AKBNK.IS,5.489412307739258
2021-12-06,AKBNK.IS,5.736754417419434
2021-12-07,AKBNK.IS,5.752712249755859
2021-12-08,AKBNK.IS,5.912287712097168
2021-12-09,AKBNK.IS,5.920267581939697
2021-12-10,AKBNK.IS,5.8005852699279785
2021-12-13,AKBNK.IS,5.9920759201049805
2021-12-14,AKBNK.IS,6.311228275299072
2021-12-15,AKBNK.IS,6.279313087463379
2021-12-16,AKBNK.IS,6.558570861816406
2021-12-17,AKBNK.IS,5.904309272766113
2021-12-20,AKBNK.IS,5.8484578132629395
2021-12-21,AKBNK.IS,5.784627914428711
2021-12-22,AKBNK.IS,6.055906295776367
2021-12-23,AKBNK.IS,6.079843044281006
2021-12-24,AKBNK.IS,6.079843044281006
2021-12-27,AKBNK.IS,6.247397422790527
2021-12-28,AKBNK.IS,5.872394561767578
2021-12-29,AKBNK.IS,5.864415645599365
2021-12-30,AKBNK.IS,5.856436729431152
2021-12-31,AKBNK.IS,5.744732856750488
2022-01-03,AKBNK.IS,5.8484578132629395
2022-01-04,AKBNK.IS,5.8005852699279785
2022-01-05,AKBNK.IS,5.856436729431152
2022-01-06,AKBNK.IS,5.840479373931885
2022-01-07,AKBNK.IS,6.079843044281006
2022-01-10,AKBNK.IS,6.047927379608154
2022-01-11,AKBNK.IS,6.071864128112793
2022-01-12,AKBNK.IS,6.087821960449219
2022-01-13,AKBNK.IS,6.031970500946045
2022-01-14,AKBNK.IS,5.9920759201049805
2022-01-17,AKBNK.IS,6.183567523956299
2022-01-18,AKBNK.IS,5.912287712097168
2022-01-19,AKBNK.IS,6.287291526794434
2022-01-20,AKBNK.IS,6.25537633895874
2022-01-21,AKBNK.IS,6.319207191467285
2022-01-24,AKBNK.IS,6.047927379608154
2022-01-25,AKBNK.IS,6.143672943115234
2022-01-26,AKBNK.IS,6.143672943115234
2022-01-27,AKBNK.IS,6.191546440124512
2022-01-28,AKBNK.IS,6.167609691619873
2022-01-31,AKBNK.IS,6.414952754974365
2022-02-01,AKBNK.IS,6.383037090301514
2022-02-02,AKBNK.IS,6.478782653808594
2022-02-03,AKBNK.IS,6.199525356292725
2022-02-04,AKBNK.IS,6.231440544128418
2022-02-07,AKBNK.IS,6.25537633895874
2022-02-08,AKBNK.IS,6.319207191467285
2022-02-09,AKBNK.IS,6.486762046813965
2022-02-10,AKBNK.IS,6.414952754974365
2022-02-11,AKBNK.IS,6.478782653808594
2022-02-14,AKBNK.IS,6.367079734802246
2022-02-15,AKBNK.IS,6.4468674659729
2022-02-16,AKBNK.IS,6.335164546966553
2022-02-17,AKBNK.IS,6.25537633895874
2022-02-18,AKBNK.IS,6.343143463134766
2022-02-21,AKBNK.IS,6.319207191467285
2022-02-22,AKBNK.IS,6.2952704429626465
2022-02-23,AKBNK.IS,6.191546440124512
2022-02-24,AKBNK.IS,5.577178478240967
2022-02-25,AKBNK.IS,5.720798015594482
2022-02-28,AKBNK.IS,5.609094619750977
2022-03-01,AKBNK.IS,5.617072582244873
2022-03-02,AKBNK.IS,5.64100980758667
2022-03-03,AKBNK.IS,5.696860313415527
2022-03-04,AKBNK.IS,5.601114749908447
2022-03-07,AKBNK.IS,5.529305934906006
2022-03-08,AKBNK.IS,5.505369663238525
2022-03-09,AKBNK.IS,5.664945602416992
2022-03-10,AKBNK.IS,5.585157871246338
2022-03-11,AKBNK.IS,5.656966686248779
2022-03-14,AKBNK.IS,5.712818145751953
2022-03-15,AKBNK.IS,5.720798015594482
2022-03-16,AKBNK.IS,5.776648998260498
2022-03-17,AKBNK.IS,5.904309272766113
2022-03-18,AKBNK.IS,5.904309272766113
2022-03-21,AKBNK.IS,5.9920759201049805
2022-03-22,AKBNK.IS,6.063885688781738
2022-03-23,AKBNK.IS,6.047927379608154
2022-03-24,AKBNK.IS,5.920267581939697
2022-03-25,AKBNK.IS,5.8005852699279785
2022-03-28,AKBNK.IS,5.760691165924072
2022-03-29,AKBNK.IS,5.856436729431152
2022-03-30,AKBNK.IS,6.023716449737549
2022-03-31,AKBNK.IS,5.98251485824585
2022-04-01,AKBNK.IS,6.023716449737549
2022-04-04,AKBNK.IS,6.361571788787842
2022-04-05,AKBNK.IS,6.328610420227051
2022-04-06,AKBNK.IS,6.336851119995117
2022-04-07,AKBNK.IS,6.625264644622803
2022-04-08,AKBNK.IS,7.004321575164795
2022-04-11,AKBNK.IS,7.539945602416992
2022-04-12,AKBNK.IS,7.506983757019043
2022-04-13,AKBNK.IS,7.40809965133667
2022-04-14,AKBNK.IS,7.614108562469482
2022-04-15,AKBNK.IS,7.745955944061279
2022-04-18,AKBNK.IS,7.861320972442627
2022-04-19,AKBNK.IS,7.729474067687988
2022-04-20,AKBNK.IS,7.803638935089111
2022-04-21,AKBNK.IS,7.8530802726745605
2022-04-22,AKBNK.IS,7.531705856323242
2022-04-25,AKBNK.IS,7.712993621826172
2022-04-26,AKBNK.IS,7.441061973571777
2022-04-27,AKBNK.IS,7.539945602416992
2022-04-28,AKBNK.IS,7.391619682312012
2022-04-29,AKBNK.IS,7.350417613983154
2022-05-05,AKBNK.IS,7.235052108764648
2022-05-06,AKBNK.IS,7.185609817504883
2022-05-09,AKBNK.IS,7.136167526245117
2022-05-10,AKBNK.IS,7.185609817504883
2022-05-11,AKBNK.IS,6.97960090637207
2022-05-12,AKBNK.IS,6.814793109893799
2022-05-13,AKBNK.IS,6.798312187194824
2022-05-16,AKBNK.IS,6.5675811767578125
2022-05-17,AKBNK.IS,6.468696594238281
2022-05-18,AKBNK.IS,6.682946681976318
2022-05-20,AKBNK.IS,6.625264644622803
2022-05-23,AKBNK.IS,6.724148273468018
2022-05-24,AKBNK.IS,6.641745090484619
2022-05-25,AKBNK.IS,6.732388973236084
2022-05-26,AKBNK.IS,6.7488694190979
2022-05-27,AKBNK.IS,6.641745090484619
2022-05-30,AKBNK.IS,6.781830787658691
2022-05-31,AKBNK.IS,6.888956069946289
2022-06-01,AKBNK.IS,6.971360206604004
2022-06-02,AKBNK.IS,7.276253700256348
2022-06-03,AKBNK.IS,7.218571662902832
2022-06-06,AKBNK.IS,7.498744964599609
2022-06-07,AKBNK.IS,7.309215068817139
2022-06-08,AKBNK.IS,6.814793109893799
2022-06-09,AKBNK.IS,6.897196292877197
2022-06-10,AKBNK.IS,7.020802974700928
2022-06-13,AKBNK.IS,6.987840175628662
2022-06-14,AKBNK.IS,6.946639060974121
2022-06-15,AKBNK.IS,7.136167526245117
2022-06-16,AKBNK.IS,6.97960090637207
2022-06-17,AKBNK.IS,7.498744964599609
2022-06-20,AKBNK.IS,7.457542419433594
2022-06-21,AKBNK.IS,7.523465633392334
2022-06-22,AKBNK.IS,7.490504741668701
2022-06-23,AKBNK.IS,7.268013954162598
2022-06-24,AKBNK.IS,7.22681188583374
2022-06-27,AKBNK.IS,7.078485012054443
2022-06-28,AKBNK.IS,6.847754955291748
2022-06-29,AKBNK.IS,6.608783721923828
2022-06-30,AKBNK.IS,6.608783721923828
2022-07-01,AKBNK.IS,6.724148273468018
2022-07-04,AKBNK.IS,6.551100730895996
2022-07-05,AKBNK.IS,6.427495002746582
2022-07-06,AKBNK.IS,6.518139362335205
2022-07-07,AKBNK.IS,6.641745090484619
2022-07-08,AKBNK.IS,6.666466236114502
2022-07-13,AKBNK.IS,6.559340953826904
2022-07-14,AKBNK.IS,6.518139362335205
2022-07-18,AKBNK.IS,6.814793109893799
2022-07-19,AKBNK.IS,7.004321575164795
2022-07-20,AKBNK.IS,7.0537638664245605
2022-07-21,AKBNK.IS,7.070244312286377
2022-07-22,AKBNK.IS,7.119687080383301
2022-07-25,AKBNK.IS,7.375138759613037
2022-07-26,AKBNK.IS,7.177369117736816
2022-07-27,AKBNK.IS,7.276253700256348
2022-07-28,AKBNK.IS,7.012561798095703
2022-07-29,AKBNK.IS,7.111446380615234
2022-08-01,AKBNK.IS,7.292735576629639
2022-08-02,AKBNK.IS,7.243292331695557
2022-08-03,AKBNK.IS,7.32569694519043
2022-08-04,AKBNK.IS,7.506983757019043
2022-08-05,AKBNK.IS,7.721234321594238
2022-08-08,AKBNK.IS,7.64707088470459
2022-08-09,AKBNK.IS,7.811877727508545
2022-08-10,AKBNK.IS,8.075570106506348
2022-08-11,AKBNK.IS,8.298060417175293
2022-08-12,AKBNK.IS,8.240377426147461
2022-08-15,AKBNK.IS,8.421666145324707
2022-08-16,AKBNK.IS,8.7183198928833
2022-08-17,AKBNK.IS,9.319869041442871
2022-08-18,AKBNK.IS,9.09737777709961
2022-08-19,AKBNK.IS,8.734801292419434
2022-08-22,AKBNK.IS,8.866647720336914
2022-08-23,AKBNK.IS,9.459953308105469
2022-08-24,AKBNK.IS,9.122097969055176
2022-08-25,AKBNK.IS,9.871973037719727
2022-08-26,AKBNK.IS,9.871973037719727
2022-08-29,AKBNK.IS,9.797809600830078
2022-08-31,AKBNK.IS,9.657723426818848
2022-09-01,AKBNK.IS,9.764848709106445
2022-09-02,AKBNK.IS,10.737212181091309
2022-09-05,AKBNK.IS,11.693096160888672
2022-09-06,AKBNK.IS,12.830268859863281
2022-09-07,AKBNK.IS,12.929153442382812
2022-09-08,AKBNK.IS,12.484172821044922
2022-09-09,AKBNK.IS,13.118681907653809
2022-09-12,AKBNK.IS,14.428901672363281
2022-09-13,AKBNK.IS,12.986836433410645
2022-09-14,AKBNK.IS,11.693096160888672
2022-09-15,AKBNK.IS,10.531203269958496
2022-09-16,AKBNK.IS,10.045021057128906
2022-09-19,AKBNK.IS,9.113858222961426
2022-09-20,AKBNK.IS,9.789569854736328
2022-09-21,AKBNK.IS,9.49291706085205
2022-09-22,AKBNK.IS,9.575318336486816
2022-09-23,AKBNK.IS,9.295145988464355
2022-09-26,AKBNK.IS,9.352828979492188
2022-09-27,AKBNK.IS,9.740127563476562
2022-09-28,AKBNK.IS,9.41051197052002
2022-09-29,AKBNK.IS,9.278665542602539
2022-09-30,AKBNK.IS,9.303386688232422
2022-10-03,AKBNK.IS,10.226308822631836
2022-10-04,AKBNK.IS,10.201589584350586
2022-10-05,AKBNK.IS,10.193347930908203
2022-10-06,AKBNK.IS,10.630086898803711
2022-10-07,AKBNK.IS,10.597126960754395
2022-10-10,AKBNK.IS,10.539443969726562
2022-10-11,AKBNK.IS,10.761934280395508
2022-10-12,AKBNK.IS,10.654809951782227
2022-10-13,AKBNK.IS,10.720732688903809
2022-10-14,AKBNK.IS,11.124510765075684
2022-10-17,AKBNK.IS,12.236961364746094
2022-10-18,AKBNK.IS,12.434730529785156
2022-10-19,AKBNK.IS,12.945634841918945
2022-10-20,AKBNK.IS,12.978595733642578
2022-10-21,AKBNK.IS,12.813788414001465
2022-10-24,AKBNK.IS,12.7396240234375
2022-10-25,AKBNK.IS,12.789067268371582
2022-10-26,AKBNK.IS,13.003316879272461
2022-10-27,AKBNK.IS,12.550095558166504
2022-10-28,AKBNK.IS,12.09687614440918
2022-10-31,AKBNK.IS,12.047432899475098
2022-11-01,AKBNK.IS,11.989750862121582
2022-11-02,AKBNK.IS,11.90734577178955
2022-11-03,AKBNK.IS,11.693096160888672
2022-11-04,AKBNK.IS,12.006230354309082
2022-11-07,AKBNK.IS,12.55833625793457
2022-11-08,AKBNK.IS,12.533615112304688
2022-11-09,AKBNK.IS,12.311124801635742
2022-11-10,AKBNK.IS,12.714903831481934
2022-11-11,AKBNK.IS,12.344085693359375
2022-11-14,AKBNK.IS,12.550095558166504
2022-11-15,AKBNK.IS,13.341172218322754
2022-11-16,AKBNK.IS,13.736710548400879
2022-11-17,AKBNK.IS,13.07748031616211
2022-11-18,AKBNK.IS,13.39061450958252
2022-11-21,AKBNK.IS,13.621345520019531
2022-11-22,AKBNK.IS,13.983922004699707
2022-11-23,AKBNK.IS,14.527786254882812
2022-11-24,AKBNK.IS,14.17345142364502
2022-11-25,AKBNK.IS,13.860316276550293
2022-11-28,AKBNK.IS,14.412421226501465
2022-11-29,AKBNK.IS,14.519547462463379
2022-11-30,AKBNK.IS,14.264094352722168
2022-12-01,AKBNK.IS,14.362980842590332
2022-12-02,AKBNK.IS,13.893278121948242
2022-12-05,AKBNK.IS,13.415335655212402
2022-12-06,AKBNK.IS,13.374134063720703
2022-12-07,AKBNK.IS,12.978595733642578
2022-12-08,AKBNK.IS,13.34941291809082
2022-12-09,AKBNK.IS,13.736710548400879
2022-12-12,AKBNK.IS,14.470104217529297
2022-12-13,AKBNK.IS,14.387700080871582
2022-12-14,AKBNK.IS,14.247614860534668
2022-12-15,AKBNK.IS,15.244699478149414
2022-12-16,AKBNK.IS,15.467191696166992
2022-12-19,AKBNK.IS,16.89277458190918
2022-12-20,AKBNK.IS,16.480754852294922
2022-12-21,AKBNK.IS,16.43955421447754
2022-12-22,AKBNK.IS,16.35715103149414
2022-12-23,AKBNK.IS,16.250024795532227
2022-12-26,AKBNK.IS,16.41483497619629
2022-12-27,AKBNK.IS,16.17586326599121
2022-12-28,AKBNK.IS,15.763843536376953
2022-12-29,AKBNK.IS,16.258264541625977
2022-12-30,AKBNK.IS,16.10993766784668
2023-01-02,AKBNK.IS,16.497236251831055
2023-01-03,AKBNK.IS,16.134658813476562
2023-01-04,AKBNK.IS,16.19234275817871
2023-01-05,AKBNK.IS,15.714402198791504
2023-01-06,AKBNK.IS,15.40950870513916
2023-01-09,AKBNK.IS,14.67611312866211
2023-01-10,AKBNK.IS,14.033365249633789
2023-01-11,AKBNK.IS,13.267009735107422
2023-01-12,AKBNK.IS,13.720229148864746
2023-01-13,AKBNK.IS,13.637825965881348
2023-01-16,AKBNK.IS,14.231133460998535
2023-01-17,AKBNK.IS,14.437143325805664
2023-01-18,AKBNK.IS,14.305296897888184
2023-01-19,AKBNK.IS,14.49482536315918
2023-01-20,AKBNK.IS,15.417747497558594
2023-01-23,AKBNK.IS,15.30238151550293
2023-01-24,AKBNK.IS,15.088132858276367
2023-01-25,AKBNK.IS,14.618430137634277
2023-01-26,AKBNK.IS,14.049843788146973
2023-01-27,AKBNK.IS,13.720229148864746
2023-01-30,AKBNK.IS,14.033365249633789
2023-01-31,AKBNK.IS,13.992161750793457
2023-02-01,AKBNK.IS,12.813788414001465
2023-02-02,AKBNK.IS,12.410009384155273
2023-02-03,AKBNK.IS,13.604865074157715
2023-02-06,AKBNK.IS,13.34941291809082
2023-02-07,AKBNK.IS,12.11335563659668
2023-02-08,AKBNK.IS,11.289318084716797
2023-02-15,AKBNK.IS,13.324691772460938
2023-02-16,AKBNK.IS,13.267009735107422
2023-02-17,AKBNK.IS,13.17636489868164
2023-02-20,AKBNK.IS,13.17636489868164
2023-02-21,AKBNK.IS,13.102201461791992
2023-02-22,AKBNK.IS,13.234046936035156
2023-02-23,AKBNK.IS,13.275250434875488
2023-02-24,AKBNK.IS,13.151643753051758
2023-02-27,AKBNK.IS,14.272335052490234
2023-02-28,AKBNK.IS,14.420662879943848
2023-03-01,AKBNK.IS,14.511305809020996
2023-03-02,AKBNK.IS,14.618430137634277
2023-03-03,AKBNK.IS,14.346498489379883
2023-03-06,AKBNK.IS,15.450708389282227
2023-03-07,AKBNK.IS,15.343584060668945
2023-03-08,AKBNK.IS,16.42307472229004
2023-03-09,AKBNK.IS,16.324188232421875
2023-03-10,AKBNK.IS,16.08521842956543
2023-03-13,AKBNK.IS,15.40950870513916
2023-03-14,AKBNK.IS,15.285900115966797
2023-03-15,AKBNK.IS,15.327103614807129
2023-03-16,AKBNK.IS,15.557832717895508
2023-03-17,AKBNK.IS,15.005728721618652
2023-03-20,AKBNK.IS,14.956286430358887
2023-03-21,AKBNK.IS,14.49482536315918
2023-03-22,AKBNK.IS,14.77499771118164
2023-03-23,AKBNK.IS,15.088132858276367
2023-03-24,AKBNK.IS,14.832680702209473
2023-03-27,AKBNK.IS,15.121094703674316
2023-03-28,AKBNK.IS,14.65139389038086
2023-03-29,AKBNK.IS,15.368306159973145
2023-03-30,AKBNK.IS,15.168481826782227
2023-03-31,AKBNK.IS,15.386472702026367
2023-04-03,AKBNK.IS,15.459135055541992
2023-04-04,AKBNK.IS,15.767953872680664
2023-04-05,AKBNK.IS,15.313807487487793
2023-04-06,AKBNK.IS,15.123064994812012
2023-04-07,AKBNK.IS,15.28656005859375
2023-04-10,AKBNK.IS,15.686209678649902
2023-04-11,AKBNK.IS,16.213016510009766
2023-04-12,AKBNK.IS,16.612667083740234
2023-04-13,AKBNK.IS,16.213016510009766
2023-04-14,AKBNK.IS,15.958694458007812
2023-04-17,AKBNK.IS,16.240266799926758
2023-04-18,AKBNK.IS,16.322011947631836
2023-04-19,AKBNK.IS,16.785240173339844
2023-04-20,AKBNK.IS,16.076772689819336
2023-04-24,AKBNK.IS,16.058609008789062
2023-04-25,AKBNK.IS,15.66804027557373
2023-04-26,AKBNK.IS,15.313807487487793
2023-04-27,AKBNK.IS,15.440969467163086
2023-04-28,AKBNK.IS,14.57809066772461
2023-05-02,AKBNK.IS,14.232940673828125
2023-05-03,AKBNK.IS,14.096695899963379
2023-05-04,AKBNK.IS,14.114861488342285
2023-05-05,AKBNK.IS,13.842373847961426
2023-05-08,AKBNK.IS,14.977740287780762
2023-05-09,AKBNK.IS,15.177562713623047
2023-05-10,AKBNK.IS,15.268392562866211
2023-05-11,AKBNK.IS,16.794322967529297
2023-05-12,AKBNK.IS,17.520957946777344
2023-05-15,AKBNK.IS,15.777036666870117
2023-05-16,AKBNK.IS,14.323770523071289
2023-05-17,AKBNK.IS,14.151193618774414
2023-05-18,AKBNK.IS,13.606218338012695
2023-05-22,AKBNK.IS,13.115739822387695
2023-05-23,AKBNK.IS,13.079408645629883
2023-05-24,AKBNK.IS,12.670677185058594
2023-05-25,AKBNK.IS,12.988579750061035
2023-05-26,AKBNK.IS,13.1793212890625
2023-05-29,AKBNK.IS,13.524473190307617
2023-05-30,AKBNK.IS,14.868744850158691
2023-05-31,AKBNK.IS,14.351018905639648
2023-06-01,AKBNK.IS,14.841495513916016
2023-06-02,AKBNK.IS,15.940529823303223
2023-06-05,AKBNK.IS,16.503671646118164
2023-06-06,AKBNK.IS,16.385595321655273
2023-06-07,AKBNK.IS,16.703495025634766
2023-06-08,AKBNK.IS,16.939651489257812
2023-06-09,AKBNK.IS,16.767074584960938
2023-06-12,AKBNK.IS,16.42192268371582
2023-06-13,AKBNK.IS,16.376510620117188
2023-06-14,AKBNK.IS,16.685331344604492
2023-06-15,AKBNK.IS,17.466459274291992
2023-06-16,AKBNK.IS,17.15764045715332
2023-06-19,AKBNK.IS,16.812490463256836
2023-06-20,AKBNK.IS,17.293886184692383
2023-06-21,AKBNK.IS,17.53912353515625
2023-06-22,AKBNK.IS,17.430130004882812
2023-06-23,AKBNK.IS,17.97510528564453
2023-06-26,AKBNK.IS,18.54732894897461
2023-06-27,AKBNK.IS,18.347503662109375
2023-07-03,AKBNK.IS,18.801651000976562
2023-07-04,AKBNK.IS,19.164966583251953
2023-07-05,AKBNK.IS,18.946977615356445
2023-07-06,AKBNK.IS,18.583660125732422
2023-07-07,AKBNK.IS,18.402000427246094
2023-07-10,AKBNK.IS,18.619991302490234
2023-07-11,AKBNK.IS,19.873435974121094
2023-07-12,AKBNK.IS,20.981552124023438
2023-07-13,AKBNK.IS,22.19866371154785
2023-07-14,AKBNK.IS,22.489316940307617
2023-07-17,AKBNK.IS,22.99795913696289
2023-07-18,AKBNK.IS,21.363035202026367
2023-07-19,AKBNK.IS,22.725475311279297
2023-07-20,AKBNK.IS,22.4348201751709
2023-07-21,AKBNK.IS,21.76268196105957
2023-07-24,AKBNK.IS,22.52564811706543
2023-07-25,AKBNK.IS,22.616477966308594
2023-07-26,AKBNK.IS,22.707305908203125
2023-07-27,AKBNK.IS,24.015249252319336
2023-07-28,AKBNK.IS,25.940826416015625
2023-07-31,AKBNK.IS,25.377687454223633
2023-08-01,AKBNK.IS,24.578388214111328
2023-08-02,AKBNK.IS,25.468517303466797
2023-08-03,AKBNK.IS,24.778215408325195
2023-08-04,AKBNK.IS,25.704669952392578
2023-08-07,AKBNK.IS,25.541179656982422
2023-08-08,AKBNK.IS,25.5775089263916
2023-08-09,AKBNK.IS,28.1207275390625
2023-08-10,AKBNK.IS,27.848241806030273
2023-08-11,AKBNK.IS,28.048065185546875
2023-08-14,AKBNK.IS,27.43042755126953
2023-08-15,AKBNK.IS,27.575754165649414
2023-08-16,AKBNK.IS,27.048946380615234
2023-08-17,AKBNK.IS,27.394094467163086
2023-08-18,AKBNK.IS,26.03165626525879
2023-08-21,AKBNK.IS,25.741003036499023
2023-08-22,AKBNK.IS,24.978038787841797
2023-08-23,AKBNK.IS,25.123363494873047
2023-08-24,AKBNK.IS,27.630250930786133
2023-08-25,AKBNK.IS,27.19426918029785
2023-08-28,AKBNK.IS,27.067108154296875
2023-08-29,AKBNK.IS,27.43042755126953
2023-08-31,AKBNK.IS,26.14065170288086
2023-09-01,AKBNK.IS,26.685625076293945
2023-09-04,AKBNK.IS,27.448593139648438
2023-09-05,AKBNK.IS,28.66570472717285
2023-09-06,AKBNK.IS,28.52037811279297
2023-09-07,AKBNK.IS,29.62849235534668
2023-09-08,AKBNK.IS,29.337839126586914
2023-09-11,AKBNK.IS,27.81191062927246
2023-09-12,AKBNK.IS,26.90361976623535
2023-09-13,AKBNK.IS,26.46763801574707
2023-09-14,AKBNK.IS,26.158817291259766
2023-09-15,AKBNK.IS,25.831832885742188
2023-09-18,AKBNK.IS,25.92266273498535
2023-09-19,AKBNK.IS,26.322309494018555
2023-09-20,AKBNK.IS,26.88545036315918
2023-09-21,AKBNK.IS,28.338720321655273
2023-09-22,AKBNK.IS,27.975400924682617
2023-09-25,AKBNK.IS,29.265178680419922
2023-09-26,AKBNK.IS,28.774700164794922
2023-09-27,AKBNK.IS,28.66570472717285
2023-09-28,AKBNK.IS,29.101686477661133
2023-09-29,AKBNK.IS,30.391460418701172
2023-10-02,AKBNK.IS,31.317916870117188
2023-10-03,AKBNK.IS,30.79111099243164
2023-10-04,AKBNK.IS,30.373292922973633
2023-10-05,AKBNK.IS,31.0635986328125
2023-10-06,AKBNK.IS,30.5731201171875
2023-10-09,AKBNK.IS,29.3015079498291
2023-10-10,AKBNK.IS,30.100805282592773
2023-10-11,AKBNK.IS,30.264301300048828
2023-10-12,AKBNK.IS,29.900981903076172
2023-10-13,AKBNK.IS,28.702037811279297
2023-10-16,AKBNK.IS,28.738367080688477
2023-10-17,AKBNK.IS,29.265178680419922
2023-10-18,AKBNK.IS,28.429546356201172
2023-10-19,AKBNK.IS,28.08439826965332
2023-10-20,AKBNK.IS,27.176105499267578
2023-10-23,AKBNK.IS,27.70291519165039
2023-10-24,AKBNK.IS,28.756532669067383
2023-10-25,AKBNK.IS,26.88545036315918
2023-10-26,AKBNK.IS,27.975400924682617
2023-10-27,AKBNK.IS,28.08439826965332
2023-10-30,AKBNK.IS,27.448593139648438
2023-10-31,AKBNK.IS,26.758289337158203
2023-11-01,AKBNK.IS,26.9399471282959
2023-11-02,AKBNK.IS,27.26693344116211
2023-11-03,AKBNK.IS,27.248769760131836
2023-11-06,AKBNK.IS,27.75741195678711
2023-11-07,AKBNK.IS,27.466758728027344
2023-11-08,AKBNK.IS,27.067108154296875
2023-11-09,AKBNK.IS,26.667463302612305
2023-11-10,AKBNK.IS,26.322309494018555
2023-11-13,AKBNK.IS,25.43218421936035
2023-11-14,AKBNK.IS,25.940826416015625
2023-11-15,AKBNK.IS,25.97715950012207
2023-11-16,AKBNK.IS,27.230602264404297
2023-11-17,AKBNK.IS,27.321430206298828
2023-11-20,AKBNK.IS,27.648418426513672
2023-11-21,AKBNK.IS,28.102563858032227
2023-11-22,AKBNK.IS,28.048065185546875
2023-11-23,AKBNK.IS,28.574872970581055
2023-11-24,AKBNK.IS,28.938190460205078
2023-11-27,AKBNK.IS,31.154422760009766
2023-11-28,AKBNK.IS,30.70027732849121
2023-11-29,AKBNK.IS,30.80927276611328
2023-11-30,AKBNK.IS,30.554950714111328
2023-12-01,AKBNK.IS,31.663070678710938
2023-12-04,AKBNK.IS,32.89834976196289
2023-12-05,AKBNK.IS,33.2071647644043
2023-12-06,AKBNK.IS,33.15266799926758
2023-12-07,AKBNK.IS,32.58952713012695
2023-12-08,AKBNK.IS,31.753896713256836
2023-12-11,AKBNK.IS,31.69940185546875
2023-12-12,AKBNK.IS,33.82480239868164
2023-12-13,AKBNK.IS,33.40699005126953
2023-12-14,AKBNK.IS,34.82392501831055
2023-12-15,AKBNK.IS,35.514225006103516
2023-12-18,AKBNK.IS,35.78671646118164
2023-12-19,AKBNK.IS,35.31440353393555
2023-12-20,AKBNK.IS,36.277191162109375
2023-12-21,AKBNK.IS,35.514225006103516
2023-12-22,AKBNK.IS,35.5687255859375
2023-12-25,AKBNK.IS,34.55144119262695
2023-12-26,AKBNK.IS,34.22445297241211
2023-12-27,AKBNK.IS,32.58952713012695
2023-12-28,AKBNK.IS,32.73485565185547
2023-12-29,AKBNK.IS,33.170833587646484
2024-01-02,AKBNK.IS,33.18899917602539
2024-01-03,AKBNK.IS,32.09905242919922
2024-01-04,AKBNK.IS,32.97100830078125
2024-01-05,AKBNK.IS,33.40699005126953
2024-01-08,AKBNK.IS,36.73133850097656
2024-01-09,AKBNK.IS,36.186363220214844
2024-01-10,AKBNK.IS,37.00382995605469
2024-01-11,AKBNK.IS,37.34897994995117
2024-01-12,AKBNK.IS,39.292720794677734
2024-01-15,AKBNK.IS,39.220062255859375
2024-01-16,AKBNK.IS,37.966617584228516
2024-01-17,AKBNK.IS,38.148277282714844
2024-01-18,AKBNK.IS,37.25815200805664
2024-01-19,AKBNK.IS,37.167320251464844
2024-01-22,AKBNK.IS,36.386192321777344
2024-01-23,AKBNK.IS,34.66043472290039
2024-01-24,AKBNK.IS,36.69500732421875
2024-01-25,AKBNK.IS,36.64051055908203
2024-01-26,AKBNK.IS,36.622344970703125
2024-01-29,AKBNK.IS,36.02286911010742
2024-01-30,AKBNK.IS,36.02286911010742
2024-01-31,AKBNK.IS,35.913875579833984
2024-02-01,AKBNK.IS,36.404354095458984
2024-02-02,AKBNK.IS,35.65955352783203
2024-02-05,AKBNK.IS,36.531517028808594
2024-02-06,AKBNK.IS,37.27631759643555
2024-02-07,AKBNK.IS,36.73133850097656
2024-02-08,AKBNK.IS,36.676841735839844
2024-02-09,AKBNK.IS,36.56784439086914
2024-02-12,AKBNK.IS,37.385311126708984
2024-02-13,AKBNK.IS,36.80400085449219
2024-02-14,AKBNK.IS,37.23998260498047
2024-02-15,AKBNK.IS,38.021114349365234
2024-02-16,AKBNK.IS,37.67596435546875
2024-02-19,AKBNK.IS,37.73046112060547
2024-02-20,AKBNK.IS,39.147396087646484
2024-02-21,AKBNK.IS,39.510711669921875
2024-02-22,AKBNK.IS,38.45709991455078
2024-02-23,AKBNK.IS,38.96574401855469
2024-02-26,AKBNK.IS,37.839454650878906
2024-02-27,AKBNK.IS,37.78495788574219
2024-02-28,AKBNK.IS,36.749507904052734
2024-02-29,AKBNK.IS,37.76679611206055
2024-03-01,AKBNK.IS,36.60417938232422
2024-03-04,AKBNK.IS,35.44156265258789
2024-03-05,AKBNK.IS,35.768550872802734
2024-03-06,AKBNK.IS,35.15091323852539
2024-03-07,AKBNK.IS,37.20364761352539
2024-03-08,AKBNK.IS,38.00294876098633
2024-03-11,AKBNK.IS,38.874908447265625
2024-03-12,AKBNK.IS,39.765037536621094
2024-03-13,AKBNK.IS,37.966617584228516
2024-03-14,AKBNK.IS,36.840335845947266
2024-03-15,AKBNK.IS,36.077369689941406
2024-03-18,AKBNK.IS,36.4588508605957
2024-03-19,AKBNK.IS,38.43893051147461
2024-03-20,AKBNK.IS,38.729583740234375
2024-03-21,AKBNK.IS,40.90948486328125
2024-03-22,AKBNK.IS,41.617950439453125
2024-03-25,AKBNK.IS,41.78144454956055
2024-03-26,AKBNK.IS,41.96863555908203
2024-03-27,AKBNK.IS,42.082374572753906
2024-03-28,AKBNK.IS,44.338138580322266
2024-03-29,AKBNK.IS,44.338138580322266
2024-04-01,AKBNK.IS,45.304893493652344
2024-04-02,AKBNK.IS,46.72659683227539
2024-04-03,AKBNK.IS,46.669734954833984
2024-04-04,AKBNK.IS,49.6647834777832
2024-04-05,AKBNK.IS,52.74513626098633
2024-04-08,AKBNK.IS,52.60296630859375
2024-04-09,AKBNK.IS,35.71885395050049
2024-04-15,AKBNK.IS,55.351593017578125
2024-04-16,AKBNK.IS,52.9346923828125
2024-04-17,AKBNK.IS,53.1242561340332
2024-04-18,AKBNK.IS,55.49375915527344
2024-04-19,AKBNK.IS,59.237571716308594
2024-04-22,AKBNK.IS,56.72590255737305
2024-04-24,AKBNK.IS,57.152408599853516
2024-04-25,AKBNK.IS,54.45117950439453
2024-04-26,AKBNK.IS,55.96765899658203
2024-04-29,AKBNK.IS,57.199798583984375
2024-04-30,AKBNK.IS,56.34678268432617
2024-05-02,AKBNK.IS,55.11463928222656
2024-05-03,AKBNK.IS,56.915462493896484
2024-05-06,AKBNK.IS,57.10502243041992
2024-05-07,AKBNK.IS,58.384552001953125
2024-05-08,AKBNK.IS,56.868072509765625
2024-05-09,AKBNK.IS,56.29939270019531
2024-05-10,AKBNK.IS,54.78290939331055
2024-05-13,AKBNK.IS,53.076866149902344
2024-05-14,AKBNK.IS,54.49856948852539
2024-05-15,AKBNK.IS,54.214229583740234
2024-05-16,AKBNK.IS,56.06243896484375
2024-05-17,AKBNK.IS,59.616695404052734
2024-05-20,AKBNK.IS,61.1331787109375
2024-05-21,AKBNK.IS,63.83441162109375
2024-05-22,AKBNK.IS,62.79182815551758
2024-05-23,AKBNK.IS,63.076171875
2024-05-24,AKBNK.IS,63.028778076171875
2024-05-27,AKBNK.IS,64.45048522949219
2024-05-28,AKBNK.IS,66.15652465820312
2024-05-29,AKBNK.IS,62.55487823486328
2024-05-30,AKBNK.IS,62.270538330078125
2024-05-31,AKBNK.IS,62.933998107910156
2024-06-03,AKBNK.IS,63.3131217956543
2024-06-04,AKBNK.IS,60.18537521362305
2024-06-05,AKBNK.IS,59.095401763916016
2024-06-06,AKBNK.IS,57.958045959472656
2024-06-07,AKBNK.IS,56.20460891723633
2024-06-10,AKBNK.IS,56.34678268432617
2024-06-11,AKBNK.IS,57.43675231933594
2024-06-12,AKBNK.IS,58.9532356262207
2024-06-13,AKBNK.IS,58.289772033691406
2024-06-14,AKBNK.IS,57.91065216064453
2024-06-20,AKBNK.IS,60.4697151184082
2024-06-21,AKBNK.IS,62.55487823486328
2024-06-24,AKBNK.IS,63.64485549926758
2024-06-25,AKBNK.IS,61.796634674072266
2024-06-26,AKBNK.IS,61.417518615722656
2024-06-27,AKBNK.IS,63.360511779785156
2024-06-28,AKBNK.IS,60.706668853759766
2024-07-01,AKBNK.IS,58.716285705566406
2024-07-02,AKBNK.IS,59.4271354675293
2024-07-03,AKBNK.IS,62.79182815551758
2024-07-04,AKBNK.IS,63.7396354675293
2024-07-05,AKBNK.IS,63.26573181152344
2024-07-08,AKBNK.IS,64.1661376953125
2024-07-09,AKBNK.IS,61.22795486450195
2024-07-10,AKBNK.IS,60.65927505493164
2024-07-11,AKBNK.IS,63.21833419799805
2024-07-12,AKBNK.IS,63.21833419799805
2024-07-16,AKBNK.IS,64.73482513427734
2024-07-17,AKBNK.IS,64.30830383300781
2024-07-18,AKBNK.IS,64.6400375366211
2024-07-19,AKBNK.IS,65.16133117675781
2024-07-22,AKBNK.IS,65.68262481689453
2024-07-23,AKBNK.IS,65.68262481689453
2024-07-24,AKBNK.IS,63.97658157348633
2024-07-25,AKBNK.IS,62.12837219238281
2024-07-26,AKBNK.IS,62.22315216064453
2024-07-29,AKBNK.IS,61.27534866333008
2024-07-30,AKBNK.IS,59.474525451660156
2024-07-31,AKBNK.IS,58.66889572143555
2024-08-01,AKBNK.IS,59.901039123535156
2024-08-02,AKBNK.IS,57.05763244628906
2024-08-05,AKBNK.IS,53.92988967895508
2024-08-06,AKBNK.IS,52.74513626098633
2024-08-07,AKBNK.IS,52.79252624511719
2024-08-08,AKBNK.IS,52.9346923828125
2024-08-09,AKBNK.IS,50.186073303222656
2024-08-12,AKBNK.IS,51.370826721191406
2024-08-13,AKBNK.IS,52.83991622924805
2024-08-14,AKBNK.IS,53.26642990112305
2024-08-15,AKBNK.IS,55.30419921875
2024-08-16,AKBNK.IS,53.88249588012695
2024-08-19,AKBNK.IS,57.10502243041992
2024-08-20,AKBNK.IS,56.773292541503906
2024-08-21,AKBNK.IS,56.06243896484375
2024-08-22,AKBNK.IS,56.441558837890625
2024-08-23,AKBNK.IS,55.06724548339844
2024-08-26,AKBNK.IS,55.44636917114258
2024-08-27,AKBNK.IS,56.01504898071289
2024-08-28,AKBNK.IS,55.63593292236328
2024-08-29,AKBNK.IS,55.25680923461914
2024-09-02,AKBNK.IS,58.24238204956055
2024-09-03,AKBNK.IS,57.76848602294922
2024-09-04,AKBNK.IS,57.91065216064453
2024-09-05,AKBNK.IS,57.43675231933594
2024-09-06,AKBNK.IS,56.53634262084961
2024-09-09,AKBNK.IS,55.01985549926758
2024-09-10,AKBNK.IS,53.503379821777344
2024-09-11,AKBNK.IS,52.41340637207031
2024-09-12,AKBNK.IS,53.835105895996094
2024-09-13,AKBNK.IS,53.645545959472656
2024-09-16,AKBNK.IS,53.26642990112305
2024-09-17,AKBNK.IS,54.83029556274414
2024-09-18,AKBNK.IS,55.49375915527344
2024-09-19,AKBNK.IS,58.14760208129883
2024-09-20,AKBNK.IS,57.0102424621582
2024-09-23,AKBNK.IS,58.05282211303711
2024-09-24,AKBNK.IS,60.51710510253906
2024-09-25,AKBNK.IS,60.56449890136719
2024-09-26,AKBNK.IS,59.80625534057617
2024-09-27,AKBNK.IS,60.232765197753906
2024-09-30,AKBNK.IS,58.384552001953125
2024-10-01,AKBNK.IS,54.640743255615234
2024-10-02,AKBNK.IS,50.09129333496094
2024-10-03,AKBNK.IS,48.85914993286133
2024-10-04,AKBNK.IS,51.512996673583984
2024-10-07,AKBNK.IS,52.74513626098633
2024-10-08,AKBNK.IS,53.1242561340332
2024-10-09,AKBNK.IS,54.214229583740234
2024-10-10,AKBNK.IS,52.83991622924805
2024-10-11,AKBNK.IS,52.65035629272461
2024-10-14,AKBNK.IS,51.08648681640625
2024-10-15,AKBNK.IS,51.512996673583984
2024-10-16,AKBNK.IS,51.6551628112793
2024-10-17,AKBNK.IS,50.47041702270508
2024-10-18,AKBNK.IS,47.532230377197266
2024-10-21,AKBNK.IS,45.930442810058594
2024-10-22,AKBNK.IS,47.295284271240234
2024-10-23,AKBNK.IS,46.555992126464844
2024-10-24,AKBNK.IS,47.08676528930664
2024-10-25,AKBNK.IS,47.37110137939453
2024-10-28,AKBNK.IS,47.35214614868164
2024-10-30,AKBNK.IS,48.33786392211914
2024-10-31,AKBNK.IS,47.958740234375
2024-11-01,AKBNK.IS,47.31423568725586
2024-11-04,AKBNK.IS,44.50874328613281
2024-11-05,AKBNK.IS,43.97797775268555
2024-11-06,AKBNK.IS,44.982643127441406
2024-11-07,AKBNK.IS,45.87358093261719
2024-11-08,AKBNK.IS,48.52742004394531
2024-11-11,AKBNK.IS,49.806949615478516
2024-11-12,AKBNK.IS,50.233463287353516
2024-11-13,AKBNK.IS,51.08648681640625
2024-11-14,AKBNK.IS,52.5081901550293
2024-11-15,AKBNK.IS,51.98689270019531
2024-11-18,AKBNK.IS,52.176456451416016
2024-11-19,AKBNK.IS,50.75475311279297
2024-11-20,AKBNK.IS,49.475223541259766
2024-11-21,AKBNK.IS,53.92988967895508
2024-11-22,AKBNK.IS,57.43675231933594
2024-11-25,AKBNK.IS,56.488948822021484
2024-11-26,AKBNK.IS,56.10982894897461
2024-11-27,AKBNK.IS,56.34678268432617
2024-11-28,AKBNK.IS,56.58373260498047
2024-11-29,AKBNK.IS,57.673702239990234
2024-12-02,AKBNK.IS,57.81587219238281
2024-12-03,AKBNK.IS,60.090599060058594
2024-12-04,AKBNK.IS,59.474525451660156
2024-12-05,AKBNK.IS,60.13798522949219
2024-12-06,AKBNK.IS,61.891422271728516
2024-12-09,AKBNK.IS,62.8866081237793
2024-12-10,AKBNK.IS,61.74924850463867
2024-12-11,AKBNK.IS,60.56449890136719
2024-12-12,AKBNK.IS,60.327545166015625
2024-12-13,AKBNK.IS,60.232765197753906
2024-12-16,AKBNK.IS,59.4271354675293
2024-12-17,AKBNK.IS,59.4271354675293
2024-12-18,AKBNK.IS,59.616695404052734
2024-12-19,AKBNK.IS,57.958045959472656
2024-12-20,AKBNK.IS,57.531532287597656
2024-12-23,AKBNK.IS,56.20460891723633
2024-12-24,AKBNK.IS,57.10502243041992
2024-12-25,AKBNK.IS,61.65446853637695
2024-12-26,AKBNK.IS,62.22315216064453
2024-12-27,AKBNK.IS,62.79182815551758
2024-12-30,AKBNK.IS,62.22315216064453
2024-12-31,AKBNK.IS,61.46490478515625
2015-03-11,BIMAS.IS,7.954674243927002
2015-03-12,BIMAS.IS,7.883009433746338
2015-03-13,BIMAS.IS,7.739683151245117
2015-03-16,BIMAS.IS,7.909884452819824
2015-03-17,BIMAS.IS,7.963632106781006
2015-03-18,BIMAS.IS,8.16070556640625
2015-03-19,BIMAS.IS,8.11591625213623
2015-03-20,BIMAS.IS,8.357782363891602
2015-03-23,BIMAS.IS,8.330906867980957
2015-03-24,BIMAS.IS,8.133833885192871
2015-03-25,BIMAS.IS,8.10696029663086
2015-03-26,BIMAS.IS,8.241331100463867
2015-03-27,BIMAS.IS,8.259245872497559
2015-03-30,BIMAS.IS,8.366740226745605
2015-03-31,BIMAS.IS,8.366740226745605
2015-04-01,BIMAS.IS,8.330906867980957
2015-04-02,BIMAS.IS,8.563814163208008
2015-04-03,BIMAS.IS,8.725059509277344
2015-04-06,BIMAS.IS,8.769850730895996
2015-04-07,BIMAS.IS,8.82359790802002
2015-04-08,BIMAS.IS,8.841510772705078
2015-04-09,BIMAS.IS,8.975882530212402
2015-04-10,BIMAS.IS,8.904218673706055
2015-04-13,BIMAS.IS,8.841510772705078
2015-04-14,BIMAS.IS,8.814637184143066
2015-04-15,BIMAS.IS,8.716100692749023
2015-04-16,BIMAS.IS,8.662352561950684
2015-04-17,BIMAS.IS,8.689229011535645
2015-04-20,BIMAS.IS,8.742974281311035
2015-04-21,BIMAS.IS,8.913179397583008
2015-04-22,BIMAS.IS,8.796723365783691
2015-04-23,BIMAS.IS,8.796723365783691
2015-04-24,BIMAS.IS,8.975882530212402
2015-04-27,BIMAS.IS,8.94005012512207
2015-04-28,BIMAS.IS,8.99379825592041
2015-04-29,BIMAS.IS,8.957966804504395
2015-04-30,BIMAS.IS,8.86838436126709
2015-05-01,BIMAS.IS,8.86838436126709
2015-05-04,BIMAS.IS,8.77880859375
2015-05-05,BIMAS.IS,8.680268287658691
2015-05-06,BIMAS.IS,8.734017372131348
2015-05-07,BIMAS.IS,8.653395652770996
2015-05-08,BIMAS.IS,8.805681228637695
2015-05-11,BIMAS.IS,8.814637184143066
2015-05-12,BIMAS.IS,8.77880859375
2015-05-13,BIMAS.IS,8.83255386352539
2015-05-14,BIMAS.IS,8.957966804504395
2015-05-15,BIMAS.IS,9.164000511169434
2015-05-18,BIMAS.IS,9.038590431213379
2015-05-19,BIMAS.IS,9.038590431213379
2015-05-20,BIMAS.IS,9.120018005371094
2015-05-21,BIMAS.IS,9.174300193786621
2015-05-22,BIMAS.IS,9.192397117614746
2015-05-25,BIMAS.IS,9.120018005371094
2015-05-26,BIMAS.IS,8.94810962677002
2015-05-27,BIMAS.IS,8.866684913635254
2015-05-28,BIMAS.IS,8.839539527893066
2015-05-29,BIMAS.IS,8.839539527893066
2015-06-01,BIMAS.IS,8.504778861999512
2015-06-02,BIMAS.IS,8.495728492736816
2015-06-03,BIMAS.IS,8.767159461975098
2015-06-04,BIMAS.IS,8.613349914550781
2015-06-05,BIMAS.IS,8.53192138671875
2015-06-08,BIMAS.IS,8.269537925720215
2015-06-09,BIMAS.IS,8.224300384521484
2015-06-10,BIMAS.IS,8.3057279586792
2015-06-11,BIMAS.IS,8.540968894958496
2015-06-12,BIMAS.IS,8.486682891845703
2015-06-15,BIMAS.IS,8.53192138671875
2015-06-16,BIMAS.IS,8.712876319885254
2015-06-17,BIMAS.IS,8.540968894958496
2015-06-18,BIMAS.IS,8.64049243927002
2015-06-19,BIMAS.IS,8.53192138671875
2015-06-22,BIMAS.IS,8.758110046386719
2015-06-23,BIMAS.IS,8.68572998046875
2015-06-24,BIMAS.IS,8.740015029907227
2015-06-25,BIMAS.IS,8.749063491821289
2015-06-26,BIMAS.IS,8.72192096710205
2015-06-29,BIMAS.IS,8.577157974243164
2015-06-30,BIMAS.IS,8.68572998046875
2015-07-01,BIMAS.IS,8.712876319885254
2015-07-02,BIMAS.IS,8.740015029907227
2015-07-03,BIMAS.IS,8.749063491821289
2015-07-06,BIMAS.IS,8.749063491821289
2015-07-07,BIMAS.IS,8.631446838378906
2015-07-08,BIMAS.IS,8.667632102966309
2015-07-09,BIMAS.IS,8.703824996948242
2015-07-10,BIMAS.IS,8.68572998046875
2015-07-13,BIMAS.IS,8.740015029907227
2015-07-14,BIMAS.IS,8.82144546508789
2015-07-15,BIMAS.IS,8.866684913635254
2015-07-16,BIMAS.IS,8.893824577331543
2015-07-17,BIMAS.IS,8.893824577331543
2015-07-20,BIMAS.IS,8.586207389831543
2015-07-21,BIMAS.IS,8.812398910522461
2015-07-22,BIMAS.IS,8.848587989807129
2015-07-23,BIMAS.IS,8.586207389831543
2015-07-24,BIMAS.IS,8.522872924804688
2015-07-27,BIMAS.IS,8.540968894958496
2015-07-28,BIMAS.IS,8.540968894958496
2015-07-29,BIMAS.IS,8.550016403198242
2015-07-30,BIMAS.IS,8.550016403198242
2015-07-31,BIMAS.IS,8.504778861999512
2015-08-03,BIMAS.IS,8.450491905212402
2015-08-04,BIMAS.IS,8.522872924804688
2015-08-05,BIMAS.IS,8.604300498962402
2015-08-06,BIMAS.IS,8.550016403198242
2015-08-07,BIMAS.IS,8.577157974243164
2015-08-10,BIMAS.IS,8.540968894958496
2015-08-11,BIMAS.IS,8.703824996948242
2015-08-12,BIMAS.IS,8.785255432128906
2015-08-13,BIMAS.IS,8.875728607177734
2015-08-14,BIMAS.IS,8.911921501159668
2015-08-17,BIMAS.IS,8.966205596923828
2015-08-18,BIMAS.IS,9.083826065063477
2015-08-19,BIMAS.IS,8.920968055725098
2015-08-20,BIMAS.IS,8.98430347442627
2015-08-21,BIMAS.IS,9.10191822052002
2015-08-24,BIMAS.IS,8.758110046386719
2015-08-25,BIMAS.IS,8.911921501159668
2015-08-26,BIMAS.IS,8.866684913635254
2015-08-27,BIMAS.IS,9.020491600036621
2015-08-28,BIMAS.IS,9.029541015625
2015-08-31,BIMAS.IS,9.129067420959473
2015-09-01,BIMAS.IS,9.083826065063477
2015-09-02,BIMAS.IS,9.346208572387695
2015-09-03,BIMAS.IS,9.66287612915039
2015-09-04,BIMAS.IS,9.472874641418457
2015-09-07,BIMAS.IS,9.192397117614746
2015-09-08,BIMAS.IS,9.110969543457031
2015-09-09,BIMAS.IS,9.083826065063477
2015-09-10,BIMAS.IS,9.23763370513916
2015-09-11,BIMAS.IS,9.282875061035156
2015-09-14,BIMAS.IS,9.436683654785156
2015-09-15,BIMAS.IS,9.644777297973633
2015-09-16,BIMAS.IS,9.717161178588867
2015-09-17,BIMAS.IS,9.898115158081055
2015-09-18,BIMAS.IS,10.042876243591309
2015-09-21,BIMAS.IS,10.07002067565918
2015-09-22,BIMAS.IS,9.934304237365723
2015-09-23,BIMAS.IS,9.83477783203125
2015-09-24,BIMAS.IS,9.83477783203125
2015-09-25,BIMAS.IS,9.83477783203125
2015-09-28,BIMAS.IS,9.58144760131836
2015-09-29,BIMAS.IS,9.735254287719727
2015-09-30,BIMAS.IS,9.708112716674805
2015-10-01,BIMAS.IS,9.83477783203125
2015-10-02,BIMAS.IS,9.943349838256836
2015-10-05,BIMAS.IS,10.223828315734863
2015-10-06,BIMAS.IS,10.359542846679688
2015-10-07,BIMAS.IS,10.413829803466797
2015-10-08,BIMAS.IS,10.359542846679688
2015-10-09,BIMAS.IS,10.495257377624512
2015-10-12,BIMAS.IS,10.630972862243652
2015-10-13,BIMAS.IS,10.431926727294922
2015-10-14,BIMAS.IS,10.450018882751465
2015-10-15,BIMAS.IS,10.712401390075684
2015-10-16,BIMAS.IS,10.57668685913086
2015-10-19,BIMAS.IS,10.748592376708984
2015-10-20,BIMAS.IS,10.830018997192383
2015-10-21,BIMAS.IS,10.629631996154785
2015-10-22,BIMAS.IS,10.711609840393066
2015-10-23,BIMAS.IS,10.830020904541016
2015-10-26,BIMAS.IS,10.92110538482666
2015-10-27,BIMAS.IS,10.748041152954102
2015-10-28,BIMAS.IS,10.830020904541016
2015-10-29,BIMAS.IS,10.830020904541016
2015-10-30,BIMAS.IS,10.802694320678711
2015-11-02,BIMAS.IS,11.039515495300293
2015-11-03,BIMAS.IS,10.93021297454834
2015-11-04,BIMAS.IS,10.93021297454834
2015-11-05,BIMAS.IS,10.839129447937012
2015-11-06,BIMAS.IS,10.802694320678711
2015-11-09,BIMAS.IS,10.911995887756348
2015-11-10,BIMAS.IS,10.811802864074707
2015-11-11,BIMAS.IS,10.729825973510742
2015-11-12,BIMAS.IS,10.775367736816406
2015-11-13,BIMAS.IS,10.775367736816406
2015-11-16,BIMAS.IS,10.547657012939453
2015-11-17,BIMAS.IS,10.38370418548584
2015-11-18,BIMAS.IS,10.33816146850586
2015-11-19,BIMAS.IS,10.210638999938965
2015-11-20,BIMAS.IS,10.347267150878906
2015-11-23,BIMAS.IS,10.33816146850586
2015-11-24,BIMAS.IS,10.137775421142578
2015-11-25,BIMAS.IS,10.247076988220215
2015-11-26,BIMAS.IS,10.01936149597168
2015-11-27,BIMAS.IS,10.028470993041992
2015-11-30,BIMAS.IS,9.928277969360352
2015-12-01,BIMAS.IS,10.028470993041992
2015-12-02,BIMAS.IS,9.973820686340332
2015-12-03,BIMAS.IS,9.79164981842041
2015-12-04,BIMAS.IS,9.62769603729248
2015-12-07,BIMAS.IS,9.618585586547852
2015-12-08,BIMAS.IS,9.700563430786133
2015-12-09,BIMAS.IS,9.80986499786377
2015-12-10,BIMAS.IS,9.864516258239746
2015-12-11,BIMAS.IS,9.79164981842041
2015-12-14,BIMAS.IS,9.673240661621094
2015-12-15,BIMAS.IS,9.873628616333008
2015-12-16,BIMAS.IS,9.782540321350098
2015-12-17,BIMAS.IS,9.828083992004395
2015-12-18,BIMAS.IS,9.800756454467773
2015-12-21,BIMAS.IS,9.709671020507812
2015-12-22,BIMAS.IS,9.727890014648438
2015-12-23,BIMAS.IS,9.755215644836426
2015-12-24,BIMAS.IS,9.7369966506958
2015-12-25,BIMAS.IS,9.74610710144043
2015-12-28,BIMAS.IS,9.74610710144043
2015-12-29,BIMAS.IS,9.74610710144043
2015-12-30,BIMAS.IS,9.63680362701416
2015-12-31,BIMAS.IS,9.354437828063965
2016-01-01,BIMAS.IS,9.354437828063965
2016-01-04,BIMAS.IS,9.254246711730957
2016-01-05,BIMAS.IS,9.290680885314941
2016-01-06,BIMAS.IS,9.172270774841309
2016-01-07,BIMAS.IS,9.236028671264648
2016-01-08,BIMAS.IS,9.050215721130371
2016-01-11,BIMAS.IS,8.962773323059082
2016-01-12,BIMAS.IS,9.090293884277344
2016-01-13,BIMAS.IS,9.154054641723633
2016-01-14,BIMAS.IS,9.172270774841309
2016-01-15,BIMAS.IS,9.097579002380371
2016-01-18,BIMAS.IS,9.010137557983398
2016-01-19,BIMAS.IS,8.951844215393066
2016-01-20,BIMAS.IS,8.838900566101074
2016-01-21,BIMAS.IS,8.664015769958496
2016-01-22,BIMAS.IS,8.664015769958496
2016-01-25,BIMAS.IS,8.878974914550781
2016-01-26,BIMAS.IS,8.868045806884766
2016-01-27,BIMAS.IS,9.079364776611328
2016-01-28,BIMAS.IS,9.163161277770996
2016-01-29,BIMAS.IS,9.101223945617676
2016-02-01,BIMAS.IS,9.154054641723633
2016-02-02,BIMAS.IS,9.37265682220459
2016-02-03,BIMAS.IS,9.527501106262207
2016-02-04,BIMAS.IS,9.445527076721191
2016-02-05,BIMAS.IS,9.381768226623535
2016-02-08,BIMAS.IS,9.208703994750977
2016-02-09,BIMAS.IS,9.097579002380371
2016-02-10,BIMAS.IS,9.028358459472656
2016-02-11,BIMAS.IS,8.882619857788086
2016-02-12,BIMAS.IS,9.053858757019043
2016-02-15,BIMAS.IS,9.072075843811035
2016-02-16,BIMAS.IS,8.98099136352539
2016-02-17,BIMAS.IS,9.199596405029297
2016-02-18,BIMAS.IS,9.518394470214844
2016-02-19,BIMAS.IS,9.80986499786377
2016-02-22,BIMAS.IS,9.982927322387695
2016-02-23,BIMAS.IS,10.028470993041992
2016-02-24,BIMAS.IS,9.982927322387695
2016-02-25,BIMAS.IS,10.18331527709961
2016-02-26,BIMAS.IS,9.864516258239746
2016-02-29,BIMAS.IS,9.973820686340332
2016-03-01,BIMAS.IS,9.973820686340332
2016-03-02,BIMAS.IS,10.01936149597168
2016-03-03,BIMAS.IS,9.910059928894043
2016-03-04,BIMAS.IS,9.83719253540039
2016-03-07,BIMAS.IS,9.800756454467773
2016-03-08,BIMAS.IS,9.655022621154785
2016-03-09,BIMAS.IS,9.83719253540039
2016-03-10,BIMAS.IS,10.429245948791504
2016-03-11,BIMAS.IS,10.465678215026855
2016-03-14,BIMAS.IS,10.593198776245117
2016-03-15,BIMAS.IS,10.63874340057373
2016-03-16,BIMAS.IS,10.63874340057373
2016-03-17,BIMAS.IS,10.857346534729004
2016-03-18,BIMAS.IS,11.0212984085083
2016-03-21,BIMAS.IS,11.10327434539795
2016-03-22,BIMAS.IS,11.167032241821289
2016-03-23,BIMAS.IS,11.012188911437988
2016-03-24,BIMAS.IS,11.030406951904297
2016-03-25,BIMAS.IS,10.884671211242676
2016-03-28,BIMAS.IS,10.911995887756348
2016-03-29,BIMAS.IS,11.10327434539795
2016-03-30,BIMAS.IS,11.349200248718262
2016-03-31,BIMAS.IS,11.121490478515625
2016-04-01,BIMAS.IS,11.057732582092285
2016-04-04,BIMAS.IS,11.258118629455566
2016-04-05,BIMAS.IS,11.130600929260254
2016-04-06,BIMAS.IS,10.948431968688965
2016-04-07,BIMAS.IS,10.911995887756348
2016-04-08,BIMAS.IS,11.212576866149902
2016-04-11,BIMAS.IS,11.340099334716797
2016-04-12,BIMAS.IS,11.139710426330566
2016-04-13,BIMAS.IS,11.35831069946289
2016-04-14,BIMAS.IS,11.467615127563477
2016-04-15,BIMAS.IS,11.494937896728516
2016-04-18,BIMAS.IS,11.35831069946289
2016-04-19,BIMAS.IS,11.330987930297852
2016-04-20,BIMAS.IS,11.258118629455566
2016-04-21,BIMAS.IS,11.221686363220215
2016-04-22,BIMAS.IS,11.40385627746582
2016-04-25,BIMAS.IS,11.349200248718262
2016-04-26,BIMAS.IS,11.24901294708252
2016-04-27,BIMAS.IS,11.194358825683594
2016-04-28,BIMAS.IS,11.112385749816895
2016-04-29,BIMAS.IS,11.221686363220215
2016-05-02,BIMAS.IS,10.99397087097168
2016-05-03,BIMAS.IS,10.502116203308105
2016-05-04,BIMAS.IS,10.18331527709961
2016-05-05,BIMAS.IS,10.4019193649292
2016-05-06,BIMAS.IS,10.984862327575684
2016-05-09,BIMAS.IS,10.884671211242676
2016-05-10,BIMAS.IS,10.93021297454834
2016-05-11,BIMAS.IS,10.857346534729004
2016-05-12,BIMAS.IS,10.784477233886719
2016-05-13,BIMAS.IS,10.857346534729004
2016-05-16,BIMAS.IS,10.830020904541016
2016-05-17,BIMAS.IS,11.030406951904297
2016-05-18,BIMAS.IS,10.966646194458008
2016-05-19,BIMAS.IS,10.966646194458008
2016-05-20,BIMAS.IS,10.620522499084473
2016-05-23,BIMAS.IS,10.602307319641113
2016-05-24,BIMAS.IS,11.003083229064941
2016-05-25,BIMAS.IS,10.729825973510742
2016-05-26,BIMAS.IS,10.493002891540527
2016-05-27,BIMAS.IS,10.64785099029541
2016-05-30,BIMAS.IS,10.811802864074707
2016-05-31,BIMAS.IS,10.547657012939453
2016-06-01,BIMAS.IS,10.63874340057373
2016-06-02,BIMAS.IS,10.502116203308105
2016-06-03,BIMAS.IS,10.65695858001709
2016-06-06,BIMAS.IS,10.721381187438965
2016-06-07,BIMAS.IS,10.702971458435059
2016-06-08,BIMAS.IS,10.758191108703613
2016-06-09,BIMAS.IS,10.841015815734863
2016-06-10,BIMAS.IS,10.601738929748535
2016-06-13,BIMAS.IS,10.574130058288574
2016-06-14,BIMAS.IS,10.380870819091797
2016-06-15,BIMAS.IS,10.454492568969727
2016-06-16,BIMAS.IS,10.261232376098633
2016-06-17,BIMAS.IS,10.298047065734863
2016-06-20,BIMAS.IS,10.463698387145996
2016-06-21,BIMAS.IS,10.426885604858398
2016-06-22,BIMAS.IS,10.307249069213867
2016-06-23,BIMAS.IS,10.279638290405273
2016-06-24,BIMAS.IS,10.20601749420166
2016-06-27,BIMAS.IS,10.141595840454102
2016-06-28,BIMAS.IS,10.482101440429688
2016-06-29,BIMAS.IS,10.380870819091797
2016-06-30,BIMAS.IS,10.316449165344238
2016-07-01,BIMAS.IS,10.528119087219238
2016-07-04,BIMAS.IS,10.555727005004883
2016-07-05,BIMAS.IS,10.555727005004883
2016-07-06,BIMAS.IS,10.555727005004883
2016-07-07,BIMAS.IS,10.555727005004883
2016-07-08,BIMAS.IS,10.528119087219238
2016-07-11,BIMAS.IS,10.537322044372559
2016-07-12,BIMAS.IS,10.638551712036133
2016-07-13,BIMAS.IS,10.610945701599121
2016-07-14,BIMAS.IS,10.65695858001709
2016-07-15,BIMAS.IS,10.574130058288574
2016-07-18,BIMAS.IS,10.077177047729492
2016-07-19,BIMAS.IS,9.70905876159668
2016-07-20,BIMAS.IS,10.021957397460938
2016-07-21,BIMAS.IS,9.810288429260254
2016-07-22,BIMAS.IS,9.939131736755371
2016-07-25,BIMAS.IS,10.141595840454102
2016-07-26,BIMAS.IS,10.215218544006348
2016-07-27,BIMAS.IS,10.252030372619629
2016-07-28,BIMAS.IS,10.279638290405273
2016-07-29,BIMAS.IS,10.160001754760742
2016-08-01,BIMAS.IS,10.353263854980469
2016-08-02,BIMAS.IS,10.353263854980469
2016-08-03,BIMAS.IS,10.334857940673828
2016-08-04,BIMAS.IS,10.298047065734863
2016-08-05,BIMAS.IS,10.436088562011719
2016-08-08,BIMAS.IS,10.482101440429688
2016-08-09,BIMAS.IS,10.307249069213867
2016-08-10,BIMAS.IS,10.123189926147461
2016-08-11,BIMAS.IS,10.160001754760742
2016-08-12,BIMAS.IS,10.279638290405273
2016-08-15,BIMAS.IS,10.224420547485352
2016-08-16,BIMAS.IS,10.298047065734863
2016-08-17,BIMAS.IS,9.70905876159668
2016-08-18,BIMAS.IS,9.571017265319824
2016-08-19,BIMAS.IS,9.46058177947998
2016-08-22,BIMAS.IS,9.525001525878906
2016-08-23,BIMAS.IS,9.368551254272461
2016-08-24,BIMAS.IS,9.386958122253418
2016-08-25,BIMAS.IS,9.414567947387695
2016-08-26,BIMAS.IS,9.350146293640137
2016-08-29,BIMAS.IS,9.304130554199219
2016-08-30,BIMAS.IS,9.304130554199219
2016-08-31,BIMAS.IS,9.331738471984863
2016-09-01,BIMAS.IS,9.331738471984863
2016-09-02,BIMAS.IS,9.44217586517334
2016-09-05,BIMAS.IS,9.46058177947998
2016-09-06,BIMAS.IS,9.663044929504395
2016-09-07,BIMAS.IS,9.515800476074219
2016-09-08,BIMAS.IS,9.607826232910156
2016-09-09,BIMAS.IS,9.506595611572266
2016-09-12,BIMAS.IS,9.506595611572266
2016-09-13,BIMAS.IS,9.506595611572266
2016-09-14,BIMAS.IS,9.506595611572266
2016-09-15,BIMAS.IS,9.506595611572266
2016-09-16,BIMAS.IS,9.202901840209961
2016-09-19,BIMAS.IS,9.35934829711914
2016-09-20,BIMAS.IS,9.27652359008789
2016-09-21,BIMAS.IS,9.386958122253418
2016-09-22,BIMAS.IS,9.63543701171875
2016-09-23,BIMAS.IS,9.690653800964355
2016-09-26,BIMAS.IS,9.497393608093262
2016-09-27,BIMAS.IS,9.43297290802002
2016-09-28,BIMAS.IS,9.331738471984863
2016-09-29,BIMAS.IS,9.258115768432617
2016-09-30,BIMAS.IS,9.212102890014648
2016-10-03,BIMAS.IS,9.24891471862793
2016-10-04,BIMAS.IS,9.26732063293457
2016-10-05,BIMAS.IS,9.350146293640137
2016-10-06,BIMAS.IS,9.24891471862793
2016-10-07,BIMAS.IS,9.285727500915527
2016-10-10,BIMAS.IS,9.258115768432617
2016-10-11,BIMAS.IS,9.350146293640137
2016-10-12,BIMAS.IS,9.221304893493652
2016-10-13,BIMAS.IS,9.162405014038086
2016-10-14,BIMAS.IS,9.188176155090332
2016-10-17,BIMAS.IS,9.17345142364502
2016-10-18,BIMAS.IS,9.258115768432617
2016-10-19,BIMAS.IS,9.350146293640137
2016-10-20,BIMAS.IS,9.414567947387695
2016-10-21,BIMAS.IS,9.386958122253418
2016-10-24,BIMAS.IS,9.46058177947998
2016-10-25,BIMAS.IS,9.44217586517334
2016-10-26,BIMAS.IS,9.46058177947998
2016-10-27,BIMAS.IS,9.43297290802002
2016-10-28,BIMAS.IS,9.27652359008789
2016-10-31,BIMAS.IS,9.27652359008789
2016-11-01,BIMAS.IS,9.136638641357422
2016-11-02,BIMAS.IS,8.970985412597656
2016-11-03,BIMAS.IS,8.875275611877441
2016-11-04,BIMAS.IS,8.742754936218262
2016-11-07,BIMAS.IS,9.166871070861816
2016-11-08,BIMAS.IS,9.421712875366211
2016-11-09,BIMAS.IS,9.3659086227417
2016-11-10,BIMAS.IS,9.53332233428955
2016-11-11,BIMAS.IS,9.1705904006958
2016-11-14,BIMAS.IS,9.107345581054688
2016-11-15,BIMAS.IS,9.044099807739258
2016-11-16,BIMAS.IS,9.118505477905273
2016-11-17,BIMAS.IS,9.166871070861816
2016-11-18,BIMAS.IS,9.114787101745605
2016-11-21,BIMAS.IS,9.099906921386719
2016-11-22,BIMAS.IS,9.025500297546387
2016-11-23,BIMAS.IS,9.073861122131348
2016-11-24,BIMAS.IS,9.006896018981934
2016-11-25,BIMAS.IS,8.932487487792969
2016-11-28,BIMAS.IS,9.029218673706055
2016-11-29,BIMAS.IS,8.91388988494873
2016-11-30,BIMAS.IS,8.965973854064941
2016-12-01,BIMAS.IS,8.731593132019043
2016-12-02,BIMAS.IS,8.850643157958984
2016-12-05,BIMAS.IS,8.858081817626953
2016-12-06,BIMAS.IS,8.9213285446167
2016-12-07,BIMAS.IS,9.018060684204102
2016-12-08,BIMAS.IS,8.962252616882324
2016-12-09,BIMAS.IS,8.928771018981934
2016-12-12,BIMAS.IS,8.925047874450684
2016-12-13,BIMAS.IS,9.114787101745605
2016-12-14,BIMAS.IS,9.297083854675293
2016-12-15,BIMAS.IS,9.328705787658691
2016-12-16,BIMAS.IS,9.347308158874512
2016-12-19,BIMAS.IS,9.185473442077637
2016-12-20,BIMAS.IS,9.178032875061035
2016-12-21,BIMAS.IS,9.081303596496582
2016-12-22,BIMAS.IS,9.051538467407227
2016-12-23,BIMAS.IS,8.99573802947998
2016-12-26,BIMAS.IS,8.999456405639648
2016-12-27,BIMAS.IS,8.977133750915527
2016-12-28,BIMAS.IS,9.085025787353516
2016-12-29,BIMAS.IS,9.192914009094238
2016-12-30,BIMAS.IS,9.114787101745605
2017-01-02,BIMAS.IS,9.058980941772461
2017-01-03,BIMAS.IS,9.01061725616455
2017-01-04,BIMAS.IS,9.103626251220703
2017-01-05,BIMAS.IS,9.085025787353516
2017-01-06,BIMAS.IS,9.044099807739258
2017-01-09,BIMAS.IS,8.988295555114746
2017-01-10,BIMAS.IS,8.973414421081543
2017-01-11,BIMAS.IS,9.148268699645996
2017-01-12,BIMAS.IS,9.598428726196289
2017-01-13,BIMAS.IS,9.830947875976562
2017-01-16,BIMAS.IS,9.793745994567871
2017-01-17,BIMAS.IS,9.682134628295898
2017-01-18,BIMAS.IS,9.784442901611328
2017-01-19,BIMAS.IS,9.877453804016113
2017-01-20,BIMAS.IS,10.119274139404297
2017-01-23,BIMAS.IS,9.98906421661377
2017-01-24,BIMAS.IS,10.072770118713379
2017-01-25,BIMAS.IS,9.905354499816895
2017-01-26,BIMAS.IS,9.858850479125977
2017-01-27,BIMAS.IS,9.821648597717285
2017-01-30,BIMAS.IS,9.98906421661377
2017-01-31,BIMAS.IS,10.0169677734375
2017-02-01,BIMAS.IS,9.812348365783691
2017-02-02,BIMAS.IS,9.877453804016113
2017-02-03,BIMAS.IS,9.88675308227539
2017-02-06,BIMAS.IS,9.76584243774414
2017-02-07,BIMAS.IS,9.76584243774414
2017-02-08,BIMAS.IS,9.76584243774414
2017-02-09,BIMAS.IS,9.728638648986816
2017-02-10,BIMAS.IS,9.598428726196289
2017-02-13,BIMAS.IS,9.607728958129883
2017-02-14,BIMAS.IS,9.486820220947266
2017-02-15,BIMAS.IS,9.840250015258789
2017-02-16,BIMAS.IS,9.942558288574219
2017-02-17,BIMAS.IS,9.951859474182129
2017-02-20,BIMAS.IS,9.858850479125977
2017-02-21,BIMAS.IS,9.868149757385254
2017-02-22,BIMAS.IS,9.942558288574219
2017-02-23,BIMAS.IS,9.98906421661377
2017-02-24,BIMAS.IS,9.756540298461914
2017-02-27,BIMAS.IS,9.644933700561523
2017-02-28,BIMAS.IS,9.747241973876953
2017-03-01,BIMAS.IS,9.803047180175781
2017-03-02,BIMAS.IS,9.821648597717285
2017-03-03,BIMAS.IS,9.719340324401855
2017-03-06,BIMAS.IS,9.951859474182129
2017-03-07,BIMAS.IS,10.519207954406738
2017-03-08,BIMAS.IS,10.733126640319824
2017-03-09,BIMAS.IS,10.565712928771973
2017-03-10,BIMAS.IS,10.388997077941895
2017-03-13,BIMAS.IS,10.342493057250977
2017-03-14,BIMAS.IS,10.361092567443848
2017-03-15,BIMAS.IS,10.286687850952148
2017-03-16,BIMAS.IS,10.314589500427246
2017-03-17,BIMAS.IS,10.342493057250977
2017-03-20,BIMAS.IS,10.48200511932373
2017-03-21,BIMAS.IS,10.509907722473145
2017-03-22,BIMAS.IS,10.333192825317383
2017-03-23,BIMAS.IS,10.519207954406738
2017-03-24,BIMAS.IS,10.658721923828125
2017-03-27,BIMAS.IS,10.714524269104004
2017-03-28,BIMAS.IS,10.630815505981445
2017-03-29,BIMAS.IS,10.630815505981445
2017-03-30,BIMAS.IS,10.602913856506348
2017-03-31,BIMAS.IS,10.398299217224121
2017-04-03,BIMAS.IS,10.416899681091309
2017-04-04,BIMAS.IS,10.407600402832031
2017-04-05,BIMAS.IS,10.407600402832031
2017-04-06,BIMAS.IS,10.416899681091309
2017-04-07,BIMAS.IS,10.43549919128418
2017-04-10,BIMAS.IS,10.491307258605957
2017-04-11,BIMAS.IS,10.565712928771973
2017-04-12,BIMAS.IS,10.58431339263916
2017-04-13,BIMAS.IS,10.528507232666016
2017-04-14,BIMAS.IS,10.491307258605957
2017-04-17,BIMAS.IS,10.388997077941895
2017-04-18,BIMAS.IS,10.407600402832031
2017-04-19,BIMAS.IS,10.379694938659668
2017-04-20,BIMAS.IS,10.333192825317383
2017-04-21,BIMAS.IS,10.46340274810791
2017-04-24,BIMAS.IS,10.519207954406738
2017-04-25,BIMAS.IS,10.788930892944336
2017-04-26,BIMAS.IS,10.658721923828125
2017-04-27,BIMAS.IS,10.705222129821777
2017-04-28,BIMAS.IS,10.79823112487793
2017-05-01,BIMAS.IS,10.79823112487793
2017-05-02,BIMAS.IS,10.714524269104004
2017-05-03,BIMAS.IS,10.686624526977539
2017-05-04,BIMAS.IS,10.714524269104004
2017-05-05,BIMAS.IS,10.677321434020996
2017-05-08,BIMAS.IS,10.658721923828125
2017-05-09,BIMAS.IS,11.160964012145996
2017-05-10,BIMAS.IS,11.709712028503418
2017-05-11,BIMAS.IS,11.746914863586426
2017-05-12,BIMAS.IS,11.774811744689941
2017-05-15,BIMAS.IS,11.923629760742188
2017-05-16,BIMAS.IS,11.905028343200684
2017-05-17,BIMAS.IS,11.653905868530273
2017-05-18,BIMAS.IS,11.672508239746094
2017-05-19,BIMAS.IS,11.672508239746094
2017-05-22,BIMAS.IS,11.774811744689941
2017-05-23,BIMAS.IS,11.877124786376953
2017-05-24,BIMAS.IS,11.62600326538086
2017-05-25,BIMAS.IS,11.746914863586426
2017-05-26,BIMAS.IS,11.793417930603027
2017-05-29,BIMAS.IS,11.765517234802246
2017-05-30,BIMAS.IS,11.830621719360352
2017-05-31,BIMAS.IS,11.672508239746094
2017-06-01,BIMAS.IS,11.877124786376953
2017-06-02,BIMAS.IS,12.146849632263184
2017-06-05,BIMAS.IS,12.025938987731934
2017-06-06,BIMAS.IS,11.942230224609375
2017-06-07,BIMAS.IS,11.791302680969238
2017-06-08,BIMAS.IS,11.998827934265137
2017-06-09,BIMAS.IS,12.008261680603027
2017-06-12,BIMAS.IS,12.093159675598145
2017-06-13,BIMAS.IS,12.178058624267578
2017-06-14,BIMAS.IS,12.262954711914062
2017-06-15,BIMAS.IS,12.262954711914062
2017-06-16,BIMAS.IS,12.102594375610352
2017-06-19,BIMAS.IS,12.11202621459961
2017-06-20,BIMAS.IS,12.215789794921875
2017-06-21,BIMAS.IS,12.1214599609375
2017-06-22,BIMAS.IS,12.272385597229004
2017-06-23,BIMAS.IS,12.281825065612793
2017-06-26,BIMAS.IS,12.281825065612793
2017-06-27,BIMAS.IS,12.281825065612793
2017-06-28,BIMAS.IS,12.22522258758545
2017-06-29,BIMAS.IS,12.168624877929688
2017-06-30,BIMAS.IS,12.310121536254883
2017-07-03,BIMAS.IS,12.2063570022583
2017-07-04,BIMAS.IS,12.149758338928223
2017-07-05,BIMAS.IS,12.253520011901855
2017-07-06,BIMAS.IS,12.328984260559082
2017-07-07,BIMAS.IS,12.149758338928223
2017-07-10,BIMAS.IS,12.093159675598145
2017-07-11,BIMAS.IS,12.196921348571777
2017-07-12,BIMAS.IS,12.404450416564941
2017-07-13,BIMAS.IS,12.451615333557129
2017-07-14,BIMAS.IS,12.753472328186035
2017-07-17,BIMAS.IS,12.762906074523926
2017-07-18,BIMAS.IS,12.73460578918457
2017-07-19,BIMAS.IS,12.998732566833496
2017-07-20,BIMAS.IS,12.932701110839844
2017-07-21,BIMAS.IS,12.960999488830566
2017-07-24,BIMAS.IS,12.87610149383545
2017-07-25,BIMAS.IS,12.885533332824707
2017-07-26,BIMAS.IS,12.838371276855469
2017-07-27,BIMAS.IS,12.942131996154785
2017-07-28,BIMAS.IS,12.951568603515625
2017-07-31,BIMAS.IS,12.942131996154785
2017-08-01,BIMAS.IS,13.074195861816406
2017-08-02,BIMAS.IS,13.168527603149414
2017-08-03,BIMAS.IS,12.979866981506348
2017-08-04,BIMAS.IS,13.187396049499512
2017-08-07,BIMAS.IS,13.291155815124512
2017-08-08,BIMAS.IS,12.951568603515625
2017-08-09,BIMAS.IS,12.923266410827637
2017-08-10,BIMAS.IS,12.885533332824707
2017-08-11,BIMAS.IS,12.810070991516113
2017-08-14,BIMAS.IS,12.781774520874023
2017-08-15,BIMAS.IS,13.33831787109375
2017-08-16,BIMAS.IS,13.234557151794434
2017-08-17,BIMAS.IS,13.300588607788086
2017-08-18,BIMAS.IS,13.979767799377441
2017-08-21,BIMAS.IS,13.970335960388184
2017-08-22,BIMAS.IS,13.979767799377441
2017-08-23,BIMAS.IS,14.149564743041992
2017-08-24,BIMAS.IS,13.970335960388184
2017-08-25,BIMAS.IS,14.300491333007812
2017-08-28,BIMAS.IS,14.309921264648438
2017-08-29,BIMAS.IS,14.423120498657227
2017-08-30,BIMAS.IS,14.423120498657227
2017-08-31,BIMAS.IS,14.43255615234375
2017-09-01,BIMAS.IS,14.43255615234375
2017-09-04,BIMAS.IS,14.43255615234375
2017-09-05,BIMAS.IS,14.328792572021484
2017-09-06,BIMAS.IS,14.602349281311035
2017-09-07,BIMAS.IS,14.724980354309082
2017-09-08,BIMAS.IS,14.328792572021484
2017-09-11,BIMAS.IS,14.300491333007812
2017-09-12,BIMAS.IS,14.196728706359863
2017-09-13,BIMAS.IS,14.196728706359863
2017-09-14,BIMAS.IS,14.036368370056152
2017-09-15,BIMAS.IS,13.960901260375977
2017-09-18,BIMAS.IS,14.225028038024902
2017-09-19,BIMAS.IS,14.215592384338379
2017-09-20,BIMAS.IS,14.338224411010742
2017-09-21,BIMAS.IS,14.243895530700684
2017-09-22,BIMAS.IS,14.451419830322266
2017-09-25,BIMAS.IS,14.300491333007812
2017-09-26,BIMAS.IS,14.026932716369629
2017-09-27,BIMAS.IS,13.819404602050781
2017-09-28,BIMAS.IS,13.932600021362305
2017-09-29,BIMAS.IS,14.00806713104248
2017-10-02,BIMAS.IS,14.083531379699707
2017-10-03,BIMAS.IS,13.989203453063965
2017-10-04,BIMAS.IS,13.970335960388184
2017-10-05,BIMAS.IS,13.88543701171875
2017-10-06,BIMAS.IS,13.819404602050781
2017-10-09,BIMAS.IS,13.526982307434082
2017-10-10,BIMAS.IS,13.593013763427734
2017-10-11,BIMAS.IS,14.036368370056152
2017-10-12,BIMAS.IS,14.225028038024902
2017-10-13,BIMAS.IS,14.328792572021484
2017-10-16,BIMAS.IS,14.291059494018555
2017-10-17,BIMAS.IS,14.375951766967773
2017-10-18,BIMAS.IS,14.58348560333252
2017-10-19,BIMAS.IS,14.319358825683594
2017-10-20,BIMAS.IS,14.54574966430664
2017-10-23,BIMAS.IS,14.54574966430664
2017-10-24,BIMAS.IS,14.2627592086792
2017-10-25,BIMAS.IS,14.394824028015137
2017-10-26,BIMAS.IS,14.460856437683105
2017-10-27,BIMAS.IS,14.49858570098877
2017-10-30,BIMAS.IS,14.6212158203125
2017-10-31,BIMAS.IS,14.592915534973145
2017-11-01,BIMAS.IS,15.074002265930176
2017-11-02,BIMAS.IS,15.055132865905762
2017-11-03,BIMAS.IS,15.007969856262207
2017-11-06,BIMAS.IS,15.083429336547852
2017-11-07,BIMAS.IS,15.34756088256836
2017-11-08,BIMAS.IS,15.442588806152344
2017-11-09,BIMAS.IS,15.119484901428223
2017-11-10,BIMAS.IS,14.967436790466309
2017-11-13,BIMAS.IS,14.929421424865723
2017-11-14,BIMAS.IS,14.8533935546875
2017-11-15,BIMAS.IS,14.634825706481934
2017-11-16,BIMAS.IS,14.644327163696289
2017-11-17,BIMAS.IS,14.682339668273926
2017-11-20,BIMAS.IS,14.397246360778809
2017-11-21,BIMAS.IS,14.349732398986816
2017-11-22,BIMAS.IS,14.169173240661621
2017-11-23,BIMAS.IS,14.188177108764648
2017-11-24,BIMAS.IS,14.007616996765137
2017-11-27,BIMAS.IS,13.874573707580566
2017-11-28,BIMAS.IS,13.912586212158203
2017-11-29,BIMAS.IS,13.732025146484375
2017-11-30,BIMAS.IS,13.7510347366333
2017-12-01,BIMAS.IS,13.998114585876465
2017-12-04,BIMAS.IS,13.84606647491455
2017-12-05,BIMAS.IS,13.836560249328613
2017-12-06,BIMAS.IS,13.912586212158203
2017-12-07,BIMAS.IS,13.798547744750977
2017-12-08,BIMAS.IS,14.007616996765137
2017-12-11,BIMAS.IS,13.865069389343262
2017-12-12,BIMAS.IS,14.197680473327637
2017-12-13,BIMAS.IS,14.140663146972656
2017-12-14,BIMAS.IS,14.359236717224121
2017-12-15,BIMAS.IS,14.302215576171875
2017-12-18,BIMAS.IS,14.235692024230957
2017-12-19,BIMAS.IS,14.235692024230957
2017-12-20,BIMAS.IS,14.045631408691406
2017-12-21,BIMAS.IS,14.653830528259277
2017-12-22,BIMAS.IS,14.492279052734375
2017-12-25,BIMAS.IS,14.691845893859863
2017-12-26,BIMAS.IS,14.8533935546875
2017-12-27,BIMAS.IS,14.644327163696289
2017-12-28,BIMAS.IS,14.786876678466797
2017-12-29,BIMAS.IS,14.843893051147461
2018-01-01,BIMAS.IS,14.843893051147461
2018-01-02,BIMAS.IS,15.15749740600586
2018-01-03,BIMAS.IS,14.672834396362305
2018-01-04,BIMAS.IS,14.444761276245117
2018-01-05,BIMAS.IS,14.568305015563965
2018-01-08,BIMAS.IS,14.444761276245117
2018-01-09,BIMAS.IS,14.482769966125488
2018-01-10,BIMAS.IS,14.444761276245117
2018-01-11,BIMAS.IS,14.378241539001465
2018-01-12,BIMAS.IS,14.330723762512207
2018-01-15,BIMAS.IS,14.425756454467773
2018-01-16,BIMAS.IS,14.473268508911133
2018-01-17,BIMAS.IS,14.644327163696289
2018-01-18,BIMAS.IS,14.691845893859863
2018-01-19,BIMAS.IS,14.397246360778809
2018-01-22,BIMAS.IS,14.359236717224121
2018-01-23,BIMAS.IS,14.530288696289062
2018-01-24,BIMAS.IS,14.520788192749023
2018-01-25,BIMAS.IS,14.444761276245117
2018-01-26,BIMAS.IS,14.577807426452637
2018-01-29,BIMAS.IS,14.444761276245117
2018-01-30,BIMAS.IS,14.38774299621582
2018-01-31,BIMAS.IS,14.283206939697266
2018-02-01,BIMAS.IS,14.29271125793457
2018-02-02,BIMAS.IS,14.064635276794434
2018-02-05,BIMAS.IS,14.112152099609375
2018-02-06,BIMAS.IS,13.7510347366333
2018-02-07,BIMAS.IS,13.684511184692383
2018-02-08,BIMAS.IS,13.7510347366333
2018-02-09,BIMAS.IS,13.494449615478516
2018-02-12,BIMAS.IS,13.51345443725586
2018-02-13,BIMAS.IS,13.65600299835205
2018-02-14,BIMAS.IS,13.694015502929688
2018-02-15,BIMAS.IS,13.817554473876953
2018-02-16,BIMAS.IS,13.960103034973145
2018-02-19,BIMAS.IS,14.074139595031738
2018-02-20,BIMAS.IS,14.02662467956543
2018-02-21,BIMAS.IS,14.074139595031738
2018-02-22,BIMAS.IS,13.931593894958496
2018-02-23,BIMAS.IS,13.89358139038086
2018-02-26,BIMAS.IS,14.29271125793457
2018-02-27,BIMAS.IS,14.349732398986816
2018-02-28,BIMAS.IS,14.330723762512207
2018-03-01,BIMAS.IS,13.779541969299316
2018-03-02,BIMAS.IS,13.884077072143555
2018-03-05,BIMAS.IS,14.159668922424316
2018-03-06,BIMAS.IS,13.988609313964844
2018-03-07,BIMAS.IS,13.884077072143555
2018-03-08,BIMAS.IS,14.235692024230957
2018-03-09,BIMAS.IS,14.796378135681152
2018-03-12,BIMAS.IS,14.58730697631836
2018-03-13,BIMAS.IS,14.634825706481934
2018-03-14,BIMAS.IS,14.340228080749512
2018-03-15,BIMAS.IS,14.378241539001465
2018-03-16,BIMAS.IS,14.397246360778809
2018-03-19,BIMAS.IS,14.38774299621582
2018-03-20,BIMAS.IS,14.12165641784668
2018-03-21,BIMAS.IS,14.207181930541992
2018-03-22,BIMAS.IS,14.102646827697754
2018-03-23,BIMAS.IS,13.798547744750977
2018-03-26,BIMAS.IS,13.789043426513672
2018-03-27,BIMAS.IS,13.74152946472168
2018-03-28,BIMAS.IS,13.665505409240723
2018-03-29,BIMAS.IS,13.579977035522461
2018-03-30,BIMAS.IS,13.665505409240723
2018-04-02,BIMAS.IS,13.65600299835205
2018-04-03,BIMAS.IS,13.570472717285156
2018-04-04,BIMAS.IS,13.532461166381836
2018-04-05,BIMAS.IS,13.5609712600708
2018-04-06,BIMAS.IS,13.51345443725586
2018-04-09,BIMAS.IS,13.522955894470215
2018-04-10,BIMAS.IS,13.45643424987793
2018-04-11,BIMAS.IS,13.351901054382324
2018-04-12,BIMAS.IS,13.351901054382324
2018-04-13,BIMAS.IS,13.332895278930664
2018-04-16,BIMAS.IS,13.39941692352295
2018-04-17,BIMAS.IS,13.475444793701172
2018-04-18,BIMAS.IS,13.465934753417969
2018-04-19,BIMAS.IS,13.39941692352295
2018-04-20,BIMAS.IS,13.370906829833984
2018-04-23,BIMAS.IS,13.370906829833984
2018-04-24,BIMAS.IS,13.532461166381836
2018-04-25,BIMAS.IS,13.789043426513672
2018-04-26,BIMAS.IS,13.72252368927002
2018-04-27,BIMAS.IS,13.51345443725586
2018-04-30,BIMAS.IS,13.114323616027832
2018-05-01,BIMAS.IS,13.114323616027832
2018-05-02,BIMAS.IS,13.114323616027832
2018-05-03,BIMAS.IS,13.123826026916504
2018-05-04,BIMAS.IS,12.962273597717285
2018-05-07,BIMAS.IS,12.990781784057617
2018-05-08,BIMAS.IS,13.047802925109863
2018-05-09,BIMAS.IS,13.15233325958252
2018-05-10,BIMAS.IS,13.076312065124512
2018-05-11,BIMAS.IS,13.161839485168457
2018-05-14,BIMAS.IS,13.000286102294922
2018-05-15,BIMAS.IS,12.876748085021973
2018-05-16,BIMAS.IS,13.370906829833984
2018-05-17,BIMAS.IS,13.579977035522461
2018-05-18,BIMAS.IS,13.522955894470215
2018-05-21,BIMAS.IS,13.494449615478516
2018-05-22,BIMAS.IS,13.522955894470215
2018-05-23,BIMAS.IS,13.304384231567383
2018-05-24,BIMAS.IS,13.380410194396973
2018-05-25,BIMAS.IS,13.465934753417969
2018-05-28,BIMAS.IS,13.760537147521973
2018-05-29,BIMAS.IS,13.570472717285156
2018-05-30,BIMAS.IS,13.247363090515137
2018-05-31,BIMAS.IS,13.218856811523438
2018-06-01,BIMAS.IS,12.962273597717285
2018-06-04,BIMAS.IS,12.867242813110352
2018-06-05,BIMAS.IS,12.639164924621582
2018-06-06,BIMAS.IS,12.60051155090332
2018-06-07,BIMAS.IS,13.045010566711426
2018-06-08,BIMAS.IS,12.793773651123047
2018-06-11,BIMAS.IS,12.93871784210205
2018-06-12,BIMAS.IS,12.76478385925293
2018-06-13,BIMAS.IS,12.523210525512695
2018-06-14,BIMAS.IS,13.31557559967041
2018-06-15,BIMAS.IS,13.31557559967041
2018-06-18,BIMAS.IS,12.64882755279541
2018-06-19,BIMAS.IS,12.55219841003418
2018-06-20,BIMAS.IS,12.3009614944458
2018-06-21,BIMAS.IS,12.542536735534668
2018-06-22,BIMAS.IS,13.083663940429688
2018-06-25,BIMAS.IS,12.880741119384766
2018-06-26,BIMAS.IS,12.755122184753418
2018-06-27,BIMAS.IS,12.851750373840332
2018-06-28,BIMAS.IS,13.131978988647461
2018-06-29,BIMAS.IS,12.996694564819336
2018-07-02,BIMAS.IS,12.793773651123047
2018-07-03,BIMAS.IS,12.871077537536621
2018-07-04,BIMAS.IS,13.334900856018066
2018-07-05,BIMAS.IS,13.595800399780273
2018-07-06,BIMAS.IS,13.450858116149902
2018-07-09,BIMAS.IS,13.180293083190918
2018-07-10,BIMAS.IS,13.035346984863281
2018-07-11,BIMAS.IS,12.929054260253906
2018-07-12,BIMAS.IS,12.619839668273926
2018-07-13,BIMAS.IS,12.735795974731445
2018-07-16,BIMAS.IS,12.822761535644531
2018-07-17,BIMAS.IS,12.95804500579834
2018-07-18,BIMAS.IS,13.412205696105957
2018-07-19,BIMAS.IS,13.982320785522461
2018-07-20,BIMAS.IS,14.078951835632324
2018-07-23,BIMAS.IS,13.92434310913086
2018-07-24,BIMAS.IS,13.64411735534668
2018-07-25,BIMAS.IS,13.624789237976074
2018-07-26,BIMAS.IS,13.460518836975098
2018-07-27,BIMAS.IS,13.528157234191895
2018-07-30,BIMAS.IS,13.528157234191895
2018-07-31,BIMAS.IS,13.702095985412598
2018-08-01,BIMAS.IS,13.489508628845215
2018-08-02,BIMAS.IS,13.412205696105957
2018-08-03,BIMAS.IS,13.31557559967041
2018-08-06,BIMAS.IS,13.38321590423584
2018-08-07,BIMAS.IS,13.50883674621582
2018-08-08,BIMAS.IS,13.50883674621582
2018-08-09,BIMAS.IS,13.847036361694336
2018-08-10,BIMAS.IS,13.470178604125977
2018-08-13,BIMAS.IS,13.199616432189941
2018-08-14,BIMAS.IS,12.784112930297852
2018-08-15,BIMAS.IS,12.658493041992188
2018-08-16,BIMAS.IS,12.67781925201416
2018-08-17,BIMAS.IS,12.687482833862305
2018-08-20,BIMAS.IS,12.697142601013184
2018-08-21,BIMAS.IS,12.697142601013184
2018-08-22,BIMAS.IS,12.697142601013184
2018-08-23,BIMAS.IS,12.697142601013184
2018-08-24,BIMAS.IS,12.697142601013184
2018-08-27,BIMAS.IS,12.929054260253906
2018-08-28,BIMAS.IS,13.537825584411621
2018-08-29,BIMAS.IS,13.895352363586426
2018-08-30,BIMAS.IS,13.895352363586426
2018-08-31,BIMAS.IS,14.02096939086914
2018-09-03,BIMAS.IS,14.204567909240723
2018-09-04,BIMAS.IS,13.972657203674316
2018-09-05,BIMAS.IS,13.905014038085938
2018-09-06,BIMAS.IS,14.030632972717285
2018-09-07,BIMAS.IS,14.088611602783203
2018-09-10,BIMAS.IS,14.146590232849121
2018-09-11,BIMAS.IS,14.175579071044922
2018-09-12,BIMAS.IS,14.46546745300293
2018-09-13,BIMAS.IS,14.794014930725098
2018-09-14,BIMAS.IS,14.610413551330566
2018-09-17,BIMAS.IS,14.977606773376465
2018-09-18,BIMAS.IS,14.987268447875977
2018-09-19,BIMAS.IS,14.832659721374512
2018-09-20,BIMAS.IS,15.335134506225586
2018-09-21,BIMAS.IS,15.499406814575195
2018-09-24,BIMAS.IS,15.257829666137695
2018-09-25,BIMAS.IS,15.238506317138672
2018-09-26,BIMAS.IS,15.422100067138672
2018-09-27,BIMAS.IS,15.876261711120605
2018-09-28,BIMAS.IS,15.683009147644043
2018-10-01,BIMAS.IS,15.711992263793945
2018-10-02,BIMAS.IS,15.58637523651123
2018-10-03,BIMAS.IS,15.75064468383789
2018-10-04,BIMAS.IS,16.030864715576172
2018-10-05,BIMAS.IS,15.625021934509277
2018-10-08,BIMAS.IS,15.480079650878906
2018-10-09,BIMAS.IS,15.451087951660156
2018-10-10,BIMAS.IS,15.093560218811035
2018-10-11,BIMAS.IS,15.460753440856934
2018-10-12,BIMAS.IS,15.460753440856934
2018-10-15,BIMAS.IS,15.306147575378418
2018-10-16,BIMAS.IS,15.441429138183594
2018-10-17,BIMAS.IS,15.460753440856934
2018-10-18,BIMAS.IS,15.267495155334473
2018-10-19,BIMAS.IS,15.451087951660156
2018-10-22,BIMAS.IS,15.557380676269531
2018-10-23,BIMAS.IS,15.615360260009766
2018-10-24,BIMAS.IS,15.847268104553223
2018-10-25,BIMAS.IS,16.021207809448242
2018-10-26,BIMAS.IS,15.441429138183594
2018-10-29,BIMAS.IS,15.441429138183594
2018-10-30,BIMAS.IS,15.441429138183594
2018-10-31,BIMAS.IS,15.190189361572266
2018-11-01,BIMAS.IS,15.431766510009766
2018-11-02,BIMAS.IS,15.402777671813965
2018-11-05,BIMAS.IS,15.373787879943848
2018-11-06,BIMAS.IS,15.364127159118652
2018-11-07,BIMAS.IS,15.403169631958008
2018-11-08,BIMAS.IS,15.168899536132812
2018-11-09,BIMAS.IS,15.032242774963379
2018-11-12,BIMAS.IS,15.949796676635742
2018-11-13,BIMAS.IS,15.803380012512207
2018-11-14,BIMAS.IS,15.686241149902344
2018-11-15,BIMAS.IS,16.301198959350586
2018-11-16,BIMAS.IS,16.203590393066406
2018-11-19,BIMAS.IS,16.193822860717773
2018-11-20,BIMAS.IS,16.00836181640625
2018-11-21,BIMAS.IS,16.203590393066406
2018-11-22,BIMAS.IS,16.242631912231445
2018-11-23,BIMAS.IS,16.027891159057617
2018-11-26,BIMAS.IS,16.115739822387695
2018-11-27,BIMAS.IS,16.203590393066406
2018-11-28,BIMAS.IS,16.203590393066406
2018-11-29,BIMAS.IS,16.418331146240234
2018-11-30,BIMAS.IS,16.389047622680664
2018-12-03,BIMAS.IS,16.08645248413086
2018-12-04,BIMAS.IS,16.27191734313965
2018-12-05,BIMAS.IS,16.34024429321289
2018-12-06,BIMAS.IS,16.418331146240234
2018-12-07,BIMAS.IS,16.3988094329834
2018-12-10,BIMAS.IS,16.47690200805664
2018-12-11,BIMAS.IS,16.925914764404297
2018-12-12,BIMAS.IS,17.17970085144043
2018-12-13,BIMAS.IS,17.277318954467773
2018-12-14,BIMAS.IS,17.013765335083008
2018-12-17,BIMAS.IS,16.906394958496094
2018-12-18,BIMAS.IS,17.07233238220215
2018-12-19,BIMAS.IS,17.082096099853516
2018-12-20,BIMAS.IS,17.091854095458984
2018-12-21,BIMAS.IS,17.111377716064453
2018-12-24,BIMAS.IS,16.984481811523438
2018-12-25,BIMAS.IS,16.691646575927734
2018-12-26,BIMAS.IS,16.56475257873535
2018-12-27,BIMAS.IS,17.004003524780273
2018-12-28,BIMAS.IS,16.613557815551758
2018-12-31,BIMAS.IS,16.85758399963379
2019-01-01,BIMAS.IS,16.85758399963379
2019-01-02,BIMAS.IS,16.418331146240234
2019-01-03,BIMAS.IS,16.78925895690918
2019-01-04,BIMAS.IS,16.867345809936523
2019-01-07,BIMAS.IS,16.916154861450195
2019-01-08,BIMAS.IS,17.140666961669922
2019-01-09,BIMAS.IS,17.394454956054688
2019-01-10,BIMAS.IS,17.511585235595703
2019-01-11,BIMAS.IS,17.550634384155273
2019-01-14,BIMAS.IS,17.365169525146484
2019-01-15,BIMAS.IS,17.277318954467773
2019-01-16,BIMAS.IS,17.45301628112793
2019-01-17,BIMAS.IS,17.94108009338379
2019-01-18,BIMAS.IS,18.233915328979492
2019-01-21,BIMAS.IS,17.862985610961914
2019-01-22,BIMAS.IS,17.765377044677734
2019-01-23,BIMAS.IS,18.0191707611084
2019-01-24,BIMAS.IS,18.17534828186035
2019-01-25,BIMAS.IS,18.0191707611084
2019-01-28,BIMAS.IS,18.146066665649414
2019-01-29,BIMAS.IS,18.233915328979492
2019-01-30,BIMAS.IS,17.687288284301758
2019-01-31,BIMAS.IS,17.658000946044922
2019-02-01,BIMAS.IS,17.70680809020996
2019-02-04,BIMAS.IS,17.67752456665039
2019-02-05,BIMAS.IS,18.077741622924805
2019-02-06,BIMAS.IS,18.243682861328125
2019-02-07,BIMAS.IS,18.0094051361084
2019-02-08,BIMAS.IS,18.077741622924805
2019-02-11,BIMAS.IS,18.28272247314453
2019-02-12,BIMAS.IS,18.028934478759766
2019-02-13,BIMAS.IS,18.399856567382812
2019-02-14,BIMAS.IS,17.950841903686523
2019-02-15,BIMAS.IS,18.28272247314453
2019-02-18,BIMAS.IS,18.185108184814453
2019-02-19,BIMAS.IS,17.823944091796875
2019-02-20,BIMAS.IS,17.980125427246094
2019-02-21,BIMAS.IS,17.999645233154297
2019-02-22,BIMAS.IS,17.043046951293945
2019-02-25,BIMAS.IS,17.326122283935547
2019-02-26,BIMAS.IS,16.994243621826172
2019-02-27,BIMAS.IS,17.228511810302734
2019-02-28,BIMAS.IS,16.81854248046875
2019-03-01,BIMAS.IS,17.06257438659668
2019-03-04,BIMAS.IS,16.75021743774414
2019-03-05,BIMAS.IS,16.3988094329834
2019-03-06,BIMAS.IS,16.486665725708008
2019-03-07,BIMAS.IS,16.974716186523438
2019-03-08,BIMAS.IS,17.326122283935547
2019-03-11,BIMAS.IS,16.545228958129883
2019-03-12,BIMAS.IS,16.7014102935791
2019-03-13,BIMAS.IS,16.77950096130371
2019-03-14,BIMAS.IS,16.47690200805664
2019-03-15,BIMAS.IS,16.77950096130371
2019-03-18,BIMAS.IS,16.711170196533203
2019-03-19,BIMAS.IS,16.584274291992188
2019-03-20,BIMAS.IS,16.05716896057129
2019-03-21,BIMAS.IS,15.608154296875
2019-03-22,BIMAS.IS,15.71552848815918
2019-03-25,BIMAS.IS,15.979080200195312
2019-03-26,BIMAS.IS,15.930278778076172
2019-03-27,BIMAS.IS,14.87606143951416
2019-03-28,BIMAS.IS,15.168899536132812
2019-03-29,BIMAS.IS,14.983434677124023
2019-04-01,BIMAS.IS,14.85654354095459
2019-04-02,BIMAS.IS,15.315315246582031
2019-04-03,BIMAS.IS,15.334840774536133
2019-04-04,BIMAS.IS,15.676484107971191
2019-04-05,BIMAS.IS,15.793618202209473
2019-04-08,BIMAS.IS,15.471502304077148
2019-04-09,BIMAS.IS,15.422693252563477
2019-04-10,BIMAS.IS,15.305557250976562
2019-04-11,BIMAS.IS,15.500779151916504
2019-04-12,BIMAS.IS,15.422693252563477
2019-04-15,BIMAS.IS,15.334840774536133
2019-04-16,BIMAS.IS,15.451974868774414
2019-04-17,BIMAS.IS,15.725287437438965
2019-04-18,BIMAS.IS,15.656959533691406
2019-04-19,BIMAS.IS,15.744811058044434
2019-04-22,BIMAS.IS,15.949796676635742
2019-04-23,BIMAS.IS,15.949796676635742
2019-04-24,BIMAS.IS,15.588634490966797
2019-04-25,BIMAS.IS,15.491021156311035
2019-04-26,BIMAS.IS,15.871708869934082
2019-04-29,BIMAS.IS,16.027891159057617
2019-04-30,BIMAS.IS,16.301198959350586
2019-05-01,BIMAS.IS,16.301198959350586
2019-05-02,BIMAS.IS,15.666720390319824
2019-05-03,BIMAS.IS,15.500779151916504
2019-05-06,BIMAS.IS,15.451974868774414
2019-05-07,BIMAS.IS,15.315315246582031
2019-05-08,BIMAS.IS,15.315315246582031
2019-05-09,BIMAS.IS,15.286038398742676
2019-05-10,BIMAS.IS,15.23723030090332
2019-05-13,BIMAS.IS,14.251347541809082
2019-05-14,BIMAS.IS,14.544179916381836
2019-05-15,BIMAS.IS,14.41728687286377
2019-05-16,BIMAS.IS,14.231823921203613
2019-05-17,BIMAS.IS,13.929226875305176
2019-05-20,BIMAS.IS,14.368480682373047
2019-05-21,BIMAS.IS,14.143973350524902
2019-05-22,BIMAS.IS,14.153735160827637
2019-05-23,BIMAS.IS,14.544179916381836
2019-05-24,BIMAS.IS,14.407526969909668
2019-05-27,BIMAS.IS,14.348958969116211
2019-05-28,BIMAS.IS,14.778447151184082
2019-05-29,BIMAS.IS,14.973676681518555
2019-05-30,BIMAS.IS,15.530065536499023
2019-05-31,BIMAS.IS,15.530065536499023
2019-06-03,BIMAS.IS,15.617916107177734
2019-06-04,BIMAS.IS,15.617916107177734
2019-06-05,BIMAS.IS,15.617916107177734
2019-06-06,BIMAS.IS,15.617916107177734
2019-06-07,BIMAS.IS,15.959553718566895
2019-06-10,BIMAS.IS,15.69600772857666
2019-06-11,BIMAS.IS,15.422693252563477
2019-06-12,BIMAS.IS,15.571368217468262
2019-06-13,BIMAS.IS,15.402865409851074
2019-06-14,BIMAS.IS,15.6407470703125
2019-06-17,BIMAS.IS,15.729958534240723
2019-06-18,BIMAS.IS,15.928189277648926
2019-06-19,BIMAS.IS,15.878628730773926
2019-06-20,BIMAS.IS,15.591191291809082
2019-06-21,BIMAS.IS,15.492069244384766
2019-06-24,BIMAS.IS,15.293840408325195
2019-06-25,BIMAS.IS,15.046043395996094
2019-06-26,BIMAS.IS,15.016310691833496
2019-06-27,BIMAS.IS,15.303753852844238
2019-06-28,BIMAS.IS,15.878628730773926
2019-07-01,BIMAS.IS,16.512985229492188
2019-07-02,BIMAS.IS,16.959014892578125
2019-07-03,BIMAS.IS,17.0482177734375
2019-07-04,BIMAS.IS,17.2464542388916
2019-07-05,BIMAS.IS,17.05813217163086
2019-07-08,BIMAS.IS,16.949098587036133
2019-07-09,BIMAS.IS,17.395132064819336
2019-07-10,BIMAS.IS,17.434776306152344
2019-07-11,BIMAS.IS,17.821340560913086
2019-07-12,BIMAS.IS,17.345571517944336
2019-07-15,BIMAS.IS,17.345571517944336
2019-07-16,BIMAS.IS,17.48433494567871
2019-07-17,BIMAS.IS,17.761863708496094
2019-07-18,BIMAS.IS,18.059219360351562
2019-07-19,BIMAS.IS,18.12860107421875
2019-07-22,BIMAS.IS,18.148426055908203
2019-07-23,BIMAS.IS,18.33674430847168
2019-07-24,BIMAS.IS,18.79269027709961
2019-07-25,BIMAS.IS,18.237627029418945
2019-07-26,BIMAS.IS,18.45965576171875
2019-07-29,BIMAS.IS,18.324853897094727
2019-07-30,BIMAS.IS,18.61031150817871
2019-07-31,BIMAS.IS,18.634105682373047
2019-08-01,BIMAS.IS,18.546878814697266
2019-08-02,BIMAS.IS,18.56273651123047
2019-08-05,BIMAS.IS,18.197982788085938
2019-08-06,BIMAS.IS,18.277280807495117
2019-08-07,BIMAS.IS,18.5548095703125
2019-08-08,BIMAS.IS,18.99884796142578
2019-08-09,BIMAS.IS,19.038497924804688
2019-08-12,BIMAS.IS,19.038497924804688
2019-08-13,BIMAS.IS,19.038497924804688
2019-08-14,BIMAS.IS,19.038497924804688
2019-08-15,BIMAS.IS,19.617347717285156
2019-08-16,BIMAS.IS,19.90280532836914
2019-08-19,BIMAS.IS,19.656991958618164
2019-08-20,BIMAS.IS,19.498409271240234
2019-08-21,BIMAS.IS,19.276378631591797
2019-08-22,BIMAS.IS,19.22880744934082
2019-08-23,BIMAS.IS,19.72043228149414
2019-08-26,BIMAS.IS,19.347747802734375
2019-08-27,BIMAS.IS,18.594453811645508
2019-08-28,BIMAS.IS,18.681676864624023
2019-08-29,BIMAS.IS,18.602380752563477
2019-08-30,BIMAS.IS,18.602380752563477
2019-09-02,BIMAS.IS,18.49136734008789
2019-09-03,BIMAS.IS,18.07904052734375
2019-09-04,BIMAS.IS,18.380359649658203
2019-09-05,BIMAS.IS,18.77683448791504
2019-09-06,BIMAS.IS,18.911630630493164
2019-09-09,BIMAS.IS,19.14950942993164
2019-09-10,BIMAS.IS,19.21294593811035
2019-09-11,BIMAS.IS,19.24466896057129
2019-09-12,BIMAS.IS,19.109865188598633
2019-09-13,BIMAS.IS,19.22880744934082
2019-09-16,BIMAS.IS,19.577701568603516
2019-09-17,BIMAS.IS,19.442901611328125
2019-09-18,BIMAS.IS,19.427038192749023
2019-09-19,BIMAS.IS,19.427038192749023
2019-09-20,BIMAS.IS,19.363605499267578
2019-09-23,BIMAS.IS,19.585628509521484
2019-09-24,BIMAS.IS,19.482542037963867
2019-09-25,BIMAS.IS,19.609418869018555
2019-09-26,BIMAS.IS,19.371538162231445
2019-09-27,BIMAS.IS,19.609418869018555
2019-09-30,BIMAS.IS,19.506336212158203
2019-10-01,BIMAS.IS,19.601486206054688
2019-10-02,BIMAS.IS,19.633201599121094
2019-10-03,BIMAS.IS,19.490474700927734
2019-10-04,BIMAS.IS,19.40325164794922
2019-10-07,BIMAS.IS,19.022640228271484
2019-10-08,BIMAS.IS,19.070213317871094
2019-10-09,BIMAS.IS,18.990924835205078
2019-10-10,BIMAS.IS,19.094005584716797
2019-10-11,BIMAS.IS,18.927488327026367
2019-10-14,BIMAS.IS,18.943344116210938
2019-10-15,BIMAS.IS,18.88783836364746
2019-10-16,BIMAS.IS,18.277280807495117
2019-10-17,BIMAS.IS,18.53101921081543
2019-10-18,BIMAS.IS,18.77683448791504
2019-10-21,BIMAS.IS,18.982995986938477
2019-10-22,BIMAS.IS,18.832334518432617
2019-10-23,BIMAS.IS,18.784759521484375
2019-10-24,BIMAS.IS,19.05436134338379
2019-10-25,BIMAS.IS,19.038497924804688
2019-10-28,BIMAS.IS,18.681676864624023
2019-10-30,BIMAS.IS,18.657886505126953
2019-10-31,BIMAS.IS,18.79269027709961
2019-11-01,BIMAS.IS,18.657886505126953
2019-11-04,BIMAS.IS,18.919557571411133
2019-11-05,BIMAS.IS,18.88783836364746
2019-11-06,BIMAS.IS,18.81647300720215
2019-11-07,BIMAS.IS,19.363605499267578
2019-11-08,BIMAS.IS,18.982995986938477
2019-11-11,BIMAS.IS,18.253488540649414
2019-11-12,BIMAS.IS,17.912519454956055
2019-11-13,BIMAS.IS,18.182125091552734
2019-11-14,BIMAS.IS,17.761863708496094
2019-11-15,BIMAS.IS,18.237627029418945
2019-11-18,BIMAS.IS,18.406347274780273
2019-11-19,BIMAS.IS,18.374210357666016
2019-11-20,BIMAS.IS,18.245662689208984
2019-11-21,BIMAS.IS,18.109085083007812
2019-11-22,BIMAS.IS,18.04480743408203
2019-11-25,BIMAS.IS,17.99660301208496
2019-11-26,BIMAS.IS,17.795745849609375
2019-11-27,BIMAS.IS,18.213531494140625
2019-11-28,BIMAS.IS,18.703617095947266
2019-11-29,BIMAS.IS,18.406347274780273
2019-12-02,BIMAS.IS,18.55899429321289
2019-12-03,BIMAS.IS,18.326007843017578
2019-12-04,BIMAS.IS,18.205488204956055
2019-12-05,BIMAS.IS,18.22959327697754
2019-12-06,BIMAS.IS,18.08498191833496
2019-12-09,BIMAS.IS,18.08498191833496
2019-12-10,BIMAS.IS,17.900196075439453
2019-12-11,BIMAS.IS,17.87586784362793
2019-12-12,BIMAS.IS,18.34607696533203
2019-12-13,BIMAS.IS,18.240686416625977
2019-12-16,BIMAS.IS,18.20825958251953
2019-12-17,BIMAS.IS,18.256898880004883
2019-12-18,BIMAS.IS,18.50010871887207
2019-12-19,BIMAS.IS,18.516321182250977
2019-12-20,BIMAS.IS,18.589284896850586
2019-12-23,BIMAS.IS,18.62171745300293
2019-12-24,BIMAS.IS,18.873029708862305
2019-12-25,BIMAS.IS,18.945993423461914
2019-12-26,BIMAS.IS,18.994632720947266
2019-12-27,BIMAS.IS,19.083812713623047
2019-12-30,BIMAS.IS,19.002742767333984
2019-12-31,BIMAS.IS,18.970312118530273
2020-01-02,BIMAS.IS,18.783855438232422
2020-01-03,BIMAS.IS,19.213523864746094
2020-01-06,BIMAS.IS,19.3270206451416
2020-01-07,BIMAS.IS,19.472946166992188
2020-01-08,BIMAS.IS,19.63508415222168
2020-01-09,BIMAS.IS,19.797222137451172
2020-01-10,BIMAS.IS,19.66751480102539
2020-01-13,BIMAS.IS,19.643192291259766
2020-01-14,BIMAS.IS,19.716156005859375
2020-01-15,BIMAS.IS,19.951257705688477
2020-01-16,BIMAS.IS,19.894512176513672
2020-01-17,BIMAS.IS,20.024219512939453
2020-01-20,BIMAS.IS,20.008005142211914
2020-01-21,BIMAS.IS,20.287694931030273
2020-01-22,BIMAS.IS,20.01611328125
2020-01-23,BIMAS.IS,20.77411460876465
2020-01-24,BIMAS.IS,20.409305572509766
2020-01-27,BIMAS.IS,19.99989891052246
2020-01-28,BIMAS.IS,19.862079620361328
2020-01-29,BIMAS.IS,20.162038803100586
2020-01-30,BIMAS.IS,20.097179412841797
2020-01-31,BIMAS.IS,19.894512176513672
2020-02-03,BIMAS.IS,19.7404727935791
2020-02-04,BIMAS.IS,20.032325744628906
2020-02-05,BIMAS.IS,19.724260330200195
2020-02-06,BIMAS.IS,19.67562484741211
2020-02-07,BIMAS.IS,19.497264862060547
2020-02-10,BIMAS.IS,19.31080436706543
2020-02-11,BIMAS.IS,19.45673179626465
2020-02-12,BIMAS.IS,19.294591903686523
2020-02-13,BIMAS.IS,19.28648567199707
2020-02-14,BIMAS.IS,19.270275115966797
2020-02-17,BIMAS.IS,19.28648567199707
2020-02-18,BIMAS.IS,19.213523864746094
2020-02-19,BIMAS.IS,19.343231201171875
2020-02-20,BIMAS.IS,19.52158546447754
2020-02-21,BIMAS.IS,19.618873596191406
2020-02-24,BIMAS.IS,19.554012298583984
2020-02-25,BIMAS.IS,19.11623764038086
2020-02-26,BIMAS.IS,19.52158546447754
2020-02-27,BIMAS.IS,19.464841842651367
2020-02-28,BIMAS.IS,19.002742767333984
2020-03-02,BIMAS.IS,19.07570457458496
2020-03-03,BIMAS.IS,19.464841842651367
2020-03-04,BIMAS.IS,19.7810115814209
2020-03-05,BIMAS.IS,20.77411460876465
2020-03-06,BIMAS.IS,21.544275283813477
2020-03-09,BIMAS.IS,21.037588119506836
2020-03-10,BIMAS.IS,20.855186462402344
2020-03-11,BIMAS.IS,20.855186462402344
2020-03-12,BIMAS.IS,21.078126907348633
2020-03-13,BIMAS.IS,20.510637283325195
2020-03-16,BIMAS.IS,18.905452728271484
2020-03-17,BIMAS.IS,18.451465606689453
2020-03-18,BIMAS.IS,19.845863342285156
2020-03-19,BIMAS.IS,21.11865997314453
2020-03-20,BIMAS.IS,20.287694931030273
2020-03-23,BIMAS.IS,21.321338653564453
2020-03-24,BIMAS.IS,21.605079650878906
2020-03-25,BIMAS.IS,20.976789474487305
2020-03-26,BIMAS.IS,21.199729919433594
2020-03-27,BIMAS.IS,20.348499298095703
2020-03-30,BIMAS.IS,20.267431259155273
2020-03-31,BIMAS.IS,20.449838638305664
2020-04-01,BIMAS.IS,20.611974716186523
2020-04-02,BIMAS.IS,20.449838638305664
2020-04-03,BIMAS.IS,20.348499298095703
2020-04-06,BIMAS.IS,20.3890323638916
2020-04-07,BIMAS.IS,20.328229904174805
2020-04-08,BIMAS.IS,20.267431259155273
2020-04-09,BIMAS.IS,20.3890323638916
2020-04-10,BIMAS.IS,21.037588119506836
2020-04-13,BIMAS.IS,20.936254501342773
2020-04-14,BIMAS.IS,20.936254501342773
2020-04-15,BIMAS.IS,22.05096435546875
2020-04-16,BIMAS.IS,22.172569274902344
2020-04-17,BIMAS.IS,22.4157772064209
2020-04-20,BIMAS.IS,22.881927490234375
2020-04-21,BIMAS.IS,22.658987045288086
2020-04-22,BIMAS.IS,22.3955078125
2020-04-24,BIMAS.IS,22.618453979492188
2020-04-27,BIMAS.IS,22.618453979492188
2020-04-28,BIMAS.IS,22.314437866210938
2020-04-29,BIMAS.IS,22.740053176879883
2020-04-30,BIMAS.IS,22.53738021850586
2020-05-04,BIMAS.IS,21.645614624023438
2020-05-05,BIMAS.IS,21.179462432861328
2020-05-06,BIMAS.IS,20.814647674560547
2020-05-07,BIMAS.IS,20.551172256469727
2020-05-08,BIMAS.IS,20.67277717590332
2020-05-11,BIMAS.IS,20.67277717590332
2020-05-12,BIMAS.IS,21.017322540283203
2020-05-13,BIMAS.IS,21.44708251953125
2020-05-14,BIMAS.IS,22.122421264648438
2020-05-15,BIMAS.IS,23.3298397064209
2020-05-18,BIMAS.IS,25.335391998291016
2020-05-20,BIMAS.IS,24.782838821411133
2020-05-21,BIMAS.IS,25.21260643005371
2020-05-22,BIMAS.IS,25.867477416992188
2020-05-27,BIMAS.IS,25.847009658813477
2020-05-28,BIMAS.IS,25.294462203979492
2020-05-29,BIMAS.IS,25.887937545776367
2020-06-01,BIMAS.IS,26.256303787231445
2020-06-02,BIMAS.IS,26.01072883605957
2020-06-03,BIMAS.IS,26.35862922668457
2020-06-04,BIMAS.IS,28.118600845336914
2020-06-05,BIMAS.IS,27.52511978149414
2020-06-08,BIMAS.IS,26.563276290893555
2020-06-09,BIMAS.IS,26.624671936035156
2020-06-10,BIMAS.IS,26.501882553100586
2020-06-11,BIMAS.IS,25.744686126708984
2020-06-12,BIMAS.IS,26.11305046081543
2020-06-15,BIMAS.IS,26.256303787231445
2020-06-16,BIMAS.IS,26.440486907958984
2020-06-17,BIMAS.IS,27.218151092529297
2020-06-18,BIMAS.IS,27.46373176574707
2020-06-19,BIMAS.IS,27.484195709228516
2020-06-22,BIMAS.IS,28.07767105102539
2020-06-23,BIMAS.IS,28.446033477783203
2020-06-24,BIMAS.IS,28.89626121520996
2020-06-25,BIMAS.IS,28.89626121520996
2020-06-26,BIMAS.IS,28.630216598510742
2020-06-29,BIMAS.IS,27.91395378112793
2020-06-30,BIMAS.IS,27.995811462402344
2020-07-01,BIMAS.IS,27.218151092529297
2020-07-02,BIMAS.IS,27.300006866455078
2020-07-03,BIMAS.IS,27.504661560058594
2020-07-06,BIMAS.IS,28.527891159057617
2020-07-07,BIMAS.IS,29.223690032958984
2020-07-08,BIMAS.IS,28.814401626586914
2020-07-09,BIMAS.IS,27.995811462402344
2020-07-10,BIMAS.IS,28.036741256713867
2020-07-13,BIMAS.IS,28.773479461669922
2020-07-14,BIMAS.IS,28.89626121520996
2020-07-16,BIMAS.IS,29.121374130249023
2020-07-17,BIMAS.IS,28.957653045654297
2020-07-20,BIMAS.IS,29.203231811523438
2020-07-21,BIMAS.IS,29.01905059814453
2020-07-22,BIMAS.IS,29.121374130249023
2020-07-23,BIMAS.IS,29.96042251586914
2020-07-24,BIMAS.IS,30.124141693115234
2020-07-27,BIMAS.IS,30.410655975341797
2020-07-28,BIMAS.IS,30.206005096435547
2020-07-29,BIMAS.IS,29.510204315185547
2020-07-30,BIMAS.IS,29.244163513183594
2020-08-04,BIMAS.IS,26.890714645385742
2020-08-05,BIMAS.IS,26.01072883605957
2020-08-06,BIMAS.IS,25.724220275878906
2020-08-07,BIMAS.IS,25.82654571533203
2020-08-10,BIMAS.IS,26.481416702270508
2020-08-11,BIMAS.IS,26.972570419311523
2020-08-12,BIMAS.IS,27.300006866455078
2020-08-13,BIMAS.IS,27.627445220947266
2020-08-14,BIMAS.IS,27.484195709228516
2020-08-17,BIMAS.IS,27.381866455078125
2020-08-18,BIMAS.IS,27.361400604248047
2020-08-19,BIMAS.IS,28.834867477416992
2020-08-20,BIMAS.IS,28.07767105102539
2020-08-21,BIMAS.IS,27.934417724609375
2020-08-24,BIMAS.IS,28.46649742126465
2020-08-25,BIMAS.IS,28.016277313232422
2020-08-26,BIMAS.IS,29.34648895263672
2020-08-27,BIMAS.IS,29.100908279418945
2020-08-28,BIMAS.IS,28.650678634643555
2020-08-31,BIMAS.IS,27.91395378112793
2020-09-01,BIMAS.IS,27.791166305541992
2020-09-02,BIMAS.IS,27.770700454711914
2020-09-03,BIMAS.IS,27.627445220947266
2020-09-04,BIMAS.IS,27.729778289794922
2020-09-07,BIMAS.IS,27.70930290222168
2020-09-08,BIMAS.IS,27.688840866088867
2020-09-09,BIMAS.IS,27.995811462402344
2020-09-10,BIMAS.IS,27.770700454711914
2020-09-11,BIMAS.IS,28.139070510864258
2020-09-14,BIMAS.IS,28.793935775756836
2020-09-15,BIMAS.IS,28.814401626586914
2020-09-16,BIMAS.IS,28.630216598510742
2020-09-17,BIMAS.IS,28.671154022216797
2020-09-18,BIMAS.IS,28.630216598510742
2020-09-21,BIMAS.IS,28.28232192993164
2020-09-22,BIMAS.IS,28.200464248657227
2020-09-23,BIMAS.IS,28.036741256713867
2020-09-24,BIMAS.IS,28.220922470092773
2020-09-25,BIMAS.IS,28.446033477783203
2020-09-28,BIMAS.IS,27.995811462402344
2020-09-29,BIMAS.IS,28.036741256713867
2020-09-30,BIMAS.IS,28.527891159057617
2020-10-01,BIMAS.IS,28.507431030273438
2020-10-02,BIMAS.IS,28.42557144165039
2020-10-05,BIMAS.IS,28.773479461669922
2020-10-06,BIMAS.IS,28.48696517944336
2020-10-07,BIMAS.IS,28.220922470092773
2020-10-08,BIMAS.IS,28.28232192993164
2020-10-09,BIMAS.IS,28.60975456237793
2020-10-12,BIMAS.IS,28.834867477416992
2020-10-13,BIMAS.IS,28.24138832092285
2020-10-14,BIMAS.IS,28.572664260864258
2020-10-15,BIMAS.IS,28.71760368347168
2020-10-16,BIMAS.IS,28.821121215820312
2020-10-19,BIMAS.IS,28.469146728515625
2020-10-20,BIMAS.IS,28.821121215820312
2020-10-21,BIMAS.IS,29.11099624633789
2020-10-22,BIMAS.IS,30.042713165283203
2020-10-23,BIMAS.IS,29.173105239868164
2020-10-26,BIMAS.IS,28.945350646972656
2020-10-27,BIMAS.IS,29.13169288635254
2020-10-28,BIMAS.IS,28.365615844726562
2020-10-30,BIMAS.IS,27.951519012451172
2020-11-02,BIMAS.IS,27.806591033935547
2020-11-03,BIMAS.IS,28.24138832092285
2020-11-04,BIMAS.IS,28.551958084106445
2020-11-05,BIMAS.IS,28.407028198242188
2020-11-06,BIMAS.IS,28.821121215820312
2020-11-09,BIMAS.IS,29.048877716064453
2020-11-10,BIMAS.IS,28.71760368347168
2020-11-11,BIMAS.IS,28.676191329956055
2020-11-12,BIMAS.IS,28.551958084106445
2020-11-13,BIMAS.IS,28.448434829711914
2020-11-16,BIMAS.IS,28.469146728515625
2020-11-17,BIMAS.IS,29.214515686035156
2020-11-18,BIMAS.IS,29.15239906311035
2020-11-19,BIMAS.IS,28.903945922851562
2020-11-20,BIMAS.IS,28.821121215820312
2020-11-23,BIMAS.IS,28.77971076965332
2020-11-24,BIMAS.IS,28.489843368530273
2020-11-25,BIMAS.IS,28.71760368347168
2020-11-26,BIMAS.IS,29.069583892822266
2020-11-27,BIMAS.IS,28.986757278442383
2020-11-30,BIMAS.IS,29.069583892822266
2020-12-01,BIMAS.IS,29.069583892822266
2020-12-02,BIMAS.IS,28.841827392578125
2020-12-03,BIMAS.IS,29.338743209838867
2020-12-04,BIMAS.IS,29.276630401611328
2020-12-07,BIMAS.IS,29.173105239868164
2020-12-08,BIMAS.IS,28.71760368347168
2020-12-09,BIMAS.IS,28.510549545288086
2020-12-10,BIMAS.IS,28.63477897644043
2020-12-11,BIMAS.IS,29.069583892822266
2020-12-14,BIMAS.IS,29.173105239868164
2020-12-15,BIMAS.IS,29.380151748657227
2020-12-16,BIMAS.IS,29.090286254882812
2020-12-17,BIMAS.IS,29.338743209838867
2020-12-18,BIMAS.IS,29.835660934448242
2020-12-21,BIMAS.IS,30.415390014648438
2020-12-22,BIMAS.IS,29.8770751953125
2020-12-23,BIMAS.IS,30.70526123046875
2020-12-24,BIMAS.IS,30.477502822875977
2020-12-25,BIMAS.IS,30.270458221435547
2020-12-28,BIMAS.IS,30.539623260498047
2020-12-29,BIMAS.IS,31.34711456298828
2020-12-30,BIMAS.IS,31.67839241027832
2020-12-31,BIMAS.IS,31.657682418823242
2021-01-04,BIMAS.IS,32.154598236083984
2021-01-05,BIMAS.IS,31.595571517944336
2021-01-06,BIMAS.IS,31.636985778808594
2021-01-07,BIMAS.IS,31.88544273376465
2021-01-08,BIMAS.IS,32.416866302490234
2021-01-11,BIMAS.IS,32.501888275146484
2021-01-12,BIMAS.IS,32.35308837890625
2021-01-13,BIMAS.IS,32.48063659667969
2021-01-14,BIMAS.IS,32.416866302490234
2021-01-15,BIMAS.IS,31.694129943847656
2021-01-18,BIMAS.IS,31.842927932739258
2021-01-19,BIMAS.IS,31.587841033935547
2021-01-20,BIMAS.IS,31.927955627441406
2021-01-21,BIMAS.IS,31.3327579498291
2021-01-22,BIMAS.IS,31.439044952392578
2021-01-25,BIMAS.IS,31.22646713256836
2021-01-26,BIMAS.IS,31.885435104370117
2021-01-27,BIMAS.IS,31.63035774230957
2021-01-28,BIMAS.IS,31.60909652709961
2021-01-29,BIMAS.IS,30.588764190673828
2021-02-01,BIMAS.IS,30.397457122802734
2021-02-02,BIMAS.IS,30.333677291870117
2021-02-03,BIMAS.IS,30.22739601135254
2021-02-04,BIMAS.IS,30.418712615966797
2021-02-05,BIMAS.IS,30.14236831665039
2021-02-08,BIMAS.IS,30.18488311767578
2021-02-09,BIMAS.IS,29.929798126220703
2021-02-10,BIMAS.IS,30.29116439819336
2021-02-11,BIMAS.IS,29.781003952026367
2021-02-12,BIMAS.IS,29.31334114074707
2021-02-15,BIMAS.IS,29.462148666381836
2021-02-16,BIMAS.IS,28.930721282958984
2021-02-17,BIMAS.IS,29.164546966552734
2021-02-18,BIMAS.IS,29.079519271850586
2021-02-19,BIMAS.IS,29.10077476501465
2021-02-22,BIMAS.IS,28.48432159423828
2021-02-23,BIMAS.IS,28.122961044311523
2021-02-24,BIMAS.IS,27.804107666015625
2021-02-25,BIMAS.IS,27.761585235595703
2021-02-26,BIMAS.IS,28.101699829101562
2021-03-01,BIMAS.IS,28.37803840637207
2021-03-02,BIMAS.IS,28.951976776123047
2021-03-03,BIMAS.IS,28.48432159423828
2021-03-04,BIMAS.IS,28.250497817993164
2021-03-05,BIMAS.IS,28.866952896118164
2021-03-08,BIMAS.IS,28.420551300048828
2021-03-09,BIMAS.IS,29.015748977661133
2021-03-10,BIMAS.IS,29.292095184326172
2021-03-11,BIMAS.IS,29.908538818359375
2021-03-12,BIMAS.IS,30.29116439819336
2021-03-15,BIMAS.IS,30.29116439819336
2021-03-16,BIMAS.IS,30.7163028717041
2021-03-17,BIMAS.IS,30.461223602294922
2021-03-18,BIMAS.IS,30.461223602294922
2021-03-19,BIMAS.IS,30.61002540588379
2021-03-22,BIMAS.IS,27.54901885986328
2021-03-23,BIMAS.IS,28.781917572021484
2021-03-24,BIMAS.IS,29.33460235595703
2021-03-25,BIMAS.IS,29.908538818359375
2021-03-26,BIMAS.IS,30.61002540588379
2021-03-29,BIMAS.IS,30.14236831665039
2021-03-30,BIMAS.IS,30.397457122802734
2021-03-31,BIMAS.IS,30.01482582092285
2021-04-01,BIMAS.IS,30.036083221435547
2021-04-02,BIMAS.IS,30.18488311767578
2021-04-05,BIMAS.IS,29.951053619384766
2021-04-06,BIMAS.IS,29.270832061767578
2021-04-07,BIMAS.IS,29.31334114074707
2021-04-08,BIMAS.IS,29.50465965270996
2021-04-09,BIMAS.IS,29.31334114074707
2021-04-12,BIMAS.IS,29.355857849121094
2021-04-13,BIMAS.IS,29.48340606689453
2021-04-14,BIMAS.IS,29.462148666381836
2021-04-15,BIMAS.IS,29.398378372192383
2021-04-16,BIMAS.IS,29.207059860229492
2021-04-19,BIMAS.IS,28.6968936920166
2021-04-20,BIMAS.IS,27.91039276123047
2021-04-21,BIMAS.IS,27.889131546020508
2021-04-22,BIMAS.IS,28.03792953491211
2021-04-26,BIMAS.IS,28.0804443359375
2021-04-27,BIMAS.IS,28.39929962158203
2021-04-28,BIMAS.IS,28.186731338500977
2021-04-29,BIMAS.IS,28.229244232177734
2021-04-30,BIMAS.IS,27.634048461914062
2021-05-03,BIMAS.IS,27.952898025512695
2021-05-04,BIMAS.IS,27.506500244140625
2021-05-05,BIMAS.IS,27.804107666015625
2021-05-06,BIMAS.IS,28.101699829101562
2021-05-07,BIMAS.IS,27.506500244140625
2021-05-10,BIMAS.IS,28.016672134399414
2021-05-11,BIMAS.IS,27.591535568237305
2021-05-12,BIMAS.IS,27.57027244567871
2021-05-17,BIMAS.IS,27.889131546020508
2021-05-18,BIMAS.IS,27.91039276123047
2021-05-20,BIMAS.IS,27.625362396240234
2021-05-21,BIMAS.IS,27.581512451171875
2021-05-24,BIMAS.IS,27.40611457824707
2021-05-25,BIMAS.IS,26.901840209960938
2021-05-26,BIMAS.IS,27.077241897583008
2021-05-27,BIMAS.IS,26.50719451904297
2021-05-28,BIMAS.IS,28.173490524291992
2021-05-31,BIMAS.IS,28.04193878173828
2021-06-01,BIMAS.IS,28.085786819458008
2021-06-02,BIMAS.IS,27.603435516357422
2021-06-03,BIMAS.IS,27.033390045166016
2021-06-04,BIMAS.IS,27.274566650390625
2021-06-07,BIMAS.IS,27.16494369506836
2021-06-08,BIMAS.IS,27.18686294555664
2021-06-09,BIMAS.IS,27.471893310546875
2021-06-10,BIMAS.IS,27.493816375732422
2021-06-11,BIMAS.IS,27.669214248657227
2021-06-14,BIMAS.IS,28.2392578125
2021-06-15,BIMAS.IS,28.15156364440918
2021-06-16,BIMAS.IS,28.480436325073242
2021-06-17,BIMAS.IS,28.085786819458008
2021-06-18,BIMAS.IS,27.844615936279297
2021-06-21,BIMAS.IS,28.305038452148438
2021-06-22,BIMAS.IS,28.107709884643555
2021-06-23,BIMAS.IS,27.559589385986328
2021-06-24,BIMAS.IS,27.691139221191406
2021-06-25,BIMAS.IS,27.20878791809082
2021-06-28,BIMAS.IS,27.362268447875977
2021-06-29,BIMAS.IS,27.756914138793945
2021-06-30,BIMAS.IS,27.252643585205078
2021-07-01,BIMAS.IS,27.143016815185547
2021-07-02,BIMAS.IS,27.384191513061523
2021-07-05,BIMAS.IS,27.449966430664062
2021-07-06,BIMAS.IS,27.318416595458984
2021-07-07,BIMAS.IS,27.449966430664062
2021-07-08,BIMAS.IS,27.34033966064453
2021-07-09,BIMAS.IS,27.734987258911133
2021-07-12,BIMAS.IS,26.879915237426758
2021-07-13,BIMAS.IS,26.836069107055664
2021-07-14,BIMAS.IS,27.05531883239746
2021-07-16,BIMAS.IS,27.077241897583008
2021-07-19,BIMAS.IS,26.792219161987305
2021-07-26,BIMAS.IS,26.967615127563477
2021-07-27,BIMAS.IS,27.077241897583008
2021-07-28,BIMAS.IS,26.967615127563477
2021-07-29,BIMAS.IS,27.778839111328125
2021-07-30,BIMAS.IS,27.800764083862305
2021-08-02,BIMAS.IS,27.669214248657227
2021-08-03,BIMAS.IS,28.107709884643555
2021-08-04,BIMAS.IS,27.800764083862305
2021-08-05,BIMAS.IS,28.06386375427246
2021-08-06,BIMAS.IS,28.283111572265625
2021-08-09,BIMAS.IS,28.32695770263672
2021-08-10,BIMAS.IS,30.015172958374023
2021-08-11,BIMAS.IS,29.817855834960938
2021-08-12,BIMAS.IS,30.73869514465332
2021-08-13,BIMAS.IS,30.45367431640625
2021-08-16,BIMAS.IS,30.672922134399414
2021-08-17,BIMAS.IS,30.475597381591797
2021-08-18,BIMAS.IS,30.56329345703125
2021-08-19,BIMAS.IS,31.17719841003418
2021-08-20,BIMAS.IS,31.2648983001709
2021-08-23,BIMAS.IS,31.747251510620117
2021-08-24,BIMAS.IS,32.18574142456055
2021-08-25,BIMAS.IS,32.03227233886719
2021-08-26,BIMAS.IS,32.273433685302734
2021-08-27,BIMAS.IS,31.659543991088867
2021-08-31,BIMAS.IS,31.506067276000977
2021-09-01,BIMAS.IS,31.571849822998047
2021-09-02,BIMAS.IS,31.70339584350586
2021-09-03,BIMAS.IS,31.17719841003418
2021-09-06,BIMAS.IS,31.111419677734375
2021-09-07,BIMAS.IS,30.54137420654297
2021-09-08,BIMAS.IS,30.475597381591797
2021-09-09,BIMAS.IS,30.519447326660156
2021-09-10,BIMAS.IS,30.168651580810547
2021-09-13,BIMAS.IS,29.905553817749023
2021-09-14,BIMAS.IS,29.576675415039062
2021-09-15,BIMAS.IS,29.68630027770996
2021-09-16,BIMAS.IS,29.92747688293457
2021-09-17,BIMAS.IS,30.54137420654297
2021-09-20,BIMAS.IS,29.642452239990234
2021-09-21,BIMAS.IS,29.532833099365234
2021-09-22,BIMAS.IS,29.839778900146484
2021-09-23,BIMAS.IS,29.0285587310791
2021-09-24,BIMAS.IS,28.458511352539062
2021-09-27,BIMAS.IS,28.173490524291992
2021-09-28,BIMAS.IS,27.625362396240234
2021-09-29,BIMAS.IS,28.129636764526367
2021-09-30,BIMAS.IS,28.02001190185547
2021-10-01,BIMAS.IS,27.713062286376953
2021-10-04,BIMAS.IS,27.34033966064453
2021-10-05,BIMAS.IS,27.230712890625
2021-10-06,BIMAS.IS,26.836069107055664
2021-10-07,BIMAS.IS,26.945693969726562
2021-10-08,BIMAS.IS,27.121089935302734
2021-10-11,BIMAS.IS,27.559589385986328
2021-10-12,BIMAS.IS,27.318416595458984
2021-10-13,BIMAS.IS,26.989543914794922
2021-10-14,BIMAS.IS,26.50719451904297
2021-10-15,BIMAS.IS,26.572969436645508
2021-10-18,BIMAS.IS,26.616819381713867
2021-10-19,BIMAS.IS,26.879915237426758
2021-10-20,BIMAS.IS,26.70452117919922
2021-10-21,BIMAS.IS,27.143016815185547
2021-10-22,BIMAS.IS,27.318416595458984
2021-10-25,BIMAS.IS,26.945693969726562
2021-10-26,BIMAS.IS,27.252643585205078
2021-10-27,BIMAS.IS,27.669214248657227
2021-10-28,BIMAS.IS,27.252643585205078
2021-11-01,BIMAS.IS,28.06386375427246
2021-11-02,BIMAS.IS,28.085786819458008
2021-11-03,BIMAS.IS,28.305038452148438
2021-11-04,BIMAS.IS,28.918930053710938
2021-11-05,BIMAS.IS,28.74353790283203
2021-11-08,BIMAS.IS,29.467060089111328
2021-11-09,BIMAS.IS,28.78738784790039
2021-11-10,BIMAS.IS,29.11625862121582
2021-11-11,BIMAS.IS,29.0285587310791
2021-11-12,BIMAS.IS,29.291656494140625
2021-11-15,BIMAS.IS,29.467060089111328
2021-11-16,BIMAS.IS,29.09433364868164
2021-11-17,BIMAS.IS,29.59166717529297
2021-11-18,BIMAS.IS,30.269865036010742
2021-11-19,BIMAS.IS,30.17943572998047
2021-11-22,BIMAS.IS,30.56374168395996
2021-11-23,BIMAS.IS,30.767202377319336
2021-11-24,BIMAS.IS,31.19671630859375
2021-11-25,BIMAS.IS,31.17411231994629
2021-11-26,BIMAS.IS,31.241931915283203
2021-11-29,BIMAS.IS,31.400178909301758
2021-11-30,BIMAS.IS,31.37757110595703
2021-12-01,BIMAS.IS,31.716665267944336
2021-12-02,BIMAS.IS,31.69405746459961
2021-12-03,BIMAS.IS,31.6036319732666
2021-12-06,BIMAS.IS,33.005226135253906
2021-12-07,BIMAS.IS,35.06240463256836
2021-12-08,BIMAS.IS,34.42942810058594
2021-12-09,BIMAS.IS,33.84165954589844
2021-12-10,BIMAS.IS,34.83634567260742
2021-12-13,BIMAS.IS,35.37888717651367
2021-12-14,BIMAS.IS,36.28314208984375
2021-12-15,BIMAS.IS,37.70734405517578
2021-12-16,BIMAS.IS,38.453346252441406
2021-12-17,BIMAS.IS,34.92676544189453
2021-12-20,BIMAS.IS,32.394859313964844
2021-12-21,BIMAS.IS,29.569067001342773
2021-12-22,BIMAS.IS,29.817731857299805
2021-12-23,BIMAS.IS,28.93608856201172
2021-12-24,BIMAS.IS,29.569067001342773
2021-12-27,BIMAS.IS,28.890878677368164
2021-12-28,BIMAS.IS,28.303110122680664
2021-12-29,BIMAS.IS,28.80044937133789
2021-12-30,BIMAS.IS,27.87358856201172
2021-12-31,BIMAS.IS,27.715349197387695
2022-01-03,BIMAS.IS,29.139543533325195
2022-01-04,BIMAS.IS,30.608949661254883
2022-01-05,BIMAS.IS,31.332361221313477
2022-01-06,BIMAS.IS,31.17411231994629
2022-01-07,BIMAS.IS,32.86958312988281
2022-01-10,BIMAS.IS,32.25921630859375
2022-01-11,BIMAS.IS,32.055763244628906
2022-01-12,BIMAS.IS,32.53049087524414
2022-01-13,BIMAS.IS,31.8523006439209
2022-01-14,BIMAS.IS,31.761873245239258
2022-01-17,BIMAS.IS,32.41746139526367
2022-01-18,BIMAS.IS,30.812406539916992
2022-01-19,BIMAS.IS,31.784488677978516
2022-01-20,BIMAS.IS,31.648841857910156
2022-01-21,BIMAS.IS,31.535816192626953
2022-01-24,BIMAS.IS,30.269865036010742
2022-01-25,BIMAS.IS,30.83502197265625
2022-01-26,BIMAS.IS,30.97065544128418
2022-01-27,BIMAS.IS,32.50788116455078
2022-01-28,BIMAS.IS,31.920124053955078
2022-01-31,BIMAS.IS,31.807085037231445
2022-02-01,BIMAS.IS,32.41746139526367
2022-02-02,BIMAS.IS,31.89751625061035
2022-02-03,BIMAS.IS,31.6036319732666
2022-02-04,BIMAS.IS,31.03847885131836
2022-02-07,BIMAS.IS,31.965335845947266
2022-02-08,BIMAS.IS,32.168792724609375
2022-02-09,BIMAS.IS,32.666133880615234
2022-02-10,BIMAS.IS,32.666133880615234
2022-02-11,BIMAS.IS,33.43474197387695
2022-02-14,BIMAS.IS,33.11825942993164
2022-02-15,BIMAS.IS,34.04512023925781
2022-02-16,BIMAS.IS,34.04512023925781
2022-02-17,BIMAS.IS,33.77384567260742
2022-02-18,BIMAS.IS,34.24856948852539
2022-02-21,BIMAS.IS,34.83634567260742
2022-02-22,BIMAS.IS,34.15815353393555
2022-02-23,BIMAS.IS,34.090328216552734
2022-02-24,BIMAS.IS,32.168792724609375
2022-02-25,BIMAS.IS,33.02783966064453
2022-02-28,BIMAS.IS,33.050437927246094
2022-03-01,BIMAS.IS,33.20867919921875
2022-03-02,BIMAS.IS,33.86426544189453
2022-03-03,BIMAS.IS,34.452022552490234
2022-03-04,BIMAS.IS,33.77384567260742
2022-03-07,BIMAS.IS,34.11293411254883
2022-03-08,BIMAS.IS,34.58766555786133
2022-03-09,BIMAS.IS,34.94936752319336
2022-03-10,BIMAS.IS,34.33899688720703
2022-03-11,BIMAS.IS,34.24856948852539
2022-03-14,BIMAS.IS,35.01719284057617
2022-03-15,BIMAS.IS,34.452022552490234
2022-03-16,BIMAS.IS,34.542457580566406
2022-03-17,BIMAS.IS,35.42410659790039
2022-03-18,BIMAS.IS,36.41877746582031
2022-03-21,BIMAS.IS,36.780479431152344
2022-03-22,BIMAS.IS,37.97861862182617
2022-03-23,BIMAS.IS,38.023826599121094
2022-03-24,BIMAS.IS,37.72994613647461
2022-03-25,BIMAS.IS,37.97861862182617
2022-03-28,BIMAS.IS,37.54909896850586
2022-03-29,BIMAS.IS,37.97861862182617
2022-03-30,BIMAS.IS,38.88286590576172
2022-03-31,BIMAS.IS,38.272499084472656
2022-04-01,BIMAS.IS,37.97861862182617
2022-04-04,BIMAS.IS,36.96133041381836
2022-04-05,BIMAS.IS,37.05175018310547
2022-04-06,BIMAS.IS,36.53181838989258
2022-04-07,BIMAS.IS,37.074363708496094
2022-04-08,BIMAS.IS,37.66212844848633
2022-04-11,BIMAS.IS,37.7525520324707
2022-04-12,BIMAS.IS,37.97861862182617
2022-04-13,BIMAS.IS,38.566383361816406
2022-04-14,BIMAS.IS,38.40813064575195
2022-04-15,BIMAS.IS,38.272499084472656
2022-04-18,BIMAS.IS,38.295101165771484
2022-04-19,BIMAS.IS,38.67940902709961
2022-04-20,BIMAS.IS,39.24457550048828
2022-04-21,BIMAS.IS,40.555728912353516
2022-04-22,BIMAS.IS,39.01850891113281
2022-04-25,BIMAS.IS,39.24457550048828
2022-04-26,BIMAS.IS,37.390846252441406
2022-04-27,BIMAS.IS,38.40813064575195
2022-04-28,BIMAS.IS,37.95600128173828
2022-04-29,BIMAS.IS,37.77515411376953
2022-05-05,BIMAS.IS,38.4759521484375
2022-05-06,BIMAS.IS,37.54909896850586
2022-05-09,BIMAS.IS,37.3004264831543
2022-05-10,BIMAS.IS,37.797760009765625
2022-05-11,BIMAS.IS,37.6395263671875
2022-05-12,BIMAS.IS,37.1873893737793
2022-05-13,BIMAS.IS,36.938720703125
2022-05-16,BIMAS.IS,36.98393630981445
2022-05-17,BIMAS.IS,38.04643249511719
2022-05-18,BIMAS.IS,37.074363708496094
2022-05-20,BIMAS.IS,36.32835006713867
2022-05-23,BIMAS.IS,36.305747985839844
2022-05-24,BIMAS.IS,35.31106948852539
2022-05-25,BIMAS.IS,36.01186752319336
2022-05-26,BIMAS.IS,37.02914810180664
2022-05-27,BIMAS.IS,36.96133041381836
2022-05-30,BIMAS.IS,37.7525520324707
2022-05-31,BIMAS.IS,37.3004264831543
2022-06-01,BIMAS.IS,38.3403205871582
2022-06-02,BIMAS.IS,39.78711700439453
2022-06-03,BIMAS.IS,39.854942321777344
2022-06-06,BIMAS.IS,39.990577697753906
2022-06-07,BIMAS.IS,39.3123893737793
2022-06-08,BIMAS.IS,37.88819122314453
2022-06-09,BIMAS.IS,37.209999084472656
2022-06-10,BIMAS.IS,36.848297119140625
2022-06-13,BIMAS.IS,37.074363708496094
2022-06-14,BIMAS.IS,37.820369720458984
2022-06-15,BIMAS.IS,38.48792266845703
2022-06-16,BIMAS.IS,37.59018325805664
2022-06-17,BIMAS.IS,38.39584732055664
2022-06-20,BIMAS.IS,38.09660339355469
2022-06-21,BIMAS.IS,38.34981155395508
2022-06-22,BIMAS.IS,38.90226745605469
2022-06-23,BIMAS.IS,39.06340408325195
2022-06-24,BIMAS.IS,38.856231689453125
2022-06-27,BIMAS.IS,38.1196174621582
2022-06-28,BIMAS.IS,38.695098876953125
2022-06-29,BIMAS.IS,37.38300704956055
2022-06-30,BIMAS.IS,37.221866607666016
2022-07-01,BIMAS.IS,38.02754592895508
2022-07-04,BIMAS.IS,38.09660339355469
2022-07-05,BIMAS.IS,37.221866607666016
2022-07-06,BIMAS.IS,38.58000564575195
2022-07-07,BIMAS.IS,39.22453308105469
2022-07-08,BIMAS.IS,39.31661605834961
2022-07-13,BIMAS.IS,38.58000564575195
2022-07-14,BIMAS.IS,37.75130844116211
2022-07-18,BIMAS.IS,38.856231689453125
2022-07-19,BIMAS.IS,39.31661605834961
2022-07-20,BIMAS.IS,39.29359436035156
2022-07-21,BIMAS.IS,38.879249572753906
2022-07-22,BIMAS.IS,39.017364501953125
2022-07-25,BIMAS.IS,39.70793914794922
2022-07-26,BIMAS.IS,40.62870788574219
2022-07-27,BIMAS.IS,41.59550094604492
2022-07-28,BIMAS.IS,41.572479248046875
2022-07-29,BIMAS.IS,42.40116500854492
2022-08-01,BIMAS.IS,43.80533981323242
2022-08-02,BIMAS.IS,43.02268600463867
2022-08-03,BIMAS.IS,43.29891586303711
2022-08-04,BIMAS.IS,43.8744010925293
2022-08-05,BIMAS.IS,43.98949432373047
2022-08-08,BIMAS.IS,45.41667556762695
2022-08-09,BIMAS.IS,45.11742401123047
2022-08-10,BIMAS.IS,47.419334411621094
2022-08-11,BIMAS.IS,51.05635452270508
2022-08-12,BIMAS.IS,50.13558578491211
2022-08-15,BIMAS.IS,49.39897537231445
2022-08-16,BIMAS.IS,50.91823196411133
2022-08-17,BIMAS.IS,51.97711944580078
2022-08-18,BIMAS.IS,49.2608642578125
2022-08-19,BIMAS.IS,48.984642028808594
2022-08-22,BIMAS.IS,50.872196197509766
2022-08-23,BIMAS.IS,50.96427917480469
2022-08-24,BIMAS.IS,51.148433685302734
2022-08-25,BIMAS.IS,51.37862014770508
2022-08-26,BIMAS.IS,51.97711944580078
2022-08-29,BIMAS.IS,51.70088577270508
2022-08-31,BIMAS.IS,50.365779876708984
2022-09-01,BIMAS.IS,50.319740295410156
2022-09-02,BIMAS.IS,49.951438903808594
2022-09-05,BIMAS.IS,52.437503814697266
2022-09-06,BIMAS.IS,52.023155212402344
2022-09-07,BIMAS.IS,52.34541702270508
2022-09-08,BIMAS.IS,55.245826721191406
2022-09-09,BIMAS.IS,55.79828643798828
2022-09-12,BIMAS.IS,55.75224685668945
2022-09-13,BIMAS.IS,53.91072082519531
2022-09-14,BIMAS.IS,55.19978713989258
2022-09-15,BIMAS.IS,53.864681243896484
2022-09-16,BIMAS.IS,55.42997741699219
2022-09-19,BIMAS.IS,53.312217712402344
2022-09-20,BIMAS.IS,53.54241943359375
2022-09-21,BIMAS.IS,53.45033264160156
2022-09-22,BIMAS.IS,54.23298645019531
2022-09-23,BIMAS.IS,55.29186248779297
2022-09-26,BIMAS.IS,54.87751770019531
2022-09-27,BIMAS.IS,56.166587829589844
2022-09-28,BIMAS.IS,55.42997741699219
2022-09-29,BIMAS.IS,53.77260971069336
2022-09-30,BIMAS.IS,53.26618194580078
2022-10-03,BIMAS.IS,56.76508712768555
2022-10-04,BIMAS.IS,56.99528121948242
2022-10-05,BIMAS.IS,57.17942428588867
2022-10-06,BIMAS.IS,58.97492218017578
2022-10-07,BIMAS.IS,58.19226837158203
2022-10-10,BIMAS.IS,57.455657958984375
2022-10-11,BIMAS.IS,56.5809326171875
2022-10-12,BIMAS.IS,55.29186248779297
2022-10-13,BIMAS.IS,56.85716247558594
2022-10-14,BIMAS.IS,58.51454162597656
2022-10-17,BIMAS.IS,63.532684326171875
2022-10-18,BIMAS.IS,63.30251693725586
2022-10-19,BIMAS.IS,65.05195617675781
2022-10-20,BIMAS.IS,64.5455322265625
2022-10-21,BIMAS.IS,65.37423706054688
2022-10-24,BIMAS.IS,65.65045928955078
2022-10-25,BIMAS.IS,64.45346069335938
2022-10-26,BIMAS.IS,62.98025131225586
2022-10-27,BIMAS.IS,62.15154266357422
2022-10-28,BIMAS.IS,61.13871383666992
2022-10-31,BIMAS.IS,61.69117736816406
2022-11-01,BIMAS.IS,63.71684265136719
2022-11-02,BIMAS.IS,64.82176208496094
2022-11-03,BIMAS.IS,64.40742492675781
2022-11-04,BIMAS.IS,66.24894714355469
2022-11-07,BIMAS.IS,67.72217559814453
2022-11-08,BIMAS.IS,67.90633392333984
2022-11-09,BIMAS.IS,63.71684265136719
2022-11-10,BIMAS.IS,65.55838012695312
2022-11-11,BIMAS.IS,62.5659065246582
2022-11-14,BIMAS.IS,62.2896728515625
2022-11-15,BIMAS.IS,61.69117736816406
2022-11-16,BIMAS.IS,59.66549301147461
2022-11-17,BIMAS.IS,58.008121490478516
2022-11-18,BIMAS.IS,60.17190933227539
2022-11-21,BIMAS.IS,59.02095413208008
2022-11-22,BIMAS.IS,60.63228988647461
2022-11-23,BIMAS.IS,59.84964370727539
2022-11-24,BIMAS.IS,61.0466423034668
2022-11-25,BIMAS.IS,60.90852737426758
2022-11-28,BIMAS.IS,61.368900299072266
2022-11-29,BIMAS.IS,61.64513397216797
2022-11-30,BIMAS.IS,61.92135238647461
2022-12-01,BIMAS.IS,60.31003189086914
2022-12-02,BIMAS.IS,56.62697982788086
2022-12-05,BIMAS.IS,55.522056579589844
2022-12-06,BIMAS.IS,58.42245864868164
2022-12-07,BIMAS.IS,55.06167221069336
2022-12-08,BIMAS.IS,56.07451629638672
2022-12-09,BIMAS.IS,56.62697982788086
2022-12-12,BIMAS.IS,57.593772888183594
2022-12-13,BIMAS.IS,61.184757232666016
2022-12-14,BIMAS.IS,59.46189498901367
2022-12-15,BIMAS.IS,59.834407806396484
2022-12-16,BIMAS.IS,59.88096618652344
2022-12-19,BIMAS.IS,61.04506301879883
2022-12-20,BIMAS.IS,63.04730224609375
2022-12-21,BIMAS.IS,64.6304702758789
2022-12-22,BIMAS.IS,64.30451965332031
2022-12-23,BIMAS.IS,63.74574661254883
2022-12-26,BIMAS.IS,63.18699264526367
2022-12-27,BIMAS.IS,63.8388786315918
2022-12-28,BIMAS.IS,62.628231048583984
2022-12-29,BIMAS.IS,63.55950164794922
2022-12-30,BIMAS.IS,63.74574661254883
2023-01-02,BIMAS.IS,64.86329650878906
2023-01-03,BIMAS.IS,65.1892318725586
2023-01-04,BIMAS.IS,63.606075286865234
2023-01-05,BIMAS.IS,61.23130798339844
2023-01-06,BIMAS.IS,60.253475189208984
2023-01-09,BIMAS.IS,60.905364990234375
2023-01-10,BIMAS.IS,60.532859802246094
2023-01-11,BIMAS.IS,57.925289154052734
2023-01-12,BIMAS.IS,58.670310974121094
2023-01-13,BIMAS.IS,57.319969177246094
2023-01-16,BIMAS.IS,59.69470977783203
2023-01-17,BIMAS.IS,61.32444763183594
2023-01-18,BIMAS.IS,62.58167266845703
2023-01-19,BIMAS.IS,63.00074005126953
2023-01-20,BIMAS.IS,63.00074005126953
2023-01-23,BIMAS.IS,63.8388786315918
2023-01-24,BIMAS.IS,63.74574661254883
2023-01-25,BIMAS.IS,63.51293182373047
2023-01-26,BIMAS.IS,62.34884262084961
2023-01-27,BIMAS.IS,62.16258239746094
2023-01-30,BIMAS.IS,59.74127960205078
2023-01-31,BIMAS.IS,57.97185134887695
2023-02-01,BIMAS.IS,55.45741271972656
2023-02-02,BIMAS.IS,56.621498107910156
2023-02-03,BIMAS.IS,59.135948181152344
2023-02-06,BIMAS.IS,59.834407806396484
2023-02-07,BIMAS.IS,55.876487731933594
2023-02-08,BIMAS.IS,54.61927032470703
2023-02-15,BIMAS.IS,61.46413803100586
2023-02-16,BIMAS.IS,62.441986083984375
2023-02-17,BIMAS.IS,63.00074005126953
2023-02-20,BIMAS.IS,62.67478561401367
2023-02-21,BIMAS.IS,62.535099029541016
2023-02-22,BIMAS.IS,61.46413803100586
2023-02-23,BIMAS.IS,62.20915603637695
2023-02-24,BIMAS.IS,61.5572624206543
2023-02-27,BIMAS.IS,62.95417404174805
2023-02-28,BIMAS.IS,63.46638107299805
2023-03-01,BIMAS.IS,64.81671142578125
2023-03-02,BIMAS.IS,66.02737426757812
2023-03-03,BIMAS.IS,63.74574661254883
2023-03-06,BIMAS.IS,65.1892318725586
2023-03-07,BIMAS.IS,64.49077606201172
2023-03-08,BIMAS.IS,64.95641326904297
2023-03-09,BIMAS.IS,65.09610748291016
2023-03-10,BIMAS.IS,65.93425750732422
2023-03-13,BIMAS.IS,67.19148254394531
2023-03-14,BIMAS.IS,64.16484069824219
2023-03-15,BIMAS.IS,63.88544845581055
2023-03-16,BIMAS.IS,67.51741027832031
2023-03-17,BIMAS.IS,67.6571044921875
2023-03-20,BIMAS.IS,66.86553192138672
2023-03-21,BIMAS.IS,65.32892608642578
2023-03-22,BIMAS.IS,65.42204284667969
2023-03-23,BIMAS.IS,65.70143127441406
2023-03-24,BIMAS.IS,66.02737426757812
2023-03-27,BIMAS.IS,65.65487670898438
2023-03-28,BIMAS.IS,66.49301147460938
2023-03-29,BIMAS.IS,68.40213012695312
2023-03-30,BIMAS.IS,68.44869232177734
2023-03-31,BIMAS.IS,69.24028015136719
2023-04-03,BIMAS.IS,69.24028015136719
2023-04-04,BIMAS.IS,72.17378997802734
2023-04-05,BIMAS.IS,71.3822250366211
2023-04-06,BIMAS.IS,72.87224578857422
2023-04-07,BIMAS.IS,72.03410339355469
2023-04-10,BIMAS.IS,74.3622817993164
2023-04-11,BIMAS.IS,74.45541381835938
2023-04-12,BIMAS.IS,75.06074523925781
2023-04-13,BIMAS.IS,75.57294464111328
2023-04-14,BIMAS.IS,77.10954284667969
2023-04-17,BIMAS.IS,75.47982788085938
2023-04-18,BIMAS.IS,75.4332504272461
2023-04-19,BIMAS.IS,75.57294464111328
2023-04-20,BIMAS.IS,73.80353546142578
2023-04-24,BIMAS.IS,72.63941955566406
2023-04-25,BIMAS.IS,70.91657257080078
2023-04-26,BIMAS.IS,71.52191162109375
2023-04-27,BIMAS.IS,73.71039581298828
2023-04-28,BIMAS.IS,72.7325668334961
2023-05-02,BIMAS.IS,71.5684585571289
2023-05-03,BIMAS.IS,72.82568359375
2023-05-04,BIMAS.IS,72.5928726196289
2023-05-05,BIMAS.IS,73.10507202148438
2023-05-08,BIMAS.IS,75.5263671875
2023-05-09,BIMAS.IS,77.06298828125
2023-05-10,BIMAS.IS,73.85008239746094
2023-05-11,BIMAS.IS,81.20716094970703
2023-05-12,BIMAS.IS,82.55751037597656
2023-05-15,BIMAS.IS,74.31573486328125
2023-05-16,BIMAS.IS,70.73031616210938
2023-05-17,BIMAS.IS,68.30899810791016
2023-05-18,BIMAS.IS,65.9808120727539
2023-05-22,BIMAS.IS,63.74574661254883
2023-05-23,BIMAS.IS,62.58167266845703
2023-05-24,BIMAS.IS,62.11602020263672
2023-05-25,BIMAS.IS,61.92977523803711
2023-05-26,BIMAS.IS,62.628231048583984
2023-05-29,BIMAS.IS,63.88544845581055
2023-05-30,BIMAS.IS,65.46862030029297
2023-05-31,BIMAS.IS,65.65487670898438
2023-06-01,BIMAS.IS,66.95864868164062
2023-06-02,BIMAS.IS,67.93649291992188
2023-06-05,BIMAS.IS,71.75472259521484
2023-06-06,BIMAS.IS,72.22036743164062
2023-06-07,BIMAS.IS,74.82793426513672
2023-06-08,BIMAS.IS,75.10730743408203
2023-06-09,BIMAS.IS,76.17826843261719
2023-06-12,BIMAS.IS,76.6439208984375
2023-06-13,BIMAS.IS,77.06298828125
2023-06-14,BIMAS.IS,75.97891998291016
2023-06-15,BIMAS.IS,79.27825164794922
2023-06-16,BIMAS.IS,83.37885284423828
2023-06-19,BIMAS.IS,82.4361801147461
2023-06-20,BIMAS.IS,78.2413330078125
2023-06-21,BIMAS.IS,74.89485168457031
2023-06-22,BIMAS.IS,78.38273620605469
2023-06-23,BIMAS.IS,79.18399047851562
2023-06-26,BIMAS.IS,81.06932830810547
2023-06-27,BIMAS.IS,80.36231994628906
2023-07-03,BIMAS.IS,84.3215103149414
2023-07-04,BIMAS.IS,83.14319610595703
2023-07-05,BIMAS.IS,85.1227798461914
2023-07-06,BIMAS.IS,86.34825897216797
2023-07-07,BIMAS.IS,85.40559387207031
2023-07-10,BIMAS.IS,87.38518524169922
2023-07-11,BIMAS.IS,87.52659606933594
2023-07-12,BIMAS.IS,87.90365600585938
2023-07-13,BIMAS.IS,86.72531127929688
2023-07-14,BIMAS.IS,87.10238647460938
2023-07-17,BIMAS.IS,91.72145080566406
2023-07-18,BIMAS.IS,93.98385620117188
2023-07-19,BIMAS.IS,94.21951293945312
2023-07-20,BIMAS.IS,95.02079772949219
2023-07-21,BIMAS.IS,95.6806640625
2023-07-24,BIMAS.IS,93.46539306640625
2023-07-25,BIMAS.IS,91.53292083740234
2023-07-26,BIMAS.IS,95.91632080078125
2023-07-27,BIMAS.IS,96.15198516845703
2023-07-28,BIMAS.IS,102.37357330322266
2023-07-31,BIMAS.IS,101.85511016845703
2023-08-01,BIMAS.IS,101.24238586425781
2023-08-02,BIMAS.IS,103.78758239746094
2023-08-03,BIMAS.IS,107.60539245605469
2023-08-04,BIMAS.IS,108.78370666503906
2023-08-07,BIMAS.IS,107.32257843017578
2023-08-08,BIMAS.IS,108.97224426269531
2023-08-09,BIMAS.IS,119.86005401611328
2023-08-10,BIMAS.IS,125.70458984375
2023-08-11,BIMAS.IS,128.53257751464844
2023-08-14,BIMAS.IS,128.43829345703125
2023-08-15,BIMAS.IS,122.21670532226562
2023-08-16,BIMAS.IS,120.66130828857422
2023-08-17,BIMAS.IS,119.01164245605469
2023-08-18,BIMAS.IS,110.76332092285156
2023-08-21,BIMAS.IS,118.87025451660156
2023-08-22,BIMAS.IS,118.30464935302734
2023-08-23,BIMAS.IS,114.53398132324219
2023-08-24,BIMAS.IS,113.1671142578125
2023-08-25,BIMAS.IS,121.13265228271484
2023-08-28,BIMAS.IS,120.66130828857422
2023-08-29,BIMAS.IS,121.17977905273438
2023-08-31,BIMAS.IS,118.87025451660156
2023-09-01,BIMAS.IS,122.16960144042969
2023-09-04,BIMAS.IS,123.67784118652344
2023-09-05,BIMAS.IS,124.52625274658203
2023-09-06,BIMAS.IS,121.98104095458984
2023-09-07,BIMAS.IS,128.67398071289062
2023-09-08,BIMAS.IS,127.2599868774414
2023-09-11,BIMAS.IS,127.2599868774414
2023-09-12,BIMAS.IS,127.49563598632812
2023-09-13,BIMAS.IS,127.2599868774414
2023-09-14,BIMAS.IS,129.0981903076172
2023-09-15,BIMAS.IS,127.2599868774414
2023-09-18,BIMAS.IS,126.31730651855469
2023-09-19,BIMAS.IS,130.13514709472656
2023-09-20,BIMAS.IS,127.2599868774414
2023-09-21,BIMAS.IS,129.9465789794922
2023-09-22,BIMAS.IS,128.86251831054688
2023-09-25,BIMAS.IS,130.88925170898438
2023-09-26,BIMAS.IS,129.80517578125
2023-09-27,BIMAS.IS,127.2599868774414
2023-09-28,BIMAS.IS,127.2599868774414
2023-09-29,BIMAS.IS,129.47525024414062
2023-10-02,BIMAS.IS,137.39366149902344
2023-10-03,BIMAS.IS,134.0942840576172
2023-10-04,BIMAS.IS,136.63951110839844
2023-10-05,BIMAS.IS,138.71337890625
2023-10-06,BIMAS.IS,146.11329650878906
2023-10-09,BIMAS.IS,147.5272979736328
2023-10-10,BIMAS.IS,150.82664489746094
2023-10-11,BIMAS.IS,151.10943603515625
2023-10-12,BIMAS.IS,150.82664489746094
2023-10-13,BIMAS.IS,150.82664489746094
2023-10-16,BIMAS.IS,150.68524169921875
2023-10-17,BIMAS.IS,147.5272979736328
2023-10-18,BIMAS.IS,140.45730590820312
2023-10-19,BIMAS.IS,138.52484130859375
2023-10-20,BIMAS.IS,134.2357177734375
2023-10-23,BIMAS.IS,136.87518310546875
2023-10-24,BIMAS.IS,142.1070098876953
2023-10-25,BIMAS.IS,133.57583618164062
2023-10-26,BIMAS.IS,130.88925170898438
2023-10-27,BIMAS.IS,130.60643005371094
2023-10-30,BIMAS.IS,131.40769958496094
2023-10-31,BIMAS.IS,128.20265197753906
2023-11-01,BIMAS.IS,130.04083251953125
2023-11-02,BIMAS.IS,136.45098876953125
2023-11-03,BIMAS.IS,134.8013153076172
2023-11-06,BIMAS.IS,137.15797424316406
2023-11-07,BIMAS.IS,139.63247680664062
2023-11-08,BIMAS.IS,144.46365356445312
2023-11-09,BIMAS.IS,144.2279815673828
2023-11-10,BIMAS.IS,138.45413208007812
2023-11-13,BIMAS.IS,133.85862731933594
2023-11-14,BIMAS.IS,135.27267456054688
2023-11-15,BIMAS.IS,136.80447387695312
2023-11-16,BIMAS.IS,142.1070098876953
2023-11-17,BIMAS.IS,145.28846740722656
2023-11-20,BIMAS.IS,143.40313720703125
2023-11-21,BIMAS.IS,147.64512634277344
2023-11-22,BIMAS.IS,145.87762451171875
2023-11-23,BIMAS.IS,145.87762451171875
2023-11-24,BIMAS.IS,149.17698669433594
2023-11-27,BIMAS.IS,151.06231689453125
2023-11-28,BIMAS.IS,148.58782958984375
2023-11-29,BIMAS.IS,147.0559539794922
2023-11-30,BIMAS.IS,145.17063903808594
2023-12-01,BIMAS.IS,143.9923095703125
2023-12-04,BIMAS.IS,145.0527801513672
2023-12-05,BIMAS.IS,145.52415466308594
2023-12-06,BIMAS.IS,147.5272979736328
2023-12-07,BIMAS.IS,152.47630310058594
2023-12-08,BIMAS.IS,151.65147399902344
2023-12-11,BIMAS.IS,149.05914306640625
2023-12-12,BIMAS.IS,146.34898376464844
2023-12-13,BIMAS.IS,142.34263610839844
2023-12-14,BIMAS.IS,147.64512634277344
2023-12-15,BIMAS.IS,151.06231689453125
2023-12-18,BIMAS.IS,149.8839874267578
2023-12-19,BIMAS.IS,143.87448120117188
2023-12-20,BIMAS.IS,144.70750427246094
2023-12-21,BIMAS.IS,147.20655822753906
2023-12-22,BIMAS.IS,147.32557678222656
2023-12-25,BIMAS.IS,143.27947998046875
2023-12-26,BIMAS.IS,144.5885009765625
2023-12-27,BIMAS.IS,145.6595458984375
2023-12-28,BIMAS.IS,146.37353515625
2023-12-29,BIMAS.IS,143.1604766845703
2024-01-02,BIMAS.IS,143.27947998046875
2024-01-03,BIMAS.IS,139.1143798828125
2024-01-04,BIMAS.IS,143.99346923828125
2024-01-05,BIMAS.IS,146.25453186035156
2024-01-08,BIMAS.IS,151.84767150878906
2024-01-09,BIMAS.IS,152.08567810058594
2024-01-10,BIMAS.IS,151.4906768798828
2024-01-11,BIMAS.IS,156.2507781982422
2024-01-12,BIMAS.IS,159.4638671875
2024-01-15,BIMAS.IS,161.12989807128906
2024-01-16,BIMAS.IS,159.4638671875
2024-01-17,BIMAS.IS,158.63084411621094
2024-01-18,BIMAS.IS,158.86883544921875
2024-01-19,BIMAS.IS,159.4638671875
2024-01-22,BIMAS.IS,164.4619903564453
2024-01-23,BIMAS.IS,171.8401641845703
2024-01-24,BIMAS.IS,175.05323791503906
2024-01-25,BIMAS.IS,173.38719177246094
2024-01-26,BIMAS.IS,176.24327087402344
2024-01-29,BIMAS.IS,177.07630920410156
2024-01-30,BIMAS.IS,176.12425231933594
2024-01-31,BIMAS.IS,181.36041259765625
2024-02-01,BIMAS.IS,178.02830505371094
2024-02-02,BIMAS.IS,175.29122924804688
2024-02-05,BIMAS.IS,179.09933471679688
2024-02-06,BIMAS.IS,180.17034912109375
2024-02-07,BIMAS.IS,178.02830505371094
2024-02-08,BIMAS.IS,183.8594512939453
2024-02-09,BIMAS.IS,188.73855590820312
2024-02-12,BIMAS.IS,186.95352172851562
2024-02-13,BIMAS.IS,180.88438415527344
2024-02-14,BIMAS.IS,181.36041259765625
2024-02-15,BIMAS.IS,190.04757690429688
2024-02-16,BIMAS.IS,185.7635040283203
2024-02-19,BIMAS.IS,185.64451599121094
2024-02-20,BIMAS.IS,188.26255798339844
2024-02-21,BIMAS.IS,191.47564697265625
2024-02-22,BIMAS.IS,187.90553283691406
2024-02-23,BIMAS.IS,188.02455139160156
2024-02-26,BIMAS.IS,188.02455139160156
2024-02-27,BIMAS.IS,183.26443481445312
2024-02-28,BIMAS.IS,181.24139404296875
2024-02-29,BIMAS.IS,184.81149291992188
2024-03-01,BIMAS.IS,181.36041259765625
2024-03-04,BIMAS.IS,177.5522918701172
2024-03-05,BIMAS.IS,177.07630920410156
2024-03-06,BIMAS.IS,177.19529724121094
2024-03-07,BIMAS.IS,183.26443481445312
2024-03-08,BIMAS.IS,184.93048095703125
2024-03-11,BIMAS.IS,186.0015106201172
2024-03-12,BIMAS.IS,189.8096160888672
2024-03-13,BIMAS.IS,183.8594512939453
2024-03-14,BIMAS.IS,185.16848754882812
2024-03-15,BIMAS.IS,180.17034912109375
2024-03-18,BIMAS.IS,180.2893524169922
2024-03-19,BIMAS.IS,183.9784698486328
2024-03-20,BIMAS.IS,182.0743865966797
2024-03-21,BIMAS.IS,182.7884063720703
2024-03-22,BIMAS.IS,176.36227416992188
2024-03-25,BIMAS.IS,169.46009826660156
2024-03-26,BIMAS.IS,164.93798828125
2024-03-27,BIMAS.IS,166.36602783203125
2024-03-28,BIMAS.IS,167.3180389404297
2024-03-29,BIMAS.IS,171.8401641845703
2024-04-01,BIMAS.IS,172.55416870117188
2024-04-02,BIMAS.IS,173.62521362304688
2024-04-03,BIMAS.IS,176.48126220703125
2024-04-04,BIMAS.IS,180.88438415527344
2024-04-05,BIMAS.IS,192.78465270996094
2024-04-08,BIMAS.IS,191.47564697265625
2024-04-09,BIMAS.IS,191.47564697265625
2024-04-15,BIMAS.IS,186.95352172851562
2024-04-16,BIMAS.IS,186.5965118408203
2024-04-17,BIMAS.IS,184.57345581054688
2024-04-18,BIMAS.IS,175.05323791503906
2024-04-19,BIMAS.IS,176.83827209472656
2024-04-22,BIMAS.IS,176.12425231933594
2024-04-24,BIMAS.IS,175.17222595214844
2024-04-25,BIMAS.IS,177.43328857421875
2024-04-26,BIMAS.IS,183.9784698486328
2024-04-29,BIMAS.IS,184.57345581054688
2024-04-30,BIMAS.IS,184.2164306640625
2024-05-02,BIMAS.IS,192.18963623046875
2024-05-03,BIMAS.IS,198.6157989501953
2024-05-06,BIMAS.IS,198.73480224609375
2024-05-07,BIMAS.IS,199.4488525390625
2024-05-08,BIMAS.IS,199.9248504638672
2024-05-09,BIMAS.IS,202.3048858642578
2024-05-10,BIMAS.IS,202.18588256835938
2024-05-13,BIMAS.IS,202.78091430664062
2024-05-14,BIMAS.IS,216.9422607421875
2024-05-15,BIMAS.IS,223.36842346191406
2024-05-16,BIMAS.IS,222.1783905029297
2024-05-17,BIMAS.IS,231.6986083984375
2024-05-20,BIMAS.IS,231.93661499023438
2024-05-21,BIMAS.IS,231.93661499023438
2024-05-22,BIMAS.IS,230.86558532714844
2024-05-23,BIMAS.IS,230.62757873535156
2024-05-24,BIMAS.IS,222.53538513183594
2024-05-27,BIMAS.IS,227.0574951171875
2024-05-28,BIMAS.IS,229.3185577392578
2024-05-29,BIMAS.IS,227.0574951171875
2024-05-30,BIMAS.IS,225.98646545410156
2024-05-31,BIMAS.IS,228.48553466796875
2024-06-03,BIMAS.IS,236.45870971679688
2024-06-04,BIMAS.IS,234.1976776123047
2024-06-05,BIMAS.IS,239.90980529785156
2024-06-06,BIMAS.IS,238.24375915527344
2024-06-07,BIMAS.IS,234.91168212890625
2024-06-10,BIMAS.IS,231.3415985107422
2024-06-11,BIMAS.IS,237.29173278808594
2024-06-12,BIMAS.IS,232.53160095214844
2024-06-13,BIMAS.IS,250.3820343017578
2024-06-14,BIMAS.IS,263.234375
2024-06-20,BIMAS.IS,271.0885009765625
2024-06-21,BIMAS.IS,273.23065185546875
2024-06-24,BIMAS.IS,266.804443359375
2024-06-25,BIMAS.IS,271.5645446777344
2024-06-26,BIMAS.IS,266.3284606933594
2024-06-27,BIMAS.IS,266.3284606933594
2024-06-28,BIMAS.IS,259.42626953125
2024-07-01,BIMAS.IS,263.71038818359375
2024-07-02,BIMAS.IS,263.9483947753906
2024-07-03,BIMAS.IS,261.8063659667969
2024-07-04,BIMAS.IS,259.664306640625
2024-07-05,BIMAS.IS,263.47235107421875
2024-07-08,BIMAS.IS,265.8524169921875
2024-07-09,BIMAS.IS,263.71038818359375
2024-07-10,BIMAS.IS,258.4742736816406
2024-07-11,BIMAS.IS,271.3265686035156
2024-07-12,BIMAS.IS,275.3726806640625
2024-07-16,BIMAS.IS,278.70477294921875
2024-07-17,BIMAS.IS,284.67529296875
2024-07-18,BIMAS.IS,291.3622741699219
2024-07-19,BIMAS.IS,293.5116882324219
2024-07-22,BIMAS.IS,293.9893493652344
2024-07-23,BIMAS.IS,293.75048828125
2024-07-24,BIMAS.IS,298.2881164550781
2024-07-25,BIMAS.IS,292.79522705078125
2024-07-26,BIMAS.IS,292.5563659667969
2024-07-29,BIMAS.IS,286.10821533203125
2024-07-30,BIMAS.IS,293.9893493652344
2024-07-31,BIMAS.IS,298.7657470703125
2024-08-01,BIMAS.IS,292.31756591796875
2024-08-02,BIMAS.IS,280.8541564941406
2024-08-05,BIMAS.IS,266.2859802246094
2024-08-06,BIMAS.IS,269.8683776855469
2024-08-07,BIMAS.IS,266.5248718261719
2024-08-08,BIMAS.IS,260.5542907714844
2024-08-09,BIMAS.IS,269.6294860839844
2024-08-12,BIMAS.IS,268.67425537109375
2024-08-13,BIMAS.IS,272.495361328125
2024-08-14,BIMAS.IS,271.3012390136719
2024-08-15,BIMAS.IS,273.21185302734375
2024-08-16,BIMAS.IS,265.5695495605469
2024-08-19,BIMAS.IS,273.9283142089844
2024-08-20,BIMAS.IS,268.4354248046875
2024-08-21,BIMAS.IS,265.5695495605469
2024-08-22,BIMAS.IS,268.4354248046875
2024-08-23,BIMAS.IS,260.7931213378906
2024-08-26,BIMAS.IS,257.6884765625
2024-08-27,BIMAS.IS,264.6142272949219
2024-08-28,BIMAS.IS,264.37548828125
2024-08-29,BIMAS.IS,257.9272766113281
2024-09-02,BIMAS.IS,268.67425537109375
2024-09-03,BIMAS.IS,268.19659423828125
2024-09-04,BIMAS.IS,266.2859802246094
2024-09-05,BIMAS.IS,261.5096130371094
2024-09-06,BIMAS.IS,261.5096130371094
2024-09-09,BIMAS.IS,261.9872131347656
2024-09-10,BIMAS.IS,267.4801330566406
2024-09-11,BIMAS.IS,268.67425537109375
2024-09-12,BIMAS.IS,266.2859802246094
2024-09-13,BIMAS.IS,271.06243896484375
2024-09-16,BIMAS.IS,271.3012390136719
2024-09-17,BIMAS.IS,285.3917541503906
2024-09-18,BIMAS.IS,293.9893493652344
2024-09-19,BIMAS.IS,291.1235046386719
2024-09-20,BIMAS.IS,272.2565612792969
2024-09-23,BIMAS.IS,279.4212341308594
2024-09-24,BIMAS.IS,277.27178955078125
2024-09-25,BIMAS.IS,267.7189636230469
2024-09-26,BIMAS.IS,257.2107849121094
2024-09-27,BIMAS.IS,237.8662567138672
2024-09-30,BIMAS.IS,237.0303955078125
2024-10-01,BIMAS.IS,230.9404296875
2024-10-02,BIMAS.IS,224.43846130371094
2024-10-03,BIMAS.IS,229.9771728515625
2024-10-04,BIMAS.IS,231.6628875732422
2024-10-07,BIMAS.IS,222.75277709960938
2024-10-08,BIMAS.IS,232.866943359375
2024-10-09,BIMAS.IS,233.5894012451172
2024-10-10,BIMAS.IS,223.59561157226562
2024-10-11,BIMAS.IS,224.43846130371094
2024-10-14,BIMAS.IS,225.52212524414062
2024-10-15,BIMAS.IS,225.28131103515625
2024-10-16,BIMAS.IS,227.32823181152344
2024-10-17,BIMAS.IS,226.4853973388672
2024-10-18,BIMAS.IS,222.0303192138672
2024-10-21,BIMAS.IS,214.6855010986328
2024-10-22,BIMAS.IS,221.7895050048828
2024-10-23,BIMAS.IS,217.45484924316406
2024-10-24,BIMAS.IS,229.013916015625
2024-10-25,BIMAS.IS,228.89352416992188
2024-10-28,BIMAS.IS,227.68943786621094
2024-10-30,BIMAS.IS,234.3118133544922
2024-10-31,BIMAS.IS,224.67926025390625
2024-11-01,BIMAS.IS,223.9568328857422
2024-11-04,BIMAS.IS,222.75277709960938
2024-11-05,BIMAS.IS,221.54869079589844
2024-11-06,BIMAS.IS,237.20159912109375
2024-11-07,BIMAS.IS,235.15467834472656
2024-11-08,BIMAS.IS,237.68321228027344
2024-11-11,BIMAS.IS,236.4791717529297
2024-11-12,BIMAS.IS,226.8466033935547
2024-11-13,BIMAS.IS,227.08740234375
2024-11-14,BIMAS.IS,228.89352416992188
2024-11-15,BIMAS.IS,224.43846130371094
2024-11-18,BIMAS.IS,221.4282684326172
2024-11-19,BIMAS.IS,220.34463500976562
2024-11-20,BIMAS.IS,213.8426513671875
2024-11-21,BIMAS.IS,219.7425994873047
2024-11-22,BIMAS.IS,225.52212524414062
2024-11-25,BIMAS.IS,230.33840942382812
2024-11-26,BIMAS.IS,228.41189575195312
2024-11-27,BIMAS.IS,230.33840942382812
2024-11-28,BIMAS.IS,234.07101440429688
2024-11-29,BIMAS.IS,228.0506591796875
2024-12-02,BIMAS.IS,234.6730499267578
2024-12-03,BIMAS.IS,241.7770538330078
2024-12-04,BIMAS.IS,243.9443817138672
2024-12-05,BIMAS.IS,246.1116943359375
2024-12-06,BIMAS.IS,248.0382080078125
2024-12-09,BIMAS.IS,253.3361053466797
2024-12-10,BIMAS.IS,253.3361053466797
2024-12-11,BIMAS.IS,259.11566162109375
2024-12-12,BIMAS.IS,258.1523742675781
2024-12-13,BIMAS.IS,254.781005859375
2024-12-16,BIMAS.IS,247.07496643066406
2024-12-17,BIMAS.IS,249.72390747070312
2024-12-18,BIMAS.IS,246.0836181640625
2024-12-19,BIMAS.IS,243.65675354003906
2024-12-20,BIMAS.IS,240.1378173828125
2024-12-23,BIMAS.IS,238.31768798828125
2024-12-24,BIMAS.IS,237.2255859375
2024-12-25,BIMAS.IS,248.0251007080078
2024-12-26,BIMAS.IS,251.42269897460938
2024-12-27,BIMAS.IS,253.3642120361328
2024-12-30,BIMAS.IS,254.33494567871094
2024-12-31,BIMAS.IS,256.5191345214844
2015-03-11,EREGL.IS,0.883229672908783
2015-03-12,EREGL.IS,0.8968878388404846
2015-03-13,EREGL.IS,0.8877823948860168
2015-03-16,EREGL.IS,0.8968878388404846
2015-03-17,EREGL.IS,0.9219279289245605
2015-03-18,EREGL.IS,0.935586154460907
2015-03-19,EREGL.IS,0.9378624558448792
2015-03-20,EREGL.IS,0.94469153881073
2015-03-23,EREGL.IS,0.951520562171936
2015-03-24,EREGL.IS,0.9196515679359436
2015-03-25,EREGL.IS,0.9264805316925049
2015-03-26,EREGL.IS,0.910546064376831
2015-03-27,EREGL.IS,0.9128224849700928
2015-03-30,EREGL.IS,0.9219279289245605
2015-03-31,EREGL.IS,0.9219279289245605
2015-04-01,EREGL.IS,0.951520562171936
2015-04-02,EREGL.IS,0.9742843508720398
2015-04-03,EREGL.IS,0.9765607714653015
2015-04-06,EREGL.IS,0.9742843508720398
2015-04-07,EREGL.IS,0.9970480799674988
2015-04-08,EREGL.IS,0.9970480799674988
2015-04-09,EREGL.IS,1.0016006231307983
2015-04-10,EREGL.IS,0.9970480799674988
2015-04-13,EREGL.IS,0.9811131954193115
2015-04-14,EREGL.IS,0.9856662154197693
2015-04-15,EREGL.IS,0.9856662154197693
2015-04-16,EREGL.IS,1.015259027481079
2015-04-17,EREGL.IS,1.0129823684692383
2015-04-20,EREGL.IS,1.0220879316329956
2015-04-21,EREGL.IS,1.0425751209259033
2015-04-22,EREGL.IS,1.0311933755874634
2015-04-23,EREGL.IS,1.0311933755874634
2015-04-24,EREGL.IS,1.038022518157959
2015-04-27,EREGL.IS,1.0539571046829224
2015-04-28,EREGL.IS,1.0676153898239136
2015-04-29,EREGL.IS,1.0425751209259033
2015-04-30,EREGL.IS,1.0243644714355469
2015-05-01,EREGL.IS,1.0243644714355469
2015-05-04,EREGL.IS,1.038022518157959
2015-05-05,EREGL.IS,1.0494043827056885
2015-05-06,EREGL.IS,1.038022518157959
2015-05-07,EREGL.IS,1.0516808032989502
2015-05-08,EREGL.IS,1.0698914527893066
2015-05-11,EREGL.IS,1.0698914527893066
2015-05-12,EREGL.IS,1.07444429397583
2015-05-13,EREGL.IS,1.0858262777328491
2015-05-14,EREGL.IS,1.1017606258392334
2015-05-15,EREGL.IS,1.113142490386963
2015-05-18,EREGL.IS,1.1154190301895142
2015-05-19,EREGL.IS,1.1154190301895142
2015-05-20,EREGL.IS,1.119971752166748
2015-05-21,EREGL.IS,1.1108663082122803
2015-05-22,EREGL.IS,1.0994842052459717
2015-05-25,EREGL.IS,1.0926554203033447
2015-05-26,EREGL.IS,1.0653387308120728
2015-05-27,EREGL.IS,1.0802385807037354
2015-05-28,EREGL.IS,1.0578889846801758
2015-05-29,EREGL.IS,1.0628557205200195
2015-06-01,EREGL.IS,1.0479555130004883
2015-06-02,EREGL.IS,1.0926551818847656
2015-06-03,EREGL.IS,1.1150050163269043
2015-06-04,EREGL.IS,1.1373546123504639
2015-06-05,EREGL.IS,1.1075551509857178
2015-06-08,EREGL.IS,1.095138430595398
2015-06-09,EREGL.IS,1.060372233390808
2015-06-10,EREGL.IS,1.060372233390808
2015-06-11,EREGL.IS,1.0653387308120728
2015-06-12,EREGL.IS,1.0678220987319946
2015-06-15,EREGL.IS,1.0479555130004883
2015-06-16,EREGL.IS,1.0628557205200195
2015-06-17,EREGL.IS,1.0752722024917603
2015-06-18,EREGL.IS,1.0976217985153198
2015-06-19,EREGL.IS,1.1125216484069824
2015-06-22,EREGL.IS,1.085205316543579
2015-06-23,EREGL.IS,1.1025885343551636
2015-06-24,EREGL.IS,1.1174882650375366
2015-06-25,EREGL.IS,1.1001052856445312
2015-06-26,EREGL.IS,1.1025885343551636
2015-06-29,EREGL.IS,1.0802385807037354
2015-06-30,EREGL.IS,1.077755331993103
2015-07-01,EREGL.IS,1.060372233390808
2015-07-02,EREGL.IS,1.0479555130004883
2015-07-03,EREGL.IS,1.0454723834991455
2015-07-06,EREGL.IS,1.0554057359695435
2015-07-07,EREGL.IS,1.0429890155792236
2015-07-08,EREGL.IS,1.0454723834991455
2015-07-09,EREGL.IS,1.0628557205200195
2015-07-10,EREGL.IS,1.060372233390808
2015-07-13,EREGL.IS,1.0529223680496216
2015-07-14,EREGL.IS,1.030572533607483
2015-07-15,EREGL.IS,1.028089165687561
2015-07-16,EREGL.IS,1.0256060361862183
2015-07-17,EREGL.IS,1.0256060361862183
2015-07-20,EREGL.IS,1.0057395696640015
2015-07-21,EREGL.IS,1.0355392694473267
2015-07-22,EREGL.IS,1.0131895542144775
2015-07-23,EREGL.IS,0.968489944934845
2015-07-24,EREGL.IS,0.9660065770149231
2015-07-27,EREGL.IS,1.0032562017440796
2015-07-28,EREGL.IS,0.9982895255088806
2015-07-29,EREGL.IS,1.0206395387649536
2015-07-30,EREGL.IS,1.0256060361862183
2015-07-31,EREGL.IS,1.0330559015274048
2015-08-03,EREGL.IS,1.0206395387649536
2015-08-04,EREGL.IS,1.0355392694473267
2015-08-05,EREGL.IS,1.0231226682662964
2015-08-06,EREGL.IS,1.0107061862945557
2015-08-07,EREGL.IS,0.9883564114570618
2015-08-10,EREGL.IS,0.9560732245445251
2015-08-11,EREGL.IS,1.0007728338241577
2015-08-12,EREGL.IS,0.968489944934845
2015-08-13,EREGL.IS,0.9858731627464294
2015-08-14,EREGL.IS,0.9784230589866638
2015-08-17,EREGL.IS,0.9660065770149231
2015-08-18,EREGL.IS,0.968489944934845
2015-08-19,EREGL.IS,0.9560732245445251
2015-08-20,EREGL.IS,0.9511066675186157
2015-08-21,EREGL.IS,0.9411735534667969
2015-08-24,EREGL.IS,0.9113737940788269
2015-08-25,EREGL.IS,0.9262737035751343
2015-08-26,EREGL.IS,0.9386902451515198
2015-08-27,EREGL.IS,0.9759398102760315
2015-08-28,EREGL.IS,0.963523268699646
2015-08-31,EREGL.IS,0.9833898544311523
2015-09-01,EREGL.IS,0.9660065770149231
2015-09-02,EREGL.IS,0.9461400508880615
2015-09-03,EREGL.IS,0.9610400199890137
2015-09-04,EREGL.IS,0.9362068772315979
2015-09-07,EREGL.IS,0.913857102394104
2015-09-08,EREGL.IS,0.9088905453681946
2015-09-09,EREGL.IS,0.9163404703140259
2015-09-10,EREGL.IS,0.9064072966575623
2015-09-11,EREGL.IS,0.9163404703140259
2015-09-14,EREGL.IS,0.9337236881256104
2015-09-15,EREGL.IS,0.9535900354385376
2015-09-16,EREGL.IS,0.9660065770149231
2015-09-17,EREGL.IS,0.9809064865112305
2015-09-18,EREGL.IS,0.9734565019607544
2015-09-21,EREGL.IS,0.9660065770149231
2015-09-22,EREGL.IS,0.9362068772315979
2015-09-23,EREGL.IS,0.9312401413917542
2015-09-24,EREGL.IS,0.9312401413917542
2015-09-25,EREGL.IS,0.9312401413917542
2015-09-28,EREGL.IS,0.9237902760505676
2015-09-29,EREGL.IS,0.9411735534667969
2015-09-30,EREGL.IS,0.9262737035751343
2015-10-01,EREGL.IS,0.9262737035751343
2015-10-02,EREGL.IS,0.9237902760505676
2015-10-05,EREGL.IS,0.9436568021774292
2015-10-06,EREGL.IS,0.9486233592033386
2015-10-07,EREGL.IS,0.9883564114570618
2015-10-08,EREGL.IS,0.9809064865112305
2015-10-09,EREGL.IS,1.018155813217163
2015-10-12,EREGL.IS,1.0330559015274048
2015-10-13,EREGL.IS,0.9933229684829712
2015-10-14,EREGL.IS,1.0057395696640015
2015-10-15,EREGL.IS,0.9958062767982483
2015-10-16,EREGL.IS,1.0131895542144775
2015-10-19,EREGL.IS,1.018155813217163
2015-10-20,EREGL.IS,0.9958062767982483
2015-10-21,EREGL.IS,0.9833898544311523
2015-10-22,EREGL.IS,0.9858731627464294
2015-10-23,EREGL.IS,0.9883564114570618
2015-10-26,EREGL.IS,0.9908397197723389
2015-10-27,EREGL.IS,1.0007728338241577
2015-10-28,EREGL.IS,1.0131895542144775
2015-10-29,EREGL.IS,1.0131895542144775
2015-10-30,EREGL.IS,1.028089165687561
2015-11-02,EREGL.IS,1.0330559015274048
2015-11-03,EREGL.IS,1.0380223989486694
2015-11-04,EREGL.IS,1.060372233390808
2015-11-05,EREGL.IS,1.018155813217163
2015-11-06,EREGL.IS,0.9709731340408325
2015-11-09,EREGL.IS,0.968489944934845
2015-11-10,EREGL.IS,0.9660065770149231
2015-11-11,EREGL.IS,0.9709731340408325
2015-11-12,EREGL.IS,0.9734565019607544
2015-11-13,EREGL.IS,0.9610400199890137
2015-11-16,EREGL.IS,0.9535900354385376
2015-11-17,EREGL.IS,0.9486233592033386
2015-11-18,EREGL.IS,0.9337236881256104
2015-11-19,EREGL.IS,0.9486233592033386
2015-11-20,EREGL.IS,0.958556592464447
2015-11-23,EREGL.IS,0.9362068772315979
2015-11-24,EREGL.IS,0.8964740633964539
2015-11-25,EREGL.IS,0.9014406800270081
2015-11-26,EREGL.IS,0.913857102394104
2015-11-27,EREGL.IS,0.9262737035751343
2015-11-30,EREGL.IS,0.9337236881256104
2015-12-01,EREGL.IS,0.9386902451515198
2015-12-02,EREGL.IS,0.8989571332931519
2015-12-03,EREGL.IS,0.893990695476532
2015-12-04,EREGL.IS,0.869157612323761
2015-12-07,EREGL.IS,0.8567411303520203
2015-12-08,EREGL.IS,0.8343912363052368
2015-12-09,EREGL.IS,0.84432452917099
2015-12-10,EREGL.IS,0.8294246792793274
2015-12-11,EREGL.IS,0.8219746351242065
2015-12-14,EREGL.IS,0.7797585129737854
2015-12-15,EREGL.IS,0.8170080780982971
2015-12-16,EREGL.IS,0.8095582127571106
2015-12-17,EREGL.IS,0.8070749044418335
2015-12-18,EREGL.IS,0.7723084688186646
2015-12-21,EREGL.IS,0.7723084688186646
2015-12-22,EREGL.IS,0.7673419713973999
2015-12-23,EREGL.IS,0.7896917462348938
2015-12-24,EREGL.IS,0.7996249794960022
2015-12-25,EREGL.IS,0.7971417307853699
2015-12-28,EREGL.IS,0.7921751141548157
2015-12-29,EREGL.IS,0.7872084975242615
2015-12-30,EREGL.IS,0.7772752642631531
2015-12-31,EREGL.IS,0.7549253702163696
2016-01-01,EREGL.IS,0.7549253702163696
2016-01-04,EREGL.IS,0.7350590229034424
2016-01-05,EREGL.IS,0.7400256991386414
2016-01-06,EREGL.IS,0.7747918963432312
2016-01-07,EREGL.IS,0.7673419713973999
2016-01-08,EREGL.IS,0.7425088286399841
2016-01-11,EREGL.IS,0.7524420619010925
2016-01-12,EREGL.IS,0.7524420619010925
2016-01-13,EREGL.IS,0.7598920464515686
2016-01-14,EREGL.IS,0.749958872795105
2016-01-15,EREGL.IS,0.7350590229034424
2016-01-18,EREGL.IS,0.7425088286399841
2016-01-19,EREGL.IS,0.7425088286399841
2016-01-20,EREGL.IS,0.7251257300376892
2016-01-21,EREGL.IS,0.7176758050918579
2016-01-22,EREGL.IS,0.7176758050918579
2016-01-25,EREGL.IS,0.757408618927002
2016-01-26,EREGL.IS,0.757408618927002
2016-01-27,EREGL.IS,0.7648586630821228
2016-01-28,EREGL.IS,0.7598920464515686
2016-01-29,EREGL.IS,0.7673419713973999
2016-02-01,EREGL.IS,0.7698252201080322
2016-02-02,EREGL.IS,0.7648586630821228
2016-02-03,EREGL.IS,0.7723084688186646
2016-02-04,EREGL.IS,0.7971417307853699
2016-02-05,EREGL.IS,0.8145248293876648
2016-02-08,EREGL.IS,0.7996249794960022
2016-02-09,EREGL.IS,0.7797585129737854
2016-02-10,EREGL.IS,0.7772752642631531
2016-02-11,EREGL.IS,0.7723084688186646
2016-02-12,EREGL.IS,0.7648586630821228
2016-02-15,EREGL.IS,0.7797585129737854
2016-02-16,EREGL.IS,0.7747918963432312
2016-02-17,EREGL.IS,0.7921751141548157
2016-02-18,EREGL.IS,0.8070749044418335
2016-02-19,EREGL.IS,0.8021083474159241
2016-02-22,EREGL.IS,0.8095582127571106
2016-02-23,EREGL.IS,0.8368744850158691
2016-02-24,EREGL.IS,0.8269413709640503
2016-02-25,EREGL.IS,0.8368744850158691
2016-02-26,EREGL.IS,0.8368744850158691
2016-02-29,EREGL.IS,0.8567411303520203
2016-03-01,EREGL.IS,0.8666743636131287
2016-03-02,EREGL.IS,0.8641909956932068
2016-03-03,EREGL.IS,0.8617076873779297
2016-03-04,EREGL.IS,0.8790907859802246
2016-03-07,EREGL.IS,0.893990695476532
2016-03-08,EREGL.IS,0.8915073275566101
2016-03-09,EREGL.IS,0.8840574026107788
2016-03-10,EREGL.IS,0.8989571332931519
2016-03-11,EREGL.IS,0.9064072966575623
2016-03-14,EREGL.IS,0.9213071465492249
2016-03-15,EREGL.IS,0.9113737940788269
2016-03-16,EREGL.IS,0.9088905453681946
2016-03-17,EREGL.IS,0.9386902451515198
2016-03-18,EREGL.IS,0.9883564114570618
2016-03-21,EREGL.IS,0.9933229684829712
2016-03-22,EREGL.IS,0.9809064865112305
2016-03-23,EREGL.IS,0.9610400199890137
2016-03-24,EREGL.IS,1.0032562017440796
2016-03-25,EREGL.IS,0.9908397197723389
2016-03-28,EREGL.IS,1.018155813217163
2016-03-29,EREGL.IS,1.030572533607483
2016-03-30,EREGL.IS,1.0628557205200195
2016-03-31,EREGL.IS,1.0529223680496216
2016-04-01,EREGL.IS,1.060372233390808
2016-04-04,EREGL.IS,1.0703052282333374
2016-04-05,EREGL.IS,1.0653387308120728
2016-04-06,EREGL.IS,1.0504391193389893
2016-04-07,EREGL.IS,1.085205316543579
2016-04-08,EREGL.IS,1.1174882650375366
2016-04-11,EREGL.IS,1.1646713018417358
2016-04-12,EREGL.IS,1.1994373798370361
2016-04-13,EREGL.IS,1.2317203283309937
2016-04-14,EREGL.IS,1.2242704629898071
2016-04-15,EREGL.IS,1.1820541620254517
2016-04-18,EREGL.IS,1.196954369544983
2016-04-19,EREGL.IS,1.1845377683639526
2016-04-20,EREGL.IS,1.211854100227356
2016-04-21,EREGL.IS,1.2416539192199707
2016-04-22,EREGL.IS,1.2242704629898071
2016-04-25,EREGL.IS,1.236687183380127
2016-04-26,EREGL.IS,1.1845377683639526
2016-04-27,EREGL.IS,1.1572210788726807
2016-04-28,EREGL.IS,1.169637680053711
2016-04-29,EREGL.IS,1.1597046852111816
2016-05-02,EREGL.IS,1.1423213481903076
2016-05-03,EREGL.IS,1.1025885343551636
2016-05-04,EREGL.IS,1.1373546123504639
2016-05-05,EREGL.IS,1.1621878147125244
2016-05-06,EREGL.IS,1.1646713018417358
2016-05-09,EREGL.IS,1.1323882341384888
2016-05-10,EREGL.IS,1.1100382804870605
2016-05-11,EREGL.IS,1.1323882341384888
2016-05-12,EREGL.IS,1.085205316543579
2016-05-13,EREGL.IS,1.0827223062515259
2016-05-16,EREGL.IS,1.0876888036727905
2016-05-17,EREGL.IS,1.0628557205200195
2016-05-18,EREGL.IS,1.085205316543579
2016-05-19,EREGL.IS,1.085205316543579
2016-05-20,EREGL.IS,1.0976217985153198
2016-05-23,EREGL.IS,1.0727887153625488
2016-05-24,EREGL.IS,1.0926551818847656
2016-05-25,EREGL.IS,1.1059802770614624
2016-05-26,EREGL.IS,1.1193052530288696
2016-05-27,EREGL.IS,1.0979852676391602
2016-05-30,EREGL.IS,1.1086453199386597
2016-05-31,EREGL.IS,1.0979852676391602
2016-06-01,EREGL.IS,1.0553451776504517
2016-06-02,EREGL.IS,1.0500149726867676
2016-06-03,EREGL.IS,1.0766651630401611
2016-06-06,EREGL.IS,1.095320463180542
2016-06-07,EREGL.IS,1.1113104820251465
2016-06-08,EREGL.IS,1.1246352195739746
2016-06-09,EREGL.IS,1.0873253345489502
2016-06-10,EREGL.IS,1.084660291671753
2016-06-13,EREGL.IS,1.0873253345489502
2016-06-14,EREGL.IS,1.063340187072754
2016-06-15,EREGL.IS,1.0766651630401611
2016-06-16,EREGL.IS,1.0500149726867676
2016-06-17,EREGL.IS,1.0526801347732544
2016-06-20,EREGL.IS,1.079330325126648
2016-06-21,EREGL.IS,1.0819951295852661
2016-06-22,EREGL.IS,1.063340187072754
2016-06-23,EREGL.IS,1.079330325126648
2016-06-24,EREGL.IS,1.0500149726867676
2016-06-27,EREGL.IS,1.0420199632644653
2016-06-28,EREGL.IS,1.0873253345489502
2016-06-29,EREGL.IS,1.095320463180542
2016-06-30,EREGL.IS,1.0819951295852661
2016-07-01,EREGL.IS,1.121970295906067
2016-07-04,EREGL.IS,1.121970295906067
2016-07-05,EREGL.IS,1.121970295906067
2016-07-06,EREGL.IS,1.121970295906067
2016-07-07,EREGL.IS,1.121970295906067
2016-07-08,EREGL.IS,1.127300500869751
2016-07-11,EREGL.IS,1.1486202478408813
2016-07-12,EREGL.IS,1.1992557048797607
2016-07-13,EREGL.IS,1.1806007623672485
2016-07-14,EREGL.IS,1.2312361001968384
2016-07-15,EREGL.IS,1.2632161378860474
2016-07-18,EREGL.IS,1.2498911619186401
2016-07-19,EREGL.IS,1.2418957948684692
2016-07-20,EREGL.IS,1.2179107666015625
2016-07-21,EREGL.IS,1.1406255960464478
2016-07-22,EREGL.IS,1.1193052530288696
2016-07-25,EREGL.IS,1.1885957717895508
2016-07-26,EREGL.IS,1.1832656860351562
2016-07-27,EREGL.IS,1.2312361001968384
2016-07-28,EREGL.IS,1.2445610761642456
2016-07-29,EREGL.IS,1.2099158763885498
2016-08-01,EREGL.IS,1.239230990409851
2016-08-02,EREGL.IS,1.2072508335113525
2016-08-03,EREGL.IS,1.1885957717895508
2016-08-04,EREGL.IS,1.2445610761642456
2016-08-05,EREGL.IS,1.2818711996078491
2016-08-08,EREGL.IS,1.313851237297058
2016-08-09,EREGL.IS,1.3271764516830444
2016-08-10,EREGL.IS,1.324511170387268
2016-08-11,EREGL.IS,1.3165162801742554
2016-08-12,EREGL.IS,1.3165162801742554
2016-08-15,EREGL.IS,1.305856466293335
2016-08-16,EREGL.IS,1.2605509757995605
2016-08-17,EREGL.IS,1.2925312519073486
2016-08-18,EREGL.IS,1.2792062759399414
2016-08-19,EREGL.IS,1.305856466293335
2016-08-22,EREGL.IS,1.2925312519073486
2016-08-23,EREGL.IS,1.2685459852218628
2016-08-24,EREGL.IS,1.2498911619186401
2016-08-25,EREGL.IS,1.2472258806228638
2016-08-26,EREGL.IS,1.2445610761642456
2016-08-29,EREGL.IS,1.2259057760238647
2016-08-30,EREGL.IS,1.2259057760238647
2016-08-31,EREGL.IS,1.185930609703064
2016-09-01,EREGL.IS,1.2019211053848267
2016-09-02,EREGL.IS,1.2019211053848267
2016-09-05,EREGL.IS,1.236566185951233
2016-09-06,EREGL.IS,1.236566185951233
2016-09-07,EREGL.IS,1.2418957948684692
2016-09-08,EREGL.IS,1.212580919265747
2016-09-09,EREGL.IS,1.1726055145263672
2016-09-12,EREGL.IS,1.1726055145263672
2016-09-13,EREGL.IS,1.1726055145263672
2016-09-14,EREGL.IS,1.1726055145263672
2016-09-15,EREGL.IS,1.1726055145263672
2016-09-16,EREGL.IS,1.1352955102920532
2016-09-19,EREGL.IS,1.1486202478408813
2016-09-20,EREGL.IS,1.1406255960464478
2016-09-21,EREGL.IS,1.1592804193496704
2016-09-22,EREGL.IS,1.1752705574035645
2016-09-23,EREGL.IS,1.1779356002807617
2016-09-26,EREGL.IS,1.1406255960464478
2016-09-27,EREGL.IS,1.1299654245376587
2016-09-28,EREGL.IS,1.1193052530288696
2016-09-29,EREGL.IS,1.1166402101516724
2016-09-30,EREGL.IS,1.1006503105163574
2016-10-03,EREGL.IS,1.1193052530288696
2016-10-04,EREGL.IS,1.121970295906067
2016-10-05,EREGL.IS,1.16994047164917
2016-10-06,EREGL.IS,1.137960433959961
2016-10-07,EREGL.IS,1.1326305866241455
2016-10-10,EREGL.IS,1.127300500869751
2016-10-11,EREGL.IS,1.1086453199386597
2016-10-12,EREGL.IS,1.1113104820251465
2016-10-13,EREGL.IS,1.1352955102920532
2016-10-14,EREGL.IS,1.1512854099273682
2016-10-17,EREGL.IS,1.1592804193496704
2016-10-18,EREGL.IS,1.1752705574035645
2016-10-19,EREGL.IS,1.1806007623672485
2016-10-20,EREGL.IS,1.1646106243133545
2016-10-21,EREGL.IS,1.1193052530288696
2016-10-24,EREGL.IS,1.1299654245376587
2016-10-25,EREGL.IS,1.137960433959961
2016-10-26,EREGL.IS,1.1246352195739746
2016-10-27,EREGL.IS,1.1193052530288696
2016-10-28,EREGL.IS,1.1139752864837646
2016-10-31,EREGL.IS,1.1193052530288696
2016-11-01,EREGL.IS,1.089990258216858
2016-11-02,EREGL.IS,1.1059802770614624
2016-11-03,EREGL.IS,1.1113104820251465
2016-11-04,EREGL.IS,1.0366899967193604
2016-11-07,EREGL.IS,1.0686701536178589
2016-11-08,EREGL.IS,1.0660051107406616
2016-11-09,EREGL.IS,1.0766651630401611
2016-11-10,EREGL.IS,1.1113104820251465
2016-11-11,EREGL.IS,1.137960433959961
2016-11-14,EREGL.IS,1.1512854099273682
2016-11-15,EREGL.IS,1.1619458198547363
2016-11-16,EREGL.IS,1.1512854099273682
2016-11-17,EREGL.IS,1.1406255960464478
2016-11-18,EREGL.IS,1.1459554433822632
2016-11-21,EREGL.IS,1.1512854099273682
2016-11-22,EREGL.IS,1.1646106243133545
2016-11-23,EREGL.IS,1.1726055145263672
2016-11-24,EREGL.IS,1.1779356002807617
2016-11-25,EREGL.IS,1.185930609703064
2016-11-28,EREGL.IS,1.2285709381103516
2016-11-29,EREGL.IS,1.2259057760238647
2016-11-30,EREGL.IS,1.255220890045166
2016-12-01,EREGL.IS,1.2312361001968384
2016-12-02,EREGL.IS,1.2472258806228638
2016-12-05,EREGL.IS,1.2658811807632446
2016-12-06,EREGL.IS,1.3378363847732544
2016-12-07,EREGL.IS,1.3431663513183594
2016-12-08,EREGL.IS,1.3671517372131348
2016-12-09,EREGL.IS,1.348496437072754
2016-12-12,EREGL.IS,1.375146746635437
2016-12-13,EREGL.IS,1.3778116703033447
2016-12-14,EREGL.IS,1.3511614799499512
2016-12-15,EREGL.IS,1.369816541671753
2016-12-16,EREGL.IS,1.385806679725647
2016-12-19,EREGL.IS,1.3431663513183594
2016-12-20,EREGL.IS,1.3458316326141357
2016-12-21,EREGL.IS,1.3538265228271484
2016-12-22,EREGL.IS,1.3778116703033447
2016-12-23,EREGL.IS,1.3564914464950562
2016-12-26,EREGL.IS,1.3538265228271484
2016-12-27,EREGL.IS,1.364486575126648
2016-12-28,EREGL.IS,1.3724815845489502
2016-12-29,EREGL.IS,1.3538265228271484
2016-12-30,EREGL.IS,1.369816541671753
2017-01-02,EREGL.IS,1.3591564893722534
2017-01-03,EREGL.IS,1.3271764516830444
2017-01-04,EREGL.IS,1.2658811807632446
2017-01-05,EREGL.IS,1.2898660898208618
2017-01-06,EREGL.IS,1.2818711996078491
2017-01-09,EREGL.IS,1.284536361694336
2017-01-10,EREGL.IS,1.324511170387268
2017-01-11,EREGL.IS,1.4124568700790405
2017-01-12,EREGL.IS,1.4977370500564575
2017-01-13,EREGL.IS,1.5030672550201416
2017-01-16,EREGL.IS,1.5083973407745361
2017-01-17,EREGL.IS,1.5004020929336548
2017-01-18,EREGL.IS,1.4737520217895508
2017-01-19,EREGL.IS,1.4710869789123535
2017-01-20,EREGL.IS,1.4897421598434448
2017-01-23,EREGL.IS,1.4950722455978394
2017-01-24,EREGL.IS,1.5323823690414429
2017-01-25,EREGL.IS,1.492407202720642
2017-01-26,EREGL.IS,1.5030672550201416
2017-01-27,EREGL.IS,1.5163922309875488
2017-01-30,EREGL.IS,1.5537023544311523
2017-01-31,EREGL.IS,1.548372507095337
2017-02-01,EREGL.IS,1.5856825113296509
2017-02-02,EREGL.IS,1.572357416152954
2017-02-03,EREGL.IS,1.5776876211166382
2017-02-06,EREGL.IS,1.5776876211166382
2017-02-07,EREGL.IS,1.5270522832870483
2017-02-08,EREGL.IS,1.524387240409851
2017-02-09,EREGL.IS,1.524387240409851
2017-02-10,EREGL.IS,1.5270522832870483
2017-02-13,EREGL.IS,1.564362645149231
2017-02-14,EREGL.IS,1.5910125970840454
2017-02-15,EREGL.IS,1.572357416152954
2017-02-16,EREGL.IS,1.575022578239441
2017-02-17,EREGL.IS,1.5776876211166382
2017-02-20,EREGL.IS,1.5537023544311523
2017-02-21,EREGL.IS,1.5696923732757568
2017-02-22,EREGL.IS,1.575022578239441
2017-02-23,EREGL.IS,1.625657558441162
2017-02-24,EREGL.IS,1.5856825113296509
2017-02-27,EREGL.IS,1.5830177068710327
2017-02-28,EREGL.IS,1.5830177068710327
2017-03-01,EREGL.IS,1.5856825113296509
2017-03-02,EREGL.IS,1.6203275918960571
2017-03-03,EREGL.IS,1.6096677780151367
2017-03-06,EREGL.IS,1.6096677780151367
2017-03-07,EREGL.IS,1.5936775207519531
2017-03-08,EREGL.IS,1.5590324401855469
2017-03-09,EREGL.IS,1.572357416152954
2017-03-10,EREGL.IS,1.5696923732757568
2017-03-13,EREGL.IS,1.5803524255752563
2017-03-14,EREGL.IS,1.5590324401855469
2017-03-15,EREGL.IS,1.5990076065063477
2017-03-16,EREGL.IS,1.6496429443359375
2017-03-17,EREGL.IS,1.6549726724624634
2017-03-20,EREGL.IS,1.6309877634048462
2017-03-21,EREGL.IS,1.628322720527649
2017-03-22,EREGL.IS,1.612332820892334
2017-03-23,EREGL.IS,1.5856825113296509
2017-03-24,EREGL.IS,1.5910125970840454
2017-03-27,EREGL.IS,1.5616976022720337
2017-03-28,EREGL.IS,1.575022578239441
2017-03-29,EREGL.IS,1.5776876211166382
2017-03-30,EREGL.IS,1.5856825113296509
2017-03-31,EREGL.IS,1.572357416152954
2017-04-03,EREGL.IS,1.5616976022720337
2017-04-04,EREGL.IS,1.5963425636291504
2017-04-05,EREGL.IS,1.5963425636291504
2017-04-06,EREGL.IS,1.5906208753585815
2017-04-07,EREGL.IS,1.5820386409759521
2017-04-10,EREGL.IS,1.624950885772705
2017-04-11,EREGL.IS,1.6020643711090088
2017-04-12,EREGL.IS,1.5992034673690796
2017-04-13,EREGL.IS,1.5648735761642456
2017-04-14,EREGL.IS,1.5620126724243164
2017-04-17,EREGL.IS,1.5906208753585815
2017-04-18,EREGL.IS,1.6278119087219238
2017-04-19,EREGL.IS,1.6363941431045532
2017-04-20,EREGL.IS,1.6592808961868286
2017-04-21,EREGL.IS,1.6707240343093872
2017-04-24,EREGL.IS,1.7222191095352173
2017-04-25,EREGL.IS,1.7737140655517578
2017-04-26,EREGL.IS,1.8137656450271606
2017-04-27,EREGL.IS,1.8423739671707153
2017-04-28,EREGL.IS,1.8624000549316406
2017-05-01,EREGL.IS,1.8624000549316406
2017-05-02,EREGL.IS,1.8337913751602173
2017-05-03,EREGL.IS,1.8109047412872314
2017-05-04,EREGL.IS,1.8080440759658813
2017-05-05,EREGL.IS,1.8080440759658813
2017-05-08,EREGL.IS,1.802322506904602
2017-05-09,EREGL.IS,1.8852863311767578
2017-05-10,EREGL.IS,1.8795647621154785
2017-05-11,EREGL.IS,1.8767039775848389
2017-05-12,EREGL.IS,1.8452346324920654
2017-05-15,EREGL.IS,1.8423739671707153
2017-05-16,EREGL.IS,1.8395130634307861
2017-05-17,EREGL.IS,1.8309305906295776
2017-05-18,EREGL.IS,1.8337913751602173
2017-05-19,EREGL.IS,1.8337913751602173
2017-05-22,EREGL.IS,1.8824255466461182
2017-05-23,EREGL.IS,1.8738431930541992
2017-05-24,EREGL.IS,1.8566780090332031
2017-05-25,EREGL.IS,1.8738431930541992
2017-05-26,EREGL.IS,1.8538172245025635
2017-05-29,EREGL.IS,1.8538172245025635
2017-05-30,EREGL.IS,1.8538172245025635
2017-05-31,EREGL.IS,1.8280699253082275
2017-06-01,EREGL.IS,1.8166264295578003
2017-06-02,EREGL.IS,1.8824255466461182
2017-06-05,EREGL.IS,1.8595389127731323
2017-06-06,EREGL.IS,1.8480957746505737
2017-06-07,EREGL.IS,1.825209140777588
2017-06-08,EREGL.IS,1.8337913751602173
2017-06-09,EREGL.IS,1.8423739671707153
2017-06-12,EREGL.IS,1.8767039775848389
2017-06-13,EREGL.IS,1.8423739671707153
2017-06-14,EREGL.IS,1.825209140777588
2017-06-15,EREGL.IS,1.8423739671707153
2017-06-16,EREGL.IS,1.8137656450271606
2017-06-19,EREGL.IS,1.8166264295578003
2017-06-20,EREGL.IS,1.8166264295578003
2017-06-21,EREGL.IS,1.8681215047836304
2017-06-22,EREGL.IS,1.8480957746505737
2017-06-23,EREGL.IS,1.8566780090332031
2017-06-26,EREGL.IS,1.8566780090332031
2017-06-27,EREGL.IS,1.8566780090332031
2017-06-28,EREGL.IS,1.948224663734436
2017-06-29,EREGL.IS,1.9968589544296265
2017-06-30,EREGL.IS,2.0168845653533936
2017-07-03,EREGL.IS,2.0254669189453125
2017-07-04,EREGL.IS,2.0111629962921143
2017-07-05,EREGL.IS,2.045492649078369
2017-07-06,EREGL.IS,2.019745349884033
2017-07-07,EREGL.IS,2.019745349884033
2017-07-10,EREGL.IS,2.0884056091308594
2017-07-11,EREGL.IS,2.1198742389678955
2017-07-12,EREGL.IS,2.1570653915405273
2017-07-13,EREGL.IS,2.1799516677856445
2017-07-14,EREGL.IS,2.1713693141937256
2017-07-17,EREGL.IS,2.177091121673584
2017-07-18,EREGL.IS,2.177091121673584
2017-07-19,EREGL.IS,2.2142817974090576
2017-07-20,EREGL.IS,2.1885342597961426
2017-07-21,EREGL.IS,2.2686374187469482
2017-07-24,EREGL.IS,2.245750904083252
2017-07-25,EREGL.IS,2.262915849685669
2017-07-26,EREGL.IS,2.262915849685669
2017-07-27,EREGL.IS,2.2829415798187256
2017-07-28,EREGL.IS,2.2571942806243896
2017-07-31,EREGL.IS,2.2428901195526123
2017-08-01,EREGL.IS,2.2343075275421143
2017-08-02,EREGL.IS,2.245750904083252
2017-08-03,EREGL.IS,2.305828094482422
2017-08-04,EREGL.IS,2.3430190086364746
2017-08-07,EREGL.IS,2.357323169708252
2017-08-08,EREGL.IS,2.3287148475646973
2017-08-09,EREGL.IS,2.297245979309082
2017-08-10,EREGL.IS,2.2314467430114746
2017-08-11,EREGL.IS,2.2228643894195557
2017-08-14,EREGL.IS,2.288663387298584
2017-08-15,EREGL.IS,2.1885342597961426
2017-08-16,EREGL.IS,2.2428901195526123
2017-08-17,EREGL.IS,2.220003604888916
2017-08-18,EREGL.IS,2.2343075275421143
2017-08-21,EREGL.IS,2.3115499019622803
2017-08-22,EREGL.IS,2.3372974395751953
2017-08-23,EREGL.IS,2.340158462524414
2017-08-24,EREGL.IS,2.3001065254211426
2017-08-25,EREGL.IS,2.2943851947784424
2017-08-28,EREGL.IS,2.3172717094421387
2017-08-29,EREGL.IS,2.322993040084839
2017-08-30,EREGL.IS,2.322993040084839
2017-08-31,EREGL.IS,2.3516018390655518
2017-09-01,EREGL.IS,2.3516018390655518
2017-09-04,EREGL.IS,2.3516018390655518
2017-09-05,EREGL.IS,2.322993040084839
2017-09-06,EREGL.IS,2.331575632095337
2017-09-07,EREGL.IS,2.331575632095337
2017-09-08,EREGL.IS,2.3029677867889404
2017-09-11,EREGL.IS,2.3172717094421387
2017-09-12,EREGL.IS,2.2943851947784424
2017-09-13,EREGL.IS,2.2343075275421143
2017-09-14,EREGL.IS,2.2829415798187256
2017-09-15,EREGL.IS,2.245750904083252
2017-09-18,EREGL.IS,2.211420774459839
2017-09-19,EREGL.IS,2.1399002075195312
2017-09-20,EREGL.IS,2.168508529663086
2017-09-21,EREGL.IS,2.151343584060669
2017-09-22,EREGL.IS,2.1198742389678955
2017-09-25,EREGL.IS,2.1456217765808105
2017-09-26,EREGL.IS,2.2486119270324707
2017-09-27,EREGL.IS,2.2314467430114746
2017-09-28,EREGL.IS,2.1971170902252197
2017-09-29,EREGL.IS,2.211420774459839
2017-10-02,EREGL.IS,2.2657766342163086
2017-10-03,EREGL.IS,2.3458797931671143
2017-10-04,EREGL.IS,2.3029677867889404
2017-10-05,EREGL.IS,2.3287148475646973
2017-10-06,EREGL.IS,2.32013201713562
2017-10-09,EREGL.IS,2.3029677867889404
2017-10-10,EREGL.IS,2.3372974395751953
2017-10-11,EREGL.IS,2.3115499019622803
2017-10-12,EREGL.IS,2.4202616214752197
2017-10-13,EREGL.IS,2.4288439750671387
2017-10-16,EREGL.IS,2.4231224060058594
2017-10-17,EREGL.IS,2.414539337158203
2017-10-18,EREGL.IS,2.391653060913086
2017-10-19,EREGL.IS,2.4202616214752197
2017-10-20,EREGL.IS,2.42598295211792
2017-10-23,EREGL.IS,2.4059572219848633
2017-10-24,EREGL.IS,2.466034412384033
2017-10-25,EREGL.IS,2.4975039958953857
2017-10-26,EREGL.IS,2.451730728149414
2017-10-27,EREGL.IS,2.434565782546997
2017-10-30,EREGL.IS,2.4488701820373535
2017-10-31,EREGL.IS,2.546137571334839
2017-11-01,EREGL.IS,2.6376848220825195
2017-11-02,EREGL.IS,2.640545129776001
2017-11-03,EREGL.IS,2.623379945755005
2017-11-06,EREGL.IS,2.7235095500946045
2017-11-07,EREGL.IS,2.746396064758301
2017-11-08,EREGL.IS,2.720648765563965
2017-11-09,EREGL.IS,2.8093340396881104
2017-11-10,EREGL.IS,2.7635605335235596
2017-11-13,EREGL.IS,2.700622797012329
2017-11-14,EREGL.IS,2.6777360439300537
2017-11-15,EREGL.IS,2.5575809478759766
2017-11-16,EREGL.IS,2.528972864151001
2017-11-17,EREGL.IS,2.5175294876098633
2017-11-20,EREGL.IS,2.506086826324463
2017-11-21,EREGL.IS,2.5661637783050537
2017-11-22,EREGL.IS,2.5747463703155518
2017-11-23,EREGL.IS,2.6176586151123047
2017-11-24,EREGL.IS,2.6720144748687744
2017-11-27,EREGL.IS,2.6004936695098877
2017-11-28,EREGL.IS,2.468895673751831
2017-11-29,EREGL.IS,2.4545912742614746
2017-11-30,EREGL.IS,2.4631736278533936
2017-12-01,EREGL.IS,2.4030964374542236
2017-12-04,EREGL.IS,2.5346949100494385
2017-12-05,EREGL.IS,2.5404160022735596
2017-12-06,EREGL.IS,2.4831998348236084
2017-12-07,EREGL.IS,2.563302516937256
2017-12-08,EREGL.IS,2.5575809478759766
2017-12-11,EREGL.IS,2.6634323596954346
2017-12-12,EREGL.IS,2.589050769805908
2017-12-13,EREGL.IS,2.5833287239074707
2017-12-14,EREGL.IS,2.649127721786499
2017-12-15,EREGL.IS,2.6691532135009766
2017-12-18,EREGL.IS,2.7063441276550293
2017-12-19,EREGL.IS,2.6863186359405518
2017-12-20,EREGL.IS,2.75211763381958
2017-12-21,EREGL.IS,2.7092056274414062
2017-12-22,EREGL.IS,2.7578396797180176
2017-12-25,EREGL.IS,2.7950305938720703
2017-12-26,EREGL.IS,2.754978656768799
2017-12-27,EREGL.IS,2.7721428871154785
2017-12-28,EREGL.IS,2.8264994621276855
2017-12-29,EREGL.IS,2.866551160812378
2018-01-01,EREGL.IS,2.866551160812378
2018-01-02,EREGL.IS,2.9380717277526855
2018-01-03,EREGL.IS,2.9123239517211914
2018-01-04,EREGL.IS,2.8608293533325195
2018-01-05,EREGL.IS,2.8922979831695557
2018-01-08,EREGL.IS,2.846524477005005
2018-01-09,EREGL.IS,2.8350813388824463
2018-01-10,EREGL.IS,2.7750046253204346
2018-01-11,EREGL.IS,2.8036131858825684
2018-01-12,EREGL.IS,2.8608293533325195
2018-01-15,EREGL.IS,2.8036131858825684
2018-01-16,EREGL.IS,2.8608293533325195
2018-01-17,EREGL.IS,2.906602382659912
2018-01-18,EREGL.IS,2.875133514404297
2018-01-19,EREGL.IS,2.8293604850769043
2018-01-22,EREGL.IS,2.900880813598633
2018-01-23,EREGL.IS,2.8694119453430176
2018-01-24,EREGL.IS,2.880854845046997
2018-01-25,EREGL.IS,2.8522467613220215
2018-01-26,EREGL.IS,2.880854845046997
2018-01-29,EREGL.IS,2.86368989944458
2018-01-30,EREGL.IS,2.840803384780884
2018-01-31,EREGL.IS,2.846524477005005
2018-02-01,EREGL.IS,2.9294891357421875
2018-02-02,EREGL.IS,2.872272491455078
2018-02-05,EREGL.IS,2.8036131858825684
2018-02-06,EREGL.IS,2.820777416229248
2018-02-07,EREGL.IS,2.786447763442993
2018-02-08,EREGL.IS,2.754978656768799
2018-02-09,EREGL.IS,2.7721428871154785
2018-02-12,EREGL.IS,2.76069974899292
2018-02-13,EREGL.IS,2.8350813388824463
2018-02-14,EREGL.IS,2.8522467613220215
2018-02-15,EREGL.IS,2.943793296813965
2018-02-16,EREGL.IS,2.960958480834961
2018-02-19,EREGL.IS,2.926628589630127
2018-02-20,EREGL.IS,2.9209063053131104
2018-02-21,EREGL.IS,3.003870725631714
2018-02-22,EREGL.IS,2.983844757080078
2018-02-23,EREGL.IS,3.08111310005188
2018-02-26,EREGL.IS,3.08111310005188
2018-02-27,EREGL.IS,3.1125824451446533
2018-02-28,EREGL.IS,3.269927501678467
2018-03-01,EREGL.IS,3.181241750717163
2018-03-02,EREGL.IS,3.0496437549591064
2018-03-05,EREGL.IS,3.0839741230010986
2018-03-06,EREGL.IS,3.0839741230010986
2018-03-07,EREGL.IS,3.0010101795196533
2018-03-08,EREGL.IS,3.038200855255127
2018-03-09,EREGL.IS,3.1011388301849365
2018-03-12,EREGL.IS,3.103999614715576
2018-03-13,EREGL.IS,3.1154427528381348
2018-03-14,EREGL.IS,3.1097214221954346
2018-03-15,EREGL.IS,3.1612162590026855
2018-03-16,EREGL.IS,3.1354687213897705
2018-03-19,EREGL.IS,3.08111310005188
2018-03-20,EREGL.IS,3.129747152328491
2018-03-21,EREGL.IS,3.181241750717163
2018-03-22,EREGL.IS,3.1726596355438232
2018-03-23,EREGL.IS,3.095417022705078
2018-03-26,EREGL.IS,3.046782970428467
2018-03-27,EREGL.IS,3.0525050163269043
2018-03-28,EREGL.IS,2.958097219467163
2018-03-29,EREGL.IS,2.97526216506958
2018-03-30,EREGL.IS,3.003870725631714
2018-04-02,EREGL.IS,2.96954083442688
2018-04-03,EREGL.IS,3.0238964557647705
2018-04-04,EREGL.IS,3.0324790477752686
2018-04-05,EREGL.IS,3.0668091773986816
2018-04-06,EREGL.IS,3.0496437549591064
2018-04-09,EREGL.IS,2.97526216506958
2018-04-10,EREGL.IS,2.9380717277526855
2018-04-11,EREGL.IS,2.983844757080078
2018-04-12,EREGL.IS,3.0525050163269043
2018-04-13,EREGL.IS,3.098278045654297
2018-04-16,EREGL.IS,3.0839741230010986
2018-04-17,EREGL.IS,3.035339832305908
2018-04-18,EREGL.IS,3.141190528869629
2018-04-19,EREGL.IS,3.2069897651672363
2018-04-20,EREGL.IS,3.25276255607605
2018-04-23,EREGL.IS,3.25276255607605
2018-04-24,EREGL.IS,3.235598087310791
2018-04-25,EREGL.IS,3.149773120880127
2018-04-26,EREGL.IS,3.1697988510131836
2018-04-27,EREGL.IS,3.046782970428467
2018-04-30,EREGL.IS,2.906602382659912
2018-05-01,EREGL.IS,2.906602382659912
2018-05-02,EREGL.IS,3.0668091773986816
2018-05-03,EREGL.IS,3.055365800857544
2018-05-04,EREGL.IS,3.0010101795196533
2018-05-07,EREGL.IS,2.8293604850769043
2018-05-08,EREGL.IS,2.9495151042938232
2018-05-09,EREGL.IS,3.0181751251220703
2018-05-10,EREGL.IS,3.0238964557647705
2018-05-11,EREGL.IS,3.0610873699188232
2018-05-14,EREGL.IS,3.166938066482544
2018-05-15,EREGL.IS,3.2155721187591553
2018-05-16,EREGL.IS,3.3242835998535156
2018-05-17,EREGL.IS,3.309979200363159
2018-05-18,EREGL.IS,3.2899534702301025
2018-05-21,EREGL.IS,3.3414480686187744
2018-05-22,EREGL.IS,3.4101080894470215
2018-05-23,EREGL.IS,3.295675277709961
2018-05-24,EREGL.IS,3.235598087310791
2018-05-25,EREGL.IS,3.4101080894470215
2018-05-28,EREGL.IS,3.535984516143799
2018-05-29,EREGL.IS,3.6434149742126465
2018-05-30,EREGL.IS,3.5636096000671387
2018-05-31,EREGL.IS,3.4684572219848633
2018-06-01,EREGL.IS,3.477665662765503
2018-06-04,EREGL.IS,3.4531102180480957
2018-06-05,EREGL.IS,3.450040817260742
2018-06-06,EREGL.IS,3.379444122314453
2018-06-07,EREGL.IS,3.407068967819214
2018-06-08,EREGL.IS,3.1553754806518555
2018-06-11,EREGL.IS,3.2720136642456055
2018-06-12,EREGL.IS,3.2535972595214844
2018-06-13,EREGL.IS,3.2044858932495117
2018-06-14,EREGL.IS,3.2474586963653564
2018-06-15,EREGL.IS,3.2474586963653564
2018-06-18,EREGL.IS,3.158444881439209
2018-06-19,EREGL.IS,3.3426103591918945
2018-06-20,EREGL.IS,3.210625171661377
2018-06-21,EREGL.IS,3.2044858932495117
2018-06-22,EREGL.IS,3.2351808547973633
2018-06-25,EREGL.IS,3.152306079864502
2018-06-26,EREGL.IS,3.2014167308807373
2018-06-27,EREGL.IS,3.164583921432495
2018-06-28,EREGL.IS,3.140028476715088
2018-06-29,EREGL.IS,3.1277503967285156
2018-07-02,EREGL.IS,3.1338889598846436
2018-07-03,EREGL.IS,3.241319179534912
2018-07-04,EREGL.IS,3.2198338508605957
2018-07-05,EREGL.IS,3.29349946975708
2018-07-06,EREGL.IS,3.268944263458252
2018-07-09,EREGL.IS,3.268944263458252
2018-07-10,EREGL.IS,3.354888677597046
2018-07-11,EREGL.IS,3.333402156829834
2018-07-12,EREGL.IS,3.1031947135925293
2018-07-13,EREGL.IS,3.072500705718994
2018-07-16,EREGL.IS,3.1093339920043945
2018-07-17,EREGL.IS,3.2474586963653564
2018-07-18,EREGL.IS,3.3886520862579346
2018-07-19,EREGL.IS,3.4531102180480957
2018-07-20,EREGL.IS,3.4408326148986816
2018-07-23,EREGL.IS,3.4531102180480957
2018-07-24,EREGL.IS,3.3119163513183594
2018-07-25,EREGL.IS,3.3640966415405273
2018-07-26,EREGL.IS,3.327263593673706
2018-07-27,EREGL.IS,3.3579578399658203
2018-07-30,EREGL.IS,3.373304843902588
2018-07-31,EREGL.IS,3.3947911262512207
2018-08-01,EREGL.IS,3.5820260047912598
2018-08-02,EREGL.IS,3.6955952644348145
2018-08-03,EREGL.IS,3.6249985694885254
2018-08-06,EREGL.IS,3.606581687927246
2018-08-07,EREGL.IS,3.704803228378296
2018-08-08,EREGL.IS,3.7017340660095215
2018-08-09,EREGL.IS,3.738567352294922
2018-08-10,EREGL.IS,3.6188595294952393
2018-08-13,EREGL.IS,3.477665662765503
2018-08-14,EREGL.IS,3.4469709396362305
2018-08-15,EREGL.IS,3.477665662765503
2018-08-16,EREGL.IS,3.216764450073242
2018-08-17,EREGL.IS,3.4684572219848633
2018-08-20,EREGL.IS,3.4346935749053955
2018-08-21,EREGL.IS,3.4346935749053955
2018-08-22,EREGL.IS,3.4346935749053955
2018-08-23,EREGL.IS,3.4346935749053955
2018-08-24,EREGL.IS,3.4346935749053955
2018-08-27,EREGL.IS,3.542123317718506
2018-08-28,EREGL.IS,3.6833174228668213
2018-08-29,EREGL.IS,3.5574707984924316
2018-08-30,EREGL.IS,3.5574707984924316
2018-08-31,EREGL.IS,3.6219289302825928
2018-09-03,EREGL.IS,3.7293589115142822
2018-09-04,EREGL.IS,3.5820260047912598
2018-09-05,EREGL.IS,3.5114290714263916
2018-09-06,EREGL.IS,3.483804941177368
2018-09-07,EREGL.IS,3.4930129051208496
2018-09-10,EREGL.IS,3.459249258041382
2018-09-11,EREGL.IS,3.477665662765503
2018-09-12,EREGL.IS,3.450040817260742
2018-09-13,EREGL.IS,3.483804941177368
2018-09-14,EREGL.IS,3.3947911262512207
2018-09-17,EREGL.IS,3.4224154949188232
2018-09-18,EREGL.IS,3.3886520862579346
2018-09-19,EREGL.IS,3.4285550117492676
2018-09-20,EREGL.IS,3.407068967819214
2018-09-21,EREGL.IS,3.4991514682769775
2018-09-24,EREGL.IS,3.4868738651275635
2018-09-25,EREGL.IS,3.450040817260742
2018-09-26,EREGL.IS,3.3825135231018066
2018-09-27,EREGL.IS,3.4531102180480957
2018-09-28,EREGL.IS,3.4101383686065674
2018-10-01,EREGL.IS,3.391721487045288
2018-10-02,EREGL.IS,3.419346332550049
2018-10-03,EREGL.IS,3.3702356815338135
2018-10-04,EREGL.IS,3.379444122314453
2018-10-05,EREGL.IS,3.407068967819214
2018-10-08,EREGL.IS,3.3825135231018066
2018-10-09,EREGL.IS,3.4346935749053955
2018-10-10,EREGL.IS,3.302708387374878
2018-10-11,EREGL.IS,3.256666660308838
2018-10-12,EREGL.IS,3.3426103591918945
2018-10-15,EREGL.IS,3.373304843902588
2018-10-16,EREGL.IS,3.339541435241699
2018-10-17,EREGL.IS,3.262805223464966
2018-10-18,EREGL.IS,3.1676535606384277
2018-10-19,EREGL.IS,3.1277503967285156
2018-10-22,EREGL.IS,3.0387370586395264
2018-10-23,EREGL.IS,3.026458978652954
2018-10-24,EREGL.IS,2.8545711040496826
2018-10-25,EREGL.IS,2.9527928829193115
2018-10-26,EREGL.IS,2.774765729904175
2018-10-29,EREGL.IS,2.774765729904175
2018-10-30,EREGL.IS,2.676544427871704
2018-10-31,EREGL.IS,2.741002082824707
2018-11-01,EREGL.IS,2.694960594177246
2018-11-02,EREGL.IS,2.8576409816741943
2018-11-05,EREGL.IS,2.906751871109009
2018-11-06,EREGL.IS,2.8576409816741943
2018-11-07,EREGL.IS,2.8085296154022217
2018-11-08,EREGL.IS,2.76248836517334
2018-11-09,EREGL.IS,2.793182611465454
2018-11-12,EREGL.IS,2.676544427871704
2018-11-13,EREGL.IS,2.7103075981140137
2018-11-14,EREGL.IS,2.76248836517334
2018-11-15,EREGL.IS,2.7195162773132324
2018-11-16,EREGL.IS,2.716447114944458
2018-11-19,EREGL.IS,2.6857523918151855
2018-11-20,EREGL.IS,2.5230727195739746
2018-11-21,EREGL.IS,2.5353505611419678
2018-11-22,EREGL.IS,2.5230727195739746
2018-11-23,EREGL.IS,2.492377996444702
2018-11-26,EREGL.IS,2.461683988571167
2018-11-27,EREGL.IS,2.3788092136383057
2018-11-28,EREGL.IS,2.384948253631592
2018-11-29,EREGL.IS,2.317420721054077
2018-11-30,EREGL.IS,2.3419759273529053
2018-12-03,EREGL.IS,2.501586437225342
2018-12-04,EREGL.IS,2.4309895038604736
2018-12-05,EREGL.IS,2.526142120361328
2018-12-06,EREGL.IS,2.3941564559936523
2018-12-07,EREGL.IS,2.403364658355713
2018-12-10,EREGL.IS,2.286726236343384
2018-12-11,EREGL.IS,2.2836568355560303
2018-12-12,EREGL.IS,2.2683098316192627
2018-12-13,EREGL.IS,2.3726701736450195
2018-12-14,EREGL.IS,2.3143513202667236
2018-12-17,EREGL.IS,2.299003839492798
2018-12-18,EREGL.IS,2.2959346771240234
2018-12-19,EREGL.IS,2.3542537689208984
2018-12-20,EREGL.IS,2.292865037918091
2018-12-21,EREGL.IS,2.2744483947753906
2018-12-24,EREGL.IS,2.2805874347686768
2018-12-25,EREGL.IS,2.2498931884765625
2018-12-26,EREGL.IS,2.228407144546509
2018-12-27,EREGL.IS,2.1977128982543945
2018-12-28,EREGL.IS,2.1854350566864014
2018-12-31,EREGL.IS,2.219198703765869
2019-01-01,EREGL.IS,2.219198703765869
2019-01-02,EREGL.IS,2.1578102111816406
2019-01-03,EREGL.IS,2.170088052749634
2019-01-04,EREGL.IS,2.2314767837524414
2019-01-07,EREGL.IS,2.246823787689209
2019-01-08,EREGL.IS,2.2775182723999023
2019-01-09,EREGL.IS,2.345045566558838
2019-01-10,EREGL.IS,2.305143117904663
2019-01-11,EREGL.IS,2.271379232406616
2019-01-14,EREGL.IS,2.2897958755493164
2019-01-15,EREGL.IS,2.292865037918091
2019-01-16,EREGL.IS,2.2683098316192627
2019-01-17,EREGL.IS,2.2744483947753906
2019-01-18,EREGL.IS,2.415642499923706
2019-01-21,EREGL.IS,2.501586437225342
2019-01-22,EREGL.IS,2.5875306129455566
2019-01-23,EREGL.IS,2.5752525329589844
2019-01-24,EREGL.IS,2.602877616882324
2019-01-25,EREGL.IS,2.5936691761016846
2019-01-28,EREGL.IS,2.526142120361328
2019-01-29,EREGL.IS,2.6458494663238525
2019-01-30,EREGL.IS,2.5967390537261963
2019-01-31,EREGL.IS,2.605947256088257
2019-02-01,EREGL.IS,2.5537664890289307
2019-02-04,EREGL.IS,2.5506975650787354
2019-02-05,EREGL.IS,2.5353505611419678
2019-02-06,EREGL.IS,2.520003080368042
2019-02-07,EREGL.IS,2.6397109031677246
2019-02-08,EREGL.IS,2.5506975650787354
2019-02-11,EREGL.IS,2.6090166568756104
2019-02-12,EREGL.IS,2.61822509765625
2019-02-13,EREGL.IS,2.602877616882324
2019-02-14,EREGL.IS,2.658127784729004
2019-02-15,EREGL.IS,2.6397109031677246
2019-02-18,EREGL.IS,2.7072384357452393
2019-02-19,EREGL.IS,2.7716963291168213
2019-02-20,EREGL.IS,2.7072384357452393
2019-02-21,EREGL.IS,2.7041687965393066
2019-02-22,EREGL.IS,2.839224100112915
2019-02-25,EREGL.IS,2.799321413040161
2019-02-26,EREGL.IS,2.89754319190979
2019-02-27,EREGL.IS,2.906751871109009
2019-02-28,EREGL.IS,2.8699188232421875
2019-03-01,EREGL.IS,2.76248836517334
2019-03-04,EREGL.IS,2.7839736938476562
2019-03-05,EREGL.IS,2.728724718093872
2019-03-06,EREGL.IS,2.7594187259674072
2019-03-07,EREGL.IS,2.7379329204559326
2019-03-08,EREGL.IS,2.6918914318084717
2019-03-11,EREGL.IS,2.728724718093872
2019-03-12,EREGL.IS,2.741002082824707
2019-03-13,EREGL.IS,2.7440712451934814
2019-03-14,EREGL.IS,2.8177382946014404
2019-03-15,EREGL.IS,2.866848945617676
2019-03-18,EREGL.IS,2.9006123542785645
2019-03-19,EREGL.IS,2.9712090492248535
2019-03-20,EREGL.IS,2.8422932624816895
2019-03-21,EREGL.IS,2.741002082824707
2019-03-22,EREGL.IS,2.694960594177246
2019-03-25,EREGL.IS,2.83308482170105
2019-03-26,EREGL.IS,2.8085296154022217
2019-03-27,EREGL.IS,2.624363660812378
2019-03-28,EREGL.IS,2.8177382946014404
2019-03-29,EREGL.IS,2.8177382946014404
2019-04-01,EREGL.IS,2.7778356075286865
2019-04-02,EREGL.IS,2.7778356075286865
2019-04-03,EREGL.IS,2.7778356075286865
2019-04-04,EREGL.IS,2.851501703262329
2019-04-05,EREGL.IS,2.8729875087738037
2019-04-08,EREGL.IS,2.851501703262329
2019-04-09,EREGL.IS,2.949723720550537
2019-04-10,EREGL.IS,2.937445878982544
2019-04-11,EREGL.IS,2.8821959495544434
2019-04-12,EREGL.IS,2.8883349895477295
2019-04-15,EREGL.IS,2.8238766193389893
2019-04-16,EREGL.IS,2.8300158977508545
2019-04-17,EREGL.IS,2.8361546993255615
2019-04-18,EREGL.IS,2.839224100112915
2019-04-19,EREGL.IS,2.8484325408935547
2019-04-22,EREGL.IS,2.839224100112915
2019-04-23,EREGL.IS,2.839224100112915
2019-04-24,EREGL.IS,2.7901129722595215
2019-04-25,EREGL.IS,2.701099395751953
2019-04-26,EREGL.IS,2.6888222694396973
2019-04-29,EREGL.IS,2.7778356075286865
2019-04-30,EREGL.IS,2.8177382946014404
2019-05-01,EREGL.IS,2.8177382946014404
2019-05-02,EREGL.IS,2.768627643585205
2019-05-03,EREGL.IS,2.768627643585205
2019-05-06,EREGL.IS,2.7256546020507812
2019-05-07,EREGL.IS,2.7379329204559326
2019-05-08,EREGL.IS,2.7125141620635986
2019-05-09,EREGL.IS,2.6762020587921143
2019-05-10,EREGL.IS,2.7415640354156494
2019-05-13,EREGL.IS,2.687095880508423
2019-05-14,EREGL.IS,2.770613431930542
2019-05-15,EREGL.IS,2.7451953887939453
2019-05-16,EREGL.IS,2.774244785308838
2019-05-17,EREGL.IS,2.705251693725586
2019-05-20,EREGL.IS,2.7125141620635986
2019-05-21,EREGL.IS,2.643521308898926
2019-05-22,EREGL.IS,2.5817906856536865
2019-05-23,EREGL.IS,2.636258840560913
2019-05-24,EREGL.IS,2.6507840156555176
2019-05-27,EREGL.IS,2.596315383911133
2019-05-28,EREGL.IS,2.618102788925171
2019-05-29,EREGL.IS,2.6217339038848877
2019-05-30,EREGL.IS,2.661677360534668
2019-05-31,EREGL.IS,2.6326277256011963
2019-06-03,EREGL.IS,2.6471524238586426
2019-06-04,EREGL.IS,2.6471524238586426
2019-06-05,EREGL.IS,2.6471524238586426
2019-06-06,EREGL.IS,2.6471524238586426
2019-06-07,EREGL.IS,2.708883047103882
2019-06-10,EREGL.IS,2.774244785308838
2019-06-11,EREGL.IS,2.7996633052825928
2019-06-12,EREGL.IS,2.766982078552246
2019-06-13,EREGL.IS,2.723407506942749
2019-06-14,EREGL.IS,2.6725707054138184
2019-06-17,EREGL.IS,2.6653084754943848
2019-06-18,EREGL.IS,2.705251693725586
2019-06-19,EREGL.IS,2.6907267570495605
2019-06-20,EREGL.IS,2.727039337158203
2019-06-21,EREGL.IS,2.7379326820373535
2019-06-24,EREGL.IS,2.7633512020111084
2019-06-25,EREGL.IS,2.7887697219848633
2019-06-26,EREGL.IS,2.7851383686065674
2019-06-27,EREGL.IS,2.839606761932373
2019-06-28,EREGL.IS,2.8505001068115234
2019-07-01,EREGL.IS,2.886812210083008
2019-07-02,EREGL.IS,2.8541314601898193
2019-07-03,EREGL.IS,2.8287129402160645
2019-07-04,EREGL.IS,2.8323440551757812
2019-07-05,EREGL.IS,2.7560887336730957
2019-07-08,EREGL.IS,2.7451953887939453
2019-07-09,EREGL.IS,2.6507840156555176
2019-07-10,EREGL.IS,2.618102788925171
2019-07-11,EREGL.IS,2.705251693725586
2019-07-12,EREGL.IS,2.6253650188446045
2019-07-15,EREGL.IS,2.6253650188446045
2019-07-16,EREGL.IS,2.6907267570495605
2019-07-17,EREGL.IS,2.6907267570495605
2019-07-18,EREGL.IS,2.7197763919830322
2019-07-19,EREGL.IS,2.814188003540039
2019-07-22,EREGL.IS,2.7815072536468506
2019-07-23,EREGL.IS,2.7851383686065674
2019-07-24,EREGL.IS,2.8069255352020264
2019-07-25,EREGL.IS,2.7851383686065674
2019-07-26,EREGL.IS,2.796031951904297
2019-07-29,EREGL.IS,2.7815072536468506
2019-07-30,EREGL.IS,2.730670213699341
2019-07-31,EREGL.IS,2.687095880508423
2019-08-01,EREGL.IS,2.6653084754943848
2019-08-02,EREGL.IS,2.618102788925171
2019-08-05,EREGL.IS,2.574528455734253
2019-08-06,EREGL.IS,2.574528455734253
2019-08-07,EREGL.IS,2.4438045024871826
2019-08-08,EREGL.IS,2.454698324203491
2019-08-09,EREGL.IS,2.4474356174468994
2019-08-12,EREGL.IS,2.4474356174468994
2019-08-13,EREGL.IS,2.4474356174468994
2019-08-14,EREGL.IS,2.4474356174468994
2019-08-15,EREGL.IS,2.320343494415283
2019-08-16,EREGL.IS,2.258612632751465
2019-08-19,EREGL.IS,2.233194351196289
2019-08-20,EREGL.IS,2.2658751010894775
2019-08-21,EREGL.IS,2.229562997817993
2019-08-22,EREGL.IS,2.254981517791748
2019-08-23,EREGL.IS,2.323974609375
2019-08-26,EREGL.IS,2.3384995460510254
2019-08-27,EREGL.IS,2.320343494415283
2019-08-28,EREGL.IS,2.305818557739258
2019-08-29,EREGL.IS,2.323974609375
2019-08-30,EREGL.IS,2.323974609375
2019-09-02,EREGL.IS,2.342130422592163
2019-09-03,EREGL.IS,2.3566553592681885
2019-09-04,EREGL.IS,2.3602867126464844
2019-09-05,EREGL.IS,2.41475510597229
2019-09-06,EREGL.IS,2.3965988159179688
2019-09-09,EREGL.IS,2.480116605758667
2019-09-10,EREGL.IS,2.501903772354126
2019-09-11,EREGL.IS,2.5091664791107178
2019-09-12,EREGL.IS,2.5600032806396484
2019-09-13,EREGL.IS,2.570896863937378
2019-09-16,EREGL.IS,2.5309534072875977
2019-09-17,EREGL.IS,2.545478582382202
2019-09-18,EREGL.IS,2.5781590938568115
2019-09-19,EREGL.IS,2.5127975940704346
2019-09-20,EREGL.IS,2.4655919075012207
2019-09-23,EREGL.IS,2.3784430027008057
2019-09-24,EREGL.IS,2.4256484508514404
2019-09-25,EREGL.IS,2.432910919189453
2019-09-26,EREGL.IS,2.4038610458374023
2019-09-27,EREGL.IS,2.47648549079895
2019-09-30,EREGL.IS,2.4946413040161133
2019-10-01,EREGL.IS,2.4728543758392334
2019-10-02,EREGL.IS,2.43654203414917
2019-10-03,EREGL.IS,2.4074923992156982
2019-10-04,EREGL.IS,2.4220173358917236
2019-10-07,EREGL.IS,2.4074923992156982
2019-10-08,EREGL.IS,2.4002299308776855
2019-10-09,EREGL.IS,2.389336347579956
2019-10-10,EREGL.IS,2.432910919189453
2019-10-11,EREGL.IS,2.505535364151001
2019-10-14,EREGL.IS,2.4256484508514404
2019-10-15,EREGL.IS,2.4292798042297363
2019-10-16,EREGL.IS,2.4292798042297363
2019-10-17,EREGL.IS,2.389336347579956
2019-10-18,EREGL.IS,2.4002299308776855
2019-10-21,EREGL.IS,2.3639183044433594
2019-10-22,EREGL.IS,2.345762014389038
2019-10-23,EREGL.IS,2.3965988159179688
2019-10-24,EREGL.IS,2.389336347579956
2019-10-25,EREGL.IS,2.392967700958252
2019-10-28,EREGL.IS,2.371180534362793
2019-10-30,EREGL.IS,2.3965988159179688
2019-10-31,EREGL.IS,2.3857052326202393
2019-11-01,EREGL.IS,2.3566553592681885
2019-11-04,EREGL.IS,2.4292798042297363
2019-11-05,EREGL.IS,2.4982728958129883
2019-11-06,EREGL.IS,2.5164287090301514
2019-11-07,EREGL.IS,2.6253650188446045
2019-11-08,EREGL.IS,2.6326277256011963
2019-11-11,EREGL.IS,2.636258840560913
2019-11-12,EREGL.IS,2.6725707054138184
2019-11-13,EREGL.IS,2.658046007156372
2019-11-14,EREGL.IS,2.618102788925171
2019-11-15,EREGL.IS,2.6689398288726807
2019-11-18,EREGL.IS,2.734301805496216
2019-11-19,EREGL.IS,2.7597198486328125
2019-11-20,EREGL.IS,2.723407506942749
2019-11-21,EREGL.IS,2.7125141620635986
2019-11-22,EREGL.IS,2.7633512020111084
2019-11-25,EREGL.IS,2.796031951904297
2019-11-26,EREGL.IS,2.8759186267852783
2019-11-27,EREGL.IS,2.835975408554077
2019-11-28,EREGL.IS,2.8541314601898193
2019-11-29,EREGL.IS,2.9231245517730713
2019-12-02,EREGL.IS,2.995748519897461
2019-12-03,EREGL.IS,2.9231245517730713
2019-12-04,EREGL.IS,2.9666988849639893
2019-12-05,EREGL.IS,2.9521737098693848
2019-12-06,EREGL.IS,2.9630677700042725
2019-12-09,EREGL.IS,3.024798631668091
2019-12-10,EREGL.IS,3.024798631668091
2019-12-11,EREGL.IS,3.0066421031951904
2019-12-12,EREGL.IS,3.1373655796051025
2019-12-13,EREGL.IS,3.13010311126709
2019-12-16,EREGL.IS,3.1373655796051025
2019-12-17,EREGL.IS,3.1409964561462402
2019-12-18,EREGL.IS,3.101053476333618
2019-12-19,EREGL.IS,3.1155784130096436
2019-12-20,EREGL.IS,3.177309274673462
2019-12-23,EREGL.IS,3.1918342113494873
2019-12-24,EREGL.IS,3.199096202850342
2019-12-25,EREGL.IS,3.1845717430114746
2019-12-26,EREGL.IS,3.195465087890625
2019-12-27,EREGL.IS,3.242670774459839
2019-12-30,EREGL.IS,3.28261399269104
2019-12-31,EREGL.IS,3.2935073375701904
2020-01-02,EREGL.IS,3.3044016361236572
2020-01-03,EREGL.IS,3.2535641193389893
2020-01-06,EREGL.IS,3.220883369445801
2020-01-07,EREGL.IS,3.242670774459839
2020-01-08,EREGL.IS,3.239039897918701
2020-01-09,EREGL.IS,3.3625006675720215
2020-01-10,EREGL.IS,3.3625006675720215
2020-01-13,EREGL.IS,3.467806100845337
2020-01-14,EREGL.IS,3.4750685691833496
2020-01-15,EREGL.IS,3.3915507793426514
2020-01-16,EREGL.IS,3.3661322593688965
2020-01-17,EREGL.IS,3.4351248741149902
2020-01-20,EREGL.IS,3.5404300689697266
2020-01-21,EREGL.IS,3.5731112957000732
2020-01-22,EREGL.IS,3.5259056091308594
2020-01-23,EREGL.IS,3.5222742557525635
2020-01-24,EREGL.IS,3.5004873275756836
2020-01-27,EREGL.IS,3.4242310523986816
2020-01-28,EREGL.IS,3.3915507793426514
2020-01-29,EREGL.IS,3.4278626441955566
2020-01-30,EREGL.IS,3.416969060897827
2020-01-31,EREGL.IS,3.377025604248047
2020-02-03,EREGL.IS,3.3370819091796875
2020-02-04,EREGL.IS,3.4060757160186768
2020-02-05,EREGL.IS,3.4351248741149902
2020-02-06,EREGL.IS,3.4205996990203857
2020-02-07,EREGL.IS,3.355238676071167
2020-02-10,EREGL.IS,3.2935073375701904
2020-02-11,EREGL.IS,3.351606845855713
2020-02-12,EREGL.IS,3.308032751083374
2020-02-13,EREGL.IS,3.2971391677856445
2020-02-14,EREGL.IS,3.28261399269104
2020-02-17,EREGL.IS,3.2789828777313232
2020-02-18,EREGL.IS,3.239039897918701
2020-02-19,EREGL.IS,3.1882026195526123
2020-02-20,EREGL.IS,3.199096202850342
2020-02-21,EREGL.IS,3.2535641193389893
2020-02-24,EREGL.IS,3.1373655796051025
2020-02-25,EREGL.IS,3.151890516281128
2020-02-26,EREGL.IS,3.239039897918701
2020-02-27,EREGL.IS,3.1155784130096436
2020-02-28,EREGL.IS,3.0211668014526367
2020-03-02,EREGL.IS,3.0066421031951904
2020-03-03,EREGL.IS,3.061110496520996
2020-03-04,EREGL.IS,3.0284295082092285
2020-03-05,EREGL.IS,3.1627843379974365
2020-03-06,EREGL.IS,3.235407829284668
2020-03-09,EREGL.IS,3.108316421508789
2020-03-10,EREGL.IS,3.1155784130096436
2020-03-11,EREGL.IS,3.1155784130096436
2020-03-12,EREGL.IS,2.9376490116119385
2020-03-13,EREGL.IS,2.944911241531372
2020-03-16,EREGL.IS,2.7125141620635986
2020-03-17,EREGL.IS,2.67983341217041
2020-03-18,EREGL.IS,2.748826265335083
2020-03-19,EREGL.IS,2.766982078552246
2020-03-20,EREGL.IS,2.7887697219848633
2020-03-23,EREGL.IS,2.7560887336730957
2020-03-24,EREGL.IS,2.9194929599761963
2020-03-25,EREGL.IS,2.8069255352020264
2020-03-26,EREGL.IS,2.777876138687134
2020-03-27,EREGL.IS,2.6762020587921143
2020-03-30,EREGL.IS,2.705251693725586
2020-03-31,EREGL.IS,2.7415640354156494
2020-04-01,EREGL.IS,2.7597198486328125
2020-04-02,EREGL.IS,2.748826265335083
2020-04-03,EREGL.IS,2.7633512020111084
2020-04-06,EREGL.IS,2.8505001068115234
2020-04-07,EREGL.IS,2.7996633052825928
2020-04-08,EREGL.IS,2.7451953887939453
2020-04-09,EREGL.IS,2.7851383686065674
2020-04-10,EREGL.IS,2.770613431930542
2020-04-13,EREGL.IS,2.766982078552246
2020-04-14,EREGL.IS,2.8323440551757812
2020-04-15,EREGL.IS,2.883181095123291
2020-04-16,EREGL.IS,2.912230968475342
2020-04-17,EREGL.IS,2.992117404937744
2020-04-20,EREGL.IS,3.024798631668091
2020-04-21,EREGL.IS,2.973961114883423
2020-04-22,EREGL.IS,2.9412806034088135
2020-04-24,EREGL.IS,2.8940746784210205
2020-04-27,EREGL.IS,2.9376490116119385
2020-04-28,EREGL.IS,2.8904435634613037
2020-04-29,EREGL.IS,2.9630677700042725
2020-04-30,EREGL.IS,2.9558053016662598
2020-05-04,EREGL.IS,2.8287129402160645
2020-05-05,EREGL.IS,2.817819356918335
2020-05-06,EREGL.IS,2.90496826171875
2020-05-07,EREGL.IS,2.908599615097046
2020-05-08,EREGL.IS,2.9231245517730713
2020-05-11,EREGL.IS,2.879549741744995
2020-05-12,EREGL.IS,2.926755428314209
2020-05-13,EREGL.IS,2.9412806034088135
2020-05-14,EREGL.IS,2.901336908340454
2020-05-15,EREGL.IS,2.886812210083008
2020-05-18,EREGL.IS,2.901336908340454
2020-05-20,EREGL.IS,2.901336908340454
2020-05-21,EREGL.IS,2.9666988849639893
2020-05-22,EREGL.IS,2.926755428314209
2020-05-27,EREGL.IS,2.9558053016662598
2020-05-28,EREGL.IS,2.9521737098693848
2020-05-29,EREGL.IS,2.9376490116119385
2020-06-01,EREGL.IS,2.9521737098693848
2020-06-02,EREGL.IS,2.995748519897461
2020-06-03,EREGL.IS,3.0647411346435547
2020-06-04,EREGL.IS,3.082897663116455
2020-06-05,EREGL.IS,3.148259162902832
2020-06-08,EREGL.IS,3.1591525077819824
2020-06-09,EREGL.IS,3.13010311126709
2020-06-10,EREGL.IS,3.13010311126709
2020-06-11,EREGL.IS,3.1155784130096436
2020-06-12,EREGL.IS,3.0901601314544678
2020-06-15,EREGL.IS,3.039322853088379
2020-06-16,EREGL.IS,3.0538477897644043
2020-06-17,EREGL.IS,3.0066421031951904
2020-06-18,EREGL.IS,3.0284295082092285
2020-06-19,EREGL.IS,2.995748519897461
2020-06-22,EREGL.IS,3.0756354331970215
2020-06-23,EREGL.IS,3.0683724880218506
2020-06-24,EREGL.IS,3.0465850830078125
2020-06-25,EREGL.IS,3.079266309738159
2020-06-26,EREGL.IS,3.079266309738159
2020-06-29,EREGL.IS,3.086529016494751
2020-06-30,EREGL.IS,3.126471757888794
2020-07-01,EREGL.IS,3.0538477897644043
2020-07-02,EREGL.IS,3.173677921295166
2020-07-03,EREGL.IS,3.0937914848327637
2020-07-06,EREGL.IS,3.1409964561462402
2020-07-07,EREGL.IS,3.0974225997924805
2020-07-08,EREGL.IS,3.1373655796051025
2020-07-09,EREGL.IS,3.1555216312408447
2020-07-10,EREGL.IS,3.126471757888794
2020-07-13,EREGL.IS,3.2245144844055176
2020-07-14,EREGL.IS,3.2245144844055176
2020-07-16,EREGL.IS,3.26082706451416
2020-07-17,EREGL.IS,3.249647378921509
2020-07-20,EREGL.IS,3.2049272060394287
2020-07-21,EREGL.IS,3.1378469467163086
2020-07-22,EREGL.IS,3.1117606163024902
2020-07-23,EREGL.IS,3.108034133911133
2020-07-24,EREGL.IS,3.1154868602752686
2020-07-27,EREGL.IS,3.156480550765991
2020-07-28,EREGL.IS,3.0148675441741943
2020-07-29,EREGL.IS,2.944061040878296
2020-07-30,EREGL.IS,2.84716796875
2020-08-04,EREGL.IS,2.8881609439849854
2020-08-05,EREGL.IS,2.9776008129119873
2020-08-06,EREGL.IS,2.966420888900757
2020-08-07,EREGL.IS,3.052133798599243
2020-08-10,EREGL.IS,3.1415741443634033
2020-08-11,EREGL.IS,3.1751139163970947
2020-08-12,EREGL.IS,3.2012007236480713
2020-08-13,EREGL.IS,3.208653450012207
2020-08-14,EREGL.IS,3.1937472820281982
2020-08-17,EREGL.IS,3.1825671195983887
2020-08-18,EREGL.IS,3.1788406372070312
2020-08-19,EREGL.IS,3.2794604301452637
2020-08-20,EREGL.IS,3.350266695022583
2020-08-21,EREGL.IS,3.3241801261901855
2020-08-24,EREGL.IS,3.335360050201416
2020-08-25,EREGL.IS,3.2794604301452637
2020-08-26,EREGL.IS,3.2720067501068115
2020-08-27,EREGL.IS,3.2980940341949463
2020-08-28,EREGL.IS,3.305546760559082
2020-08-31,EREGL.IS,3.2869133949279785
2020-09-01,EREGL.IS,3.1974737644195557
2020-09-02,EREGL.IS,3.2272872924804688
2020-09-03,EREGL.IS,3.249647378921509
2020-09-04,EREGL.IS,3.2720067501068115
2020-09-07,EREGL.IS,3.327906847000122
2020-09-08,EREGL.IS,3.3241801261901855
2020-09-09,EREGL.IS,3.3689000606536865
2020-09-10,EREGL.IS,3.365173578262329
2020-09-11,EREGL.IS,3.4061665534973145
2020-09-14,EREGL.IS,3.4210734367370605
2020-09-15,EREGL.IS,3.4136197566986084
2020-09-16,EREGL.IS,3.3987133502960205
2020-09-17,EREGL.IS,3.4657931327819824
2020-09-18,EREGL.IS,3.432253360748291
2020-09-21,EREGL.IS,3.3838067054748535
2020-09-22,EREGL.IS,3.4508867263793945
2020-09-23,EREGL.IS,3.3987133502960205
2020-09-24,EREGL.IS,3.4583399295806885
2020-09-25,EREGL.IS,3.4210734367370605
2020-09-28,EREGL.IS,3.4359803199768066
2020-09-29,EREGL.IS,3.4657931327819824
2020-09-30,EREGL.IS,3.5254197120666504
2020-10-01,EREGL.IS,3.5477797985076904
2020-10-02,EREGL.IS,3.5850462913513184
2020-10-05,EREGL.IS,3.6223130226135254
2020-10-06,EREGL.IS,3.603679656982422
2020-10-07,EREGL.IS,3.566413164138794
2020-10-08,EREGL.IS,3.551506280899048
2020-10-09,EREGL.IS,3.6111321449279785
2020-10-12,EREGL.IS,3.626039743423462
2020-10-13,EREGL.IS,3.5850462913513184
2020-10-14,EREGL.IS,3.655853033065796
2020-10-15,EREGL.IS,3.626039743423462
2020-10-16,EREGL.IS,3.6223130226135254
2020-10-19,EREGL.IS,3.5999526977539062
2020-10-20,EREGL.IS,3.6297662258148193
2020-10-21,EREGL.IS,3.689392566680908
2020-10-22,EREGL.IS,3.6670329570770264
2020-10-23,EREGL.IS,3.760199546813965
2020-10-26,EREGL.IS,3.737839460372925
2020-10-27,EREGL.IS,3.603679656982422
2020-10-28,EREGL.IS,3.462066650390625
2020-10-30,EREGL.IS,3.5254197120666504
2020-11-02,EREGL.IS,3.6670329570770264
2020-11-03,EREGL.IS,3.756472587585449
2020-11-04,EREGL.IS,3.853365898132324
2020-11-05,EREGL.IS,3.7900123596191406
2020-11-06,EREGL.IS,3.9316258430480957
2020-11-09,EREGL.IS,4.099325180053711
2020-11-10,EREGL.IS,4.349010944366455
2020-11-11,EREGL.IS,4.3191986083984375
2020-11-12,EREGL.IS,4.196218490600586
2020-11-13,EREGL.IS,4.1105055809021
2020-11-16,EREGL.IS,4.073238849639893
2020-11-17,EREGL.IS,4.054605484008789
2020-11-18,EREGL.IS,4.438451290130615
2020-11-19,EREGL.IS,4.285658359527588
2020-11-20,EREGL.IS,4.22603178024292
2020-11-23,EREGL.IS,4.211125373840332
2020-11-24,EREGL.IS,4.296838283538818
2020-11-25,EREGL.IS,4.34155797958374
2020-11-26,EREGL.IS,4.423544883728027
2020-11-27,EREGL.IS,4.408638000488281
2020-11-30,EREGL.IS,4.158951759338379
2020-12-01,EREGL.IS,4.207398891448975
2020-12-02,EREGL.IS,4.349010944366455
2020-12-03,EREGL.IS,4.337831497192383
2020-12-04,EREGL.IS,4.34155797958374
2020-12-07,EREGL.IS,4.5465240478515625
2020-12-08,EREGL.IS,5.012356758117676
2020-12-09,EREGL.IS,5.075710296630859
2020-12-10,EREGL.IS,5.016083717346191
2020-12-11,EREGL.IS,5.284402847290039
2020-12-14,EREGL.IS,5.310489654541016
2020-12-15,EREGL.IS,5.310489654541016
2020-12-16,EREGL.IS,5.366389274597168
2020-12-17,EREGL.IS,5.336576461791992
2020-12-18,EREGL.IS,5.20241641998291
2020-12-21,EREGL.IS,5.004903793334961
2020-12-22,EREGL.IS,5.299309730529785
2020-12-23,EREGL.IS,5.2955827713012695
2020-12-24,EREGL.IS,5.347756385803223
2020-12-25,EREGL.IS,5.299309730529785
2020-12-28,EREGL.IS,5.299309730529785
2020-12-29,EREGL.IS,5.552721977233887
2020-12-30,EREGL.IS,5.679428577423096
2020-12-31,EREGL.IS,5.582535266876221
2021-01-04,EREGL.IS,5.515456199645996
2021-01-05,EREGL.IS,5.366389274597168
2021-01-06,EREGL.IS,5.467009544372559
2021-01-07,EREGL.IS,5.437196254730225
2021-01-08,EREGL.IS,5.6086225509643555
2021-01-11,EREGL.IS,5.534089088439941
2021-01-12,EREGL.IS,5.645888805389404
2021-01-13,EREGL.IS,5.70924186706543
2021-01-14,EREGL.IS,5.653341770172119
2021-01-15,EREGL.IS,5.671975612640381
2021-01-18,EREGL.IS,5.9402947425842285
2021-01-19,EREGL.IS,5.8545823097229
2021-01-20,EREGL.IS,5.839675426483154
2021-01-21,EREGL.IS,5.679428577423096
2021-01-22,EREGL.IS,5.530362606048584
2021-01-25,EREGL.IS,5.522909164428711
2021-01-26,EREGL.IS,5.589988708496094
2021-01-27,EREGL.IS,5.403656005859375
2021-01-28,EREGL.IS,5.474462032318115
2021-01-29,EREGL.IS,5.347756385803223
2021-02-01,EREGL.IS,5.332850456237793
2021-02-02,EREGL.IS,5.448376178741455
2021-02-03,EREGL.IS,5.45582914352417
2021-02-04,EREGL.IS,5.515456199645996
2021-02-05,EREGL.IS,5.44092321395874
2021-02-08,EREGL.IS,5.575082302093506
2021-02-09,EREGL.IS,5.582535266876221
2021-02-10,EREGL.IS,5.6086225509643555
2021-02-11,EREGL.IS,5.701788902282715
2021-02-12,EREGL.IS,5.630981922149658
2021-02-15,EREGL.IS,5.657068729400635
2021-02-16,EREGL.IS,5.485642433166504
2021-02-17,EREGL.IS,5.485642433166504
2021-02-18,EREGL.IS,5.4819159507751465
2021-02-19,EREGL.IS,5.50054931640625
2021-02-22,EREGL.IS,5.433469772338867
2021-02-23,EREGL.IS,5.381295680999756
2021-02-24,EREGL.IS,5.373842716217041
2021-02-25,EREGL.IS,5.537815570831299
2021-02-26,EREGL.IS,5.437196254730225
2021-03-01,EREGL.IS,5.627255916595459
2021-03-02,EREGL.IS,5.627255916595459
2021-03-03,EREGL.IS,5.776321887969971
2021-03-04,EREGL.IS,5.873215198516846
2021-03-05,EREGL.IS,5.891848564147949
2021-03-08,EREGL.IS,5.962655067443848
2021-03-09,EREGL.IS,6.111721038818359
2021-03-10,EREGL.IS,6.2607879638671875
2021-03-11,EREGL.IS,6.171347618103027
2021-03-12,EREGL.IS,6.2607879638671875
2021-03-15,EREGL.IS,6.242154598236084
2021-03-16,EREGL.IS,6.2607879638671875
2021-03-17,EREGL.IS,6.312961101531982
2021-03-18,EREGL.IS,6.2607879638671875
2021-03-19,EREGL.IS,6.089361667633057
2021-03-22,EREGL.IS,5.4819159507751465
2021-03-23,EREGL.IS,5.739055156707764
2021-03-24,EREGL.IS,6.077892780303955
2021-03-25,EREGL.IS,5.811058044433594
2021-03-26,EREGL.IS,5.844942569732666
2021-03-29,EREGL.IS,6.188014984130859
2021-03-30,EREGL.IS,6.306608200073242
2021-03-31,EREGL.IS,6.463319778442383
2021-04-01,EREGL.IS,6.467555522918701
2021-04-02,EREGL.IS,6.416729927062988
2021-04-05,EREGL.IS,6.54379415512085
2021-04-06,EREGL.IS,6.526852130889893
2021-04-07,EREGL.IS,6.62003231048584
2021-04-08,EREGL.IS,6.708977222442627
2021-04-09,EREGL.IS,6.908043384552002
2021-04-12,EREGL.IS,6.946162700653076
2021-04-13,EREGL.IS,7.238409996032715
2021-04-14,EREGL.IS,7.420536041259766
2021-04-15,EREGL.IS,7.636544227600098
2021-04-16,EREGL.IS,7.7678422927856445
2021-04-19,EREGL.IS,7.691605091094971
2021-04-20,EREGL.IS,7.721253395080566
2021-04-21,EREGL.IS,7.556070327758789
2021-04-22,EREGL.IS,7.619601726531982
2021-04-26,EREGL.IS,8.182918548583984
2021-04-27,EREGL.IS,8.237979888916016
2021-04-28,EREGL.IS,8.02197265625
2021-04-29,EREGL.IS,8.157506942749023
2021-04-30,EREGL.IS,8.064326286315918
2021-05-03,EREGL.IS,8.030442237854004
2021-05-04,EREGL.IS,8.322689056396484
2021-05-05,EREGL.IS,8.233744621276855
2021-05-06,EREGL.IS,8.386220932006836
2021-05-07,EREGL.IS,8.360808372497559
2021-05-10,EREGL.IS,8.657291412353516
2021-05-11,EREGL.IS,8.513285636901855
2021-05-12,EREGL.IS,8.466694831848145
2021-05-17,EREGL.IS,8.229509353637695
2021-05-18,EREGL.IS,8.195626258850098
2021-05-20,EREGL.IS,7.865258693695068
2021-05-21,EREGL.IS,7.92455530166626
2021-05-24,EREGL.IS,8.144800186157227
2021-05-25,EREGL.IS,7.8271403312683105
2021-05-26,EREGL.IS,8.081268310546875
2021-05-27,EREGL.IS,7.988086700439453
2021-05-28,EREGL.IS,8.13632869720459
2021-05-31,EREGL.IS,8.144800186157227
2021-06-01,EREGL.IS,8.221037864685059
2021-06-02,EREGL.IS,8.144800186157227
2021-06-03,EREGL.IS,8.072796821594238
2021-06-04,EREGL.IS,8.009264945983887
2021-06-07,EREGL.IS,8.093974113464355
2021-06-08,EREGL.IS,8.055855751037598
2021-06-09,EREGL.IS,8.055855751037598
2021-06-10,EREGL.IS,8.072796821594238
2021-06-11,EREGL.IS,8.13209342956543
2021-06-14,EREGL.IS,8.229509353637695
2021-06-15,EREGL.IS,8.077032089233398
2021-06-16,EREGL.IS,8.017735481262207
2021-06-17,EREGL.IS,7.92455530166626
2021-06-18,EREGL.IS,7.53489351272583
2021-06-21,EREGL.IS,7.704311847686768
2021-06-22,EREGL.IS,7.71278190612793
2021-06-23,EREGL.IS,7.615366458892822
2021-06-24,EREGL.IS,7.717018127441406
2021-06-25,EREGL.IS,7.683133602142334
2021-06-28,EREGL.IS,7.695840358734131
2021-06-29,EREGL.IS,7.738195896148682
2021-06-30,EREGL.IS,7.623837947845459
2021-07-01,EREGL.IS,7.636544227600098
2021-07-02,EREGL.IS,7.695840358734131
2021-07-05,EREGL.IS,7.717018127441406
2021-07-06,EREGL.IS,7.6323089599609375
2021-07-07,EREGL.IS,7.636544227600098
2021-07-08,EREGL.IS,7.437476634979248
2021-07-09,EREGL.IS,7.64501428604126
2021-07-12,EREGL.IS,7.704311847686768
2021-07-13,EREGL.IS,7.589953422546387
2021-07-14,EREGL.IS,7.704311847686768
2021-07-16,EREGL.IS,7.666192531585693
2021-07-19,EREGL.IS,7.589953422546387
2021-07-26,EREGL.IS,7.640780448913574
2021-07-27,EREGL.IS,7.8271403312683105
2021-07-28,EREGL.IS,7.933026313781738
2021-07-29,EREGL.IS,8.470931053161621
2021-07-30,EREGL.IS,8.470931053161621
2021-08-02,EREGL.IS,8.343866348266602
2021-08-03,EREGL.IS,8.496343612670898
2021-08-04,EREGL.IS,8.437047004699707
2021-08-05,EREGL.IS,8.631877899169922
2021-08-06,EREGL.IS,8.809767723083496
2021-08-09,EREGL.IS,8.69117546081543
2021-08-10,EREGL.IS,8.348101615905762
2021-08-11,EREGL.IS,8.077032089233398
2021-08-12,EREGL.IS,8.373515129089355
2021-08-13,EREGL.IS,8.360808372497559
2021-08-16,EREGL.IS,8.276100158691406
2021-08-17,EREGL.IS,8.229509353637695
2021-08-18,EREGL.IS,8.055855751037598
2021-08-19,EREGL.IS,7.85678768157959
2021-08-20,EREGL.IS,7.894906997680664
2021-08-23,EREGL.IS,7.894906997680664
2021-08-24,EREGL.IS,7.890671730041504
2021-08-25,EREGL.IS,7.861023902893066
2021-08-26,EREGL.IS,7.79325532913208
2021-08-27,EREGL.IS,7.92455530166626
2021-08-31,EREGL.IS,7.954204082489014
2021-09-01,EREGL.IS,7.831375598907471
2021-09-02,EREGL.IS,7.797491073608398
2021-09-03,EREGL.IS,7.670428276062012
2021-09-06,EREGL.IS,7.729723930358887
2021-09-07,EREGL.IS,7.649250507354736
2021-09-08,EREGL.IS,7.594189643859863
2021-09-09,EREGL.IS,7.65348482131958
2021-09-10,EREGL.IS,7.594189643859863
2021-09-13,EREGL.IS,7.649250507354736
2021-09-14,EREGL.IS,7.52642297744751
2021-09-15,EREGL.IS,7.361238479614258
2021-09-16,EREGL.IS,7.246881008148193
2021-09-17,EREGL.IS,7.217233180999756
2021-09-20,EREGL.IS,6.98428201675415
2021-09-21,EREGL.IS,6.802157402038574
2021-09-22,EREGL.IS,7.157935619354248
2021-09-23,EREGL.IS,7.179113864898682
2021-09-24,EREGL.IS,7.140995025634766
2021-09-27,EREGL.IS,7.132523059844971
2021-09-28,EREGL.IS,7.0351080894470215
2021-09-29,EREGL.IS,6.975810527801514
2021-09-30,EREGL.IS,7.052048683166504
2021-10-01,EREGL.IS,7.060521125793457
2021-10-04,EREGL.IS,6.916514873504639
2021-10-05,EREGL.IS,6.84027624130249
2021-10-06,EREGL.IS,6.84027624130249
2021-10-07,EREGL.IS,7.183349609375
2021-10-08,EREGL.IS,7.2299394607543945
2021-10-11,EREGL.IS,7.437476634979248
2021-10-12,EREGL.IS,7.4671244621276855
2021-10-13,EREGL.IS,7.361238479614258
2021-10-14,EREGL.IS,7.4332404136657715
2021-10-15,EREGL.IS,7.551835060119629
2021-10-18,EREGL.IS,7.708547115325928
2021-10-19,EREGL.IS,7.670428276062012
2021-10-20,EREGL.IS,7.725488662719727
2021-10-21,EREGL.IS,7.983852386474609
2021-10-22,EREGL.IS,8.195626258850098
2021-10-25,EREGL.IS,8.314217567443848
2021-10-26,EREGL.IS,8.470931053161621
2021-10-27,EREGL.IS,8.373515129089355
2021-10-28,EREGL.IS,8.339631080627441
2021-11-01,EREGL.IS,8.343866348266602
2021-11-02,EREGL.IS,8.085502624511719
2021-11-03,EREGL.IS,8.026206970214844
2021-11-04,EREGL.IS,8.00502872467041
2021-11-05,EREGL.IS,7.962673664093018
2021-11-08,EREGL.IS,8.276100158691406
2021-11-09,EREGL.IS,8.314217567443848
2021-11-10,EREGL.IS,8.195626258850098
2021-11-11,EREGL.IS,8.233744621276855
2021-11-12,EREGL.IS,8.28880500793457
2021-11-15,EREGL.IS,8.538698196411133
2021-11-16,EREGL.IS,8.259157180786133
2021-11-17,EREGL.IS,8.530226707458496
2021-11-18,EREGL.IS,8.902949333190918
2021-11-19,EREGL.IS,8.99612808227539
2021-11-22,EREGL.IS,9.13166332244873
2021-11-23,EREGL.IS,9.7754545211792
2021-11-24,EREGL.IS,9.741570472717285
2021-11-25,EREGL.IS,9.809337615966797
2021-11-26,EREGL.IS,9.521326065063477
2021-11-29,EREGL.IS,9.673802375793457
2021-11-30,EREGL.IS,9.54673957824707
2021-12-01,EREGL.IS,9.716156959533691
2021-12-02,EREGL.IS,9.910988807678223
2021-12-03,EREGL.IS,10.08040714263916
2021-12-06,EREGL.IS,10.021110534667969
2021-12-07,EREGL.IS,10.775023460388184
2021-12-08,EREGL.IS,10.724198341369629
2021-12-09,EREGL.IS,11.181628227233887
2021-12-10,EREGL.IS,11.317163467407227
2021-12-13,EREGL.IS,12.14731502532959
2021-12-14,EREGL.IS,12.765691757202148
2021-12-15,EREGL.IS,13.11299991607666
2021-12-16,EREGL.IS,14.23116397857666
2021-12-17,EREGL.IS,13.0875883102417
2021-12-20,EREGL.IS,13.290888786315918
2021-12-21,EREGL.IS,11.9694242477417
2021-12-22,EREGL.IS,10.775023460388184
2021-12-23,EREGL.IS,11.17315673828125
2021-12-24,EREGL.IS,12.02025032043457
2021-12-27,EREGL.IS,12.16425609588623
2021-12-28,EREGL.IS,11.783063888549805
2021-12-29,EREGL.IS,12.401442527770996
2021-12-30,EREGL.IS,12.01177978515625
2021-12-31,EREGL.IS,11.927070617675781
2022-01-03,EREGL.IS,12.384500503540039
2022-01-04,EREGL.IS,12.799575805664062
2022-01-05,EREGL.IS,13.070645332336426
2022-01-06,EREGL.IS,12.791106224060059
2022-01-07,EREGL.IS,12.968995094299316
2022-01-10,EREGL.IS,12.918169021606445
2022-01-11,EREGL.IS,13.451838493347168
2022-01-12,EREGL.IS,13.37559986114502
2022-01-13,EREGL.IS,13.392541885375977
2022-01-14,EREGL.IS,13.333244323730469
2022-01-17,EREGL.IS,12.943582534790039
2022-01-18,EREGL.IS,12.2489652633667
2022-01-19,EREGL.IS,12.42685604095459
2022-01-20,EREGL.IS,12.138843536376953
2022-01-21,EREGL.IS,12.172727584838867
2022-01-24,EREGL.IS,11.418813705444336
2022-01-25,EREGL.IS,11.554349899291992
2022-01-26,EREGL.IS,11.520465850830078
2022-01-27,EREGL.IS,11.774593353271484
2022-01-28,EREGL.IS,11.554349899291992
2022-01-31,EREGL.IS,11.554349899291992
2022-02-01,EREGL.IS,11.689885139465332
2022-02-02,EREGL.IS,11.562819480895996
2022-02-03,EREGL.IS,11.393401145935059
2022-02-04,EREGL.IS,11.30022144317627
2022-02-07,EREGL.IS,12.172727584838867
2022-02-08,EREGL.IS,12.045663833618164
2022-02-09,EREGL.IS,12.536977767944336
2022-02-10,EREGL.IS,12.477680206298828
2022-02-11,EREGL.IS,12.316733360290527
2022-02-14,EREGL.IS,11.833889961242676
2022-02-15,EREGL.IS,12.096488952636719
2022-02-16,EREGL.IS,11.935542106628418
2022-02-17,EREGL.IS,11.876245498657227
2022-02-18,EREGL.IS,12.003308296203613
2022-02-21,EREGL.IS,12.223552703857422
2022-02-22,EREGL.IS,12.02872085571289
2022-02-23,EREGL.IS,12.884284973144531
2022-02-24,EREGL.IS,12.316733360290527
2022-02-25,EREGL.IS,13.197710037231445
2022-02-28,EREGL.IS,13.163826942443848
2022-03-01,EREGL.IS,14.05327320098877
2022-03-02,EREGL.IS,14.603882789611816
2022-03-03,EREGL.IS,14.968134880065918
2022-03-04,EREGL.IS,14.400583267211914
2022-03-07,EREGL.IS,14.646240234375
2022-03-08,EREGL.IS,14.586941719055176
2022-03-09,EREGL.IS,14.341286659240723
2022-03-10,EREGL.IS,14.66318130493164
2022-03-11,EREGL.IS,14.392110824584961
2022-03-14,EREGL.IS,14.570001602172852
2022-03-15,EREGL.IS,14.493762016296387
2022-03-16,EREGL.IS,14.51917552947998
2022-03-17,EREGL.IS,15.14602279663086
2022-03-18,EREGL.IS,15.315442085266113
2022-03-21,EREGL.IS,15.366267204284668
2022-03-22,EREGL.IS,16.317304611206055
2022-03-23,EREGL.IS,16.1724796295166
2022-03-24,EREGL.IS,16.182132720947266
2022-03-25,EREGL.IS,16.027650833129883
2022-03-28,EREGL.IS,15.786271095275879
2022-03-29,EREGL.IS,15.699372291564941
2022-03-30,EREGL.IS,15.747648239135742
2022-03-31,EREGL.IS,15.660750389099121
2022-04-01,EREGL.IS,16.085582733154297
2022-04-04,EREGL.IS,16.597309112548828
2022-04-05,EREGL.IS,16.70351219177246
2022-04-06,EREGL.IS,16.230409622192383
2022-04-07,EREGL.IS,16.44282341003418
2022-04-08,EREGL.IS,16.423513412475586
2022-04-11,EREGL.IS,16.58765411376953
2022-04-12,EREGL.IS,16.61661720275879
2022-04-13,EREGL.IS,16.973861694335938
2022-04-14,EREGL.IS,16.915931701660156
2022-04-15,EREGL.IS,17.041446685791016
2022-04-18,EREGL.IS,16.983516693115234
2022-04-19,EREGL.IS,17.321449279785156
2022-04-20,EREGL.IS,17.224897384643555
2022-04-21,EREGL.IS,17.620759963989258
2022-04-22,EREGL.IS,16.877309799194336
2022-04-25,EREGL.IS,16.655241012573242
2022-04-26,EREGL.IS,15.969719886779785
2022-04-27,EREGL.IS,16.5779972076416
2022-04-28,EREGL.IS,16.008338928222656
2022-04-29,EREGL.IS,16.20144271850586
2022-05-05,EREGL.IS,16.1724796295166
2022-05-06,EREGL.IS,15.902131080627441
2022-05-09,EREGL.IS,16.182132720947266
2022-05-10,EREGL.IS,16.51041030883789
2022-05-11,EREGL.IS,16.4814453125
2022-05-12,EREGL.IS,15.544890403747559
2022-05-13,EREGL.IS,15.757305145263672
2022-05-16,EREGL.IS,15.293854713439941
2022-05-17,EREGL.IS,15.313163757324219
2022-05-18,EREGL.IS,15.400060653686523
2022-05-20,EREGL.IS,14.975232124328613
2022-05-23,EREGL.IS,15.17799186706543
2022-05-24,EREGL.IS,15.255234718322754
2022-05-25,EREGL.IS,15.583510398864746
2022-05-26,EREGL.IS,15.65109634399414
2022-05-27,EREGL.IS,15.8731689453125
2022-05-30,EREGL.IS,16.771100997924805
2022-05-31,EREGL.IS,16.51041030883789
2022-06-01,EREGL.IS,16.529722213745117
2022-06-02,EREGL.IS,16.742136001586914
2022-06-03,EREGL.IS,16.664894104003906
2022-06-06,EREGL.IS,16.89661979675293
2022-06-07,EREGL.IS,16.75179100036621
2022-06-08,EREGL.IS,16.471790313720703
2022-06-09,EREGL.IS,16.3752384185791
2022-06-10,EREGL.IS,16.04696273803711
2022-06-13,EREGL.IS,15.033163070678711
2022-06-14,EREGL.IS,14.685575485229492
2022-06-15,EREGL.IS,14.463504791259766
2022-06-16,EREGL.IS,14.096609115600586
2022-06-17,EREGL.IS,13.92281436920166
2022-06-20,EREGL.IS,13.47867488861084
2022-06-21,EREGL.IS,13.855228424072266
2022-06-22,EREGL.IS,13.613847732543945
2022-06-23,EREGL.IS,13.314537048339844
2022-06-24,EREGL.IS,13.449708938598633
2022-06-27,EREGL.IS,13.102121353149414
2022-06-28,EREGL.IS,13.304880142211914
2022-06-29,EREGL.IS,12.812466621398926
2022-06-30,EREGL.IS,13.102121353149414
2022-07-01,EREGL.IS,13.063501358032227
2022-07-04,EREGL.IS,12.532463073730469
2022-07-05,EREGL.IS,12.5903959274292
2022-07-06,EREGL.IS,12.87039566040039
2022-07-07,EREGL.IS,12.657981872558594
2022-07-08,EREGL.IS,12.802809715270996
2022-07-13,EREGL.IS,12.542118072509766
2022-07-14,EREGL.IS,12.532463073730469
2022-07-18,EREGL.IS,13.189018249511719
2022-07-19,EREGL.IS,13.372467041015625
2022-07-20,EREGL.IS,13.633157730102539
2022-07-21,EREGL.IS,13.420742988586426
2022-07-22,EREGL.IS,13.584881782531738
2022-07-25,EREGL.IS,13.729710578918457
2022-07-26,EREGL.IS,13.314537048339844
2022-07-27,EREGL.IS,13.140742301940918
2022-07-28,EREGL.IS,13.121431350708008
2022-07-29,EREGL.IS,13.333847045898438
2022-08-01,EREGL.IS,13.536606788635254
2022-08-02,EREGL.IS,13.372467041015625
2022-08-03,EREGL.IS,13.353157043457031
2022-08-04,EREGL.IS,13.440053939819336
2022-08-05,EREGL.IS,13.314537048339844
2022-08-08,EREGL.IS,13.855228424072266
2022-08-09,EREGL.IS,13.729710578918457
2022-08-10,EREGL.IS,13.74902057647705
2022-08-11,EREGL.IS,13.816608428955078
2022-08-12,EREGL.IS,13.604192733764648
2022-08-15,EREGL.IS,13.440053939819336
2022-08-16,EREGL.IS,13.401432991027832
2022-08-17,EREGL.IS,13.488329887390137
2022-08-18,EREGL.IS,14.231781005859375
2022-08-19,EREGL.IS,14.347643852233887
2022-08-22,EREGL.IS,14.212470054626465
2022-08-23,EREGL.IS,14.231781005859375
2022-08-24,EREGL.IS,13.835917472839355
2022-08-25,EREGL.IS,14.038677215576172
2022-08-26,EREGL.IS,14.241436004638672
2022-08-29,EREGL.IS,14.096609115600586
2022-08-31,EREGL.IS,13.893848419189453
2022-09-01,EREGL.IS,13.469018936157227
2022-09-02,EREGL.IS,13.604192733764648
2022-09-05,EREGL.IS,14.955921173095703
2022-09-06,EREGL.IS,15.342130661010742
2022-09-07,EREGL.IS,14.840059280395508
2022-09-08,EREGL.IS,14.917301177978516
2022-09-09,EREGL.IS,15.67040729522705
2022-09-12,EREGL.IS,16.124202728271484
2022-09-13,EREGL.IS,14.724196434020996
2022-09-14,EREGL.IS,15.052474021911621
2022-09-15,EREGL.IS,14.57936954498291
2022-09-16,EREGL.IS,14.955921173095703
2022-09-19,EREGL.IS,14.260747909545898
2022-09-20,EREGL.IS,14.743507385253906
2022-09-21,EREGL.IS,14.492471694946289
2022-09-22,EREGL.IS,14.926956176757812
2022-09-23,EREGL.IS,14.550402641296387
2022-09-26,EREGL.IS,14.260747909545898
2022-09-27,EREGL.IS,14.270401954650879
2022-09-28,EREGL.IS,13.864882469177246
2022-09-29,EREGL.IS,13.932469367980957
2022-09-30,EREGL.IS,13.990400314331055
2022-10-03,EREGL.IS,15.081439971923828
2022-10-04,EREGL.IS,15.081439971923828
2022-10-05,EREGL.IS,14.762818336486816
2022-10-06,EREGL.IS,14.637299537658691
2022-10-07,EREGL.IS,14.58902359008789
2022-10-10,EREGL.IS,14.75316333770752
2022-10-11,EREGL.IS,14.58902359008789
2022-10-12,EREGL.IS,14.202815055847168
2022-10-13,EREGL.IS,14.115918159484863
2022-10-14,EREGL.IS,14.193160057067871
2022-10-17,EREGL.IS,14.656610488891602
2022-10-18,EREGL.IS,14.5117826461792
2022-10-19,EREGL.IS,14.357298851013184
2022-10-20,EREGL.IS,14.405574798583984
2022-10-21,EREGL.IS,14.260747909545898
2022-10-24,EREGL.IS,14.714540481567383
2022-10-25,EREGL.IS,14.58902359008789
2022-10-26,EREGL.IS,14.869024276733398
2022-10-27,EREGL.IS,14.540748596191406
2022-10-28,EREGL.IS,14.309021949768066
2022-10-31,EREGL.IS,14.33798885345459
2022-11-01,EREGL.IS,14.328333854675293
2022-11-02,EREGL.IS,14.78212833404541
2022-11-03,EREGL.IS,14.617989540100098
2022-11-04,EREGL.IS,16.075923919677734
2022-11-07,EREGL.IS,17.678691864013672
2022-11-08,EREGL.IS,17.253862380981445
2022-11-09,EREGL.IS,16.655241012573242
2022-11-10,EREGL.IS,18.122831344604492
2022-11-11,EREGL.IS,17.620759963989258
2022-11-14,EREGL.IS,18.026277542114258
2022-11-15,EREGL.IS,18.15179443359375
2022-11-16,EREGL.IS,17.881450653076172
2022-11-17,EREGL.IS,17.89110565185547
2022-11-18,EREGL.IS,17.813865661621094
2022-11-21,EREGL.IS,18.2000732421875
2022-11-22,EREGL.IS,19.64835548400879
2022-11-23,EREGL.IS,20.005596160888672
2022-11-24,EREGL.IS,20.024906158447266
2022-11-25,EREGL.IS,20.21800994873047
2022-11-28,EREGL.IS,20.22766876220703
2022-11-29,EREGL.IS,20.208356857299805
2022-11-30,EREGL.IS,20.59456443786621
2022-12-01,EREGL.IS,20.507667541503906
2022-12-02,EREGL.IS,19.995943069458008
2022-12-05,EREGL.IS,20.488357543945312
2022-12-06,EREGL.IS,20.555946350097656
2022-12-07,EREGL.IS,19.64835548400879
2022-12-08,EREGL.IS,19.387662887573242
2022-12-09,EREGL.IS,19.551803588867188
2022-12-12,EREGL.IS,20.005596160888672
2022-12-13,EREGL.IS,20.83594512939453
2022-12-14,EREGL.IS,19.802837371826172
2022-12-15,EREGL.IS,19.84145736694336
2022-12-16,EREGL.IS,19.97663116455078
2022-12-19,EREGL.IS,20.034563064575195
2022-12-20,EREGL.IS,20.246976852416992
2022-12-21,EREGL.IS,20.333873748779297
2022-12-22,EREGL.IS,19.97663116455078
2022-12-23,EREGL.IS,19.860769271850586
2022-12-26,EREGL.IS,20.024906158447266
2022-12-27,EREGL.IS,19.63869857788086
2022-12-28,EREGL.IS,19.580768585205078
2022-12-29,EREGL.IS,19.98628807067871
2022-12-30,EREGL.IS,19.918699264526367
2023-01-02,EREGL.IS,20.652494430541992
2023-01-03,EREGL.IS,20.39180564880371
2023-01-04,EREGL.IS,20.720081329345703
2023-01-05,EREGL.IS,20.15042495727539
2023-01-06,EREGL.IS,20.102149963378906
2023-01-09,EREGL.IS,19.223526000976562
2023-01-10,EREGL.IS,18.277313232421875
2023-01-11,EREGL.IS,17.78489875793457
2023-01-12,EREGL.IS,19.107664108276367
2023-01-13,EREGL.IS,19.484216690063477
2023-01-16,EREGL.IS,19.802837371826172
2023-01-17,EREGL.IS,19.74490737915039
2023-01-18,EREGL.IS,19.590423583984375
2023-01-19,EREGL.IS,19.484216690063477
2023-01-20,EREGL.IS,19.793184280395508
2023-01-23,EREGL.IS,19.175249099731445
2023-01-24,EREGL.IS,18.87593650817871
2023-01-25,EREGL.IS,18.67317771911621
2023-01-26,EREGL.IS,18.837316513061523
2023-01-27,EREGL.IS,18.87593650817871
2023-01-30,EREGL.IS,18.904903411865234
2023-01-31,EREGL.IS,18.39317512512207
2023-02-01,EREGL.IS,17.533863067626953
2023-02-02,EREGL.IS,18.1035213470459
2023-02-03,EREGL.IS,18.953176498413086
2023-02-06,EREGL.IS,19.339387893676758
2023-02-07,EREGL.IS,18.14214324951172
2023-02-08,EREGL.IS,17.205583572387695
2023-02-15,EREGL.IS,19.94766616821289
2023-02-16,EREGL.IS,21.482845306396484
2023-02-17,EREGL.IS,21.791810989379883
2023-02-20,EREGL.IS,23.809751510620117
2023-02-21,EREGL.IS,24.07044219970703
2023-02-22,EREGL.IS,21.965604782104492
2023-02-23,EREGL.IS,21.42491340637207
2023-02-24,EREGL.IS,21.357328414916992
2023-02-27,EREGL.IS,21.26077651977539
2023-02-28,EREGL.IS,21.28973960876465
2023-03-01,EREGL.IS,21.926982879638672
2023-03-02,EREGL.IS,21.07732582092285
2023-03-03,EREGL.IS,21.231809616088867
2023-03-06,EREGL.IS,21.4345703125
2023-03-07,EREGL.IS,21.395946502685547
2023-03-08,EREGL.IS,20.76835823059082
2023-03-09,EREGL.IS,20.749048233032227
2023-03-10,EREGL.IS,19.677318572998047
2023-03-13,EREGL.IS,19.271800994873047
2023-03-14,EREGL.IS,19.136627197265625
2023-03-15,EREGL.IS,18.624902725219727
2023-03-16,EREGL.IS,19.175249099731445
2023-03-17,EREGL.IS,18.34490203857422
2023-03-20,EREGL.IS,17.871795654296875
2023-03-21,EREGL.IS,17.871795654296875
2023-03-22,EREGL.IS,17.910415649414062
2023-03-23,EREGL.IS,17.910415649414062
2023-03-24,EREGL.IS,17.910415649414062
2023-03-27,EREGL.IS,18.045591354370117
2023-03-28,EREGL.IS,17.282827377319336
2023-03-29,EREGL.IS,17.533863067626953
2023-03-30,EREGL.IS,17.34075927734375
2023-03-31,EREGL.IS,17.089725494384766
2023-04-03,EREGL.IS,17.041446685791016
2023-04-04,EREGL.IS,17.360069274902344
2023-04-05,EREGL.IS,17.09937858581543
2023-04-06,EREGL.IS,16.819377899169922
2023-04-07,EREGL.IS,16.82903289794922
2023-04-10,EREGL.IS,17.321449279785156
2023-04-11,EREGL.IS,17.475933074951172
2023-04-12,EREGL.IS,17.50489616394043
2023-04-13,EREGL.IS,17.524206161499023
2023-04-14,EREGL.IS,17.23455238342285
2023-04-17,EREGL.IS,16.96420669555664
2023-04-18,EREGL.IS,16.75179100036621
2023-04-19,EREGL.IS,16.819377899169922
2023-04-20,EREGL.IS,16.635929107666016
2023-04-24,EREGL.IS,16.471790313720703
2023-04-25,EREGL.IS,16.491100311279297
2023-04-26,EREGL.IS,15.88282299041748
2023-04-27,EREGL.IS,15.747648239135742
2023-04-28,EREGL.IS,15.99868392944336
2023-05-02,EREGL.IS,15.564200401306152
2023-05-03,EREGL.IS,15.110404968261719
2023-05-04,EREGL.IS,14.926956176757812
2023-05-05,EREGL.IS,14.463504791259766
2023-05-08,EREGL.IS,14.78212833404541
2023-05-09,EREGL.IS,14.521437644958496
2023-05-10,EREGL.IS,14.202815055847168
2023-05-11,EREGL.IS,15.013854026794434
2023-05-12,EREGL.IS,14.869024276733398
2023-05-15,EREGL.IS,14.627644538879395
2023-05-16,EREGL.IS,15.776615142822266
2023-05-17,EREGL.IS,15.766959190368652
2023-05-18,EREGL.IS,15.013854026794434
2023-05-22,EREGL.IS,15.052474021911621
2023-05-23,EREGL.IS,14.965576171875
2023-05-24,EREGL.IS,14.955921173095703
2023-05-25,EREGL.IS,14.98488712310791
2023-05-26,EREGL.IS,15.42902660369873
2023-05-29,EREGL.IS,16.191789627075195
2023-05-30,EREGL.IS,16.500755310058594
2023-05-31,EREGL.IS,15.950409889221191
2023-06-01,EREGL.IS,16.085582733154297
2023-06-02,EREGL.IS,16.491100311279297
2023-06-05,EREGL.IS,16.94489288330078
2023-06-06,EREGL.IS,16.94489288330078
2023-06-07,EREGL.IS,17.640071868896484
2023-06-08,EREGL.IS,17.620759963989258
2023-06-09,EREGL.IS,17.929725646972656
2023-06-12,EREGL.IS,18.315935134887695
2023-06-13,EREGL.IS,18.055246353149414
2023-06-14,EREGL.IS,17.524206161499023
2023-06-15,EREGL.IS,17.669034957885742
2023-06-16,EREGL.IS,17.77524185180664
2023-06-19,EREGL.IS,17.26351547241211
2023-06-20,EREGL.IS,16.89661979675293
2023-06-21,EREGL.IS,16.462135314941406
2023-06-22,EREGL.IS,17.118688583374023
2023-06-23,EREGL.IS,17.41800308227539
2023-06-26,EREGL.IS,17.78489875793457
2023-06-27,EREGL.IS,17.72696876525879
2023-07-03,EREGL.IS,18.68283462524414
2023-07-04,EREGL.IS,18.422143936157227
2023-07-05,EREGL.IS,18.68283462524414
2023-07-06,EREGL.IS,18.538005828857422
2023-07-07,EREGL.IS,18.827661514282227
2023-07-10,EREGL.IS,19.02076530456543
2023-07-11,EREGL.IS,19.001455307006836
2023-07-12,EREGL.IS,18.711795806884766
2023-07-13,EREGL.IS,18.721454620361328
2023-07-14,EREGL.IS,18.64421272277832
2023-07-17,EREGL.IS,18.731109619140625
2023-07-18,EREGL.IS,18.045591354370117
2023-07-19,EREGL.IS,18.19041633605957
2023-07-20,EREGL.IS,18.19041633605957
2023-07-21,EREGL.IS,17.95869255065918
2023-07-24,EREGL.IS,18.325590133666992
2023-07-25,EREGL.IS,17.89110565185547
2023-07-26,EREGL.IS,18.2000732421875
2023-07-27,EREGL.IS,18.3062801361084
2023-07-28,EREGL.IS,18.566970825195312
2023-07-31,EREGL.IS,20.131114959716797
2023-08-01,EREGL.IS,19.677318572998047
2023-08-02,EREGL.IS,19.76421546936035
2023-08-03,EREGL.IS,19.50352668762207
2023-08-04,EREGL.IS,19.860769271850586
2023-08-07,EREGL.IS,19.783525466918945
2023-08-08,EREGL.IS,19.783525466918945
2023-08-09,EREGL.IS,20.1214599609375
2023-08-10,EREGL.IS,19.28145408630371
2023-08-11,EREGL.IS,19.8124942779541
2023-08-14,EREGL.IS,20.546289443969727
2023-08-15,EREGL.IS,20.063528060913086
2023-08-16,EREGL.IS,20.111804962158203
2023-08-17,EREGL.IS,20.642839431762695
2023-08-18,EREGL.IS,20.22766876220703
2023-08-21,EREGL.IS,21.724224090576172
2023-08-22,EREGL.IS,21.521467208862305
2023-08-23,EREGL.IS,21.531118392944336
2023-08-24,EREGL.IS,20.575254440307617
2023-08-25,EREGL.IS,21.154565811157227
2023-08-28,EREGL.IS,21.14491081237793
2023-08-29,EREGL.IS,20.83594512939453
2023-08-31,EREGL.IS,20.76835823059082
2023-09-01,EREGL.IS,21.270429611206055
2023-09-04,EREGL.IS,21.28973960876465
2023-09-05,EREGL.IS,22.206985473632812
2023-09-06,EREGL.IS,22.42905616760254
2023-09-07,EREGL.IS,23.317333221435547
2023-09-08,EREGL.IS,22.931127548217773
2023-09-11,EREGL.IS,22.361469268798828
2023-09-12,EREGL.IS,22.013879776000977
2023-09-13,EREGL.IS,21.202842712402344
2023-09-14,EREGL.IS,21.25111961364746
2023-09-15,EREGL.IS,21.241464614868164
2023-09-18,EREGL.IS,20.39180564880371
2023-09-19,EREGL.IS,20.43042755126953
2023-09-20,EREGL.IS,19.793184280395508
2023-09-21,EREGL.IS,20.15042495727539
2023-09-22,EREGL.IS,20.893875122070312
2023-09-25,EREGL.IS,22.361469268798828
2023-09-26,EREGL.IS,21.569740295410156
2023-09-27,EREGL.IS,21.4345703125
2023-09-28,EREGL.IS,21.5407772064209
2023-09-29,EREGL.IS,21.49250030517578
2023-10-02,EREGL.IS,21.618017196655273
2023-10-03,EREGL.IS,21.589052200317383
2023-10-04,EREGL.IS,21.058015823364258
2023-10-05,EREGL.IS,21.366981506347656
2023-10-06,EREGL.IS,21.69525909423828
2023-10-09,EREGL.IS,20.893875122070312
2023-10-10,EREGL.IS,21.762847900390625
2023-10-11,EREGL.IS,21.299396514892578
2023-10-12,EREGL.IS,20.95180892944336
2023-10-13,EREGL.IS,20.4207706451416
2023-10-16,EREGL.IS,19.677318572998047
2023-10-17,EREGL.IS,20.32421875
2023-10-18,EREGL.IS,19.600078582763672
2023-10-19,EREGL.IS,19.05938720703125
2023-10-20,EREGL.IS,18.364212036132812
2023-10-23,EREGL.IS,18.67317771911621
2023-10-24,EREGL.IS,20.17938995361328
2023-10-25,EREGL.IS,18.39317512512207
2023-10-26,EREGL.IS,18.91455841064453
2023-10-27,EREGL.IS,18.566970825195312
2023-10-30,EREGL.IS,18.538005828857422
2023-10-31,EREGL.IS,18.277313232421875
2023-11-01,EREGL.IS,17.96834945678711
2023-11-02,EREGL.IS,18.045591354370117
2023-11-03,EREGL.IS,18.055246353149414
2023-11-06,EREGL.IS,18.3062801361084
2023-11-07,EREGL.IS,18.286972045898438
2023-11-08,EREGL.IS,18.13248634338379
2023-11-09,EREGL.IS,18.113176345825195
2023-11-10,EREGL.IS,18.47041893005371
2023-11-13,EREGL.IS,17.95869255065918
2023-11-14,EREGL.IS,18.422143936157227
2023-11-15,EREGL.IS,18.480073928833008
2023-11-16,EREGL.IS,18.489728927612305
2023-11-17,EREGL.IS,18.480073928833008
2023-11-20,EREGL.IS,19.11731719970703
2023-11-21,EREGL.IS,19.84145736694336
2023-11-22,EREGL.IS,19.667667388916016
2023-11-23,EREGL.IS,18.99180030822754
2023-11-24,EREGL.IS,19.53249168395996
2023-11-27,EREGL.IS,19.928356170654297
2023-11-28,EREGL.IS,19.8221492767334
2023-11-29,EREGL.IS,19.899389266967773
2023-11-30,EREGL.IS,19.77387237548828
2023-12-01,EREGL.IS,19.600078582763672
2023-12-04,EREGL.IS,19.320077896118164
2023-12-05,EREGL.IS,19.310422897338867
2023-12-06,EREGL.IS,18.731109619140625
2023-12-07,EREGL.IS,19.26214599609375
2023-12-08,EREGL.IS,18.99180030822754
2023-12-11,EREGL.IS,18.586280822753906
2023-12-12,EREGL.IS,18.538005828857422
2023-12-13,EREGL.IS,18.22903823852539
2023-12-14,EREGL.IS,18.91455841064453
2023-12-15,EREGL.IS,20.22766876220703
2023-12-18,EREGL.IS,20.17938995361328
2023-12-19,EREGL.IS,20.884220123291016
2023-12-20,EREGL.IS,20.314565658569336
2023-12-21,EREGL.IS,20.816635131835938
2023-12-22,EREGL.IS,20.275943756103516
2023-12-25,EREGL.IS,19.60973358154297
2023-12-26,EREGL.IS,19.580768585205078
2023-12-27,EREGL.IS,19.85111427307129
2023-12-28,EREGL.IS,20.024906158447266
2023-12-29,EREGL.IS,19.793184280395508
2024-01-02,EREGL.IS,20.401458740234375
2024-01-03,EREGL.IS,19.94766616821289
2024-01-04,EREGL.IS,20.43042755126953
2024-01-05,EREGL.IS,20.575254440307617
2024-01-08,EREGL.IS,20.922842025756836
2024-01-09,EREGL.IS,20.71042823791504
2024-01-10,EREGL.IS,21.7435359954834
2024-01-11,EREGL.IS,21.19318962097168
2024-01-12,EREGL.IS,21.14491081237793
2024-01-15,EREGL.IS,21.270429611206055
2024-01-16,EREGL.IS,21.38629150390625
2024-01-17,EREGL.IS,20.97111701965332
2024-01-18,EREGL.IS,20.5269775390625
2024-01-19,EREGL.IS,20.353185653686523
2024-01-22,EREGL.IS,20.295255661010742
2024-01-23,EREGL.IS,20.440080642700195
2024-01-24,EREGL.IS,20.45939064025879
2024-01-25,EREGL.IS,20.67180824279785
2024-01-26,EREGL.IS,20.90353012084961
2024-01-29,EREGL.IS,21.106292724609375
2024-01-30,EREGL.IS,20.922842025756836
2024-01-31,EREGL.IS,20.826290130615234
2024-02-01,EREGL.IS,21.106292724609375
2024-02-02,EREGL.IS,20.98077392578125
2024-02-05,EREGL.IS,21.00973892211914
2024-02-06,EREGL.IS,21.338016510009766
2024-02-07,EREGL.IS,21.7338809967041
2024-02-08,EREGL.IS,21.955949783325195
2024-02-09,EREGL.IS,22.380779266357422
2024-02-12,EREGL.IS,22.400089263916016
2024-02-13,EREGL.IS,22.264917373657227
2024-02-14,EREGL.IS,22.496641159057617
2024-02-15,EREGL.IS,22.72836685180664
2024-02-16,EREGL.IS,23.713197708129883
2024-02-19,EREGL.IS,23.326990127563477
2024-02-20,EREGL.IS,23.954578399658203
2024-02-21,EREGL.IS,23.48147201538086
2024-02-22,EREGL.IS,23.259403228759766
2024-02-23,EREGL.IS,22.448366165161133
2024-02-26,EREGL.IS,22.004228591918945
2024-02-27,EREGL.IS,22.67043685913086
2024-02-28,EREGL.IS,22.641469955444336
2024-02-29,EREGL.IS,21.97525978088379
2024-03-01,EREGL.IS,22.178020477294922
2024-03-04,EREGL.IS,22.21664047241211
2024-03-05,EREGL.IS,21.91733169555664
2024-03-06,EREGL.IS,21.376636505126953
2024-03-07,EREGL.IS,22.042848587036133
2024-03-08,EREGL.IS,22.158708572387695
2024-03-11,EREGL.IS,22.10077667236328
2024-03-12,EREGL.IS,21.859397888183594
2024-03-13,EREGL.IS,21.463533401489258
2024-03-14,EREGL.IS,21.405601501464844
2024-03-15,EREGL.IS,21.4345703125
2024-03-18,EREGL.IS,21.280086517333984
2024-03-19,EREGL.IS,21.366981506347656
2024-03-20,EREGL.IS,21.135255813598633
2024-03-21,EREGL.IS,21.164222717285156
2024-03-22,EREGL.IS,20.90353012084961
2024-03-25,EREGL.IS,20.739395141601562
2024-03-26,EREGL.IS,20.333873748779297
2024-03-27,EREGL.IS,20.18904685974121
2024-03-28,EREGL.IS,20.333873748779297
2024-03-29,EREGL.IS,20.43042755126953
2024-04-01,EREGL.IS,19.93800926208496
2024-04-02,EREGL.IS,18.77938461303711
2024-04-03,EREGL.IS,18.480073928833008
2024-04-04,EREGL.IS,19.030420303344727
2024-04-05,EREGL.IS,19.97663116455078
2024-04-08,EREGL.IS,20.246976852416992
2024-04-09,EREGL.IS,20.246976852416992
2024-04-15,EREGL.IS,19.94766616821289
2024-04-16,EREGL.IS,19.80106544494629
2024-04-17,EREGL.IS,19.605594635009766
2024-04-18,EREGL.IS,19.7619686126709
2024-04-19,EREGL.IS,20.14313507080078
2024-04-22,EREGL.IS,20.319059371948242
2024-04-24,EREGL.IS,20.37769889831543
2024-04-25,EREGL.IS,20.32883071899414
2024-04-26,EREGL.IS,20.915239334106445
2024-04-29,EREGL.IS,21.443008422851562
2024-04-30,EREGL.IS,21.04229736328125
2024-05-02,EREGL.IS,21.80462646484375
2024-05-03,EREGL.IS,21.589611053466797
2024-05-06,EREGL.IS,21.482101440429688
2024-05-07,EREGL.IS,22.215112686157227
2024-05-08,EREGL.IS,22.09783172607422
2024-05-09,EREGL.IS,22.23465919494629
2024-05-10,EREGL.IS,22.889482498168945
2024-05-13,EREGL.IS,22.635372161865234
2024-05-14,EREGL.IS,22.733108520507812
2024-05-15,EREGL.IS,21.951229095458984
2024-05-16,EREGL.IS,22.283527374267578
2024-05-17,EREGL.IS,22.89925765991211
2024-05-20,EREGL.IS,23.436798095703125
2024-05-21,EREGL.IS,23.42702293395996
2024-05-22,EREGL.IS,23.612720489501953
2024-05-23,EREGL.IS,23.7104549407959
2024-05-24,EREGL.IS,24.150259017944336
2024-05-27,EREGL.IS,24.032978057861328
2024-05-28,EREGL.IS,24.150259017944336
2024-05-29,EREGL.IS,23.739774703979492
2024-05-30,EREGL.IS,23.91569709777832
2024-05-31,EREGL.IS,23.42702293395996
2024-06-03,EREGL.IS,24.238222122192383
2024-06-04,EREGL.IS,24.02320671081543
2024-06-05,EREGL.IS,23.78864288330078
2024-06-06,EREGL.IS,23.72022819519043
2024-06-07,EREGL.IS,23.42702293395996
2024-06-10,EREGL.IS,22.694013595581055
2024-06-11,EREGL.IS,22.586503982543945
2024-06-12,EREGL.IS,23.35860824584961
2024-06-13,EREGL.IS,24.150259017944336
2024-06-14,EREGL.IS,25.21556854248047
2024-06-20,EREGL.IS,26.315086364746094
2024-06-21,EREGL.IS,25.679811477661133
2024-06-24,EREGL.IS,26.046314239501953
2024-06-25,EREGL.IS,25.655376434326172
2024-06-26,EREGL.IS,25.43547248840332
2024-06-27,EREGL.IS,25.89971351623535
2024-06-28,EREGL.IS,26.021883010864258
2024-07-01,EREGL.IS,25.28887176513672
2024-07-02,EREGL.IS,25.068967819213867
2024-07-03,EREGL.IS,26.828195571899414
2024-07-04,EREGL.IS,26.852628707885742
2024-07-05,EREGL.IS,26.87706184387207
2024-07-08,EREGL.IS,26.730459213256836
2024-07-09,EREGL.IS,26.681591033935547
2024-07-10,EREGL.IS,26.87706184387207
2024-07-11,EREGL.IS,26.950363159179688
2024-07-12,EREGL.IS,26.999229431152344
2024-07-16,EREGL.IS,27.805543899536133
2024-07-17,EREGL.IS,27.707807540893555
2024-07-18,EREGL.IS,27.31686782836914
2024-07-19,EREGL.IS,28.123180389404297
2024-07-22,EREGL.IS,29.0272274017334
2024-07-23,EREGL.IS,28.514118194580078
2024-07-24,EREGL.IS,28.172046661376953
2024-07-25,EREGL.IS,27.683374404907227
2024-07-26,EREGL.IS,27.487903594970703
2024-07-29,EREGL.IS,27.170265197753906
2024-07-30,EREGL.IS,27.31686782836914
2024-07-31,EREGL.IS,27.390169143676758
2024-08-01,EREGL.IS,27.976577758789062
2024-08-02,EREGL.IS,26.9014949798584
2024-08-05,EREGL.IS,24.482559204101562
2024-08-06,EREGL.IS,24.14048957824707
2024-08-07,EREGL.IS,24.629161834716797
2024-08-08,EREGL.IS,25.508773803710938
2024-08-09,EREGL.IS,24.726896286010742
2024-08-12,EREGL.IS,24.10139274597168
2024-08-13,EREGL.IS,24.14048957824707
2024-08-14,EREGL.IS,24.062299728393555
2024-08-15,EREGL.IS,24.365278244018555
2024-08-16,EREGL.IS,23.759323120117188
2024-08-19,EREGL.IS,24.081846237182617
2024-08-20,EREGL.IS,23.945016860961914
2024-08-21,EREGL.IS,23.90592384338379
2024-08-22,EREGL.IS,24.14048957824707
2024-08-23,EREGL.IS,23.573627471923828
2024-08-26,EREGL.IS,22.869935989379883
2024-08-27,EREGL.IS,23.16314125061035
2024-08-28,EREGL.IS,23.2413272857666
2024-08-29,EREGL.IS,23.622493743896484
2024-09-02,EREGL.IS,24.09161949157715
2024-09-03,EREGL.IS,23.681133270263672
2024-09-04,EREGL.IS,23.29019546508789
2024-09-05,EREGL.IS,23.47589111328125
2024-09-06,EREGL.IS,23.10449981689453
2024-09-09,EREGL.IS,22.830842971801758
2024-09-10,EREGL.IS,22.733108520507812
2024-09-11,EREGL.IS,23.16314125061035
2024-09-12,EREGL.IS,22.869935989379883
2024-09-13,EREGL.IS,23.18268585205078
2024-09-16,EREGL.IS,23.270647048950195
2024-09-17,EREGL.IS,23.60294532775879
2024-09-18,EREGL.IS,23.573627471923828
2024-09-19,EREGL.IS,24.150259017944336
2024-09-20,EREGL.IS,24.287090301513672
2024-09-23,EREGL.IS,24.111167907714844
2024-09-24,EREGL.IS,24.995668411254883
2024-09-25,EREGL.IS,25.11783790588379
2024-09-26,EREGL.IS,25.02010154724121
2024-09-27,EREGL.IS,25.70424461364746
2024-09-30,EREGL.IS,26.14405059814453
2024-10-01,EREGL.IS,25.753110885620117
2024-10-02,EREGL.IS,24.995668411254883
2024-10-03,EREGL.IS,24.433692932128906
2024-10-04,EREGL.IS,24.506994247436523
2024-10-07,EREGL.IS,24.26754379272461
2024-10-08,EREGL.IS,23.28042221069336
2024-10-09,EREGL.IS,23.2413272857666
2024-10-10,EREGL.IS,23.212007522583008
2024-10-11,EREGL.IS,23.90592384338379
2024-10-14,EREGL.IS,23.593172073364258
2024-10-15,EREGL.IS,23.67136001586914
2024-10-16,EREGL.IS,24.1600341796875
2024-10-17,EREGL.IS,23.954792022705078
2024-10-18,EREGL.IS,23.485666275024414
2024-10-21,EREGL.IS,23.22178077697754
2024-10-22,EREGL.IS,23.22178077697754
2024-10-23,EREGL.IS,22.576732635498047
2024-10-24,EREGL.IS,22.791748046875
2024-10-25,EREGL.IS,23.16314125061035
2024-10-28,EREGL.IS,23.387929916381836
2024-10-30,EREGL.IS,23.378156661987305
2024-10-31,EREGL.IS,23.260875701904297
2024-11-01,EREGL.IS,23.42702293395996
2024-11-04,EREGL.IS,22.938350677490234
2024-11-05,EREGL.IS,23.339061737060547
2024-11-06,EREGL.IS,23.827735900878906
2024-11-07,EREGL.IS,24.199129104614258
2024-11-08,EREGL.IS,24.971233367919922
2024-11-11,EREGL.IS,24.897932052612305
2024-11-12,EREGL.IS,24.580293655395508
2024-11-13,EREGL.IS,24.458126068115234
2024-11-14,EREGL.IS,24.971233367919922
2024-11-15,EREGL.IS,24.580293655395508
2024-11-18,EREGL.IS,24.678030014038086
2024-11-19,EREGL.IS,24.20890235900879
2024-11-20,EREGL.IS,23.446569442749023
2024-11-21,EREGL.IS,24.335956573486328
2024-11-22,EREGL.IS,24.482559204101562
2024-11-25,EREGL.IS,24.77576446533203
2024-11-26,EREGL.IS,24.482559204101562
2024-11-27,EREGL.IS,24.14048957824707
2024-11-28,EREGL.IS,24.64870834350586
2024-11-29,EREGL.IS,25.19602394104004
2024-12-02,EREGL.IS,25.45013427734375
2024-12-03,EREGL.IS,25.411041259765625
2024-12-04,EREGL.IS,25.508773803710938
2024-12-05,EREGL.IS,25.33285140991211
2024-12-06,EREGL.IS,25.33285140991211
2024-12-09,EREGL.IS,26.38838768005371
2024-12-10,EREGL.IS,25.567415237426758
2024-12-11,EREGL.IS,25.469680786132812
2024-12-12,EREGL.IS,25.723791122436523
2024-12-13,EREGL.IS,25.95835304260254
2024-12-16,EREGL.IS,25.469680786132812
2024-12-17,EREGL.IS,25.567415237426758
2024-12-18,EREGL.IS,25.19602394104004
2024-12-19,EREGL.IS,24.726896286010742
2024-12-20,EREGL.IS,24.53142738342285
2024-12-23,EREGL.IS,24.39459800720215
2024-12-24,EREGL.IS,24.296865463256836
2024-12-25,EREGL.IS,24.492332458496094
2024-12-26,EREGL.IS,24.21867561340332
2024-12-27,EREGL.IS,24.375051498413086
2024-12-30,EREGL.IS,24.042753219604492
2024-12-31,EREGL.IS,23.8472843170166
2015-03-11,GARAN.IS,5.910614490509033
2015-03-12,GARAN.IS,5.889302730560303
2015-03-13,GARAN.IS,5.704596519470215
2015-03-16,GARAN.IS,5.946135997772217
2015-03-17,GARAN.IS,6.137946605682373
2015-03-18,GARAN.IS,6.081114292144775
2015-03-19,GARAN.IS,6.443423271179199
2015-03-20,GARAN.IS,6.422111511230469
2015-03-23,GARAN.IS,6.507359981536865
2015-03-24,GARAN.IS,6.280028820037842
2015-03-25,GARAN.IS,6.301342010498047
2015-03-26,GARAN.IS,6.130843162536621
2015-03-27,GARAN.IS,6.088217735290527
2015-03-30,GARAN.IS,6.301342010498047
2015-03-31,GARAN.IS,6.301342010498047
2015-04-01,GARAN.IS,6.102425575256348
2015-04-02,GARAN.IS,6.074009895324707
2015-04-03,GARAN.IS,6.237403392791748
2015-04-06,GARAN.IS,6.351070404052734
2015-04-07,GARAN.IS,6.208988666534424
2015-04-08,GARAN.IS,6.251613140106201
2015-04-09,GARAN.IS,6.258717060089111
2015-04-10,GARAN.IS,6.109530448913574
2015-04-13,GARAN.IS,5.9958648681640625
2015-04-14,GARAN.IS,6.074009895324707
2015-04-15,GARAN.IS,5.9319281578063965
2015-04-16,GARAN.IS,6.038488864898682
2015-04-17,GARAN.IS,6.088217735290527
2015-04-20,GARAN.IS,6.002967834472656
2015-04-21,GARAN.IS,6.159258842468262
2015-04-22,GARAN.IS,6.03138542175293
2015-04-23,GARAN.IS,6.03138542175293
2015-04-24,GARAN.IS,6.16636323928833
2015-04-27,GARAN.IS,6.32151460647583
2015-04-28,GARAN.IS,6.307081699371338
2015-04-29,GARAN.IS,6.34316349029541
2015-04-30,GARAN.IS,6.141105651855469
2015-05-01,GARAN.IS,6.141105651855469
2015-05-04,GARAN.IS,6.191619873046875
2015-05-05,GARAN.IS,6.1194562911987305
2015-05-06,GARAN.IS,6.047293663024902
2015-05-07,GARAN.IS,6.068941593170166
2015-05-08,GARAN.IS,6.191619873046875
2015-05-11,GARAN.IS,6.2493510246276855
2015-05-12,GARAN.IS,6.234918117523193
2015-05-13,GARAN.IS,6.34316349029541
2015-05-14,GARAN.IS,6.473057746887207
2015-05-15,GARAN.IS,6.52357292175293
2015-05-18,GARAN.IS,6.69676399230957
2015-05-19,GARAN.IS,6.69676399230957
2015-05-20,GARAN.IS,6.5596537590026855
2015-05-21,GARAN.IS,6.415327072143555
2015-05-22,GARAN.IS,6.285432815551758
2015-05-25,GARAN.IS,6.126672744750977
2015-05-26,GARAN.IS,6.061726093292236
2015-05-27,GARAN.IS,6.213269233703613
2015-05-28,GARAN.IS,6.126672744750977
2015-05-29,GARAN.IS,6.083375453948975
2015-06-01,GARAN.IS,5.859668731689453
2015-06-02,GARAN.IS,6.03286075592041
2015-06-03,GARAN.IS,6.169971942901611
2015-06-04,GARAN.IS,6.105024337768555
2015-06-05,GARAN.IS,6.083375453948975
2015-06-08,GARAN.IS,5.628746032714844
2015-06-09,GARAN.IS,5.74420690536499
2015-06-10,GARAN.IS,5.8885345458984375
2015-06-11,GARAN.IS,6.040077209472656
2015-06-12,GARAN.IS,6.061726093292236
2015-06-15,GARAN.IS,5.895750522613525
2015-06-16,GARAN.IS,5.98956298828125
2015-06-17,GARAN.IS,6.061726093292236
2015-06-18,GARAN.IS,6.112240314483643
2015-06-19,GARAN.IS,6.148322582244873
2015-06-22,GARAN.IS,6.292649269104004
2015-06-23,GARAN.IS,6.169971942901611
2015-06-24,GARAN.IS,6.2637834548950195
2015-06-25,GARAN.IS,6.177187442779541
2015-06-26,GARAN.IS,6.227702617645264
2015-06-29,GARAN.IS,6.047293663024902
2015-06-30,GARAN.IS,6.03286075592041
2015-07-01,GARAN.IS,5.953481197357178
2015-07-02,GARAN.IS,6.025644779205322
2015-07-03,GARAN.IS,5.953481197357178
2015-07-06,GARAN.IS,6.09780740737915
2015-07-07,GARAN.IS,6.003994941711426
2015-07-08,GARAN.IS,5.830803394317627
2015-07-09,GARAN.IS,5.98956298828125
2015-07-10,GARAN.IS,6.0761590003967285
2015-07-13,GARAN.IS,6.155539035797119
2015-07-14,GARAN.IS,6.105024337768555
2015-07-15,GARAN.IS,6.054510593414307
2015-07-16,GARAN.IS,6.0761590003967285
2015-07-17,GARAN.IS,6.0761590003967285
2015-07-20,GARAN.IS,5.90296745300293
2015-07-21,GARAN.IS,5.895750522613525
2015-07-22,GARAN.IS,5.881317615509033
2015-07-23,GARAN.IS,5.7009100914001465
2015-07-24,GARAN.IS,5.758639812469482
2015-07-27,GARAN.IS,5.599879741668701
2015-07-28,GARAN.IS,5.643178939819336
2015-07-29,GARAN.IS,5.664827823638916
2015-07-30,GARAN.IS,5.672043800354004
2015-07-31,GARAN.IS,5.9173994064331055
2015-08-03,GARAN.IS,5.758639812469482
2015-08-04,GARAN.IS,5.708125114440918
2015-08-05,GARAN.IS,5.679259777069092
2015-08-06,GARAN.IS,5.801937103271484
2015-08-07,GARAN.IS,5.7369914054870605
2015-08-10,GARAN.IS,5.6215291023254395
2015-08-11,GARAN.IS,5.816370487213135
2015-08-12,GARAN.IS,5.628746032714844
2015-08-13,GARAN.IS,5.45555305480957
2015-08-14,GARAN.IS,5.462770462036133
2015-08-17,GARAN.IS,5.4699859619140625
2015-08-18,GARAN.IS,5.311226844787598
2015-08-19,GARAN.IS,5.311226844787598
2015-08-20,GARAN.IS,5.289577484130859
2015-08-21,GARAN.IS,5.217413902282715
2015-08-24,GARAN.IS,5.087520599365234
2015-08-25,GARAN.IS,5.2967939376831055
2015-08-26,GARAN.IS,5.253495693206787
2015-08-27,GARAN.IS,5.340092182159424
2015-08-28,GARAN.IS,5.2823615074157715
2015-08-31,GARAN.IS,5.325659275054932
2015-09-01,GARAN.IS,5.174116611480713
2015-09-02,GARAN.IS,5.152467250823975
2015-09-03,GARAN.IS,5.217413902282715
2015-09-04,GARAN.IS,5.138033866882324
2015-09-07,GARAN.IS,5.094736099243164
2015-09-08,GARAN.IS,5.1308183670043945
2015-09-09,GARAN.IS,5.094736099243164
2015-09-10,GARAN.IS,5.0081400871276855
2015-09-11,GARAN.IS,4.907112121582031
2015-09-14,GARAN.IS,4.834949016571045
2015-09-15,GARAN.IS,5.044221878051758
2015-09-16,GARAN.IS,5.1163859367370605
2015-09-17,GARAN.IS,5.1163859367370605
2015-09-18,GARAN.IS,5.051438808441162
2015-09-21,GARAN.IS,5.181332111358643
2015-09-22,GARAN.IS,5.123601913452148
2015-09-23,GARAN.IS,5.087520599365234
2015-09-24,GARAN.IS,5.087520599365234
2015-09-25,GARAN.IS,5.087520599365234
2015-09-28,GARAN.IS,4.9720587730407715
2015-09-29,GARAN.IS,5.109169006347656
2015-09-30,GARAN.IS,5.073087692260742
2015-10-01,GARAN.IS,5.166899681091309
2015-10-02,GARAN.IS,5.101953029632568
2015-10-05,GARAN.IS,5.2967939376831055
2015-10-06,GARAN.IS,5.318443298339844
2015-10-07,GARAN.IS,5.549366474151611
2015-10-08,GARAN.IS,5.506068229675293
2015-10-09,GARAN.IS,5.527716636657715
2015-10-12,GARAN.IS,5.4699859619140625
2015-10-13,GARAN.IS,5.383389472961426
2015-10-14,GARAN.IS,5.491635322570801
2015-10-15,GARAN.IS,5.405038833618164
2015-10-16,GARAN.IS,5.361741065979004
2015-10-19,GARAN.IS,5.448337078094482
2015-10-20,GARAN.IS,5.513284683227539
2015-10-21,GARAN.IS,5.45555305480957
2015-10-22,GARAN.IS,5.542149543762207
2015-10-23,GARAN.IS,5.571014404296875
2015-10-26,GARAN.IS,5.448337078094482
2015-10-27,GARAN.IS,5.448337078094482
2015-10-28,GARAN.IS,5.390606880187988
2015-10-29,GARAN.IS,5.390606880187988
2015-10-30,GARAN.IS,5.462770462036133
2015-11-02,GARAN.IS,5.9751296043396
2015-11-03,GARAN.IS,5.895750522613525
2015-11-04,GARAN.IS,5.96791410446167
2015-11-05,GARAN.IS,5.823586463928223
2015-11-06,GARAN.IS,5.7369914054870605
2015-11-09,GARAN.IS,5.7514238357543945
2015-11-10,GARAN.IS,5.729773998260498
2015-11-11,GARAN.IS,5.809154510498047
2015-11-12,GARAN.IS,5.838019371032715
2015-11-13,GARAN.IS,5.809154510498047
2015-11-16,GARAN.IS,5.7514238357543945
2015-11-17,GARAN.IS,5.801937103271484
2015-11-18,GARAN.IS,5.729773998260498
2015-11-19,GARAN.IS,5.74420690536499
2015-11-20,GARAN.IS,5.758639812469482
2015-11-23,GARAN.IS,5.592663764953613
2015-11-24,GARAN.IS,5.376173973083496
2015-11-25,GARAN.IS,5.4194722175598145
2015-11-26,GARAN.IS,5.224631309509277
2015-11-27,GARAN.IS,5.30401086807251
2015-11-30,GARAN.IS,5.2823615074157715
2015-12-01,GARAN.IS,5.30401086807251
2015-12-02,GARAN.IS,5.4699859619140625
2015-12-03,GARAN.IS,5.390606880187988
2015-12-04,GARAN.IS,5.318443298339844
2015-12-07,GARAN.IS,5.289577484130859
2015-12-08,GARAN.IS,5.275144577026367
2015-12-09,GARAN.IS,5.433904647827148
2015-12-10,GARAN.IS,5.217413902282715
2015-12-11,GARAN.IS,4.943192958831787
2015-12-14,GARAN.IS,4.928760528564453
2015-12-15,GARAN.IS,5.224631309509277
2015-12-16,GARAN.IS,5.311226844787598
2015-12-17,GARAN.IS,5.289577484130859
2015-12-18,GARAN.IS,5.267929553985596
2015-12-21,GARAN.IS,5.361741065979004
2015-12-22,GARAN.IS,5.2967939376831055
2015-12-23,GARAN.IS,5.318443298339844
2015-12-24,GARAN.IS,5.30401086807251
2015-12-25,GARAN.IS,5.289577484130859
2015-12-28,GARAN.IS,5.318443298339844
2015-12-29,GARAN.IS,5.2823615074157715
2015-12-30,GARAN.IS,5.224631309509277
2015-12-31,GARAN.IS,5.138033866882324
2016-01-01,GARAN.IS,5.138033866882324
2016-01-04,GARAN.IS,5.03700590133667
2016-01-05,GARAN.IS,5.015356063842773
2016-01-06,GARAN.IS,5.123601913452148
2016-01-07,GARAN.IS,5.1452507972717285
2016-01-08,GARAN.IS,5.05865478515625
2016-01-11,GARAN.IS,5.123601913452148
2016-01-12,GARAN.IS,5.1452507972717285
2016-01-13,GARAN.IS,5.174116611480713
2016-01-14,GARAN.IS,5.195765495300293
2016-01-15,GARAN.IS,5.210198402404785
2016-01-18,GARAN.IS,5.181332111358643
2016-01-19,GARAN.IS,5.174116611480713
2016-01-20,GARAN.IS,5.065871238708496
2016-01-21,GARAN.IS,5.000924110412598
2016-01-22,GARAN.IS,5.000924110412598
2016-01-25,GARAN.IS,5.1308183670043945
2016-01-26,GARAN.IS,5.347308158874512
2016-01-27,GARAN.IS,5.267929553985596
2016-01-28,GARAN.IS,5.311226844787598
2016-01-29,GARAN.IS,5.361741065979004
2016-02-01,GARAN.IS,5.340092182159424
2016-02-02,GARAN.IS,5.217413902282715
2016-02-03,GARAN.IS,5.2823615074157715
2016-02-04,GARAN.IS,5.376173973083496
2016-02-05,GARAN.IS,5.340092182159424
2016-02-08,GARAN.IS,5.087520599365234
2016-02-09,GARAN.IS,5.080304145812988
2016-02-10,GARAN.IS,5.1163859367370605
2016-02-11,GARAN.IS,5.087520599365234
2016-02-12,GARAN.IS,5.044221878051758
2016-02-15,GARAN.IS,5.029789447784424
2016-02-16,GARAN.IS,5.051438808441162
2016-02-17,GARAN.IS,5.188549041748047
2016-02-18,GARAN.IS,5.202981472015381
2016-02-19,GARAN.IS,5.138033866882324
2016-02-22,GARAN.IS,5.3545241355896
2016-02-23,GARAN.IS,5.4194722175598145
2016-02-24,GARAN.IS,5.260711669921875
2016-02-25,GARAN.IS,5.311226844787598
2016-02-26,GARAN.IS,5.2967939376831055
2016-02-29,GARAN.IS,5.311226844787598
2016-03-01,GARAN.IS,5.2967939376831055
2016-03-02,GARAN.IS,5.397822856903076
2016-03-03,GARAN.IS,5.390606880187988
2016-03-04,GARAN.IS,5.397822856903076
2016-03-07,GARAN.IS,5.405038833618164
2016-03-08,GARAN.IS,5.412256240844727
2016-03-09,GARAN.IS,5.520501136779785
2016-03-10,GARAN.IS,5.491635322570801
2016-03-11,GARAN.IS,5.556581974029541
2016-03-14,GARAN.IS,5.549366474151611
2016-03-15,GARAN.IS,5.448337078094482
2016-03-16,GARAN.IS,5.45555305480957
2016-03-17,GARAN.IS,5.585447311401367
2016-03-18,GARAN.IS,5.679259777069092
2016-03-21,GARAN.IS,5.672043800354004
2016-03-22,GARAN.IS,5.585447311401367
2016-03-23,GARAN.IS,5.607096195220947
2016-03-24,GARAN.IS,5.758639812469482
2016-03-25,GARAN.IS,5.74420690536499
2016-03-28,GARAN.IS,5.758639812469482
2016-03-29,GARAN.IS,5.7009100914001465
2016-03-30,GARAN.IS,5.852452278137207
2016-03-31,GARAN.IS,5.946264266967773
2016-04-01,GARAN.IS,5.823586463928223
2016-04-04,GARAN.IS,6.047293663024902
2016-04-05,GARAN.IS,5.98956298828125
2016-04-06,GARAN.IS,5.859668731689453
2016-04-07,GARAN.IS,5.809154510498047
2016-04-08,GARAN.IS,5.9173994064331055
2016-04-11,GARAN.IS,5.98956298828125
2016-04-12,GARAN.IS,5.895750522613525
2016-04-13,GARAN.IS,6.018427848815918
2016-04-14,GARAN.IS,6.018427848815918
2016-04-15,GARAN.IS,6.141105651855469
2016-04-18,GARAN.IS,6.307081699371338
2016-04-19,GARAN.IS,6.357596397399902
2016-04-20,GARAN.IS,6.307081699371338
2016-04-21,GARAN.IS,6.2421345710754395
2016-04-22,GARAN.IS,6.09780740737915
2016-04-25,GARAN.IS,6.094141006469727
2016-04-26,GARAN.IS,6.240810871124268
2016-04-27,GARAN.IS,6.240810871124268
2016-04-28,GARAN.IS,6.321479320526123
2016-04-29,GARAN.IS,6.321479320526123
2016-05-02,GARAN.IS,6.218809604644775
2016-05-03,GARAN.IS,5.969471454620361
2016-05-04,GARAN.IS,5.815467357635498
2016-05-05,GARAN.IS,5.573461532592773
2016-05-06,GARAN.IS,5.470792770385742
2016-05-09,GARAN.IS,5.544127941131592
2016-05-10,GARAN.IS,5.536794662475586
2016-05-11,GARAN.IS,5.558794975280762
2016-05-12,GARAN.IS,5.507461071014404
2016-05-13,GARAN.IS,5.507461071014404
2016-05-16,GARAN.IS,5.382791042327881
2016-05-17,GARAN.IS,5.4781270027160645
2016-05-18,GARAN.IS,5.463459491729736
2016-05-19,GARAN.IS,5.463459491729736
2016-05-20,GARAN.IS,5.316789627075195
2016-05-23,GARAN.IS,5.419457912445068
2016-05-24,GARAN.IS,5.654130935668945
2016-05-25,GARAN.IS,5.551462173461914
2016-05-26,GARAN.IS,5.536794662475586
2016-05-27,GARAN.IS,5.529460906982422
2016-05-30,GARAN.IS,5.551462173461914
2016-05-31,GARAN.IS,5.544127941131592
2016-06-01,GARAN.IS,5.426792144775391
2016-06-02,GARAN.IS,5.375457286834717
2016-06-03,GARAN.IS,5.558794975280762
2016-06-06,GARAN.IS,5.617463111877441
2016-06-07,GARAN.IS,5.558794975280762
2016-06-08,GARAN.IS,5.668797969818115
2016-06-09,GARAN.IS,5.580796241760254
2016-06-10,GARAN.IS,5.522127628326416
2016-06-13,GARAN.IS,5.48546028137207
2016-06-14,GARAN.IS,5.470792770385742
2016-06-15,GARAN.IS,5.514793872833252
2016-06-16,GARAN.IS,5.441458702087402
2016-06-17,GARAN.IS,5.492793560028076
2016-06-20,GARAN.IS,5.690798282623291
2016-06-21,GARAN.IS,5.668797969818115
2016-06-22,GARAN.IS,5.705465316772461
2016-06-23,GARAN.IS,5.786133766174316
2016-06-24,GARAN.IS,5.522127628326416
2016-06-27,GARAN.IS,5.522127628326416
2016-06-28,GARAN.IS,5.661463737487793
2016-06-29,GARAN.IS,5.573461532592773
2016-06-30,GARAN.IS,5.558794975280762
2016-07-01,GARAN.IS,5.639464378356934
2016-07-04,GARAN.IS,5.705465316772461
2016-07-05,GARAN.IS,5.705465316772461
2016-07-06,GARAN.IS,5.705465316772461
2016-07-07,GARAN.IS,5.705465316772461
2016-07-08,GARAN.IS,5.734799861907959
2016-07-11,GARAN.IS,5.859468460083008
2016-07-12,GARAN.IS,6.042806148529053
2016-07-13,GARAN.IS,6.020805835723877
2016-07-14,GARAN.IS,6.130808353424072
2016-07-15,GARAN.IS,6.174809455871582
2016-07-18,GARAN.IS,5.6321306228637695
2016-07-19,GARAN.IS,5.500127792358398
2016-07-20,GARAN.IS,5.353457927703857
2016-07-21,GARAN.IS,5.14811897277832
2016-07-22,GARAN.IS,5.184786319732666
2016-07-25,GARAN.IS,5.346123218536377
2016-07-26,GARAN.IS,5.25078821182251
2016-07-27,GARAN.IS,5.353457927703857
2016-07-28,GARAN.IS,5.346123218536377
2016-07-29,GARAN.IS,5.375457286834717
2016-08-01,GARAN.IS,5.500127792358398
2016-08-02,GARAN.IS,5.419457912445068
2016-08-03,GARAN.IS,5.338789939880371
2016-08-04,GARAN.IS,5.514793872833252
2016-08-05,GARAN.IS,5.580796241760254
2016-08-08,GARAN.IS,5.7714667320251465
2016-08-09,GARAN.IS,5.793467998504639
2016-08-10,GARAN.IS,5.6247968673706055
2016-08-11,GARAN.IS,5.786133766174316
2016-08-12,GARAN.IS,5.727465629577637
2016-08-15,GARAN.IS,5.7788004875183105
2016-08-16,GARAN.IS,5.705465316772461
2016-08-17,GARAN.IS,5.749466896057129
2016-08-18,GARAN.IS,5.7788004875183105
2016-08-19,GARAN.IS,5.793467998504639
2016-08-22,GARAN.IS,5.742132663726807
2016-08-23,GARAN.IS,5.698131084442139
2016-08-24,GARAN.IS,5.536794662475586
2016-08-25,GARAN.IS,5.617463111877441
2016-08-26,GARAN.IS,5.705465316772461
2016-08-29,GARAN.IS,5.558794975280762
2016-08-30,GARAN.IS,5.558794975280762
2016-08-31,GARAN.IS,5.595463275909424
2016-09-01,GARAN.IS,5.595463275909424
2016-09-02,GARAN.IS,5.808135032653809
2016-09-05,GARAN.IS,5.9401373863220215
2016-09-06,GARAN.IS,5.9401373863220215
2016-09-07,GARAN.IS,5.9474711418151855
2016-09-08,GARAN.IS,6.006138801574707
2016-09-09,GARAN.IS,5.925470352172852
2016-09-12,GARAN.IS,5.925470352172852
2016-09-13,GARAN.IS,5.925470352172852
2016-09-14,GARAN.IS,5.925470352172852
2016-09-15,GARAN.IS,5.925470352172852
2016-09-16,GARAN.IS,5.9181365966796875
2016-09-19,GARAN.IS,6.094141006469727
2016-09-20,GARAN.IS,6.035472869873047
2016-09-21,GARAN.IS,6.050139904022217
2016-09-22,GARAN.IS,6.226143836975098
2016-09-23,GARAN.IS,6.1528096199035645
2016-09-26,GARAN.IS,5.808135032653809
2016-09-27,GARAN.IS,5.903470039367676
2016-09-28,GARAN.IS,5.998806476593018
2016-09-29,GARAN.IS,5.8961358070373535
2016-09-30,GARAN.IS,5.830135345458984
2016-10-03,GARAN.IS,5.9181365966796875
2016-10-04,GARAN.IS,5.888802528381348
2016-10-05,GARAN.IS,5.9181365966796875
2016-10-06,GARAN.IS,5.91080379486084
2016-10-07,GARAN.IS,5.91080379486084
2016-10-10,GARAN.IS,5.9181365966796875
2016-10-11,GARAN.IS,5.8961358070373535
2016-10-12,GARAN.IS,5.888802528381348
2016-10-13,GARAN.IS,5.764133453369141
2016-10-14,GARAN.IS,5.874136447906494
2016-10-17,GARAN.IS,5.830135345458984
2016-10-18,GARAN.IS,5.976804733276367
2016-10-19,GARAN.IS,6.020805835723877
2016-10-20,GARAN.IS,6.042806148529053
2016-10-21,GARAN.IS,6.028139591217041
2016-10-24,GARAN.IS,6.123475074768066
2016-10-25,GARAN.IS,6.101474285125732
2016-10-26,GARAN.IS,6.174809455871582
2016-10-27,GARAN.IS,6.094141006469727
2016-10-28,GARAN.IS,6.072139739990234
2016-10-31,GARAN.IS,6.16747522354126
2016-11-01,GARAN.IS,6.042806148529053
2016-11-02,GARAN.IS,5.969471454620361
2016-11-03,GARAN.IS,5.903470039367676
2016-11-04,GARAN.IS,5.617463111877441
2016-11-07,GARAN.IS,5.698131084442139
2016-11-08,GARAN.IS,5.698131084442139
2016-11-09,GARAN.IS,5.690798282623291
2016-11-10,GARAN.IS,5.690798282623291
2016-11-11,GARAN.IS,5.595463275909424
2016-11-14,GARAN.IS,5.566128730773926
2016-11-15,GARAN.IS,5.639464378356934
2016-11-16,GARAN.IS,5.580796241760254
2016-11-17,GARAN.IS,5.60279655456543
2016-11-18,GARAN.IS,5.646797180175781
2016-11-21,GARAN.IS,5.58812952041626
2016-11-22,GARAN.IS,5.58812952041626
2016-11-23,GARAN.IS,5.4781270027160645
2016-11-24,GARAN.IS,5.368124008178711
2016-11-25,GARAN.IS,5.375457286834717
2016-11-28,GARAN.IS,5.441458702087402
2016-11-29,GARAN.IS,5.382791042327881
2016-11-30,GARAN.IS,5.346123218536377
2016-12-01,GARAN.IS,5.280121803283691
2016-12-02,GARAN.IS,5.382791042327881
2016-12-05,GARAN.IS,5.368124008178711
2016-12-06,GARAN.IS,5.522127628326416
2016-12-07,GARAN.IS,5.544127941131592
2016-12-08,GARAN.IS,5.507461071014404
2016-12-09,GARAN.IS,5.48546028137207
2016-12-12,GARAN.IS,5.48546028137207
2016-12-13,GARAN.IS,5.60279655456543
2016-12-14,GARAN.IS,5.573461532592773
2016-12-15,GARAN.IS,5.668797969818115
2016-12-16,GARAN.IS,5.661463737487793
2016-12-19,GARAN.IS,5.595463275909424
2016-12-20,GARAN.IS,5.661463737487793
2016-12-21,GARAN.IS,5.690798282623291
2016-12-22,GARAN.IS,5.676131248474121
2016-12-23,GARAN.IS,5.580796241760254
2016-12-26,GARAN.IS,5.580796241760254
2016-12-27,GARAN.IS,5.536794662475586
2016-12-28,GARAN.IS,5.60279655456543
2016-12-29,GARAN.IS,5.58812952041626
2016-12-30,GARAN.IS,5.58812952041626
2017-01-02,GARAN.IS,5.573461532592773
2017-01-03,GARAN.IS,5.507461071014404
2017-01-04,GARAN.IS,5.448792934417725
2017-01-05,GARAN.IS,5.426792144775391
2017-01-06,GARAN.IS,5.463459491729736
2017-01-09,GARAN.IS,5.514793872833252
2017-01-10,GARAN.IS,5.4341254234313965
2017-01-11,GARAN.IS,5.470792770385742
2017-01-12,GARAN.IS,5.793467998504639
2017-01-13,GARAN.IS,5.786133766174316
2017-01-16,GARAN.IS,5.712798595428467
2017-01-17,GARAN.IS,5.800800800323486
2017-01-18,GARAN.IS,5.786133766174316
2017-01-19,GARAN.IS,5.720132350921631
2017-01-20,GARAN.IS,5.793467998504639
2017-01-23,GARAN.IS,5.727465629577637
2017-01-24,GARAN.IS,5.749466896057129
2017-01-25,GARAN.IS,5.661463737487793
2017-01-26,GARAN.IS,5.764133453369141
2017-01-27,GARAN.IS,5.793467998504639
2017-01-30,GARAN.IS,6.042806148529053
2017-01-31,GARAN.IS,6.101474285125732
2017-02-01,GARAN.IS,6.138142108917236
2017-02-02,GARAN.IS,6.270145416259766
2017-02-03,GARAN.IS,6.4754838943481445
2017-02-06,GARAN.IS,6.314146041870117
2017-02-07,GARAN.IS,6.321479320526123
2017-02-08,GARAN.IS,6.409481525421143
2017-02-09,GARAN.IS,6.497483730316162
2017-02-10,GARAN.IS,6.328813552856445
2017-02-13,GARAN.IS,6.468148708343506
2017-02-14,GARAN.IS,6.453482627868652
2017-02-15,GARAN.IS,6.431482315063477
2017-02-16,GARAN.IS,6.526817321777344
2017-02-17,GARAN.IS,6.622153282165527
2017-02-20,GARAN.IS,6.548818111419678
2017-02-21,GARAN.IS,6.6148200035095215
2017-02-22,GARAN.IS,6.4461493492126465
2017-02-23,GARAN.IS,6.468148708343506
2017-02-24,GARAN.IS,6.372813701629639
2017-02-27,GARAN.IS,6.336146831512451
2017-02-28,GARAN.IS,6.321479320526123
2017-03-01,GARAN.IS,6.534151077270508
2017-03-02,GARAN.IS,6.5708184242248535
2017-03-03,GARAN.IS,6.519484519958496
2017-03-06,GARAN.IS,6.62948751449585
2017-03-07,GARAN.IS,6.62948751449585
2017-03-08,GARAN.IS,6.49014949798584
2017-03-09,GARAN.IS,6.424149036407471
2017-03-10,GARAN.IS,6.563485622406006
2017-03-13,GARAN.IS,6.534151077270508
2017-03-14,GARAN.IS,6.468148708343506
2017-03-15,GARAN.IS,6.504817962646484
2017-03-16,GARAN.IS,6.563485622406006
2017-03-17,GARAN.IS,6.548818111419678
2017-03-20,GARAN.IS,6.651486873626709
2017-03-21,GARAN.IS,6.548818111419678
2017-03-22,GARAN.IS,6.482816696166992
2017-03-23,GARAN.IS,6.40214729309082
2017-03-24,GARAN.IS,6.548818111419678
2017-03-27,GARAN.IS,6.497483730316162
2017-03-28,GARAN.IS,6.541484355926514
2017-03-29,GARAN.IS,6.534151077270508
2017-03-30,GARAN.IS,6.556151390075684
2017-03-31,GARAN.IS,6.497483730316162
2017-04-03,GARAN.IS,6.49014949798584
2017-04-04,GARAN.IS,6.5928192138671875
2017-04-05,GARAN.IS,6.622153282165527
2017-04-06,GARAN.IS,6.585484981536865
2017-04-07,GARAN.IS,6.644153594970703
2017-04-10,GARAN.IS,7.062163829803467
2017-04-11,GARAN.IS,6.966828346252441
2017-04-12,GARAN.IS,7.003495693206787
2017-04-13,GARAN.IS,6.90816068649292
2017-04-14,GARAN.IS,7.113497257232666
2017-04-17,GARAN.IS,7.0988311767578125
2017-04-18,GARAN.IS,7.135498523712158
2017-04-19,GARAN.IS,6.981494426727295
2017-04-20,GARAN.IS,7.018162727355957
2017-04-21,GARAN.IS,7.040163040161133
2017-04-24,GARAN.IS,7.219997406005859
2017-04-25,GARAN.IS,7.31081485748291
2017-04-26,GARAN.IS,7.31081485748291
2017-04-27,GARAN.IS,7.167020797729492
2017-04-28,GARAN.IS,7.257838249206543
2017-05-01,GARAN.IS,7.257838249206543
2017-05-02,GARAN.IS,7.272974014282227
2017-05-03,GARAN.IS,7.167020797729492
2017-05-04,GARAN.IS,7.091339111328125
2017-05-05,GARAN.IS,7.151882648468018
2017-05-08,GARAN.IS,7.083770751953125
2017-05-09,GARAN.IS,7.235133647918701
2017-05-10,GARAN.IS,7.250270366668701
2017-05-11,GARAN.IS,7.076201915740967
2017-05-12,GARAN.IS,7.0383620262146
2017-05-15,GARAN.IS,7.076201915740967
2017-05-16,GARAN.IS,7.12917947769165
2017-05-17,GARAN.IS,7.182156085968018
2017-05-18,GARAN.IS,7.151882648468018
2017-05-19,GARAN.IS,7.151882648468018
2017-05-22,GARAN.IS,7.219997406005859
2017-05-23,GARAN.IS,7.3335185050964355
2017-05-24,GARAN.IS,7.394063472747803
2017-05-25,GARAN.IS,7.348654270172119
2017-05-26,GARAN.IS,7.28054141998291
2017-05-29,GARAN.IS,7.295678615570068
2017-05-30,GARAN.IS,7.212428569793701
2017-05-31,GARAN.IS,7.265405178070068
2017-06-01,GARAN.IS,7.189724922180176
2017-06-02,GARAN.IS,7.295678615570068
2017-06-05,GARAN.IS,7.219997406005859
2017-06-06,GARAN.IS,7.272974014282227
2017-06-07,GARAN.IS,7.250270366668701
2017-06-08,GARAN.IS,7.204860687255859
2017-06-09,GARAN.IS,7.265405178070068
2017-06-12,GARAN.IS,7.348654270172119
2017-06-13,GARAN.IS,7.28054141998291
2017-06-14,GARAN.IS,7.341087341308594
2017-06-15,GARAN.IS,7.288110733032227
2017-06-16,GARAN.IS,7.235133647918701
2017-06-19,GARAN.IS,7.378927707672119
2017-06-20,GARAN.IS,7.378927707672119
2017-06-21,GARAN.IS,7.378927707672119
2017-06-22,GARAN.IS,7.416769504547119
2017-06-23,GARAN.IS,7.348654270172119
2017-06-26,GARAN.IS,7.348654270172119
2017-06-27,GARAN.IS,7.348654270172119
2017-06-28,GARAN.IS,7.515153884887695
2017-06-29,GARAN.IS,7.469746112823486
2017-06-30,GARAN.IS,7.409200191497803
2017-07-03,GARAN.IS,7.469746112823486
2017-07-04,GARAN.IS,7.598403453826904
2017-07-05,GARAN.IS,7.500018119812012
2017-07-06,GARAN.IS,7.454608917236328
2017-07-07,GARAN.IS,7.462176322937012
2017-07-10,GARAN.IS,7.522721767425537
2017-07-11,GARAN.IS,7.878424644470215
2017-07-12,GARAN.IS,7.833016395568848
2017-07-13,GARAN.IS,7.757334232330322
2017-07-14,GARAN.IS,7.885993003845215
2017-07-17,GARAN.IS,7.901128768920898
2017-07-18,GARAN.IS,7.833016395568848
2017-07-19,GARAN.IS,7.991946220397949
2017-07-20,GARAN.IS,7.908697605133057
2017-07-21,GARAN.IS,7.91626501083374
2017-07-24,GARAN.IS,7.901128768920898
2017-07-25,GARAN.IS,7.91626501083374
2017-07-26,GARAN.IS,7.908697605133057
2017-07-27,GARAN.IS,8.082763671875
2017-07-28,GARAN.IS,8.00708293914795
2017-07-31,GARAN.IS,7.976809978485107
2017-08-01,GARAN.IS,7.961674213409424
2017-08-02,GARAN.IS,7.984378337860107
2017-08-03,GARAN.IS,7.931400299072266
2017-08-04,GARAN.IS,8.044922828674316
2017-08-07,GARAN.IS,8.18871784210205
2017-08-08,GARAN.IS,8.279535293579102
2017-08-09,GARAN.IS,8.166013717651367
2017-08-10,GARAN.IS,8.029787063598633
2017-08-11,GARAN.IS,7.931400299072266
2017-08-14,GARAN.IS,8.17358112335205
2017-08-15,GARAN.IS,8.00708293914795
2017-08-16,GARAN.IS,7.984378337860107
2017-08-17,GARAN.IS,8.037355422973633
2017-08-18,GARAN.IS,7.984378337860107
2017-08-21,GARAN.IS,8.17358112335205
2017-08-22,GARAN.IS,8.113037109375
2017-08-23,GARAN.IS,8.06005859375
2017-08-24,GARAN.IS,8.128172874450684
2017-08-25,GARAN.IS,8.287102699279785
2017-08-28,GARAN.IS,8.279535293579102
2017-08-29,GARAN.IS,8.166013717651367
2017-08-30,GARAN.IS,8.166013717651367
2017-08-31,GARAN.IS,8.128172874450684
2017-09-01,GARAN.IS,8.128172874450684
2017-09-04,GARAN.IS,8.128172874450684
2017-09-05,GARAN.IS,7.976809978485107
2017-09-06,GARAN.IS,8.014650344848633
2017-09-07,GARAN.IS,8.075196266174316
2017-09-08,GARAN.IS,7.901128768920898
2017-09-11,GARAN.IS,7.923832416534424
2017-09-12,GARAN.IS,7.91626501083374
2017-09-13,GARAN.IS,7.893560409545898
2017-09-14,GARAN.IS,7.984378337860107
2017-09-15,GARAN.IS,7.991946220397949
2017-09-18,GARAN.IS,7.999515533447266
2017-09-19,GARAN.IS,7.8178791999816895
2017-09-20,GARAN.IS,7.901128768920898
2017-09-21,GARAN.IS,7.674084663391113
2017-09-22,GARAN.IS,7.742198467254639
2017-09-25,GARAN.IS,7.560563087463379
2017-09-26,GARAN.IS,7.7270612716674805
2017-09-27,GARAN.IS,7.272974014282227
2017-09-28,GARAN.IS,7.439472675323486
2017-09-29,GARAN.IS,7.3259501457214355
2017-10-02,GARAN.IS,7.394063472747803
2017-10-03,GARAN.IS,7.371359825134277
2017-10-04,GARAN.IS,7.560563087463379
2017-10-05,GARAN.IS,7.49245023727417
2017-10-06,GARAN.IS,7.4773125648498535
2017-10-09,GARAN.IS,7.265405178070068
2017-10-10,GARAN.IS,7.424337387084961
2017-10-11,GARAN.IS,7.49245023727417
2017-10-12,GARAN.IS,7.583267688751221
2017-10-13,GARAN.IS,7.681652069091797
2017-10-16,GARAN.IS,7.742198467254639
2017-10-17,GARAN.IS,7.7724714279174805
2017-10-18,GARAN.IS,7.719493865966797
2017-10-19,GARAN.IS,7.885993003845215
2017-10-20,GARAN.IS,7.855720043182373
2017-10-23,GARAN.IS,7.552994728088379
2017-10-24,GARAN.IS,7.49245023727417
2017-10-25,GARAN.IS,7.651379108428955
2017-10-26,GARAN.IS,7.4470415115356445
2017-10-27,GARAN.IS,7.643812656402588
2017-10-30,GARAN.IS,7.651379108428955
2017-10-31,GARAN.IS,7.893560409545898
2017-11-01,GARAN.IS,8.20385456085205
2017-11-02,GARAN.IS,8.211421966552734
2017-11-03,GARAN.IS,8.00708293914795
2017-11-06,GARAN.IS,8.196287155151367
2017-11-07,GARAN.IS,7.923832416534424
2017-11-08,GARAN.IS,7.855720043182373
2017-11-09,GARAN.IS,7.681652069091797
2017-11-10,GARAN.IS,7.62867546081543
2017-11-13,GARAN.IS,7.7346296310424805
2017-11-14,GARAN.IS,7.991946220397949
2017-11-15,GARAN.IS,7.810311794281006
2017-11-16,GARAN.IS,7.7346296310424805
2017-11-17,GARAN.IS,7.545426845550537
2017-11-20,GARAN.IS,7.31081485748291
2017-11-21,GARAN.IS,7.31081485748291
2017-11-22,GARAN.IS,7.454608917236328
2017-11-23,GARAN.IS,7.242701053619385
2017-11-24,GARAN.IS,7.174587249755859
2017-11-27,GARAN.IS,7.219997406005859
2017-11-28,GARAN.IS,6.970249176025391
2017-11-29,GARAN.IS,7.061066627502441
2017-11-30,GARAN.IS,7.272974014282227
2017-12-01,GARAN.IS,7.174587249755859
2017-12-04,GARAN.IS,7.341087341308594
2017-12-05,GARAN.IS,7.515153884887695
2017-12-06,GARAN.IS,7.394063472747803
2017-12-07,GARAN.IS,7.4470415115356445
2017-12-08,GARAN.IS,7.605971336364746
2017-12-11,GARAN.IS,7.643812656402588
2017-12-12,GARAN.IS,7.6135406494140625
2017-12-13,GARAN.IS,7.49245023727417
2017-12-14,GARAN.IS,7.6967902183532715
2017-12-15,GARAN.IS,7.590835094451904
2017-12-18,GARAN.IS,7.7119245529174805
2017-12-19,GARAN.IS,7.6211090087890625
2017-12-20,GARAN.IS,7.590835094451904
2017-12-21,GARAN.IS,7.658949375152588
2017-12-22,GARAN.IS,7.651379108428955
2017-12-25,GARAN.IS,7.6967902183532715
2017-12-26,GARAN.IS,7.749766826629639
2017-12-27,GARAN.IS,7.810311794281006
2017-12-28,GARAN.IS,8.075196266174316
2017-12-29,GARAN.IS,8.113037109375
2018-01-01,GARAN.IS,8.113037109375
2018-01-02,GARAN.IS,8.264399528503418
2018-01-03,GARAN.IS,8.113037109375
2018-01-04,GARAN.IS,7.961674213409424
2018-01-05,GARAN.IS,8.067627906799316
2018-01-08,GARAN.IS,8.00708293914795
2018-01-09,GARAN.IS,7.931400299072266
2018-01-10,GARAN.IS,7.855720043182373
2018-01-11,GARAN.IS,7.954105377197266
2018-01-12,GARAN.IS,8.014650344848633
2018-01-15,GARAN.IS,7.885993003845215
2018-01-16,GARAN.IS,8.196287155151367
2018-01-17,GARAN.IS,8.567123413085938
2018-01-18,GARAN.IS,8.45360279083252
2018-01-19,GARAN.IS,8.332511901855469
2018-01-22,GARAN.IS,8.55198860168457
2018-01-23,GARAN.IS,8.574691772460938
2018-01-24,GARAN.IS,8.97580337524414
2018-01-25,GARAN.IS,8.847145080566406
2018-01-26,GARAN.IS,9.354209899902344
2018-01-29,GARAN.IS,9.301233291625977
2018-01-30,GARAN.IS,9.081757545471191
2018-01-31,GARAN.IS,9.301233291625977
2018-02-01,GARAN.IS,9.248257637023926
2018-02-02,GARAN.IS,9.096894264221191
2018-02-05,GARAN.IS,9.006075859069824
2018-02-06,GARAN.IS,8.90769100189209
2018-02-07,GARAN.IS,8.892553329467773
2018-02-08,GARAN.IS,8.854714393615723
2018-02-09,GARAN.IS,8.771464347839355
2018-02-12,GARAN.IS,9.013644218444824
2018-02-13,GARAN.IS,9.006075859069824
2018-02-14,GARAN.IS,8.733623504638672
2018-02-15,GARAN.IS,9.081757545471191
2018-02-16,GARAN.IS,9.021212577819824
2018-02-19,GARAN.IS,8.839576721191406
2018-02-20,GARAN.IS,8.589828491210938
2018-02-21,GARAN.IS,8.922826766967773
2018-02-22,GARAN.IS,8.968235969543457
2018-02-23,GARAN.IS,8.953097343444824
2018-02-26,GARAN.IS,9.013644218444824
2018-02-27,GARAN.IS,8.990939140319824
2018-02-28,GARAN.IS,8.88498592376709
2018-03-01,GARAN.IS,8.756328582763672
2018-03-02,GARAN.IS,8.635237693786621
2018-03-05,GARAN.IS,8.673076629638672
2018-03-06,GARAN.IS,8.763895034790039
2018-03-07,GARAN.IS,8.733623504638672
2018-03-08,GARAN.IS,8.726055145263672
2018-03-09,GARAN.IS,8.695782661437988
2018-03-12,GARAN.IS,8.922826766967773
2018-03-13,GARAN.IS,8.786599159240723
2018-03-14,GARAN.IS,8.642806053161621
2018-03-15,GARAN.IS,8.491442680358887
2018-03-16,GARAN.IS,8.430898666381836
2018-03-19,GARAN.IS,8.241694450378418
2018-03-20,GARAN.IS,8.302239418029785
2018-03-21,GARAN.IS,8.43846607208252
2018-03-22,GARAN.IS,8.309807777404785
2018-03-23,GARAN.IS,8.158445358276367
2018-03-26,GARAN.IS,8.181147575378418
2018-03-27,GARAN.IS,8.241694450378418
2018-03-28,GARAN.IS,8.097899436950684
2018-03-29,GARAN.IS,8.256831169128418
2018-03-30,GARAN.IS,8.309807777404785
2018-04-02,GARAN.IS,8.17358112335205
2018-04-03,GARAN.IS,8.181147575378418
2018-04-04,GARAN.IS,8.135741233825684
2018-04-05,GARAN.IS,8.181147575378418
2018-04-06,GARAN.IS,8.135741233825684
2018-04-09,GARAN.IS,7.923832416534424
2018-04-10,GARAN.IS,7.719493865966797
2018-04-11,GARAN.IS,7.522721767425537
2018-04-12,GARAN.IS,7.49245023727417
2018-04-13,GARAN.IS,7.439472675323486
2018-04-16,GARAN.IS,7.530290126800537
2018-04-17,GARAN.IS,7.219997406005859
2018-04-18,GARAN.IS,7.689220905303955
2018-04-19,GARAN.IS,7.704357624053955
2018-04-20,GARAN.IS,7.598403453826904
2018-04-23,GARAN.IS,7.598403453826904
2018-04-24,GARAN.IS,7.65894079208374
2018-04-25,GARAN.IS,7.31942081451416
2018-04-26,GARAN.IS,7.256252765655518
2018-04-27,GARAN.IS,7.5326080322265625
2018-04-30,GARAN.IS,7.272046089172363
2018-05-01,GARAN.IS,7.272046089172363
2018-05-02,GARAN.IS,7.287837028503418
2018-05-03,GARAN.IS,7.04306697845459
2018-05-04,GARAN.IS,7.177295684814453
2018-05-07,GARAN.IS,7.066755294799805
2018-05-08,GARAN.IS,7.050962448120117
2018-05-09,GARAN.IS,7.20098352432251
2018-05-10,GARAN.IS,7.461544990539551
2018-05-11,GARAN.IS,7.216775894165039
2018-05-14,GARAN.IS,7.2957329750061035
2018-05-15,GARAN.IS,7.0983381271362305
2018-05-16,GARAN.IS,7.114129543304443
2018-05-17,GARAN.IS,7.003588676452637
2018-05-18,GARAN.IS,7.058858394622803
2018-05-21,GARAN.IS,7.050962448120117
2018-05-22,GARAN.IS,7.303628444671631
2018-05-23,GARAN.IS,7.193086624145508
2018-05-24,GARAN.IS,7.122025489807129
2018-05-25,GARAN.IS,7.327316761016846
2018-05-28,GARAN.IS,7.516816139221191
2018-05-29,GARAN.IS,7.374691963195801
2018-05-30,GARAN.IS,7.47733736038208
2018-05-31,GARAN.IS,7.066755294799805
2018-06-01,GARAN.IS,6.727234840393066
2018-06-04,GARAN.IS,6.735130310058594
2018-06-05,GARAN.IS,6.632483959197998
2018-06-06,GARAN.IS,6.70354700088501
2018-06-07,GARAN.IS,6.853567123413086
2018-06-08,GARAN.IS,6.648276329040527
2018-06-11,GARAN.IS,6.671963691711426
2018-06-12,GARAN.IS,6.608797073364258
2018-06-13,GARAN.IS,6.498255729675293
2018-06-14,GARAN.IS,6.561422348022461
2018-06-15,GARAN.IS,6.561422348022461
2018-06-18,GARAN.IS,6.490360260009766
2018-06-19,GARAN.IS,6.6009016036987305
2018-06-20,GARAN.IS,6.593006134033203
2018-06-21,GARAN.IS,6.624588966369629
2018-06-22,GARAN.IS,6.735130310058594
2018-06-25,GARAN.IS,6.3956098556518555
2018-06-26,GARAN.IS,6.427194118499756
2018-06-27,GARAN.IS,6.624588966369629
2018-06-28,GARAN.IS,6.616693019866943
2018-06-29,GARAN.IS,6.616693019866943
2018-07-02,GARAN.IS,6.656172752380371
2018-07-03,GARAN.IS,6.593006134033203
2018-07-04,GARAN.IS,6.687755584716797
2018-07-05,GARAN.IS,6.7667131423950195
2018-07-06,GARAN.IS,6.782505035400391
2018-07-09,GARAN.IS,6.774608612060547
2018-07-10,GARAN.IS,6.22979736328125
2018-07-11,GARAN.IS,5.503382682800293
2018-07-12,GARAN.IS,5.503382682800293
2018-07-13,GARAN.IS,5.471799850463867
2018-07-16,GARAN.IS,5.290195941925049
2018-07-17,GARAN.IS,5.290195941925049
2018-07-18,GARAN.IS,5.353362560272217
2018-07-19,GARAN.IS,5.321779727935791
2018-07-20,GARAN.IS,5.440217018127441
2018-07-23,GARAN.IS,5.629715919494629
2018-07-24,GARAN.IS,5.274404525756836
2018-07-25,GARAN.IS,5.5428619384765625
2018-07-26,GARAN.IS,5.440217018127441
2018-07-27,GARAN.IS,5.558654308319092
2018-07-30,GARAN.IS,5.558654308319092
2018-07-31,GARAN.IS,5.598133087158203
2018-08-01,GARAN.IS,5.613924980163574
2018-08-02,GARAN.IS,5.369154453277588
2018-08-03,GARAN.IS,5.5112786293029785
2018-08-06,GARAN.IS,5.392841815948486
2018-08-07,GARAN.IS,5.534966945648193
2018-08-08,GARAN.IS,5.606029033660889
2018-08-09,GARAN.IS,5.534966945648193
2018-08-10,GARAN.IS,5.1875505447387695
2018-08-13,GARAN.IS,4.619051933288574
2018-08-14,GARAN.IS,4.8480305671691895
2018-08-15,GARAN.IS,4.619051933288574
2018-08-16,GARAN.IS,4.563781261444092
2018-08-17,GARAN.IS,4.6111555099487305
2018-08-20,GARAN.IS,4.761176109313965
2018-08-21,GARAN.IS,4.761176109313965
2018-08-22,GARAN.IS,4.761176109313965
2018-08-23,GARAN.IS,4.761176109313965
2018-08-24,GARAN.IS,4.761176109313965
2018-08-27,GARAN.IS,4.745384693145752
2018-08-28,GARAN.IS,4.919092655181885
2018-08-29,GARAN.IS,4.879612922668457
2018-08-30,GARAN.IS,4.879612922668457
2018-08-31,GARAN.IS,4.737489223480225
2018-09-03,GARAN.IS,4.800655364990234
2018-09-04,GARAN.IS,4.816447734832764
2018-09-05,GARAN.IS,4.729593276977539
2018-09-06,GARAN.IS,4.753280162811279
2018-09-07,GARAN.IS,4.871717929840088
2018-09-10,GARAN.IS,4.666426658630371
2018-09-11,GARAN.IS,4.603260040283203
2018-09-12,GARAN.IS,4.516406536102295
2018-09-13,GARAN.IS,4.840134620666504
2018-09-14,GARAN.IS,5.021738529205322
2018-09-17,GARAN.IS,4.840134620666504
2018-09-18,GARAN.IS,4.887509346008301
2018-09-19,GARAN.IS,5.242820739746094
2018-09-20,GARAN.IS,5.077009201049805
2018-09-21,GARAN.IS,5.195446968078613
2018-09-24,GARAN.IS,5.629715919494629
2018-09-25,GARAN.IS,5.590237140655518
2018-09-26,GARAN.IS,5.700778484344482
2018-09-27,GARAN.IS,5.961340427398682
2018-09-28,GARAN.IS,6.1034650802612305
2018-10-01,GARAN.IS,5.8113203048706055
2018-10-02,GARAN.IS,5.76394510269165
2018-10-03,GARAN.IS,5.5744452476501465
2018-10-04,GARAN.IS,5.195446968078613
2018-10-05,GARAN.IS,5.329675197601318
2018-10-08,GARAN.IS,5.692883014678955
2018-10-09,GARAN.IS,5.70867395401001
2018-10-10,GARAN.IS,5.5744452476501465
2018-10-11,GARAN.IS,5.629715919494629
2018-10-12,GARAN.IS,5.700778484344482
2018-10-15,GARAN.IS,6.079777717590332
2018-10-16,GARAN.IS,5.992924213409424
2018-10-17,GARAN.IS,6.206110954284668
2018-10-18,GARAN.IS,6.040298938751221
2018-10-19,GARAN.IS,5.86659049987793
2018-10-22,GARAN.IS,5.7797369956970215
2018-10-23,GARAN.IS,5.669195175170898
2018-10-24,GARAN.IS,5.6376118659973145
2018-10-25,GARAN.IS,5.700778484344482
2018-10-26,GARAN.IS,5.456007957458496
2018-10-29,GARAN.IS,5.456007957458496
2018-10-30,GARAN.IS,5.6376118659973145
2018-10-31,GARAN.IS,5.4796953201293945
2018-11-01,GARAN.IS,5.921861171722412
2018-11-02,GARAN.IS,6.071882247924805
2018-11-05,GARAN.IS,6.36402702331543
2018-11-06,GARAN.IS,6.277172565460205
2018-11-07,GARAN.IS,6.36402702331543
2018-11-08,GARAN.IS,6.253485202789307
2018-11-09,GARAN.IS,6.174527645111084
2018-11-12,GARAN.IS,6.048194408416748
2018-11-13,GARAN.IS,6.206110954284668
2018-11-14,GARAN.IS,6.292964458465576
2018-11-15,GARAN.IS,6.182423114776611
2018-11-16,GARAN.IS,6.269277095794678
2018-11-19,GARAN.IS,6.403506278991699
2018-11-20,GARAN.IS,6.253485202789307
2018-11-21,GARAN.IS,6.340339183807373
2018-11-22,GARAN.IS,6.285068511962891
2018-11-23,GARAN.IS,6.36402702331543
2018-11-26,GARAN.IS,6.379818439483643
2018-11-27,GARAN.IS,6.206110954284668
2018-11-28,GARAN.IS,6.277172565460205
2018-11-29,GARAN.IS,6.3956098556518555
2018-11-30,GARAN.IS,6.52194356918335
2018-12-03,GARAN.IS,6.482464790344238
2018-12-04,GARAN.IS,6.348235130310059
2018-12-05,GARAN.IS,6.150839328765869
2018-12-06,GARAN.IS,6.1034650802612305
2018-12-07,GARAN.IS,6.292964458465576
2018-12-10,GARAN.IS,6.198215007781982
2018-12-11,GARAN.IS,6.150839328765869
2018-12-12,GARAN.IS,5.929757595062256
2018-12-13,GARAN.IS,6.040298938751221
2018-12-14,GARAN.IS,6.1034650802612305
2018-12-17,GARAN.IS,6.079777717590332
2018-12-18,GARAN.IS,6.308756351470947
2018-12-19,GARAN.IS,6.561422348022461
2018-12-20,GARAN.IS,6.458776950836182
2018-12-21,GARAN.IS,6.411401748657227
2018-12-24,GARAN.IS,6.356131553649902
2018-12-25,GARAN.IS,6.292964458465576
2018-12-26,GARAN.IS,6.332443714141846
2018-12-27,GARAN.IS,6.371922969818115
2018-12-28,GARAN.IS,6.285068511962891
2018-12-31,GARAN.IS,6.277172565460205
2019-01-01,GARAN.IS,6.277172565460205
2019-01-02,GARAN.IS,6.095568656921387
2019-01-03,GARAN.IS,5.953444480895996
2019-01-04,GARAN.IS,6.324548244476318
2019-01-07,GARAN.IS,6.4429850578308105
2019-01-08,GARAN.IS,6.4745683670043945
2019-01-09,GARAN.IS,6.324548244476318
2019-01-10,GARAN.IS,6.22979736328125
2019-01-11,GARAN.IS,6.22979736328125
2019-01-14,GARAN.IS,6.4429850578308105
2019-01-15,GARAN.IS,6.577213764190674
2019-01-16,GARAN.IS,7.058858394622803
2019-01-17,GARAN.IS,7.279942035675049
2019-01-18,GARAN.IS,7.2088799476623535
2019-01-21,GARAN.IS,7.003588676452637
2019-01-22,GARAN.IS,7.137816905975342
2019-01-23,GARAN.IS,7.050962448120117
2019-01-24,GARAN.IS,7.161503791809082
2019-01-25,GARAN.IS,7.2088799476623535
2019-01-28,GARAN.IS,7.019379615783691
2019-01-29,GARAN.IS,7.2088799476623535
2019-01-30,GARAN.IS,7.232566833496094
2019-01-31,GARAN.IS,7.185191631317139
2019-02-01,GARAN.IS,7.1062331199646
2019-02-04,GARAN.IS,7.066755294799805
2019-02-05,GARAN.IS,7.137816905975342
2019-02-06,GARAN.IS,7.04306697845459
2019-02-07,GARAN.IS,6.995691776275635
2019-02-08,GARAN.IS,7.003588676452637
2019-02-11,GARAN.IS,7.248357772827148
2019-02-12,GARAN.IS,7.193086624145508
2019-02-13,GARAN.IS,7.050962448120117
2019-02-14,GARAN.IS,6.995691776275635
2019-02-15,GARAN.IS,7.003588676452637
2019-02-18,GARAN.IS,6.782505035400391
2019-02-19,GARAN.IS,6.869359970092773
2019-02-20,GARAN.IS,6.7982964515686035
2019-02-21,GARAN.IS,6.853567123413086
2019-02-22,GARAN.IS,6.845671653747559
2019-02-25,GARAN.IS,6.964107990264893
2019-02-26,GARAN.IS,6.987795829772949
2019-02-27,GARAN.IS,6.869359970092773
2019-02-28,GARAN.IS,7.050962448120117
2019-03-01,GARAN.IS,6.932525634765625
2019-03-04,GARAN.IS,7.129920959472656
2019-03-05,GARAN.IS,7.011483669281006
2019-03-06,GARAN.IS,6.964107990264893
2019-03-07,GARAN.IS,6.916733741760254
2019-03-08,GARAN.IS,6.821984767913818
2019-03-11,GARAN.IS,6.837776184082031
2019-03-12,GARAN.IS,6.987795829772949
2019-03-13,GARAN.IS,7.20098352432251
2019-03-14,GARAN.IS,7.169400215148926
2019-03-15,GARAN.IS,7.2088799476623535
2019-03-18,GARAN.IS,7.469440937042236
2019-03-19,GARAN.IS,7.516816139221191
2019-03-20,GARAN.IS,7.429962635040283
2019-03-21,GARAN.IS,7.611566543579102
2019-03-22,GARAN.IS,7.303628444671631
2019-03-25,GARAN.IS,6.821984767913818
2019-03-26,GARAN.IS,6.719338417053223
2019-03-27,GARAN.IS,6.111361026763916
2019-03-28,GARAN.IS,6.269277095794678
2019-03-29,GARAN.IS,6.529839038848877
2019-04-01,GARAN.IS,6.324548244476318
2019-04-02,GARAN.IS,6.4429850578308105
2019-04-03,GARAN.IS,6.450881481170654
2019-04-04,GARAN.IS,6.7982964515686035
2019-04-05,GARAN.IS,7.137816905975342
2019-04-08,GARAN.IS,6.964107990264893
2019-04-09,GARAN.IS,6.948318004608154
2019-04-10,GARAN.IS,6.987795829772949
2019-04-11,GARAN.IS,6.987795829772949
2019-04-12,GARAN.IS,6.687755584716797
2019-04-15,GARAN.IS,6.671963691711426
2019-04-16,GARAN.IS,6.782505035400391
2019-04-17,GARAN.IS,6.869359970092773
2019-04-18,GARAN.IS,6.695651054382324
2019-04-19,GARAN.IS,6.66406774520874
2019-04-22,GARAN.IS,6.553526878356934
2019-04-23,GARAN.IS,6.553526878356934
2019-04-24,GARAN.IS,6.70354700088501
2019-04-25,GARAN.IS,6.419297695159912
2019-04-26,GARAN.IS,6.450881481170654
2019-04-29,GARAN.IS,6.285068511962891
2019-04-30,GARAN.IS,6.482464790344238
2019-05-01,GARAN.IS,6.482464790344238
2019-05-02,GARAN.IS,6.324548244476318
2019-05-03,GARAN.IS,6.427194118499756
2019-05-06,GARAN.IS,6.332443714141846
2019-05-07,GARAN.IS,6.135047912597656
2019-05-08,GARAN.IS,6.119256496429443
2019-05-09,GARAN.IS,6.000819206237793
2019-05-10,GARAN.IS,5.961340427398682
2019-05-13,GARAN.IS,5.70867395401001
2019-05-14,GARAN.IS,6.056090354919434
2019-05-15,GARAN.IS,6.02450704574585
2019-05-16,GARAN.IS,5.992924213409424
2019-05-17,GARAN.IS,6.040298938751221
2019-05-20,GARAN.IS,5.913965702056885
2019-05-21,GARAN.IS,5.76394510269165
2019-05-22,GARAN.IS,5.598133087158203
2019-05-23,GARAN.IS,5.661299705505371
2019-05-24,GARAN.IS,5.937653064727783
2019-05-27,GARAN.IS,5.842902660369873
2019-05-28,GARAN.IS,5.985027313232422
2019-05-29,GARAN.IS,5.906069755554199
2019-05-30,GARAN.IS,6.22979736328125
2019-05-31,GARAN.IS,6.253485202789307
2019-06-03,GARAN.IS,6.245589733123779
2019-06-04,GARAN.IS,6.245589733123779
2019-06-05,GARAN.IS,6.245589733123779
2019-06-06,GARAN.IS,6.245589733123779
2019-06-07,GARAN.IS,6.608797073364258
2019-06-10,GARAN.IS,6.593006134033203
2019-06-11,GARAN.IS,6.514047145843506
2019-06-12,GARAN.IS,6.450881481170654
2019-06-13,GARAN.IS,6.261380672454834
2019-06-14,GARAN.IS,6.22979736328125
2019-06-17,GARAN.IS,6.458776950836182
2019-06-18,GARAN.IS,6.577213764190674
2019-06-19,GARAN.IS,6.727234840393066
2019-06-20,GARAN.IS,6.821984767913818
2019-06-21,GARAN.IS,6.727234840393066
2019-06-24,GARAN.IS,7.058858394622803
2019-06-25,GARAN.IS,7.0983381271362305
2019-06-26,GARAN.IS,7.035171031951904
2019-06-27,GARAN.IS,7.050962448120117
2019-06-28,GARAN.IS,7.185191631317139
2019-07-01,GARAN.IS,7.722106456756592
2019-07-02,GARAN.IS,7.753690719604492
2019-07-03,GARAN.IS,7.737898349761963
2019-07-04,GARAN.IS,7.824753284454346
2019-07-05,GARAN.IS,7.982669353485107
2019-07-08,GARAN.IS,7.8484392166137695
2019-07-09,GARAN.IS,7.540503978729248
2019-07-10,GARAN.IS,7.745794773101807
2019-07-11,GARAN.IS,7.611566543579102
2019-07-12,GARAN.IS,7.31942081451416
2019-07-15,GARAN.IS,7.31942081451416
2019-07-16,GARAN.IS,7.193086624145508
2019-07-17,GARAN.IS,7.508919715881348
2019-07-18,GARAN.IS,7.674732208251953
2019-07-19,GARAN.IS,7.5878777503967285
2019-07-22,GARAN.IS,7.5326080322265625
2019-07-23,GARAN.IS,7.769482612609863
2019-07-24,GARAN.IS,7.801064968109131
2019-07-25,GARAN.IS,7.643148899078369
2019-07-26,GARAN.IS,7.753690719604492
2019-07-29,GARAN.IS,7.769482612609863
2019-07-30,GARAN.IS,7.698419570922852
2019-07-31,GARAN.IS,7.769482612609863
2019-08-01,GARAN.IS,7.635253429412842
2019-08-02,GARAN.IS,7.5641913414001465
2019-08-05,GARAN.IS,7.572086811065674
2019-08-06,GARAN.IS,7.690523147583008
2019-08-07,GARAN.IS,7.7615861892700195
2019-08-08,GARAN.IS,7.627357482910156
2019-08-09,GARAN.IS,7.7142109870910645
2019-08-12,GARAN.IS,7.7142109870910645
2019-08-13,GARAN.IS,7.7142109870910645
2019-08-14,GARAN.IS,7.7142109870910645
2019-08-15,GARAN.IS,7.351004123687744
2019-08-16,GARAN.IS,7.050962448120117
2019-08-19,GARAN.IS,6.908838272094727
2019-08-20,GARAN.IS,6.995691776275635
2019-08-21,GARAN.IS,6.964107990264893
2019-08-22,GARAN.IS,6.893045902252197
2019-08-23,GARAN.IS,7.153608798980713
2019-08-26,GARAN.IS,7.1062331199646
2019-08-27,GARAN.IS,7.0272746086120605
2019-08-28,GARAN.IS,6.97990083694458
2019-08-29,GARAN.IS,7.035171031951904
2019-08-30,GARAN.IS,7.035171031951904
2019-09-02,GARAN.IS,7.287837028503418
2019-09-03,GARAN.IS,7.374691963195801
2019-09-04,GARAN.IS,7.445754051208496
2019-09-05,GARAN.IS,7.437857627868652
2019-09-06,GARAN.IS,7.256252765655518
2019-09-09,GARAN.IS,7.47733736038208
2019-09-10,GARAN.IS,7.47733736038208
2019-09-11,GARAN.IS,7.572086811065674
2019-09-12,GARAN.IS,7.635253429412842
2019-09-13,GARAN.IS,7.6194610595703125
2019-09-16,GARAN.IS,7.485231876373291
2019-09-17,GARAN.IS,7.461544990539551
2019-09-18,GARAN.IS,7.47733736038208
2019-09-19,GARAN.IS,7.351004123687744
2019-09-20,GARAN.IS,7.343108177185059
2019-09-23,GARAN.IS,7.35890007019043
2019-09-24,GARAN.IS,7.635253429412842
2019-09-25,GARAN.IS,7.706315994262695
2019-09-26,GARAN.IS,7.5878777503967285
2019-09-27,GARAN.IS,8.16427230834961
2019-09-30,GARAN.IS,8.069522857666016
2019-10-01,GARAN.IS,7.903710842132568
2019-10-02,GARAN.IS,7.832648754119873
2019-10-03,GARAN.IS,7.7615861892700195
2019-10-04,GARAN.IS,7.880023002624512
2019-10-07,GARAN.IS,7.737898349761963
2019-10-08,GARAN.IS,7.603670120239258
2019-10-09,GARAN.IS,7.398379325866699
2019-10-10,GARAN.IS,7.3352131843566895
2019-10-11,GARAN.IS,7.3352131843566895
2019-10-14,GARAN.IS,6.608797073364258
2019-10-15,GARAN.IS,6.7982964515686035
2019-10-16,GARAN.IS,6.711442470550537
2019-10-17,GARAN.IS,6.8614630699157715
2019-10-18,GARAN.IS,7.311524868011475
2019-10-21,GARAN.IS,7.193086624145508
2019-10-22,GARAN.IS,7.351004123687744
2019-10-23,GARAN.IS,7.5878777503967285
2019-10-24,GARAN.IS,7.666837215423584
2019-10-25,GARAN.IS,7.5326080322265625
2019-10-28,GARAN.IS,7.47733736038208
2019-10-30,GARAN.IS,7.303628444671631
2019-10-31,GARAN.IS,7.264151096343994
2019-11-01,GARAN.IS,7.311524868011475
2019-11-04,GARAN.IS,7.47733736038208
2019-11-05,GARAN.IS,7.453648567199707
2019-11-06,GARAN.IS,7.5010247230529785
2019-11-07,GARAN.IS,7.6826276779174805
2019-11-08,GARAN.IS,7.7300028800964355
2019-11-11,GARAN.IS,7.722106456756592
2019-11-12,GARAN.IS,7.7615861892700195
2019-11-13,GARAN.IS,7.8405442237854
2019-11-14,GARAN.IS,7.7142109870910645
2019-11-15,GARAN.IS,7.8484392166137695
2019-11-18,GARAN.IS,8.022148132324219
2019-11-19,GARAN.IS,8.085315704345703
2019-11-20,GARAN.IS,8.030044555664062
2019-11-21,GARAN.IS,8.0458345413208
2019-11-22,GARAN.IS,8.022148132324219
2019-11-25,GARAN.IS,7.8484392166137695
2019-11-26,GARAN.IS,7.9195027351379395
2019-11-27,GARAN.IS,7.903710842132568
2019-11-28,GARAN.IS,7.943190574645996
2019-11-29,GARAN.IS,7.935294151306152
2019-12-02,GARAN.IS,8.014251708984375
2019-12-03,GARAN.IS,7.8484392166137695
2019-12-04,GARAN.IS,8.0458345413208
2019-12-05,GARAN.IS,8.16427230834961
2019-12-06,GARAN.IS,8.18006420135498
2019-12-09,GARAN.IS,8.148481369018555
2019-12-10,GARAN.IS,8.187959671020508
2019-12-11,GARAN.IS,8.16427230834961
2019-12-12,GARAN.IS,8.353772163391113
2019-12-13,GARAN.IS,8.653813362121582
2019-12-16,GARAN.IS,8.630125045776367
2019-12-17,GARAN.IS,8.598542213439941
2019-12-18,GARAN.IS,8.488001823425293
2019-12-19,GARAN.IS,8.503792762756348
2019-12-20,GARAN.IS,8.543272018432617
2019-12-23,GARAN.IS,8.582751274108887
2019-12-24,GARAN.IS,8.701188087463379
2019-12-25,GARAN.IS,8.685396194458008
2019-12-26,GARAN.IS,8.71697998046875
2019-12-27,GARAN.IS,8.732770919799805
2019-12-30,GARAN.IS,8.851207733154297
2019-12-31,GARAN.IS,8.780146598815918
2020-01-02,GARAN.IS,8.890687942504883
2020-01-03,GARAN.IS,8.645918846130371
2020-01-06,GARAN.IS,8.3695650100708
2020-01-07,GARAN.IS,8.361668586730957
2020-01-08,GARAN.IS,8.748562812805176
2020-01-09,GARAN.IS,9.427603721618652
2020-01-10,GARAN.IS,9.43549919128418
2020-01-13,GARAN.IS,9.632895469665527
2020-01-14,GARAN.IS,9.632895469665527
2020-01-15,GARAN.IS,9.585519790649414
2020-01-16,GARAN.IS,9.65658187866211
2020-01-17,GARAN.IS,9.609206199645996
2020-01-20,GARAN.IS,9.65658187866211
2020-01-21,GARAN.IS,9.85397720336914
2020-01-22,GARAN.IS,9.65658187866211
2020-01-23,GARAN.IS,9.561832427978516
2020-01-24,GARAN.IS,9.467082977294922
2020-01-27,GARAN.IS,9.293375015258789
2020-01-28,GARAN.IS,9.301271438598633
2020-01-29,GARAN.IS,9.348645210266113
2020-01-30,GARAN.IS,9.553936004638672
2020-01-31,GARAN.IS,9.45129108428955
2020-02-03,GARAN.IS,9.332853317260742
2020-02-04,GARAN.IS,9.696061134338379
2020-02-05,GARAN.IS,9.790811538696289
2020-02-06,GARAN.IS,9.696061134338379
2020-02-07,GARAN.IS,9.459186553955078
2020-02-10,GARAN.IS,9.253894805908203
2020-02-11,GARAN.IS,9.427603721618652
2020-02-12,GARAN.IS,9.269686698913574
2020-02-13,GARAN.IS,9.21441650390625
2020-02-14,GARAN.IS,9.095979690551758
2020-02-17,GARAN.IS,9.269686698913574
2020-02-18,GARAN.IS,9.143354415893555
2020-02-19,GARAN.IS,9.024917602539062
2020-02-20,GARAN.IS,8.748562812805176
2020-02-21,GARAN.IS,8.740666389465332
2020-02-24,GARAN.IS,8.472209930419922
2020-02-25,GARAN.IS,8.45641803741455
2020-02-26,GARAN.IS,8.409042358398438
2020-02-27,GARAN.IS,8.085315704345703
2020-02-28,GARAN.IS,7.5326080322265625
2020-03-02,GARAN.IS,7.5641913414001465
2020-03-03,GARAN.IS,7.895815372467041
2020-03-04,GARAN.IS,8.187959671020508
2020-03-05,GARAN.IS,8.16427230834961
2020-03-06,GARAN.IS,7.887919902801514
2020-03-09,GARAN.IS,7.2957329750061035
2020-03-10,GARAN.IS,7.374691963195801
2020-03-11,GARAN.IS,7.374691963195801
2020-03-12,GARAN.IS,6.900942325592041
2020-03-13,GARAN.IS,7.129920959472656
2020-03-16,GARAN.IS,6.466671943664551
2020-03-17,GARAN.IS,6.54563045501709
2020-03-18,GARAN.IS,6.379818439483643
2020-03-19,GARAN.IS,5.977132320404053
2020-03-20,GARAN.IS,5.89027738571167
2020-03-23,GARAN.IS,5.463903903961182
2020-03-24,GARAN.IS,5.985027313232422
2020-03-25,GARAN.IS,5.921861171722412
2020-03-26,GARAN.IS,6.277172565460205
2020-03-27,GARAN.IS,6.214006423950195
2020-03-30,GARAN.IS,6.332443714141846
2020-03-31,GARAN.IS,6.450881481170654
2020-04-01,GARAN.IS,6.166631698608398
2020-04-02,GARAN.IS,5.969236373901367
2020-04-03,GARAN.IS,5.953444480895996
2020-04-06,GARAN.IS,6.119256496429443
2020-04-07,GARAN.IS,6.174527645111084
2020-04-08,GARAN.IS,6.214006423950195
2020-04-09,GARAN.IS,6.671963691711426
2020-04-10,GARAN.IS,6.814089298248291
2020-04-13,GARAN.IS,6.70354700088501
2020-04-14,GARAN.IS,6.782505035400391
2020-04-15,GARAN.IS,6.50615119934082
2020-04-16,GARAN.IS,6.52194356918335
2020-04-17,GARAN.IS,6.624588966369629
2020-04-20,GARAN.IS,6.624588966369629
2020-04-21,GARAN.IS,6.458776950836182
2020-04-22,GARAN.IS,6.3956098556518555
2020-04-24,GARAN.IS,6.419297695159912
2020-04-27,GARAN.IS,6.6009016036987305
2020-04-28,GARAN.IS,6.577213764190674
2020-04-29,GARAN.IS,6.640379428863525
2020-04-30,GARAN.IS,6.577213764190674
2020-05-04,GARAN.IS,6.435089588165283
2020-05-05,GARAN.IS,6.435089588165283
2020-05-06,GARAN.IS,6.387714385986328
2020-05-07,GARAN.IS,6.340339183807373
2020-05-08,GARAN.IS,6.221902370452881
2020-05-11,GARAN.IS,6.127152442932129
2020-05-12,GARAN.IS,6.245589733123779
2020-05-13,GARAN.IS,6.22979736328125
2020-05-14,GARAN.IS,6.063986301422119
2020-05-15,GARAN.IS,6.079777717590332
2020-05-18,GARAN.IS,6.127152442932129
2020-05-20,GARAN.IS,6.095568656921387
2020-05-21,GARAN.IS,6.0087151527404785
2020-05-22,GARAN.IS,5.953444480895996
2020-05-27,GARAN.IS,6.040298938751221
2020-05-28,GARAN.IS,6.150839328765869
2020-05-29,GARAN.IS,6.198215007781982
2020-06-01,GARAN.IS,6.316652297973633
2020-06-02,GARAN.IS,6.356131553649902
2020-06-03,GARAN.IS,6.4745683670043945
2020-06-04,GARAN.IS,6.427194118499756
2020-06-05,GARAN.IS,6.54563045501709
2020-06-08,GARAN.IS,6.529839038848877
2020-06-09,GARAN.IS,6.450881481170654
2020-06-10,GARAN.IS,6.4745683670043945
2020-06-11,GARAN.IS,6.427194118499756
2020-06-12,GARAN.IS,6.435089588165283
2020-06-15,GARAN.IS,6.356131553649902
2020-06-16,GARAN.IS,6.482464790344238
2020-06-17,GARAN.IS,6.419297695159912
2020-06-18,GARAN.IS,6.435089588165283
2020-06-19,GARAN.IS,6.585109710693359
2020-06-22,GARAN.IS,6.727234840393066
2020-06-23,GARAN.IS,6.6798601150512695
2020-06-24,GARAN.IS,6.466671943664551
2020-06-25,GARAN.IS,6.482464790344238
2020-06-26,GARAN.IS,6.482464790344238
2020-06-29,GARAN.IS,6.719338417053223
2020-06-30,GARAN.IS,6.695651054382324
2020-07-01,GARAN.IS,6.54563045501709
2020-07-02,GARAN.IS,6.608797073364258
2020-07-03,GARAN.IS,6.490360260009766
2020-07-06,GARAN.IS,6.616693019866943
2020-07-07,GARAN.IS,6.577213764190674
2020-07-08,GARAN.IS,6.450881481170654
2020-07-09,GARAN.IS,6.261380672454834
2020-07-10,GARAN.IS,6.158735752105713
2020-07-13,GARAN.IS,6.292964458465576
2020-07-14,GARAN.IS,6.22979736328125
2020-07-16,GARAN.IS,6.300860404968262
2020-07-17,GARAN.IS,6.277172565460205
2020-07-20,GARAN.IS,6.245589733123779
2020-07-21,GARAN.IS,6.277172565460205
2020-07-22,GARAN.IS,6.277172565460205
2020-07-23,GARAN.IS,6.292964458465576
2020-07-24,GARAN.IS,6.23769474029541
2020-07-27,GARAN.IS,6.158735752105713
2020-07-28,GARAN.IS,5.850798606872559
2020-07-29,GARAN.IS,5.606029033660889
2020-07-30,GARAN.IS,5.5428619384765625
2020-08-04,GARAN.IS,5.353362560272217
2020-08-05,GARAN.IS,5.361258506774902
2020-08-06,GARAN.IS,5.1085920333862305
2020-08-07,GARAN.IS,5.179654598236084
2020-08-10,GARAN.IS,5.179654598236084
2020-08-11,GARAN.IS,5.5744452476501465
2020-08-12,GARAN.IS,5.590237140655518
2020-08-13,GARAN.IS,5.471799850463867
2020-08-14,GARAN.IS,5.337571144104004
2020-08-17,GARAN.IS,5.471799850463867
2020-08-18,GARAN.IS,5.621819972991943
2020-08-19,GARAN.IS,5.740257263183594
2020-08-20,GARAN.IS,5.6534037590026855
2020-08-21,GARAN.IS,5.58234167098999
2020-08-24,GARAN.IS,5.503382682800293
2020-08-25,GARAN.IS,5.353362560272217
2020-08-26,GARAN.IS,5.432320594787598
2020-08-27,GARAN.IS,5.503382682800293
2020-08-28,GARAN.IS,5.456007957458496
2020-08-31,GARAN.IS,5.361258506774902
2020-09-01,GARAN.IS,5.416529178619385
2020-09-02,GARAN.IS,5.400737762451172
2020-09-03,GARAN.IS,5.337571144104004
2020-09-04,GARAN.IS,5.369154453277588
2020-09-07,GARAN.IS,5.392841815948486
2020-09-08,GARAN.IS,5.353362560272217
2020-09-09,GARAN.IS,5.345466613769531
2020-09-10,GARAN.IS,5.392841815948486
2020-09-11,GARAN.IS,5.361258506774902
2020-09-14,GARAN.IS,5.345466613769531
2020-09-15,GARAN.IS,5.321779727935791
2020-09-16,GARAN.IS,5.30598783493042
2020-09-17,GARAN.IS,5.266508102416992
2020-09-18,GARAN.IS,5.250716686248779
2020-09-21,GARAN.IS,5.116487979888916
2020-09-22,GARAN.IS,5.124383926391602
2020-09-23,GARAN.IS,5.1875505447387695
2020-09-24,GARAN.IS,5.5744452476501465
2020-09-25,GARAN.IS,5.661299705505371
2020-09-28,GARAN.IS,5.52707052230835
2020-09-29,GARAN.IS,5.456007957458496
2020-09-30,GARAN.IS,5.606029033660889
2020-10-01,GARAN.IS,5.621819972991943
2020-10-02,GARAN.IS,5.621819972991943
2020-10-05,GARAN.IS,5.661299705505371
2020-10-06,GARAN.IS,5.613924980163574
2020-10-07,GARAN.IS,5.52707052230835
2020-10-08,GARAN.IS,5.503382682800293
2020-10-09,GARAN.IS,5.606029033660889
2020-10-12,GARAN.IS,5.6534037590026855
2020-10-13,GARAN.IS,5.590237140655518
2020-10-14,GARAN.IS,5.6376118659973145
2020-10-15,GARAN.IS,5.52707052230835
2020-10-16,GARAN.IS,5.661299705505371
2020-10-19,GARAN.IS,5.913965702056885
2020-10-20,GARAN.IS,5.921861171722412
2020-10-21,GARAN.IS,5.945549488067627
2020-10-22,GARAN.IS,5.621819972991943
2020-10-23,GARAN.IS,5.5744452476501465
2020-10-26,GARAN.IS,5.361258506774902
2020-10-27,GARAN.IS,5.440217018127441
2020-10-28,GARAN.IS,5.353362560272217
2020-10-30,GARAN.IS,5.219133377075195
2020-11-02,GARAN.IS,5.227029800415039
2020-11-03,GARAN.IS,5.48759126663208
2020-11-04,GARAN.IS,5.471799850463867
2020-11-05,GARAN.IS,5.4796953201293945
2020-11-06,GARAN.IS,5.503382682800293
2020-11-09,GARAN.IS,5.898173809051514
2020-11-10,GARAN.IS,6.127152442932129
2020-11-11,GARAN.IS,6.727234840393066
2020-11-12,GARAN.IS,6.821984767913818
2020-11-13,GARAN.IS,6.972004413604736
2020-11-16,GARAN.IS,7.066755294799805
2020-11-17,GARAN.IS,6.66406774520874
2020-11-18,GARAN.IS,7.003588676452637
2020-11-19,GARAN.IS,7.516816139221191
2020-11-20,GARAN.IS,7.47733736038208
2020-11-23,GARAN.IS,7.122025489807129
2020-11-24,GARAN.IS,7.153608798980713
2020-11-25,GARAN.IS,7.169400215148926
2020-11-26,GARAN.IS,7.382587432861328
2020-11-27,GARAN.IS,7.248357772827148
2020-11-30,GARAN.IS,6.9246296882629395
2020-12-01,GARAN.IS,7.272046089172363
2020-12-02,GARAN.IS,7.279942035675049
2020-12-03,GARAN.IS,7.264151096343994
2020-12-04,GARAN.IS,7.20098352432251
2020-12-07,GARAN.IS,7.04306697845459
2020-12-08,GARAN.IS,7.066755294799805
2020-12-09,GARAN.IS,7.327316761016846
2020-12-10,GARAN.IS,7.5010247230529785
2020-12-11,GARAN.IS,7.508919715881348
2020-12-14,GARAN.IS,7.6510443687438965
2020-12-15,GARAN.IS,7.6194610595703125
2020-12-16,GARAN.IS,7.6826276779174805
2020-12-17,GARAN.IS,7.7142109870910645
2020-12-18,GARAN.IS,7.769482612609863
2020-12-21,GARAN.IS,7.698419570922852
2020-12-22,GARAN.IS,7.943190574645996
2020-12-23,GARAN.IS,7.872128486633301
2020-12-24,GARAN.IS,7.856334686279297
2020-12-25,GARAN.IS,7.785273551940918
2020-12-28,GARAN.IS,7.801064968109131
2020-12-29,GARAN.IS,7.887919902801514
2020-12-30,GARAN.IS,8.187959671020508
2020-12-31,GARAN.IS,8.266918182373047
2021-01-04,GARAN.IS,8.156377792358398
2021-01-05,GARAN.IS,7.966877460479736
2021-01-06,GARAN.IS,8.211647987365723
2021-01-07,GARAN.IS,8.306398391723633
2021-01-08,GARAN.IS,8.519583702087402
2021-01-11,GARAN.IS,8.243229866027832
2021-01-12,GARAN.IS,8.282710075378418
2021-01-13,GARAN.IS,8.290606498718262
2021-01-14,GARAN.IS,8.132689476013184
2021-01-15,GARAN.IS,7.9195027351379395
2021-01-18,GARAN.IS,7.982669353485107
2021-01-19,GARAN.IS,8.014251708984375
2021-01-20,GARAN.IS,7.935294151306152
2021-01-21,GARAN.IS,7.935294151306152
2021-01-22,GARAN.IS,7.698419570922852
2021-01-25,GARAN.IS,7.540503978729248
2021-01-26,GARAN.IS,7.516816139221191
2021-01-27,GARAN.IS,7.193086624145508
2021-01-28,GARAN.IS,7.414170265197754
2021-01-29,GARAN.IS,7.351004123687744
2021-02-01,GARAN.IS,7.485231876373291
2021-02-02,GARAN.IS,7.6510443687438965
2021-02-03,GARAN.IS,7.974772930145264
2021-02-04,GARAN.IS,7.832648754119873
2021-02-05,GARAN.IS,7.706315994262695
2021-02-08,GARAN.IS,7.769482612609863
2021-02-09,GARAN.IS,8.053731918334961
2021-02-10,GARAN.IS,8.037940979003906
2021-02-11,GARAN.IS,7.8484392166137695
2021-02-12,GARAN.IS,7.832648754119873
2021-02-15,GARAN.IS,7.935294151306152
2021-02-16,GARAN.IS,7.690523147583008
2021-02-17,GARAN.IS,7.540503978729248
2021-02-18,GARAN.IS,7.366795063018799
2021-02-19,GARAN.IS,7.453648567199707
2021-02-22,GARAN.IS,7.272046089172363
2021-02-23,GARAN.IS,7.248357772827148
2021-02-24,GARAN.IS,7.066755294799805
2021-02-25,GARAN.IS,7.169400215148926
2021-02-26,GARAN.IS,7.04306697845459
2021-03-01,GARAN.IS,7.31942081451416
2021-03-02,GARAN.IS,7.264151096343994
2021-03-03,GARAN.IS,7.256252765655518
2021-03-04,GARAN.IS,7.422065734863281
2021-03-05,GARAN.IS,7.303628444671631
2021-03-08,GARAN.IS,7.1062331199646
2021-03-09,GARAN.IS,7.122025489807129
2021-03-10,GARAN.IS,7.240462779998779
2021-03-11,GARAN.IS,7.07465124130249
2021-03-12,GARAN.IS,7.04306697845459
2021-03-15,GARAN.IS,6.885150909423828
2021-03-16,GARAN.IS,6.995691776275635
2021-03-17,GARAN.IS,6.908838272094727
2021-03-18,GARAN.IS,7.137816905975342
2021-03-19,GARAN.IS,6.995691776275635
2021-03-22,GARAN.IS,6.300860404968262
2021-03-23,GARAN.IS,5.677090644836426
2021-03-24,GARAN.IS,5.684986591339111
2021-03-25,GARAN.IS,5.519174098968506
2021-03-26,GARAN.IS,5.432320594787598
2021-03-29,GARAN.IS,5.440217018127441
2021-03-30,GARAN.IS,5.353362560272217
2021-03-31,GARAN.IS,5.2823004722595215
2021-04-01,GARAN.IS,5.534966945648193
2021-04-02,GARAN.IS,5.550758361816406
2021-04-05,GARAN.IS,5.565698623657227
2021-04-06,GARAN.IS,5.476970672607422
2021-04-07,GARAN.IS,5.5173020362854
2021-04-08,GARAN.IS,5.452772617340088
2021-04-09,GARAN.IS,5.3559770584106445
2021-04-12,GARAN.IS,5.339844703674316
2021-04-13,GARAN.IS,5.404374599456787
2021-04-14,GARAN.IS,5.6382951736450195
2021-04-15,GARAN.IS,5.8964152336120605
2021-04-16,GARAN.IS,5.87221622467041
2021-04-19,GARAN.IS,5.646361827850342
2021-04-20,GARAN.IS,5.718957901000977
2021-04-21,GARAN.IS,5.614096164703369
2021-04-22,GARAN.IS,5.70282506942749
2021-04-26,GARAN.IS,5.759288787841797
2021-04-27,GARAN.IS,5.743156433105469
2021-04-28,GARAN.IS,5.743156433105469
2021-04-29,GARAN.IS,5.831884384155273
2021-04-30,GARAN.IS,5.815752029418945
2021-05-03,GARAN.IS,5.944812297821045
2021-05-04,GARAN.IS,5.864149570465088
2021-05-05,GARAN.IS,5.848016738891602
2021-05-06,GARAN.IS,5.960944652557373
2021-05-07,GARAN.IS,6.227129936218262
2021-05-10,GARAN.IS,6.315858364105225
2021-05-11,GARAN.IS,6.1948652267456055
2021-05-12,GARAN.IS,6.1948652267456055
2021-05-17,GARAN.IS,6.420719623565674
2021-05-18,GARAN.IS,6.517514228820801
2021-05-20,GARAN.IS,6.63850736618042
2021-05-21,GARAN.IS,6.582043647766113
2021-05-24,GARAN.IS,6.517514228820801
2021-05-25,GARAN.IS,6.291659832000732
2021-05-26,GARAN.IS,6.5578460693359375
2021-05-27,GARAN.IS,6.420719623565674
2021-05-28,GARAN.IS,6.436851978302002
2021-05-31,GARAN.IS,6.444918155670166
2021-06-01,GARAN.IS,6.533646583557129
2021-06-02,GARAN.IS,6.501381874084473
2021-06-03,GARAN.IS,6.485249042510986
2021-06-04,GARAN.IS,6.533646583557129
2021-06-07,GARAN.IS,6.6869049072265625
2021-06-08,GARAN.IS,6.694972038269043
2021-06-09,GARAN.IS,6.743369102478027
2021-06-10,GARAN.IS,6.840163230895996
2021-06-11,GARAN.IS,6.824031352996826
2021-06-14,GARAN.IS,6.743369102478027
2021-06-15,GARAN.IS,6.791766166687012
2021-06-16,GARAN.IS,6.743369102478027
2021-06-17,GARAN.IS,6.606242656707764
2021-06-18,GARAN.IS,6.582043647766113
2021-06-21,GARAN.IS,6.606242656707764
2021-06-22,GARAN.IS,6.711103916168213
2021-06-23,GARAN.IS,6.670773029327393
2021-06-24,GARAN.IS,6.727236270904541
2021-06-25,GARAN.IS,6.614309310913086
2021-06-28,GARAN.IS,6.5981764793396
2021-06-29,GARAN.IS,6.654640197753906
2021-06-30,GARAN.IS,6.694972038269043
2021-07-01,GARAN.IS,6.815965175628662
2021-07-02,GARAN.IS,6.775633335113525
2021-07-05,GARAN.IS,6.969223499298096
2021-07-06,GARAN.IS,6.9450249671936035
2021-07-07,GARAN.IS,7.041818618774414
2021-07-08,GARAN.IS,6.904693603515625
2021-07-09,GARAN.IS,6.880495071411133
2021-07-12,GARAN.IS,6.969223499298096
2021-07-13,GARAN.IS,6.815965175628662
2021-07-14,GARAN.IS,6.799832820892334
2021-07-16,GARAN.IS,6.735302925109863
2021-07-19,GARAN.IS,6.670773029327393
2021-07-26,GARAN.IS,6.573978424072266
2021-07-27,GARAN.IS,6.614309310913086
2021-07-28,GARAN.IS,6.614309310913086
2021-07-29,GARAN.IS,6.727236270904541
2021-07-30,GARAN.IS,6.872428894042969
2021-08-02,GARAN.IS,6.896627902984619
2021-08-03,GARAN.IS,7.146679878234863
2021-08-04,GARAN.IS,7.340269565582275
2021-08-05,GARAN.IS,7.469329357147217
2021-08-06,GARAN.IS,7.445130348205566
2021-08-09,GARAN.IS,7.372535228729248
2021-08-10,GARAN.IS,7.348334789276123
2021-08-11,GARAN.IS,7.219277381896973
2021-08-12,GARAN.IS,7.493528842926025
2021-08-13,GARAN.IS,7.477396011352539
2021-08-16,GARAN.IS,7.58225679397583
2021-08-17,GARAN.IS,7.630654335021973
2021-08-18,GARAN.IS,7.598389625549316
2021-08-19,GARAN.IS,7.493528842926025
2021-08-20,GARAN.IS,7.558058261871338
2021-08-23,GARAN.IS,7.703250885009766
2021-08-24,GARAN.IS,7.703250885009766
2021-08-25,GARAN.IS,7.687118053436279
2021-08-26,GARAN.IS,7.614521503448486
2021-08-27,GARAN.IS,7.711317539215088
2021-08-31,GARAN.IS,7.969435691833496
2021-09-01,GARAN.IS,7.929104328155518
2021-09-02,GARAN.IS,7.953303813934326
2021-09-03,GARAN.IS,7.92103910446167
2021-09-06,GARAN.IS,7.9936347007751465
2021-09-07,GARAN.IS,7.848442077636719
2021-09-08,GARAN.IS,7.590322971343994
2021-09-09,GARAN.IS,7.711317539215088
2021-09-10,GARAN.IS,7.654853343963623
2021-09-13,GARAN.IS,7.574191093444824
2021-09-14,GARAN.IS,7.711317539215088
2021-09-15,GARAN.IS,7.6064558029174805
2021-09-16,GARAN.IS,7.662919044494629
2021-09-17,GARAN.IS,7.574191093444824
2021-09-20,GARAN.IS,7.324138164520264
2021-09-21,GARAN.IS,7.404799938201904
2021-09-22,GARAN.IS,7.646786212921143
2021-09-23,GARAN.IS,7.404799938201904
2021-09-24,GARAN.IS,7.114415168762207
2021-09-27,GARAN.IS,7.195077896118164
2021-09-28,GARAN.IS,7.130548477172852
2021-09-29,GARAN.IS,7.3080058097839355
2021-09-30,GARAN.IS,7.453197479248047
2021-10-01,GARAN.IS,7.485462188720703
2021-10-04,GARAN.IS,7.4370646476745605
2021-10-05,GARAN.IS,7.485462188720703
2021-10-06,GARAN.IS,7.4370646476745605
2021-10-07,GARAN.IS,7.574191093444824
2021-10-08,GARAN.IS,7.5015950202941895
2021-10-11,GARAN.IS,7.614521503448486
2021-10-12,GARAN.IS,7.662919044494629
2021-10-13,GARAN.IS,7.566124439239502
2021-10-14,GARAN.IS,7.469329357147217
2021-10-15,GARAN.IS,7.203144073486328
2021-10-18,GARAN.IS,7.098283290863037
2021-10-19,GARAN.IS,7.283806800842285
2021-10-20,GARAN.IS,7.348334789276123
2021-10-21,GARAN.IS,7.2515411376953125
2021-10-22,GARAN.IS,7.35640287399292
2021-10-25,GARAN.IS,7.324138164520264
2021-10-26,GARAN.IS,7.453197479248047
2021-10-27,GARAN.IS,7.711317539215088
2021-10-28,GARAN.IS,7.945237159729004
2021-11-01,GARAN.IS,8.171091079711914
2021-11-02,GARAN.IS,8.195290565490723
2021-11-03,GARAN.IS,8.372747421264648
2021-11-04,GARAN.IS,8.429210662841797
2021-11-05,GARAN.IS,8.558270454406738
2021-11-08,GARAN.IS,8.695396423339844
2021-11-09,GARAN.IS,8.534071922302246
2021-11-10,GARAN.IS,8.655065536499023
2021-11-11,GARAN.IS,8.55020523071289
2021-11-12,GARAN.IS,8.534071922302246
2021-11-15,GARAN.IS,9.381026268005371
2021-11-16,GARAN.IS,9.735940933227539
2021-11-17,GARAN.IS,9.598814010620117
2021-11-18,GARAN.IS,9.873065948486328
2021-11-19,GARAN.IS,9.719808578491211
2021-11-22,GARAN.IS,9.63107967376709
2021-11-23,GARAN.IS,9.33262825012207
2021-11-24,GARAN.IS,9.542350769042969
2021-11-25,GARAN.IS,9.469754219055176
2021-11-26,GARAN.IS,9.227767944335938
2021-11-29,GARAN.IS,9.195502281188965
2021-11-30,GARAN.IS,9.211634635925293
2021-12-01,GARAN.IS,9.389092445373535
2021-12-02,GARAN.IS,9.3971586227417
2021-12-03,GARAN.IS,9.405224800109863
2021-12-06,GARAN.IS,9.550416946411133
2021-12-07,GARAN.IS,9.542350769042969
2021-12-08,GARAN.IS,9.66334342956543
2021-12-09,GARAN.IS,9.566549301147461
2021-12-10,GARAN.IS,9.461688995361328
2021-12-13,GARAN.IS,9.614947319030762
2021-12-14,GARAN.IS,9.808536529541016
2021-12-15,GARAN.IS,9.671409606933594
2021-12-16,GARAN.IS,10.010191917419434
2021-12-17,GARAN.IS,9.381026268005371
2021-12-20,GARAN.IS,9.34069538116455
2021-12-21,GARAN.IS,9.179369926452637
2021-12-22,GARAN.IS,9.582681655883789
2021-12-23,GARAN.IS,9.469754219055176
2021-12-24,GARAN.IS,9.453622817993164
2021-12-27,GARAN.IS,9.413290977478027
2021-12-28,GARAN.IS,9.06644344329834
2021-12-29,GARAN.IS,9.227767944335938
2021-12-30,GARAN.IS,9.243900299072266
2021-12-31,GARAN.IS,9.090641975402832
2022-01-03,GARAN.IS,9.243900299072266
2022-01-04,GARAN.IS,9.21970272064209
2022-01-05,GARAN.IS,9.235834121704102
2022-01-06,GARAN.IS,9.260032653808594
2022-01-07,GARAN.IS,9.47782039642334
2022-01-10,GARAN.IS,9.469754219055176
2022-01-11,GARAN.IS,9.502019882202148
2022-01-12,GARAN.IS,9.558484077453613
2022-01-13,GARAN.IS,9.582681655883789
2022-01-14,GARAN.IS,9.566549301147461
2022-01-17,GARAN.IS,9.671409606933594
2022-01-18,GARAN.IS,9.29229736328125
2022-01-19,GARAN.IS,9.703675270080566
2022-01-20,GARAN.IS,9.63107967376709
2022-01-21,GARAN.IS,9.623013496398926
2022-01-24,GARAN.IS,9.421357154846191
2022-01-25,GARAN.IS,9.550416946411133
2022-01-26,GARAN.IS,9.534284591674805
2022-01-27,GARAN.IS,9.614947319030762
2022-01-28,GARAN.IS,9.518152236938477
2022-01-31,GARAN.IS,9.606880187988281
2022-02-01,GARAN.IS,9.63107967376709
2022-02-02,GARAN.IS,9.913397789001465
2022-02-03,GARAN.IS,9.63107967376709
2022-02-04,GARAN.IS,9.623013496398926
2022-02-07,GARAN.IS,9.63107967376709
2022-02-08,GARAN.IS,9.679476737976074
2022-02-09,GARAN.IS,9.703675270080566
2022-02-10,GARAN.IS,9.655279159545898
2022-02-11,GARAN.IS,9.63107967376709
2022-02-14,GARAN.IS,9.52621841430664
2022-02-15,GARAN.IS,9.598814010620117
2022-02-16,GARAN.IS,9.550416946411133
2022-02-17,GARAN.IS,9.518152236938477
2022-02-18,GARAN.IS,9.550416946411133
2022-02-21,GARAN.IS,9.518152236938477
2022-02-22,GARAN.IS,9.429423332214355
2022-02-23,GARAN.IS,9.381026268005371
2022-02-24,GARAN.IS,8.88092041015625
2022-02-25,GARAN.IS,9.179369926452637
2022-02-28,GARAN.IS,8.937383651733398
2022-03-01,GARAN.IS,9.372960090637207
2022-03-02,GARAN.IS,9.372960090637207
2022-03-03,GARAN.IS,9.502019882202148
2022-03-04,GARAN.IS,9.558484077453613
2022-03-07,GARAN.IS,9.47782039642334
2022-03-08,GARAN.IS,9.356828689575195
2022-03-09,GARAN.IS,9.550416946411133
2022-03-10,GARAN.IS,9.453622817993164
2022-03-11,GARAN.IS,9.493953704833984
2022-03-14,GARAN.IS,9.566549301147461
2022-03-15,GARAN.IS,9.574615478515625
2022-03-16,GARAN.IS,9.566549301147461
2022-03-17,GARAN.IS,9.566549301147461
2022-03-18,GARAN.IS,9.542350769042969
2022-03-21,GARAN.IS,9.542350769042969
2022-03-22,GARAN.IS,9.623013496398926
2022-03-23,GARAN.IS,9.81660270690918
2022-03-24,GARAN.IS,9.719808578491211
2022-03-25,GARAN.IS,9.752073287963867
2022-03-28,GARAN.IS,9.760138511657715
2022-03-29,GARAN.IS,9.768205642700195
2022-03-30,GARAN.IS,9.832735061645508
2022-03-31,GARAN.IS,9.840802192687988
2022-04-01,GARAN.IS,10.042457580566406
2022-04-04,GARAN.IS,10.187649726867676
2022-04-05,GARAN.IS,10.074722290039062
2022-04-06,GARAN.IS,10.010191917419434
2022-04-07,GARAN.IS,10.171516418457031
2022-04-08,GARAN.IS,10.728086471557617
2022-04-11,GARAN.IS,11.195927619934082
2022-04-12,GARAN.IS,11.074934005737305
2022-04-13,GARAN.IS,11.002339363098145
2022-04-14,GARAN.IS,11.050735473632812
2022-04-15,GARAN.IS,11.21205997467041
2022-04-18,GARAN.IS,11.63150405883789
2022-04-19,GARAN.IS,11.437915802001953
2022-04-20,GARAN.IS,11.4459810256958
2022-04-21,GARAN.IS,11.687968254089355
2022-04-22,GARAN.IS,11.4459810256958
2022-04-25,GARAN.IS,12.075148582458496
2022-04-26,GARAN.IS,12.083213806152344
2022-04-27,GARAN.IS,12.075148582458496
2022-04-28,GARAN.IS,12.083213806152344
2022-04-29,GARAN.IS,12.083213806152344
2022-05-05,GARAN.IS,12.083213806152344
2022-05-06,GARAN.IS,12.083213806152344
2022-05-09,GARAN.IS,12.091279029846191
2022-05-10,GARAN.IS,12.091279029846191
2022-05-11,GARAN.IS,12.083213806152344
2022-05-12,GARAN.IS,12.083213806152344
2022-05-13,GARAN.IS,12.083213806152344
2022-05-16,GARAN.IS,12.075148582458496
2022-05-17,GARAN.IS,12.075148582458496
2022-05-18,GARAN.IS,12.623651504516602
2022-05-20,GARAN.IS,13.107624053955078
2022-05-23,GARAN.IS,12.236471176147461
2022-05-24,GARAN.IS,12.19614028930664
2022-05-25,GARAN.IS,12.147770881652832
2022-05-26,GARAN.IS,12.073648452758789
2022-05-27,GARAN.IS,11.711275100708008
2022-05-30,GARAN.IS,11.834811210632324
2022-05-31,GARAN.IS,11.983055114746094
2022-06-01,GARAN.IS,12.378372192382812
2022-06-02,GARAN.IS,12.411314964294434
2022-06-03,GARAN.IS,12.403079986572266
2022-06-06,GARAN.IS,13.2925443649292
2022-06-07,GARAN.IS,12.88899040222168
2022-06-08,GARAN.IS,12.559558868408203
2022-06-09,GARAN.IS,12.600739479064941
2022-06-10,GARAN.IS,12.617209434509277
2022-06-13,GARAN.IS,12.419551849365234
2022-06-14,GARAN.IS,12.36190128326416
2022-06-15,GARAN.IS,12.287778854370117
2022-06-16,GARAN.IS,11.900697708129883
2022-06-17,GARAN.IS,12.436023712158203
2022-06-20,GARAN.IS,12.683095932006836
2022-06-21,GARAN.IS,12.864283561706543
2022-06-22,GARAN.IS,12.84781265258789
2022-06-23,GARAN.IS,12.666624069213867
2022-06-24,GARAN.IS,12.501910209655762
2022-06-27,GARAN.IS,12.328958511352539
2022-06-28,GARAN.IS,11.941876411437988
2022-06-29,GARAN.IS,11.431258201599121
2022-06-30,GARAN.IS,11.447729110717773
2022-07-01,GARAN.IS,11.554794311523438
2022-07-04,GARAN.IS,11.159477233886719
2022-07-05,GARAN.IS,11.093591690063477
2022-07-06,GARAN.IS,11.4065523147583
2022-07-07,GARAN.IS,11.735981941223145
2022-07-08,GARAN.IS,11.59597396850586
2022-07-13,GARAN.IS,11.5300874710083
2022-07-14,GARAN.IS,11.62891674041748
2022-07-18,GARAN.IS,12.18071460723877
2022-07-19,GARAN.IS,12.485437393188477
2022-07-20,GARAN.IS,12.46896743774414
2022-07-21,GARAN.IS,12.436023712158203
2022-07-22,GARAN.IS,12.436023712158203
2022-07-25,GARAN.IS,12.88899040222168
2022-07-26,GARAN.IS,12.427786827087402
2022-07-27,GARAN.IS,12.403079986572266
2022-07-28,GARAN.IS,12.098356246948242
2022-07-29,GARAN.IS,11.958349227905273
2022-08-01,GARAN.IS,12.114827156066895
2022-08-02,GARAN.IS,12.090121269226074
2022-08-03,GARAN.IS,12.221892356872559
2022-08-04,GARAN.IS,12.518381118774414
2022-08-05,GARAN.IS,12.913698196411133
2022-08-08,GARAN.IS,12.979585647583008
2022-08-09,GARAN.IS,13.201950073242188
2022-08-10,GARAN.IS,13.753747940063477
2022-08-11,GARAN.IS,14.882048606872559
2022-08-12,GARAN.IS,14.618504524230957
2022-08-15,GARAN.IS,15.071471214294434
2022-08-16,GARAN.IS,15.895048141479492
2022-08-17,GARAN.IS,17.476318359375
2022-08-18,GARAN.IS,17.278661727905273
2022-08-19,GARAN.IS,16.81745719909668
2022-08-22,GARAN.IS,17.295133590698242
2022-08-23,GARAN.IS,19.0081729888916
2022-08-24,GARAN.IS,19.288188934326172
2022-08-25,GARAN.IS,21.215362548828125
2022-08-26,GARAN.IS,20.58944320678711
2022-08-29,GARAN.IS,19.947053909301758
2022-08-31,GARAN.IS,18.94228744506836
2022-09-01,GARAN.IS,18.711685180664062
2022-09-02,GARAN.IS,20.07882308959961
2022-09-05,GARAN.IS,20.836515426635742
2022-09-06,GARAN.IS,21.314189910888672
2022-09-07,GARAN.IS,19.848222732543945
2022-09-08,GARAN.IS,19.60114860534668
2022-09-09,GARAN.IS,21.561262130737305
2022-09-12,GARAN.IS,23.702566146850586
2022-09-13,GARAN.IS,24.34495735168457
2022-09-14,GARAN.IS,21.92363929748535
2022-09-15,GARAN.IS,19.732921600341797
2022-09-16,GARAN.IS,17.937522888183594
2022-09-19,GARAN.IS,16.150362014770508
2022-09-20,GARAN.IS,16.586854934692383
2022-09-21,GARAN.IS,15.853869438171387
2022-09-22,GARAN.IS,15.779748916625977
2022-09-23,GARAN.IS,15.3267822265625
2022-09-26,GARAN.IS,15.870344161987305
2022-09-27,GARAN.IS,16.15859603881836
2022-09-28,GARAN.IS,15.853869438171387
2022-09-29,GARAN.IS,15.483259201049805
2022-09-30,GARAN.IS,16.002113342285156
2022-10-03,GARAN.IS,17.59161949157715
2022-10-04,GARAN.IS,17.509262084960938
2022-10-05,GARAN.IS,17.048057556152344
2022-10-06,GARAN.IS,17.459848403930664
2022-10-07,GARAN.IS,17.443376541137695
2022-10-10,GARAN.IS,17.229246139526367
2022-10-11,GARAN.IS,17.87163734436035
2022-10-12,GARAN.IS,17.542203903198242
2022-10-13,GARAN.IS,17.426904678344727
2022-10-14,GARAN.IS,18.036352157592773
2022-10-17,GARAN.IS,19.831750869750977
2022-10-18,GARAN.IS,20.012937545776367
2022-10-19,GARAN.IS,21.116533279418945
2022-10-20,GARAN.IS,20.836515426635742
2022-10-21,GARAN.IS,20.556499481201172
2022-10-24,GARAN.IS,20.161182403564453
2022-10-25,GARAN.IS,20.07882308959961
2022-10-26,GARAN.IS,20.49061393737793
2022-10-27,GARAN.IS,19.69997787475586
2022-10-28,GARAN.IS,19.288188934326172
2022-10-31,GARAN.IS,19.354074478149414
2022-11-01,GARAN.IS,19.271717071533203
2022-11-02,GARAN.IS,19.337602615356445
2022-11-03,GARAN.IS,19.074058532714844
2022-11-04,GARAN.IS,19.436433792114258
2022-11-07,GARAN.IS,20.260011672973633
2022-11-08,GARAN.IS,20.35883903503418
2022-11-09,GARAN.IS,19.947053909301758
2022-11-10,GARAN.IS,20.556499481201172
2022-11-11,GARAN.IS,20.128238677978516
2022-11-14,GARAN.IS,20.260011672973633
2022-11-15,GARAN.IS,21.42949104309082
2022-11-16,GARAN.IS,21.72597885131836
2022-11-17,GARAN.IS,20.622386932373047
2022-11-18,GARAN.IS,20.902400970458984
2022-11-21,GARAN.IS,21.54479217529297
2022-11-22,GARAN.IS,22.071882247924805
2022-11-23,GARAN.IS,22.763689041137695
2022-11-24,GARAN.IS,22.318954467773438
2022-11-25,GARAN.IS,21.72597885131836
2022-11-28,GARAN.IS,22.253068923950195
2022-11-29,GARAN.IS,22.12129783630371
2022-11-30,GARAN.IS,21.956581115722656
2022-12-01,GARAN.IS,22.055410385131836
2022-12-02,GARAN.IS,21.297718048095703
2022-12-05,GARAN.IS,21.16594886779785
2022-12-06,GARAN.IS,21.24830436706543
2022-12-07,GARAN.IS,20.58944320678711
2022-12-08,GARAN.IS,21.2647762298584
2022-12-09,GARAN.IS,22.13776969909668
2022-12-12,GARAN.IS,22.961345672607422
2022-12-13,GARAN.IS,22.664859771728516
2022-12-14,GARAN.IS,22.417783737182617
2022-12-15,GARAN.IS,23.521379470825195
2022-12-16,GARAN.IS,23.76845359802246
2022-12-19,GARAN.IS,26.041528701782227
2022-12-20,GARAN.IS,24.872047424316406
2022-12-21,GARAN.IS,24.542613983154297
2022-12-22,GARAN.IS,24.509672164916992
2022-12-23,GARAN.IS,24.542613983154297
2022-12-26,GARAN.IS,24.888519287109375
2022-12-27,GARAN.IS,24.83910369873047
2022-12-28,GARAN.IS,24.097883224487305
2022-12-29,GARAN.IS,24.954404830932617
2022-12-30,GARAN.IS,24.740276336669922
2023-01-02,GARAN.IS,25.21795082092285
2023-01-03,GARAN.IS,24.559085845947266
2023-01-04,GARAN.IS,24.70732879638672
2023-01-05,GARAN.IS,23.817867279052734
2023-01-06,GARAN.IS,23.241363525390625
2023-01-09,GARAN.IS,22.00599479675293
2023-01-10,GARAN.IS,21.231834411621094
2023-01-11,GARAN.IS,19.667036056518555
2023-01-12,GARAN.IS,20.194124221801758
2023-01-13,GARAN.IS,19.89763641357422
2023-01-16,GARAN.IS,20.754159927368164
2023-01-17,GARAN.IS,20.918872833251953
2023-01-18,GARAN.IS,20.95181655883789
2023-01-19,GARAN.IS,21.116533279418945
2023-01-20,GARAN.IS,22.154239654541016
2023-01-23,GARAN.IS,22.368370056152344
2023-01-24,GARAN.IS,21.775392532348633
2023-01-25,GARAN.IS,21.001230239868164
2023-01-26,GARAN.IS,20.21059799194336
2023-01-27,GARAN.IS,19.61762046813965
2023-01-30,GARAN.IS,19.667036056518555
2023-01-31,GARAN.IS,19.798809051513672
2023-02-01,GARAN.IS,18.415199279785156
2023-02-02,GARAN.IS,18.019880294799805
2023-02-03,GARAN.IS,19.419963836669922
2023-02-06,GARAN.IS,18.56344223022461
2023-02-07,GARAN.IS,17.344547271728516
2023-02-08,GARAN.IS,16.19977378845215
2023-02-15,GARAN.IS,19.074058532714844
2023-02-16,GARAN.IS,18.92581558227539
2023-02-17,GARAN.IS,18.678743362426758
2023-02-20,GARAN.IS,18.72815704345703
2023-02-21,GARAN.IS,18.678743362426758
2023-02-22,GARAN.IS,18.761098861694336
2023-02-23,GARAN.IS,18.72815704345703
2023-02-24,GARAN.IS,18.316368103027344
2023-02-27,GARAN.IS,19.436433792114258
2023-02-28,GARAN.IS,19.172887802124023
2023-03-01,GARAN.IS,19.403491973876953
2023-03-02,GARAN.IS,19.551734924316406
2023-03-03,GARAN.IS,19.667036056518555
2023-03-06,GARAN.IS,21.16594886779785
2023-03-07,GARAN.IS,21.13300323486328
2023-03-08,GARAN.IS,23.241363525390625
2023-03-09,GARAN.IS,23.093120574951172
2023-03-10,GARAN.IS,23.43902015686035
2023-03-13,GARAN.IS,22.12129783630371
2023-03-14,GARAN.IS,21.676565170288086
2023-03-15,GARAN.IS,21.775392532348633
2023-03-16,GARAN.IS,21.989524841308594
2023-03-17,GARAN.IS,21.05064582824707
2023-03-20,GARAN.IS,21.33066177368164
2023-03-21,GARAN.IS,20.65532875061035
2023-03-22,GARAN.IS,21.511850357055664
2023-03-23,GARAN.IS,22.549556732177734
2023-03-24,GARAN.IS,22.170711517333984
2023-03-27,GARAN.IS,22.10482406616211
2023-03-28,GARAN.IS,21.54479217529297
2023-03-29,GARAN.IS,22.58249855041504
2023-03-30,GARAN.IS,23.356666564941406
2023-03-31,GARAN.IS,22.944875717163086
2023-04-03,GARAN.IS,23.175474166870117
2023-04-04,GARAN.IS,23.389606475830078
2023-04-05,GARAN.IS,22.763689041137695
2023-04-06,GARAN.IS,22.516613006591797
2023-04-07,GARAN.IS,22.467199325561523
2023-04-10,GARAN.IS,22.91193199157715
2023-04-11,GARAN.IS,23.73550796508789
2023-04-12,GARAN.IS,24.954404830932617
2023-04-13,GARAN.IS,24.262598037719727
2023-04-14,GARAN.IS,24.23566246032715
2023-04-17,GARAN.IS,24.147016525268555
2023-04-18,GARAN.IS,24.678890228271484
2023-04-19,GARAN.IS,26.15040397644043
2023-04-20,GARAN.IS,24.94482421875
2023-04-24,GARAN.IS,24.980283737182617
2023-04-25,GARAN.IS,24.005184173583984
2023-04-26,GARAN.IS,24.022912979125977
2023-04-27,GARAN.IS,24.820722579956055
2023-04-28,GARAN.IS,24.271120071411133
2023-05-02,GARAN.IS,24.466140747070312
2023-05-03,GARAN.IS,24.253393173217773
2023-05-04,GARAN.IS,23.56195640563965
2023-05-05,GARAN.IS,22.604585647583008
2023-05-08,GARAN.IS,24.678890228271484
2023-05-09,GARAN.IS,25.175304412841797
2023-05-10,GARAN.IS,25.157575607299805
2023-05-11,GARAN.IS,27.657377243041992
2023-05-12,GARAN.IS,29.341638565063477
2023-05-15,GARAN.IS,26.416339874267578
2023-05-16,GARAN.IS,23.881080627441406
2023-05-17,GARAN.IS,23.313751220703125
2023-05-18,GARAN.IS,22.161359786987305
2023-05-22,GARAN.IS,21.363550186157227
2023-05-23,GARAN.IS,21.38127899169922
2023-05-24,GARAN.IS,20.920324325561523
2023-05-25,GARAN.IS,21.345821380615234
2023-05-26,GARAN.IS,21.78904914855957
2023-05-29,GARAN.IS,22.285463333129883
2023-05-30,GARAN.IS,24.50160026550293
2023-05-31,GARAN.IS,23.739248275756836
2023-06-01,GARAN.IS,24.058372497558594
2023-06-02,GARAN.IS,25.405780792236328
2023-06-05,GARAN.IS,26.132673263549805
2023-06-06,GARAN.IS,25.742637634277344
2023-06-07,GARAN.IS,26.57590103149414
2023-06-08,GARAN.IS,26.877296447753906
2023-06-09,GARAN.IS,26.593629837036133
2023-06-12,GARAN.IS,25.778093338012695
2023-06-13,GARAN.IS,25.529884338378906
2023-06-14,GARAN.IS,25.990840911865234
2023-06-15,GARAN.IS,27.17868995666504
2023-06-16,GARAN.IS,26.664546966552734
2023-06-19,GARAN.IS,26.079486846923828
2023-06-20,GARAN.IS,27.17868995666504
2023-06-21,GARAN.IS,26.68227767944336
2023-06-22,GARAN.IS,26.912755966186523
2023-06-23,GARAN.IS,28.011960983276367
2023-06-26,GARAN.IS,28.80976676940918
2023-06-27,GARAN.IS,28.40199851989746
2023-07-03,GARAN.IS,29.00478744506836
2023-07-04,GARAN.IS,30.01534652709961
2023-07-05,GARAN.IS,29.784866333007812
2023-07-06,GARAN.IS,29.341638565063477
2023-07-07,GARAN.IS,29.21753692626953
2023-07-10,GARAN.IS,29.377098083496094
2023-07-11,GARAN.IS,31.096818923950195
2023-07-12,GARAN.IS,33.188846588134766
2023-07-13,GARAN.IS,35.01494598388672
2023-07-14,GARAN.IS,34.12849044799805
2023-07-17,GARAN.IS,34.12849044799805
2023-07-18,GARAN.IS,31.71733856201172
2023-07-19,GARAN.IS,33.188846588134766
2023-07-20,GARAN.IS,33.50797653198242
2023-07-21,GARAN.IS,32.568336486816406
2023-07-24,GARAN.IS,32.17829132080078
2023-07-25,GARAN.IS,33.667537689208984
2023-07-26,GARAN.IS,33.614349365234375
2023-07-27,GARAN.IS,35.36953353881836
2023-07-28,GARAN.IS,37.904788970947266
2023-07-31,GARAN.IS,38.915348052978516
2023-08-01,GARAN.IS,37.86933135986328
2023-08-02,GARAN.IS,40.40459060668945
2023-08-03,GARAN.IS,40.40459060668945
2023-08-04,GARAN.IS,41.663352966308594
2023-08-07,GARAN.IS,41.48606491088867
2023-08-08,GARAN.IS,42.74483108520508
2023-08-09,GARAN.IS,46.98208236694336
2023-08-10,GARAN.IS,48.311763763427734
2023-08-11,GARAN.IS,49.198219299316406
2023-08-14,GARAN.IS,49.50847625732422
2023-08-15,GARAN.IS,49.198219299316406
2023-08-16,GARAN.IS,47.64692687988281
2023-08-17,GARAN.IS,48.04582595825195
2023-08-18,GARAN.IS,44.8989143371582
2023-08-21,GARAN.IS,44.09224319458008
2023-08-22,GARAN.IS,43.649017333984375
2023-08-23,GARAN.IS,43.879493713378906
2023-08-24,GARAN.IS,48.2674446105957
2023-08-25,GARAN.IS,47.11505126953125
2023-08-28,GARAN.IS,46.76047134399414
2023-08-29,GARAN.IS,45.563758850097656
2023-08-31,GARAN.IS,44.5000114440918
2023-09-01,GARAN.IS,45.076202392578125
2023-09-04,GARAN.IS,45.4307861328125
2023-09-05,GARAN.IS,46.00698471069336
2023-09-06,GARAN.IS,45.60808181762695
2023-09-07,GARAN.IS,46.45021057128906
2023-09-08,GARAN.IS,46.3615608215332
2023-09-11,GARAN.IS,44.54433059692383
2023-09-12,GARAN.IS,43.93267822265625
2023-09-13,GARAN.IS,43.57809829711914
2023-09-14,GARAN.IS,44.854591369628906
2023-09-15,GARAN.IS,44.32271957397461
2023-09-18,GARAN.IS,43.968135833740234
2023-09-19,GARAN.IS,44.367042541503906
2023-09-20,GARAN.IS,45.652400970458984
2023-09-21,GARAN.IS,46.09562683105469
2023-09-22,GARAN.IS,45.03187942504883
2023-09-25,GARAN.IS,45.69672393798828
2023-09-26,GARAN.IS,45.60808181762695
2023-09-27,GARAN.IS,45.03187942504883
2023-09-28,GARAN.IS,45.29781723022461
2023-09-29,GARAN.IS,47.20369338989258
2023-10-02,GARAN.IS,47.86853790283203
2023-10-03,GARAN.IS,47.248016357421875
2023-10-04,GARAN.IS,45.82969284057617
2023-10-05,GARAN.IS,46.716148376464844
2023-10-06,GARAN.IS,45.74104690551758
2023-10-09,GARAN.IS,44.14543151855469
2023-10-10,GARAN.IS,45.209171295166016
2023-10-11,GARAN.IS,45.12052917480469
2023-10-12,GARAN.IS,44.32271957397461
2023-10-13,GARAN.IS,43.08168411254883
2023-10-16,GARAN.IS,42.85120391845703
2023-10-17,GARAN.IS,43.808570861816406
2023-10-18,GARAN.IS,42.00020980834961
2023-10-19,GARAN.IS,40.98965072631836
2023-10-20,GARAN.IS,39.553592681884766
2023-10-23,GARAN.IS,40.77690124511719
2023-10-24,GARAN.IS,44.05678176879883
2023-10-25,GARAN.IS,40.333675384521484
2023-10-26,GARAN.IS,42.319332122802734
2023-10-27,GARAN.IS,43.542640686035156
2023-10-30,GARAN.IS,42.93985366821289
2023-10-31,GARAN.IS,41.663352966308594
2023-11-01,GARAN.IS,41.361961364746094
2023-11-02,GARAN.IS,42.195228576660156
2023-11-03,GARAN.IS,42.709373474121094
2023-11-06,GARAN.IS,44.4556884765625
2023-11-07,GARAN.IS,44.1276969909668
2023-11-08,GARAN.IS,43.205787658691406
2023-11-09,GARAN.IS,42.85120391845703
2023-11-10,GARAN.IS,42.372520446777344
2023-11-13,GARAN.IS,40.70598602294922
2023-11-14,GARAN.IS,41.13148498535156
2023-11-15,GARAN.IS,40.954193115234375
2023-11-16,GARAN.IS,41.947021484375
2023-11-17,GARAN.IS,42.035667419433594
2023-11-20,GARAN.IS,43.11714172363281
2023-11-21,GARAN.IS,43.47172164916992
2023-11-22,GARAN.IS,43.82630157470703
2023-11-23,GARAN.IS,44.54433059692383
2023-11-24,GARAN.IS,45.785369873046875
2023-11-27,GARAN.IS,48.53337478637695
2023-11-28,GARAN.IS,48.311763763427734
2023-11-29,GARAN.IS,48.09014892578125
2023-11-30,GARAN.IS,47.91285705566406
2023-12-01,GARAN.IS,50.04035186767578
2023-12-04,GARAN.IS,51.32571029663086
2023-12-05,GARAN.IS,51.81325912475586
2023-12-06,GARAN.IS,53.187259674072266
2023-12-07,GARAN.IS,52.6553955078125
2023-12-08,GARAN.IS,51.14841842651367
2023-12-11,GARAN.IS,50.04035186767578
2023-12-12,GARAN.IS,52.6553955078125
2023-12-13,GARAN.IS,52.212162017822266
2023-12-14,GARAN.IS,55.40340042114258
2023-12-15,GARAN.IS,55.004493713378906
2023-12-18,GARAN.IS,55.0488166809082
2023-12-19,GARAN.IS,53.71913528442383
2023-12-20,GARAN.IS,55.40340042114258
2023-12-21,GARAN.IS,55.181785583496094
2023-12-22,GARAN.IS,53.45319747924805
2023-12-25,GARAN.IS,51.14841842651367
2023-12-26,GARAN.IS,49.81873321533203
2023-12-27,GARAN.IS,49.419830322265625
2023-12-28,GARAN.IS,49.90738296508789
2023-12-29,GARAN.IS,51.724613189697266
2024-01-02,GARAN.IS,52.1678352355957
2024-01-03,GARAN.IS,50.08467483520508
2024-01-04,GARAN.IS,51.05976867675781
2024-01-05,GARAN.IS,50.882484436035156
2024-01-08,GARAN.IS,55.0488166809082
2024-01-09,GARAN.IS,55.492042541503906
2024-01-10,GARAN.IS,56.5557861328125
2024-01-11,GARAN.IS,58.151405334472656
2024-01-12,GARAN.IS,60.10160827636719
2024-01-15,GARAN.IS,58.94921875
2024-01-16,GARAN.IS,56.51146697998047
2024-01-17,GARAN.IS,56.201210021972656
2024-01-18,GARAN.IS,55.80229949951172
2024-01-19,GARAN.IS,56.33417510986328
2024-01-22,GARAN.IS,55.314754486083984
2024-01-23,GARAN.IS,53.408878326416016
2024-01-24,GARAN.IS,55.22610855102539
2024-01-25,GARAN.IS,55.004493713378906
2024-01-26,GARAN.IS,55.97959899902344
2024-01-29,GARAN.IS,56.201210021972656
2024-01-30,GARAN.IS,56.37849807739258
2024-01-31,GARAN.IS,56.28985595703125
2024-02-01,GARAN.IS,57.39792251586914
2024-02-02,GARAN.IS,56.64443588256836
2024-02-05,GARAN.IS,57.5752067565918
2024-02-06,GARAN.IS,57.66386032104492
2024-02-07,GARAN.IS,56.73307800292969
2024-02-08,GARAN.IS,56.999019622802734
2024-02-09,GARAN.IS,57.13198471069336
2024-02-12,GARAN.IS,58.37302017211914
2024-02-13,GARAN.IS,57.30927658081055
2024-02-14,GARAN.IS,56.77740478515625
2024-02-15,GARAN.IS,58.151405334472656
2024-02-16,GARAN.IS,58.4173469543457
2024-02-19,GARAN.IS,59.126502990722656
2024-02-20,GARAN.IS,60.27889633178711
2024-02-21,GARAN.IS,60.63348388671875
2024-02-22,GARAN.IS,58.46166229248047
2024-02-23,GARAN.IS,58.816246032714844
2024-02-26,GARAN.IS,57.61953353881836
2024-02-27,GARAN.IS,56.28985595703125
2024-02-28,GARAN.IS,55.44771957397461
2024-02-29,GARAN.IS,55.935272216796875
2024-03-01,GARAN.IS,54.82720184326172
2024-03-04,GARAN.IS,53.408878326416016
2024-03-05,GARAN.IS,53.009971618652344
2024-03-06,GARAN.IS,52.30080795288086
2024-03-07,GARAN.IS,55.0488166809082
2024-03-08,GARAN.IS,56.28985595703125
2024-03-11,GARAN.IS,55.84662628173828
2024-03-12,GARAN.IS,56.95469284057617
2024-03-13,GARAN.IS,56.068241119384766
2024-03-14,GARAN.IS,54.6499137878418
2024-03-15,GARAN.IS,53.98507308959961
2024-03-18,GARAN.IS,54.383975982666016
2024-03-19,GARAN.IS,56.5557861328125
2024-03-20,GARAN.IS,56.910369873046875
2024-03-21,GARAN.IS,60.23456954956055
2024-03-22,GARAN.IS,60.988059997558594
2024-03-25,GARAN.IS,61.12102508544922
2024-03-26,GARAN.IS,60.8994140625
2024-03-27,GARAN.IS,60.8994140625
2024-03-28,GARAN.IS,63.381492614746094
2024-03-29,GARAN.IS,63.491783142089844
2024-04-01,GARAN.IS,64.69673919677734
2024-04-02,GARAN.IS,64.97480010986328
2024-04-03,GARAN.IS,64.51136016845703
2024-04-04,GARAN.IS,67.06028747558594
2024-04-05,GARAN.IS,68.86772918701172
2024-04-08,GARAN.IS,68.72869110107422
2024-04-09,GARAN.IS,57.32269515991211
2024-04-15,GARAN.IS,69.14579010009766
2024-04-16,GARAN.IS,65.43824005126953
2024-04-17,GARAN.IS,68.40428924560547
2024-04-18,GARAN.IS,68.58966064453125
2024-04-19,GARAN.IS,72.9460220336914
2024-04-22,GARAN.IS,70.86053466796875
2024-04-24,GARAN.IS,73.87291717529297
2024-04-25,GARAN.IS,73.31678009033203
2024-04-26,GARAN.IS,74.93883514404297
2024-04-29,GARAN.IS,75.95840454101562
2024-04-30,GARAN.IS,76.42185974121094
2024-05-02,GARAN.IS,77.48777770996094
2024-05-03,GARAN.IS,78.73907470703125
2024-05-06,GARAN.IS,78.13660430908203
2024-05-07,GARAN.IS,80.50016021728516
2024-05-08,GARAN.IS,79.71231079101562
2024-05-09,GARAN.IS,82.72469329833984
2024-05-10,GARAN.IS,80.17575073242188
2024-05-13,GARAN.IS,79.8976821899414
2024-05-14,GARAN.IS,83.41985321044922
2024-05-15,GARAN.IS,81.42704772949219
2024-05-16,GARAN.IS,82.3075942993164
2024-05-17,GARAN.IS,87.26644134521484
2024-05-20,GARAN.IS,88.8421401977539
2024-05-21,GARAN.IS,93.89368438720703
2024-05-22,GARAN.IS,93.3375473022461
2024-05-23,GARAN.IS,92.68872833251953
2024-05-24,GARAN.IS,91.99356079101562
2024-05-27,GARAN.IS,91.39108276367188
2024-05-28,GARAN.IS,92.87409973144531
2024-05-29,GARAN.IS,92.41065979003906
2024-05-30,GARAN.IS,95.0986328125
2024-05-31,GARAN.IS,99.91844940185547
2024-06-03,GARAN.IS,100.65995788574219
2024-06-04,GARAN.IS,96.67434692382812
2024-06-05,GARAN.IS,96.95240783691406
2024-06-06,GARAN.IS,95.19132232666016
2024-06-07,GARAN.IS,92.64238739013672
2024-06-10,GARAN.IS,91.2520523071289
2024-06-11,GARAN.IS,95.19132232666016
2024-06-12,GARAN.IS,95.46939086914062
2024-06-13,GARAN.IS,95.46939086914062
2024-06-14,GARAN.IS,97.23048400878906
2024-06-20,GARAN.IS,102.6991195678711
2024-06-21,GARAN.IS,103.6259994506836
2024-06-24,GARAN.IS,105.7578353881836
2024-06-25,GARAN.IS,104.8309555053711
2024-06-26,GARAN.IS,104.73826599121094
2024-06-27,GARAN.IS,108.1677474975586
2024-06-28,GARAN.IS,104.18212890625
2024-07-01,GARAN.IS,102.6064224243164
2024-07-02,GARAN.IS,104.73826599121094
2024-07-03,GARAN.IS,110.11421966552734
2024-07-04,GARAN.IS,110.29959106445312
2024-07-05,GARAN.IS,113.45101165771484
2024-07-08,GARAN.IS,114.74864959716797
2024-07-09,GARAN.IS,113.72907257080078
2024-07-10,GARAN.IS,114.28520965576172
2024-07-11,GARAN.IS,122.7198715209961
2024-07-12,GARAN.IS,122.81256866455078
2024-07-16,GARAN.IS,123.18331146240234
2024-07-17,GARAN.IS,122.81256866455078
2024-07-18,GARAN.IS,120.49534606933594
2024-07-19,GARAN.IS,121.60761260986328
2024-07-22,GARAN.IS,119.47576904296875
2024-07-23,GARAN.IS,116.32435607910156
2024-07-24,GARAN.IS,117.52931213378906
2024-07-25,GARAN.IS,115.675537109375
2024-07-26,GARAN.IS,115.675537109375
2024-07-29,GARAN.IS,116.97317504882812
2024-07-30,GARAN.IS,109.9288330078125
2024-07-31,GARAN.IS,114.74864959716797
2024-08-01,GARAN.IS,119.19771575927734
2024-08-02,GARAN.IS,115.11940002441406
2024-08-05,GARAN.IS,111.1337890625
2024-08-06,GARAN.IS,108.72388458251953
2024-08-07,GARAN.IS,107.5189208984375
2024-08-08,GARAN.IS,105.7578353881836
2024-08-09,GARAN.IS,102.51374053955078
2024-08-12,GARAN.IS,104.55289459228516
2024-08-13,GARAN.IS,107.70429992675781
2024-08-14,GARAN.IS,104.73826599121094
2024-08-15,GARAN.IS,105.66515350341797
2024-08-16,GARAN.IS,101.03071594238281
2024-08-19,GARAN.IS,103.53330993652344
2024-08-20,GARAN.IS,103.8113784790039
2024-08-21,GARAN.IS,104.18212890625
2024-08-22,GARAN.IS,105.66515350341797
2024-08-23,GARAN.IS,101.03071594238281
2024-08-26,GARAN.IS,100.84534454345703
2024-08-27,GARAN.IS,103.8113784790039
2024-08-28,GARAN.IS,102.6991195678711
2024-08-29,GARAN.IS,104.08944702148438
2024-09-02,GARAN.IS,106.96279907226562
2024-09-03,GARAN.IS,105.3870849609375
2024-09-04,GARAN.IS,105.7578353881836
2024-09-05,GARAN.IS,105.20170593261719
2024-09-06,GARAN.IS,103.90406036376953
2024-09-09,GARAN.IS,100.10382843017578
2024-09-10,GARAN.IS,98.80618286132812
2024-09-11,GARAN.IS,98.4354248046875
2024-09-12,GARAN.IS,101.67953491210938
2024-09-13,GARAN.IS,102.88449096679688
2024-09-16,GARAN.IS,103.44062042236328
2024-09-17,GARAN.IS,104.73826599121094
2024-09-18,GARAN.IS,105.85052490234375
2024-09-19,GARAN.IS,107.98237609863281
2024-09-20,GARAN.IS,110.4849624633789
2024-09-23,GARAN.IS,111.78260803222656
2024-09-24,GARAN.IS,116.78779602050781
2024-09-25,GARAN.IS,117.62200164794922
2024-09-26,GARAN.IS,114.74864959716797
2024-09-27,GARAN.IS,114.00714111328125
2024-09-30,GARAN.IS,113.45101165771484
2024-10-01,GARAN.IS,112.80217742919922
2024-10-02,GARAN.IS,107.1481704711914
2024-10-03,GARAN.IS,103.8113784790039
2024-10-04,GARAN.IS,107.05548095703125
2024-10-07,GARAN.IS,105.47977447509766
2024-10-08,GARAN.IS,106.87010955810547
2024-10-09,GARAN.IS,111.31916046142578
2024-10-10,GARAN.IS,109.00194549560547
2024-10-11,GARAN.IS,110.67034149169922
2024-10-14,GARAN.IS,107.98237609863281
2024-10-15,GARAN.IS,108.90925598144531
2024-10-16,GARAN.IS,108.3531265258789
2024-10-17,GARAN.IS,106.40666961669922
2024-10-18,GARAN.IS,102.79180908203125
2024-10-21,GARAN.IS,100.65995788574219
2024-10-22,GARAN.IS,103.53330993652344
2024-10-23,GARAN.IS,102.6991195678711
2024-10-24,GARAN.IS,103.8113784790039
2024-10-25,GARAN.IS,103.06986236572266
2024-10-28,GARAN.IS,101.95760345458984
2024-10-30,GARAN.IS,100.56726837158203
2024-10-31,GARAN.IS,99.08425903320312
2024-11-01,GARAN.IS,97.8792953491211
2024-11-04,GARAN.IS,93.15216827392578
2024-11-05,GARAN.IS,90.60323333740234
2024-11-06,GARAN.IS,94.35713195800781
2024-11-07,GARAN.IS,97.508544921875
2024-11-08,GARAN.IS,101.77222442626953
2024-11-11,GARAN.IS,103.6259994506836
2024-11-12,GARAN.IS,103.6259994506836
2024-11-13,GARAN.IS,105.20170593261719
2024-11-14,GARAN.IS,105.47977447509766
2024-11-15,GARAN.IS,104.73826599121094
2024-11-18,GARAN.IS,105.47977447509766
2024-11-19,GARAN.IS,102.6991195678711
2024-11-20,GARAN.IS,101.03071594238281
2024-11-21,GARAN.IS,106.31397247314453
2024-11-22,GARAN.IS,110.76303100585938
2024-11-25,GARAN.IS,111.5045394897461
2024-11-26,GARAN.IS,111.68992614746094
2024-11-27,GARAN.IS,111.31916046142578
2024-11-28,GARAN.IS,112.98756408691406
2024-11-29,GARAN.IS,111.68992614746094
2024-12-02,GARAN.IS,111.96798706054688
2024-12-03,GARAN.IS,115.58284759521484
2024-12-04,GARAN.IS,114.74864959716797
2024-12-05,GARAN.IS,115.3047866821289
2024-12-06,GARAN.IS,119.19771575927734
2024-12-09,GARAN.IS,122.34912109375
2024-12-10,GARAN.IS,119.47576904296875
2024-12-11,GARAN.IS,116.78779602050781
2024-12-12,GARAN.IS,116.60242462158203
2024-12-13,GARAN.IS,118.4561996459961
2024-12-16,GARAN.IS,118.4561996459961
2024-12-17,GARAN.IS,120.95879364013672
2024-12-18,GARAN.IS,119.0123291015625
2024-12-19,GARAN.IS,115.58284759521484
2024-12-20,GARAN.IS,116.2316665649414
2024-12-23,GARAN.IS,116.2316665649414
2024-12-24,GARAN.IS,117.2512435913086
2024-12-25,GARAN.IS,123.55408477783203
2024-12-26,GARAN.IS,121.42223358154297
2024-12-27,GARAN.IS,120.49534606933594
2024-12-30,GARAN.IS,116.97317504882812
2024-12-31,GARAN.IS,115.3047866821289
2015-03-11,THYAO.IS,8.156983375549316
2015-03-12,THYAO.IS,8.176520347595215
2015-03-13,THYAO.IS,7.942068576812744
2015-03-16,THYAO.IS,8.22536563873291
2015-03-17,THYAO.IS,8.498891830444336
2015-03-18,THYAO.IS,8.430510520935059
2015-03-19,THYAO.IS,8.674731254577637
2015-03-20,THYAO.IS,8.733344078063965
2015-03-23,THYAO.IS,8.801726341247559
2015-03-24,THYAO.IS,8.5281982421875
2015-03-25,THYAO.IS,8.508661270141602
2015-03-26,THYAO.IS,8.274209022521973
2015-03-27,THYAO.IS,8.430510520935059
2015-03-30,THYAO.IS,8.694268226623535
2015-03-31,THYAO.IS,8.694268226623535
2015-04-01,THYAO.IS,8.625886917114258
2015-04-02,THYAO.IS,8.723576545715332
2015-04-03,THYAO.IS,8.909183502197266
2015-04-06,THYAO.IS,8.79195785522461
2015-04-07,THYAO.IS,8.625886917114258
2015-04-08,THYAO.IS,8.831032752990723
2015-04-09,THYAO.IS,8.889646530151367
2015-04-10,THYAO.IS,8.772419929504395
2015-04-13,THYAO.IS,8.850570678710938
2015-04-14,THYAO.IS,8.821263313293457
2015-04-15,THYAO.IS,8.59658145904541
2015-04-16,THYAO.IS,8.684500694274902
2015-04-17,THYAO.IS,8.674731254577637
2015-04-20,THYAO.IS,8.79195785522461
2015-04-21,THYAO.IS,9.006872177124023
2015-04-22,THYAO.IS,8.948259353637695
2015-04-23,THYAO.IS,8.948259353637695
2015-04-24,THYAO.IS,9.065485000610352
2015-04-27,THYAO.IS,9.153404235839844
2015-04-28,THYAO.IS,9.026409149169922
2015-04-29,THYAO.IS,9.045948028564453
2015-04-30,THYAO.IS,8.674731254577637
2015-05-01,THYAO.IS,8.674731254577637
2015-05-04,THYAO.IS,8.850570678710938
2015-05-05,THYAO.IS,8.733344078063965
2015-05-06,THYAO.IS,8.53796672821045
2015-05-07,THYAO.IS,8.674731254577637
2015-05-08,THYAO.IS,8.762651443481445
2015-05-11,THYAO.IS,8.918952941894531
2015-05-12,THYAO.IS,9.16317367553711
2015-05-13,THYAO.IS,9.231555938720703
2015-05-14,THYAO.IS,9.348780632019043
2015-05-15,THYAO.IS,9.446470260620117
2015-05-18,THYAO.IS,9.573465347290039
2015-05-19,THYAO.IS,9.573465347290039
2015-05-20,THYAO.IS,9.37808895111084
2015-05-21,THYAO.IS,9.045948028564453
2015-05-22,THYAO.IS,9.104559898376465
2015-05-25,THYAO.IS,9.006872177124023
2015-05-26,THYAO.IS,8.997102737426758
2015-05-27,THYAO.IS,9.16317367553711
2015-05-28,THYAO.IS,9.104559898376465
2015-05-29,THYAO.IS,8.811495780944824
2015-06-01,THYAO.IS,8.567275047302246
2015-06-02,THYAO.IS,8.664962768554688
2015-06-03,THYAO.IS,8.831032752990723
2015-06-04,THYAO.IS,8.860339164733887
2015-06-05,THYAO.IS,8.79195785522461
2015-06-08,THYAO.IS,8.22536563873291
2015-06-09,THYAO.IS,8.205826759338379
2015-06-10,THYAO.IS,8.410972595214844
2015-06-11,THYAO.IS,8.547737121582031
2015-06-12,THYAO.IS,8.547737121582031
2015-06-15,THYAO.IS,8.38166618347168
2015-06-16,THYAO.IS,8.51842975616455
2015-06-17,THYAO.IS,8.645424842834473
2015-06-18,THYAO.IS,8.74311351776123
2015-06-19,THYAO.IS,8.831032752990723
2015-06-22,THYAO.IS,8.879878044128418
2015-06-23,THYAO.IS,8.74311351776123
2015-06-24,THYAO.IS,8.899415016174316
2015-06-25,THYAO.IS,8.948259353637695
2015-06-26,THYAO.IS,8.879878044128418
2015-06-29,THYAO.IS,8.635656356811523
2015-06-30,THYAO.IS,8.59658145904541
2015-07-01,THYAO.IS,8.684500694274902
2015-07-02,THYAO.IS,8.782188415527344
2015-07-03,THYAO.IS,8.60634994506836
2015-07-06,THYAO.IS,8.93848991394043
2015-07-07,THYAO.IS,8.96779727935791
2015-07-08,THYAO.IS,8.811495780944824
2015-07-09,THYAO.IS,9.075254440307617
2015-07-10,THYAO.IS,9.075254440307617
2015-07-13,THYAO.IS,9.16317367553711
2015-07-14,THYAO.IS,9.075254440307617
2015-07-15,THYAO.IS,9.026409149169922
2015-07-16,THYAO.IS,8.96779727935791
2015-07-17,THYAO.IS,8.96779727935791
2015-07-20,THYAO.IS,8.850570678710938
2015-07-21,THYAO.IS,8.997102737426758
2015-07-22,THYAO.IS,9.045948028564453
2015-07-23,THYAO.IS,8.616118431091309
2015-07-24,THYAO.IS,8.645424842834473
2015-07-27,THYAO.IS,8.430510520935059
2015-07-28,THYAO.IS,8.733344078063965
2015-07-29,THYAO.IS,8.655193328857422
2015-07-30,THYAO.IS,8.625886917114258
2015-07-31,THYAO.IS,8.821263313293457
2015-08-03,THYAO.IS,8.674731254577637
2015-08-04,THYAO.IS,8.79195785522461
2015-08-05,THYAO.IS,8.694268226623535
2015-08-06,THYAO.IS,8.889646530151367
2015-08-07,THYAO.IS,8.879878044128418
2015-08-10,THYAO.IS,8.625886917114258
2015-08-11,THYAO.IS,8.93848991394043
2015-08-12,THYAO.IS,8.831032752990723
2015-08-13,THYAO.IS,8.7040376663208
2015-08-14,THYAO.IS,8.870107650756836
2015-08-17,THYAO.IS,8.850570678710938
2015-08-18,THYAO.IS,8.547737121582031
2015-08-19,THYAO.IS,8.18628978729248
2015-08-20,THYAO.IS,8.254671096801758
2015-08-21,THYAO.IS,8.020218849182129
2015-08-24,THYAO.IS,7.590390205383301
2015-08-25,THYAO.IS,7.873687267303467
2015-08-26,THYAO.IS,7.922530651092529
2015-08-27,THYAO.IS,7.922530651092529
2015-08-28,THYAO.IS,7.775998592376709
2015-08-31,THYAO.IS,7.863917827606201
2015-09-01,THYAO.IS,7.590390205383301
2015-09-02,THYAO.IS,7.590390205383301
2015-09-03,THYAO.IS,7.541545867919922
2015-09-04,THYAO.IS,7.580621242523193
2015-09-07,THYAO.IS,7.6685404777526855
2015-09-08,THYAO.IS,7.863917827606201
2015-09-09,THYAO.IS,7.766228675842285
2015-09-10,THYAO.IS,7.7466912269592285
2015-09-11,THYAO.IS,7.580621242523193
2015-09-14,THYAO.IS,7.756460189819336
2015-09-15,THYAO.IS,7.863917827606201
2015-09-16,THYAO.IS,7.912762641906738
2015-09-17,THYAO.IS,7.981143951416016
2015-09-18,THYAO.IS,8.029988288879395
2015-09-21,THYAO.IS,8.078832626342773
2015-09-22,THYAO.IS,8.020218849182129
2015-09-23,THYAO.IS,7.922530651092529
2015-09-24,THYAO.IS,7.922530651092529
2015-09-25,THYAO.IS,7.922530651092529
2015-09-28,THYAO.IS,7.7466912269592285
2015-09-29,THYAO.IS,7.82484245300293
2015-09-30,THYAO.IS,7.785767078399658
2015-10-01,THYAO.IS,7.815073490142822
2015-10-02,THYAO.IS,7.893224239349365
2015-10-05,THYAO.IS,8.117908477783203
2015-10-06,THYAO.IS,8.23513412475586
2015-10-07,THYAO.IS,8.283977508544922
2015-10-08,THYAO.IS,8.34259033203125
2015-10-09,THYAO.IS,8.303515434265137
2015-10-12,THYAO.IS,8.371896743774414
2015-10-13,THYAO.IS,8.22536563873291
2015-10-14,THYAO.IS,8.391435623168945
2015-10-15,THYAO.IS,8.3328218460083
2015-10-16,THYAO.IS,8.205826759338379
2015-10-19,THYAO.IS,8.283977508544922
2015-10-20,THYAO.IS,8.469586372375488
2015-10-21,THYAO.IS,8.323053359985352
2015-10-22,THYAO.IS,8.3328218460083
2015-10-23,THYAO.IS,8.313284873962402
2015-10-26,THYAO.IS,8.215595245361328
2015-10-27,THYAO.IS,8.108139038085938
2015-10-28,THYAO.IS,8.108139038085938
2015-10-29,THYAO.IS,8.108139038085938
2015-10-30,THYAO.IS,8.410972595214844
2015-11-02,THYAO.IS,8.987334251403809
2015-11-03,THYAO.IS,8.860339164733887
2015-11-04,THYAO.IS,8.987334251403809
2015-11-05,THYAO.IS,9.055717468261719
2015-11-06,THYAO.IS,8.987334251403809
2015-11-09,THYAO.IS,8.948259353637695
2015-11-10,THYAO.IS,8.879878044128418
2015-11-11,THYAO.IS,8.958027839660645
2015-11-12,THYAO.IS,9.065485000610352
2015-11-13,THYAO.IS,9.006872177124023
2015-11-16,THYAO.IS,8.772419929504395
2015-11-17,THYAO.IS,8.723576545715332
2015-11-18,THYAO.IS,8.508661270141602
2015-11-19,THYAO.IS,8.557506561279297
2015-11-20,THYAO.IS,8.557506561279297
2015-11-23,THYAO.IS,8.3328218460083
2015-11-24,THYAO.IS,7.736922740936279
2015-11-25,THYAO.IS,7.766228675842285
2015-11-26,THYAO.IS,7.551314830780029
2015-11-27,THYAO.IS,7.649003028869629
2015-11-30,THYAO.IS,7.4829325675964355
2015-12-01,THYAO.IS,7.512239456176758
2015-12-02,THYAO.IS,7.717385292053223
2015-12-03,THYAO.IS,7.522007942199707
2015-12-04,THYAO.IS,7.424319744110107
2015-12-07,THYAO.IS,7.45362663269043
2015-12-08,THYAO.IS,7.2973246574401855
2015-12-09,THYAO.IS,7.463395118713379
2015-12-10,THYAO.IS,7.0824103355407715
2015-12-11,THYAO.IS,6.720963478088379
2015-12-14,THYAO.IS,6.642812728881836
2015-12-15,THYAO.IS,7.062872886657715
2015-12-16,THYAO.IS,7.101947784423828
2015-12-17,THYAO.IS,7.1605610847473145
2015-12-18,THYAO.IS,7.062872886657715
2015-12-21,THYAO.IS,7.3168625831604
2015-12-22,THYAO.IS,7.2680182456970215
2015-12-23,THYAO.IS,7.307093620300293
2015-12-24,THYAO.IS,7.248480796813965
2015-12-25,THYAO.IS,7.228943347930908
2015-12-28,THYAO.IS,7.355937957763672
2015-12-29,THYAO.IS,7.3168625831604
2015-12-30,THYAO.IS,7.209405422210693
2015-12-31,THYAO.IS,7.219173908233643
2016-01-01,THYAO.IS,7.219173908233643
2016-01-04,THYAO.IS,6.9749531745910645
2016-01-05,THYAO.IS,7.072641372680664
2016-01-06,THYAO.IS,7.043335437774658
2016-01-07,THYAO.IS,7.150792598724365
2016-01-08,THYAO.IS,7.053103923797607
2016-01-11,THYAO.IS,7.121485233306885
2016-01-12,THYAO.IS,7.101947784423828
2016-01-13,THYAO.IS,7.170330047607422
2016-01-14,THYAO.IS,7.033565521240234
2016-01-15,THYAO.IS,6.935877323150635
2016-01-18,THYAO.IS,6.994490623474121
2016-01-19,THYAO.IS,7.062872886657715
2016-01-20,THYAO.IS,6.887033939361572
2016-01-21,THYAO.IS,6.8968024253845215
2016-01-22,THYAO.IS,6.8968024253845215
2016-01-25,THYAO.IS,6.95541524887085
2016-01-26,THYAO.IS,7.121485233306885
2016-01-27,THYAO.IS,7.1117167472839355
2016-01-28,THYAO.IS,7.062872886657715
2016-01-29,THYAO.IS,7.141023635864258
2016-02-01,THYAO.IS,7.121485233306885
2016-02-02,THYAO.IS,7.053103923797607
2016-02-03,THYAO.IS,7.053103923797607
2016-02-04,THYAO.IS,7.121485233306885
2016-02-05,THYAO.IS,7.062872886657715
2016-02-08,THYAO.IS,6.730731964111328
2016-02-09,THYAO.IS,6.672119140625
2016-02-10,THYAO.IS,6.720963478088379
2016-02-11,THYAO.IS,6.63304328918457
2016-02-12,THYAO.IS,6.506048679351807
2016-02-15,THYAO.IS,6.408360481262207
2016-02-16,THYAO.IS,6.466972827911377
2016-02-17,THYAO.IS,6.672119140625
2016-02-18,THYAO.IS,6.7698073387146
2016-02-19,THYAO.IS,6.691656589508057
2016-02-22,THYAO.IS,6.9261088371276855
2016-02-23,THYAO.IS,6.994490623474121
2016-02-24,THYAO.IS,6.779576301574707
2016-02-25,THYAO.IS,6.935877323150635
2016-02-26,THYAO.IS,6.965184688568115
2016-02-29,THYAO.IS,7.150792598724365
2016-03-01,THYAO.IS,7.277786731719971
2016-03-02,THYAO.IS,7.2973246574401855
2016-03-03,THYAO.IS,7.248480796813965
2016-03-04,THYAO.IS,7.45362663269043
2016-03-07,THYAO.IS,7.434088706970215
2016-03-08,THYAO.IS,7.395013332366943
2016-03-09,THYAO.IS,7.512239456176758
2016-03-10,THYAO.IS,7.424319744110107
2016-03-11,THYAO.IS,7.609927654266357
2016-03-14,THYAO.IS,7.727153778076172
2016-03-15,THYAO.IS,7.4829325675964355
2016-03-16,THYAO.IS,7.570852279663086
2016-03-17,THYAO.IS,7.658771991729736
2016-03-18,THYAO.IS,7.727153778076172
2016-03-21,THYAO.IS,7.775998592376709
2016-03-22,THYAO.IS,7.404782295227051
2016-03-23,THYAO.IS,7.336400508880615
2016-03-24,THYAO.IS,7.434088706970215
2016-03-25,THYAO.IS,7.45362663269043
2016-03-28,THYAO.IS,7.443857192993164
2016-03-29,THYAO.IS,7.45362663269043
2016-03-30,THYAO.IS,7.590390205383301
2016-03-31,THYAO.IS,7.609927654266357
2016-04-01,THYAO.IS,7.541545867919922
2016-04-04,THYAO.IS,7.658771991729736
2016-04-05,THYAO.IS,7.629465579986572
2016-04-06,THYAO.IS,7.443857192993164
2016-04-07,THYAO.IS,7.3461689949035645
2016-04-08,THYAO.IS,7.375475883483887
2016-04-11,THYAO.IS,7.541545867919922
2016-04-12,THYAO.IS,7.45362663269043
2016-04-13,THYAO.IS,7.5610833168029785
2016-04-14,THYAO.IS,7.531777381896973
2016-04-15,THYAO.IS,7.395013332366943
2016-04-18,THYAO.IS,7.385244369506836
2016-04-19,THYAO.IS,7.326631546020508
2016-04-20,THYAO.IS,6.828420162200928
2016-04-21,THYAO.IS,6.750269412994385
2016-04-22,THYAO.IS,6.877264499664307
2016-04-25,THYAO.IS,6.7698073387146
2016-04-26,THYAO.IS,6.808882713317871
2016-04-27,THYAO.IS,6.85772705078125
2016-04-28,THYAO.IS,6.828420162200928
2016-04-29,THYAO.IS,6.7405009269714355
2016-05-02,THYAO.IS,6.681888103485107
2016-05-03,THYAO.IS,6.457204341888428
2016-05-04,THYAO.IS,6.54512357711792
2016-05-05,THYAO.IS,6.496280193328857
2016-05-06,THYAO.IS,6.496280193328857
2016-05-09,THYAO.IS,6.564661502838135
2016-05-10,THYAO.IS,6.496280193328857
2016-05-11,THYAO.IS,6.466972827911377
2016-05-12,THYAO.IS,6.26182746887207
2016-05-13,THYAO.IS,6.066451072692871
2016-05-16,THYAO.IS,5.988300323486328
2016-05-17,THYAO.IS,6.095757007598877
2016-05-18,THYAO.IS,5.968762397766113
2016-05-19,THYAO.IS,5.968762397766113
2016-05-20,THYAO.IS,5.9003801345825195
2016-05-23,THYAO.IS,6.007837772369385
2016-05-24,THYAO.IS,6.115294933319092
2016-05-25,THYAO.IS,6.085988521575928
2016-05-26,THYAO.IS,6.066451072692871
2016-05-27,THYAO.IS,6.0273756980896
2016-05-30,THYAO.IS,6.183676719665527
2016-05-31,THYAO.IS,6.07621955871582
2016-06-01,THYAO.IS,5.988300323486328
2016-06-02,THYAO.IS,5.9785308837890625
2016-06-03,THYAO.IS,6.07621955871582
2016-06-06,THYAO.IS,6.07621955871582
2016-06-07,THYAO.IS,5.958993434906006
2016-06-08,THYAO.IS,5.949224948883057
2016-06-09,THYAO.IS,5.919918060302734
2016-06-10,THYAO.IS,5.763617038726807
2016-06-13,THYAO.IS,5.636621475219727
2016-06-14,THYAO.IS,5.7147722244262695
2016-06-15,THYAO.IS,5.685466289520264
2016-06-16,THYAO.IS,5.6073150634765625
2016-06-17,THYAO.IS,5.587777614593506
2016-06-20,THYAO.IS,5.636621475219727
2016-06-21,THYAO.IS,5.783154487609863
2016-06-22,THYAO.IS,5.675697326660156
2016-06-23,THYAO.IS,5.695234775543213
2016-06-24,THYAO.IS,5.538933277130127
2016-06-27,THYAO.IS,5.753848075866699
2016-06-28,THYAO.IS,5.831998348236084
2016-06-29,THYAO.IS,5.675697326660156
2016-06-30,THYAO.IS,5.587777614593506
2016-07-01,THYAO.IS,5.597546577453613
2016-07-04,THYAO.IS,5.597546577453613
2016-07-05,THYAO.IS,5.597546577453613
2016-07-06,THYAO.IS,5.597546577453613
2016-07-07,THYAO.IS,5.597546577453613
2016-07-08,THYAO.IS,5.490088939666748
2016-07-11,THYAO.IS,5.675697326660156
2016-07-12,THYAO.IS,5.7929229736328125
2016-07-13,THYAO.IS,5.861305236816406
2016-07-14,THYAO.IS,5.89061164855957
2016-07-15,THYAO.IS,5.822229862213135
2016-07-18,THYAO.IS,5.089566707611084
2016-07-19,THYAO.IS,5.001646518707275
2016-07-20,THYAO.IS,4.933265686035156
2016-07-21,THYAO.IS,4.757425785064697
2016-07-22,THYAO.IS,4.83557653427124
2016-07-25,THYAO.IS,5.030953884124756
2016-07-26,THYAO.IS,4.962571620941162
2016-07-27,THYAO.IS,5.030953884124756
2016-07-28,THYAO.IS,5.030953884124756
2016-07-29,THYAO.IS,5.0504913330078125
2016-08-01,THYAO.IS,5.099335193634033
2016-08-02,THYAO.IS,5.079797267913818
2016-08-03,THYAO.IS,4.982109069824219
2016-08-04,THYAO.IS,5.030953884124756
2016-08-05,THYAO.IS,5.030953884124756
2016-08-08,THYAO.IS,5.33378791809082
2016-08-09,THYAO.IS,5.597546577453613
2016-08-10,THYAO.IS,5.480320453643799
2016-08-11,THYAO.IS,5.578009128570557
2016-08-12,THYAO.IS,5.490088939666748
2016-08-15,THYAO.IS,5.460782527923584
2016-08-16,THYAO.IS,5.197023868560791
2016-08-17,THYAO.IS,5.2360992431640625
2016-08-18,THYAO.IS,5.197023868560791
2016-08-19,THYAO.IS,5.284943103790283
2016-08-22,THYAO.IS,5.1579484939575195
2016-08-23,THYAO.IS,5.138411045074463
2016-08-24,THYAO.IS,5.021184921264648
2016-08-25,THYAO.IS,5.011415958404541
2016-08-26,THYAO.IS,5.030953884124756
2016-08-29,THYAO.IS,5.040722370147705
2016-08-30,THYAO.IS,5.040722370147705
2016-08-31,THYAO.IS,5.040722370147705
2016-09-01,THYAO.IS,5.030953884124756
2016-09-02,THYAO.IS,5.060259819030762
2016-09-05,THYAO.IS,5.1286420822143555
2016-09-06,THYAO.IS,5.060259819030762
2016-09-07,THYAO.IS,5.021184921264648
2016-09-08,THYAO.IS,5.0504913330078125
2016-09-09,THYAO.IS,5.1579484939575195
2016-09-12,THYAO.IS,5.1579484939575195
2016-09-13,THYAO.IS,5.1579484939575195
2016-09-14,THYAO.IS,5.1579484939575195
2016-09-15,THYAO.IS,5.1579484939575195
2016-09-16,THYAO.IS,5.011415958404541
2016-09-19,THYAO.IS,5.0504913330078125
2016-09-20,THYAO.IS,5.060259819030762
2016-09-21,THYAO.IS,5.079797267913818
2016-09-22,THYAO.IS,5.197023868560791
2016-09-23,THYAO.IS,5.216561794281006
2016-09-26,THYAO.IS,5.001646518707275
2016-09-27,THYAO.IS,5.011415958404541
2016-09-28,THYAO.IS,5.040722370147705
2016-09-29,THYAO.IS,5.040722370147705
2016-09-30,THYAO.IS,5.021184921264648
2016-10-03,THYAO.IS,5.030953884124756
2016-10-04,THYAO.IS,5.021184921264648
2016-10-05,THYAO.IS,5.226330280303955
2016-10-06,THYAO.IS,5.187254905700684
2016-10-07,THYAO.IS,5.148179531097412
2016-10-10,THYAO.IS,5.206792831420898
2016-10-11,THYAO.IS,5.2360992431640625
2016-10-12,THYAO.IS,5.3142499923706055
2016-10-13,THYAO.IS,5.304481029510498
2016-10-14,THYAO.IS,5.294712543487549
2016-10-17,THYAO.IS,5.382632255554199
2016-10-18,THYAO.IS,5.421707630157471
2016-10-19,THYAO.IS,5.460782527923584
2016-10-20,THYAO.IS,5.509626865386963
2016-10-21,THYAO.IS,5.451013565063477
2016-10-24,THYAO.IS,5.578009128570557
2016-10-25,THYAO.IS,5.490088939666748
2016-10-26,THYAO.IS,5.460782527923584
2016-10-27,THYAO.IS,5.382632255554199
2016-10-28,THYAO.IS,5.3435564041137695
2016-10-31,THYAO.IS,5.3142499923706055
2016-11-01,THYAO.IS,5.245867729187012
2016-11-02,THYAO.IS,5.275174617767334
2016-11-03,THYAO.IS,5.216561794281006
2016-11-04,THYAO.IS,4.962571620941162
2016-11-07,THYAO.IS,5.177486419677734
2016-11-08,THYAO.IS,5.1579484939575195
2016-11-09,THYAO.IS,5.226330280303955
2016-11-10,THYAO.IS,5.1286420822143555
2016-11-11,THYAO.IS,5.099335193634033
2016-11-14,THYAO.IS,5.060259819030762
2016-11-15,THYAO.IS,5.109104633331299
2016-11-16,THYAO.IS,5.0504913330078125
2016-11-17,THYAO.IS,5.021184921264648
2016-11-18,THYAO.IS,5.040722370147705
2016-11-21,THYAO.IS,5.138411045074463
2016-11-22,THYAO.IS,5.099335193634033
2016-11-23,THYAO.IS,5.001646518707275
2016-11-24,THYAO.IS,4.903958320617676
2016-11-25,THYAO.IS,4.923496246337891
2016-11-28,THYAO.IS,4.923496246337891
2016-11-29,THYAO.IS,4.845345973968506
2016-11-30,THYAO.IS,4.698812961578369
2016-12-01,THYAO.IS,4.522974014282227
2016-12-02,THYAO.IS,4.679275035858154
2016-12-05,THYAO.IS,4.6011247634887695
2016-12-06,THYAO.IS,4.718350410461426
2016-12-07,THYAO.IS,4.757425785064697
2016-12-08,THYAO.IS,4.728119373321533
2016-12-09,THYAO.IS,4.669506549835205
2016-12-12,THYAO.IS,4.659737586975098
2016-12-13,THYAO.IS,4.698812961578369
2016-12-14,THYAO.IS,4.68904447555542
2016-12-15,THYAO.IS,4.845345973968506
2016-12-16,THYAO.IS,4.825807571411133
2016-12-19,THYAO.IS,4.894189834594727
2016-12-20,THYAO.IS,4.9430341720581055
2016-12-21,THYAO.IS,4.933265686035156
2016-12-22,THYAO.IS,4.874651908874512
2016-12-23,THYAO.IS,4.825807571411133
2016-12-26,THYAO.IS,4.855114459991455
2016-12-27,THYAO.IS,4.83557653427124
2016-12-28,THYAO.IS,4.923496246337891
2016-12-29,THYAO.IS,4.913727283477783
2016-12-30,THYAO.IS,4.894189834594727
2017-01-02,THYAO.IS,4.855114459991455
2017-01-03,THYAO.IS,4.767195224761963
2017-01-04,THYAO.IS,4.708581924438477
2017-01-05,THYAO.IS,4.845345973968506
2017-01-06,THYAO.IS,4.825807571411133
2017-01-09,THYAO.IS,4.767195224761963
2017-01-10,THYAO.IS,4.718350410461426
2017-01-11,THYAO.IS,4.708581924438477
2017-01-12,THYAO.IS,4.855114459991455
2017-01-13,THYAO.IS,4.894189834594727
2017-01-16,THYAO.IS,4.982109069824219
2017-01-17,THYAO.IS,5.0504913330078125
2017-01-18,THYAO.IS,5.099335193634033
2017-01-19,THYAO.IS,5.030953884124756
2017-01-20,THYAO.IS,5.070028781890869
2017-01-23,THYAO.IS,5.079797267913818
2017-01-24,THYAO.IS,5.372862815856934
2017-01-25,THYAO.IS,5.2360992431640625
2017-01-26,THYAO.IS,5.3435564041137695
2017-01-27,THYAO.IS,5.226330280303955
2017-01-30,THYAO.IS,5.470551013946533
2017-01-31,THYAO.IS,5.411938190460205
2017-02-01,THYAO.IS,5.51939582824707
2017-02-02,THYAO.IS,5.548701763153076
2017-02-03,THYAO.IS,5.548701763153076
2017-02-06,THYAO.IS,5.470551013946533
2017-02-07,THYAO.IS,5.43147611618042
2017-02-08,THYAO.IS,5.61708402633667
2017-02-09,THYAO.IS,5.61708402633667
2017-02-10,THYAO.IS,5.451013565063477
2017-02-13,THYAO.IS,5.587777614593506
2017-02-14,THYAO.IS,5.6073150634765625
2017-02-15,THYAO.IS,5.509626865386963
2017-02-16,THYAO.IS,5.548701763153076
2017-02-17,THYAO.IS,5.578009128570557
2017-02-20,THYAO.IS,5.587777614593506
2017-02-21,THYAO.IS,5.587777614593506
2017-02-22,THYAO.IS,5.578009128570557
2017-02-23,THYAO.IS,5.6073150634765625
2017-02-24,THYAO.IS,5.51939582824707
2017-02-27,THYAO.IS,5.411938190460205
2017-02-28,THYAO.IS,5.33378791809082
2017-03-01,THYAO.IS,5.548701763153076
2017-03-02,THYAO.IS,5.578009128570557
2017-03-03,THYAO.IS,5.568239688873291
2017-03-06,THYAO.IS,5.568239688873291
2017-03-07,THYAO.IS,5.5291643142700195
2017-03-08,THYAO.IS,5.441245079040527
2017-03-09,THYAO.IS,5.382632255554199
2017-03-10,THYAO.IS,5.480320453643799
2017-03-13,THYAO.IS,5.51939582824707
2017-03-14,THYAO.IS,5.675697326660156
2017-03-15,THYAO.IS,5.724541187286377
2017-03-16,THYAO.IS,5.783154487609863
2017-03-17,THYAO.IS,5.753848075866699
2017-03-20,THYAO.IS,5.773385524749756
2017-03-21,THYAO.IS,5.6073150634765625
2017-03-22,THYAO.IS,5.372862815856934
2017-03-23,THYAO.IS,5.363093852996826
2017-03-24,THYAO.IS,5.402169704437256
2017-03-27,THYAO.IS,5.411938190460205
2017-03-28,THYAO.IS,5.421707630157471
2017-03-29,THYAO.IS,5.33378791809082
2017-03-30,THYAO.IS,5.3435564041137695
2017-03-31,THYAO.IS,5.3435564041137695
2017-04-03,THYAO.IS,5.275174617767334
2017-04-04,THYAO.IS,5.372862815856934
2017-04-05,THYAO.IS,5.353325366973877
2017-04-06,THYAO.IS,5.324018478393555
2017-04-07,THYAO.IS,5.304481029510498
2017-04-10,THYAO.IS,5.460782527923584
2017-04-11,THYAO.IS,5.421707630157471
2017-04-12,THYAO.IS,5.43147611618042
2017-04-13,THYAO.IS,5.324018478393555
2017-04-14,THYAO.IS,5.353325366973877
2017-04-17,THYAO.IS,5.402169704437256
2017-04-18,THYAO.IS,5.421707630157471
2017-04-19,THYAO.IS,5.382632255554199
2017-04-20,THYAO.IS,5.460782527923584
2017-04-21,THYAO.IS,5.538933277130127
2017-04-24,THYAO.IS,5.783154487609863
2017-04-25,THYAO.IS,5.783154487609863
2017-04-26,THYAO.IS,5.958993434906006
2017-04-27,THYAO.IS,5.919918060302734
2017-04-28,THYAO.IS,5.919918060302734
2017-05-01,THYAO.IS,5.919918060302734
2017-05-02,THYAO.IS,5.929687023162842
2017-05-03,THYAO.IS,5.968762397766113
2017-05-04,THYAO.IS,5.998068809509277
2017-05-05,THYAO.IS,5.988300323486328
2017-05-08,THYAO.IS,6.281364917755127
2017-05-09,THYAO.IS,6.291133880615234
2017-05-10,THYAO.IS,6.496280193328857
2017-05-11,THYAO.IS,6.349747180938721
2017-05-12,THYAO.IS,6.349747180938721
2017-05-15,THYAO.IS,6.506048679351807
2017-05-16,THYAO.IS,6.564661502838135
2017-05-17,THYAO.IS,6.613505840301514
2017-05-18,THYAO.IS,6.535355091094971
2017-05-19,THYAO.IS,6.535355091094971
2017-05-22,THYAO.IS,6.691656589508057
2017-05-23,THYAO.IS,6.916339874267578
2017-05-24,THYAO.IS,6.9749531745910645
2017-05-25,THYAO.IS,7.121485233306885
2017-05-26,THYAO.IS,7.1117167472839355
2017-05-29,THYAO.IS,7.141023635864258
2017-05-30,THYAO.IS,7.072641372680664
2017-05-31,THYAO.IS,7.072641372680664
2017-06-01,THYAO.IS,6.984722137451172
2017-06-02,THYAO.IS,7.101947784423828
2017-06-05,THYAO.IS,7.248480796813965
2017-06-06,THYAO.IS,7.3168625831604
2017-06-07,THYAO.IS,7.248480796813965
2017-06-08,THYAO.IS,7.1605610847473145
2017-06-09,THYAO.IS,7.219173908233643
2017-06-12,THYAO.IS,7.209405422210693
2017-06-13,THYAO.IS,7.141023635864258
2017-06-14,THYAO.IS,7.2680182456970215
2017-06-15,THYAO.IS,7.1898674964904785
2017-06-16,THYAO.IS,7.101947784423828
2017-06-19,THYAO.IS,7.277786731719971
2017-06-20,THYAO.IS,7.238711833953857
2017-06-21,THYAO.IS,7.277786731719971
2017-06-22,THYAO.IS,7.424319744110107
2017-06-23,THYAO.IS,7.590390205383301
2017-06-26,THYAO.IS,7.590390205383301
2017-06-27,THYAO.IS,7.590390205383301
2017-06-28,THYAO.IS,7.805304527282715
2017-06-29,THYAO.IS,7.629465579986572
2017-06-30,THYAO.IS,7.863917827606201
2017-07-03,THYAO.IS,7.873687267303467
2017-07-04,THYAO.IS,8.156983375549316
2017-07-05,THYAO.IS,8.039755821228027
2017-07-06,THYAO.IS,8.117908477783203
2017-07-07,THYAO.IS,8.18628978729248
2017-07-10,THYAO.IS,8.469586372375488
2017-07-11,THYAO.IS,8.42074203491211
2017-07-12,THYAO.IS,8.401205062866211
2017-07-13,THYAO.IS,8.557506561279297
2017-07-14,THYAO.IS,8.625886917114258
2017-07-17,THYAO.IS,8.733344078063965
2017-07-18,THYAO.IS,8.655193328857422
2017-07-19,THYAO.IS,8.752882957458496
2017-07-20,THYAO.IS,8.53796672821045
2017-07-21,THYAO.IS,8.635656356811523
2017-07-24,THYAO.IS,8.635656356811523
2017-07-25,THYAO.IS,8.586812019348145
2017-07-26,THYAO.IS,8.489123344421387
2017-07-27,THYAO.IS,8.577043533325195
2017-07-28,THYAO.IS,8.459816932678223
2017-07-31,THYAO.IS,8.625886917114258
2017-08-01,THYAO.IS,8.440279960632324
2017-08-02,THYAO.IS,8.459816932678223
2017-08-03,THYAO.IS,8.469586372375488
2017-08-04,THYAO.IS,8.664962768554688
2017-08-07,THYAO.IS,8.860339164733887
2017-08-08,THYAO.IS,8.840802192687988
2017-08-09,THYAO.IS,8.713807106018066
2017-08-10,THYAO.IS,8.635656356811523
2017-08-11,THYAO.IS,8.79195785522461
2017-08-14,THYAO.IS,9.280399322509766
2017-08-15,THYAO.IS,9.065485000610352
2017-08-16,THYAO.IS,9.085022926330566
2017-08-17,THYAO.IS,9.085022926330566
2017-08-18,THYAO.IS,9.045948028564453
2017-08-21,THYAO.IS,9.172942161560059
2017-08-22,THYAO.IS,9.33901309967041
2017-08-23,THYAO.IS,9.241324424743652
2017-08-24,THYAO.IS,9.299938201904297
2017-08-25,THYAO.IS,9.436700820922852
2017-08-28,THYAO.IS,9.651615142822266
2017-08-29,THYAO.IS,9.544158935546875
2017-08-30,THYAO.IS,9.544158935546875
2017-08-31,THYAO.IS,9.534390449523926
2017-09-01,THYAO.IS,9.534390449523926
2017-09-04,THYAO.IS,9.534390449523926
2017-09-05,THYAO.IS,9.48554515838623
2017-09-06,THYAO.IS,9.602771759033203
2017-09-07,THYAO.IS,9.807916641235352
2017-09-08,THYAO.IS,9.661384582519531
2017-09-11,THYAO.IS,9.993524551391602
2017-09-12,THYAO.IS,10.227977752685547
2017-09-13,THYAO.IS,9.798148155212402
2017-09-14,THYAO.IS,9.690691947937012
2017-09-15,THYAO.IS,9.583234786987305
2017-09-18,THYAO.IS,9.055717468261719
2017-09-19,THYAO.IS,8.997102737426758
2017-09-20,THYAO.IS,9.104559898376465
2017-09-21,THYAO.IS,9.026409149169922
2017-09-22,THYAO.IS,9.16317367553711
2017-09-25,THYAO.IS,8.567275047302246
2017-09-26,THYAO.IS,8.79195785522461
2017-09-27,THYAO.IS,8.401205062866211
2017-09-28,THYAO.IS,8.7040376663208
2017-09-29,THYAO.IS,8.547737121582031
2017-10-02,THYAO.IS,8.850570678710938
2017-10-03,THYAO.IS,8.733344078063965
2017-10-04,THYAO.IS,8.96779727935791
2017-10-05,THYAO.IS,8.928722381591797
2017-10-06,THYAO.IS,9.075254440307617
2017-10-09,THYAO.IS,8.23513412475586
2017-10-10,THYAO.IS,8.459816932678223
2017-10-11,THYAO.IS,8.645424842834473
2017-10-12,THYAO.IS,8.918952941894531
2017-10-13,THYAO.IS,8.93848991394043
2017-10-16,THYAO.IS,9.133867263793945
2017-10-17,THYAO.IS,9.270630836486816
2017-10-18,THYAO.IS,9.37808895111084
2017-10-19,THYAO.IS,9.71022891998291
2017-10-20,THYAO.IS,9.651615142822266
2017-10-23,THYAO.IS,9.651615142822266
2017-10-24,THYAO.IS,9.651615142822266
2017-10-25,THYAO.IS,9.807916641235352
2017-10-26,THYAO.IS,9.641846656799316
2017-10-27,THYAO.IS,9.866531372070312
2017-10-30,THYAO.IS,9.973987579345703
2017-10-31,THYAO.IS,10.140057563781738
2017-11-01,THYAO.IS,10.26705265045166
2017-11-02,THYAO.IS,10.218209266662598
2017-11-03,THYAO.IS,10.188902854919434
2017-11-06,THYAO.IS,10.794569969177246
2017-11-07,THYAO.IS,10.335433959960938
2017-11-08,THYAO.IS,10.30612850189209
2017-11-09,THYAO.IS,10.26705265045166
2017-11-10,THYAO.IS,9.778611183166504
2017-11-13,THYAO.IS,9.563695907592773
2017-11-14,THYAO.IS,10.198670387268066
2017-11-15,THYAO.IS,9.866531372070312
2017-11-16,THYAO.IS,9.866531372070312
2017-11-17,THYAO.IS,10.218209266662598
2017-11-20,THYAO.IS,10.032601356506348
2017-11-21,THYAO.IS,10.550349235534668
2017-11-22,THYAO.IS,10.843415260314941
2017-11-23,THYAO.IS,10.989946365356445
2017-11-24,THYAO.IS,11.126710891723633
2017-11-27,THYAO.IS,11.566308975219727
2017-11-28,THYAO.IS,10.921565055847168
2017-11-29,THYAO.IS,11.624920845031738
2017-11-30,THYAO.IS,11.976600646972656
2017-12-01,THYAO.IS,12.211051940917969
2017-12-04,THYAO.IS,12.4259672164917
2017-12-05,THYAO.IS,12.504117965698242
2017-12-06,THYAO.IS,12.435734748840332
2017-12-07,THYAO.IS,13.002328872680664
2017-12-08,THYAO.IS,13.275856971740723
2017-12-11,THYAO.IS,13.109786033630371
2017-12-12,THYAO.IS,13.578689575195312
2017-12-13,THYAO.IS,13.334468841552734
2017-12-14,THYAO.IS,14.076900482177734
2017-12-15,THYAO.IS,13.93036937713623
2017-12-18,THYAO.IS,14.291815757751465
2017-12-19,THYAO.IS,14.545805931091309
2017-12-20,THYAO.IS,14.799795150756836
2017-12-21,THYAO.IS,15.083091735839844
2017-12-22,THYAO.IS,14.799795150756836
2017-12-25,THYAO.IS,14.653263092041016
2017-12-26,THYAO.IS,14.770488739013672
2017-12-27,THYAO.IS,15.024478912353516
2017-12-28,THYAO.IS,15.356618881225586
2017-12-29,THYAO.IS,15.327312469482422
2018-01-01,THYAO.IS,15.327312469482422
2018-01-02,THYAO.IS,15.708296775817871
2018-01-03,THYAO.IS,15.825525283813477
2018-01-04,THYAO.IS,15.913443565368652
2018-01-05,THYAO.IS,15.95251750946045
2018-01-08,THYAO.IS,15.913443565368652
2018-01-09,THYAO.IS,15.727835655212402
2018-01-10,THYAO.IS,14.897482872009277
2018-01-11,THYAO.IS,15.298006057739258
2018-01-12,THYAO.IS,15.141704559326172
2018-01-15,THYAO.IS,14.291815757751465
2018-01-16,THYAO.IS,15.141704559326172
2018-01-17,THYAO.IS,15.09286117553711
2018-01-18,THYAO.IS,15.0049409866333
2018-01-19,THYAO.IS,14.64349365234375
2018-01-22,THYAO.IS,15.053784370422363
2018-01-23,THYAO.IS,15.258931159973145
2018-01-24,THYAO.IS,15.151473999023438
2018-01-25,THYAO.IS,14.83887004852295
2018-01-26,THYAO.IS,15.053784370422363
2018-01-29,THYAO.IS,15.298006057739258
2018-01-30,THYAO.IS,15.337080955505371
2018-01-31,THYAO.IS,16.099050521850586
2018-02-01,THYAO.IS,16.39211654663086
2018-02-02,THYAO.IS,16.245582580566406
2018-02-05,THYAO.IS,16.90986442565918
2018-02-06,THYAO.IS,16.734025955200195
2018-02-07,THYAO.IS,16.274890899658203
2018-02-08,THYAO.IS,15.776679039001465
2018-02-09,THYAO.IS,16.51911163330078
2018-02-12,THYAO.IS,16.78287124633789
2018-02-13,THYAO.IS,16.509342193603516
2018-02-14,THYAO.IS,16.128358840942383
2018-02-15,THYAO.IS,16.821945190429688
2018-02-16,THYAO.IS,16.90986442565918
2018-02-19,THYAO.IS,16.78287124633789
2018-02-20,THYAO.IS,16.313966751098633
2018-02-21,THYAO.IS,17.24200439453125
2018-02-22,THYAO.IS,17.281082153320312
2018-02-23,THYAO.IS,17.847673416137695
2018-02-26,THYAO.IS,18.482648849487305
2018-02-27,THYAO.IS,18.20911979675293
2018-02-28,THYAO.IS,18.57056999206543
2018-03-01,THYAO.IS,19.078548431396484
2018-03-02,THYAO.IS,18.238428115844727
2018-03-05,THYAO.IS,18.297040939331055
2018-03-06,THYAO.IS,16.861021041870117
2018-03-07,THYAO.IS,16.96847915649414
2018-03-08,THYAO.IS,16.528881072998047
2018-03-09,THYAO.IS,16.343273162841797
2018-03-12,THYAO.IS,17.124780654907227
2018-03-13,THYAO.IS,17.564376831054688
2018-03-14,THYAO.IS,17.994205474853516
2018-03-15,THYAO.IS,17.710908889770508
2018-03-16,THYAO.IS,17.87697982788086
2018-03-19,THYAO.IS,17.48622703552246
2018-03-20,THYAO.IS,18.42403793334961
2018-03-21,THYAO.IS,18.49241828918457
2018-03-22,THYAO.IS,18.384958267211914
2018-03-23,THYAO.IS,18.365421295166016
2018-03-26,THYAO.IS,18.76594352722168
2018-03-27,THYAO.IS,18.551029205322266
2018-03-28,THYAO.IS,18.091896057128906
2018-03-29,THYAO.IS,18.951553344726562
2018-03-30,THYAO.IS,18.75617790222168
2018-04-02,THYAO.IS,18.609643936157227
2018-04-03,THYAO.IS,18.97109031677246
2018-04-04,THYAO.IS,18.9027099609375
2018-04-05,THYAO.IS,19.019933700561523
2018-04-06,THYAO.IS,19.205543518066406
2018-04-09,THYAO.IS,19.234851837158203
2018-04-10,THYAO.IS,18.795251846313477
2018-04-11,THYAO.IS,18.20911979675293
2018-04-12,THYAO.IS,18.170045852661133
2018-04-13,THYAO.IS,17.91605567932129
2018-04-16,THYAO.IS,18.707332611083984
2018-04-17,THYAO.IS,17.798830032348633
2018-04-18,THYAO.IS,18.590106964111328
2018-04-19,THYAO.IS,18.453340530395508
2018-04-20,THYAO.IS,17.81836700439453
2018-04-23,THYAO.IS,17.81836700439453
2018-04-24,THYAO.IS,17.15408706665039
2018-04-25,THYAO.IS,16.84148406982422
2018-04-26,THYAO.IS,16.6949520111084
2018-04-27,THYAO.IS,16.997783660888672
2018-04-30,THYAO.IS,16.313966751098633
2018-05-01,THYAO.IS,16.313966751098633
2018-05-02,THYAO.IS,16.6656436920166
2018-05-03,THYAO.IS,16.362810134887695
2018-05-04,THYAO.IS,16.128358840942383
2018-05-07,THYAO.IS,16.216278076171875
2018-05-08,THYAO.IS,15.659454345703125
2018-05-09,THYAO.IS,16.10881996154785
2018-05-10,THYAO.IS,16.128358840942383
2018-05-11,THYAO.IS,15.95251750946045
2018-05-14,THYAO.IS,16.382349014282227
2018-05-15,THYAO.IS,16.313966751098633
2018-05-16,THYAO.IS,16.14789581298828
2018-05-17,THYAO.IS,15.864599227905273
2018-05-18,THYAO.IS,15.923212051391602
2018-05-21,THYAO.IS,16.49957275390625
2018-05-22,THYAO.IS,16.35304069519043
2018-05-23,THYAO.IS,16.235816955566406
2018-05-24,THYAO.IS,15.298006057739258
2018-05-25,THYAO.IS,16.216278076171875
2018-05-28,THYAO.IS,17.124780654907227
2018-05-29,THYAO.IS,17.085704803466797
2018-05-30,THYAO.IS,16.939172744750977
2018-05-31,THYAO.IS,16.255352020263672
2018-06-01,THYAO.IS,16.177202224731445
2018-06-04,THYAO.IS,15.932979583740234
2018-06-05,THYAO.IS,15.630146980285645
2018-06-06,THYAO.IS,14.926790237426758
2018-06-07,THYAO.IS,14.809564590454102
2018-06-08,THYAO.IS,13.1683988571167
2018-06-11,THYAO.IS,13.764298439025879
2018-06-12,THYAO.IS,12.933945655822754
2018-06-13,THYAO.IS,12.52365493774414
2018-06-14,THYAO.IS,12.562729835510254
2018-06-15,THYAO.IS,12.562729835510254
2018-06-18,THYAO.IS,12.250127792358398
2018-06-19,THYAO.IS,12.513887405395508
2018-06-20,THYAO.IS,12.357584953308105
2018-06-21,THYAO.IS,12.660419464111328
2018-06-22,THYAO.IS,12.552962303161621
2018-06-25,THYAO.IS,12.269665718078613
2018-06-26,THYAO.IS,12.679956436157227
2018-06-27,THYAO.IS,13.451696395874023
2018-06-28,THYAO.IS,13.363776206970215
2018-06-29,THYAO.IS,13.178167343139648
2018-07-02,THYAO.IS,13.647072792053223
2018-07-03,THYAO.IS,13.50053882598877
2018-07-04,THYAO.IS,13.578689575195312
2018-07-05,THYAO.IS,14.018288612365723
2018-07-06,THYAO.IS,14.057363510131836
2018-07-09,THYAO.IS,14.682568550109863
2018-07-10,THYAO.IS,13.969444274902344
2018-07-11,THYAO.IS,13.217242240905762
2018-07-12,THYAO.IS,13.93036937713623
2018-07-13,THYAO.IS,14.350428581237793
2018-07-16,THYAO.IS,14.750951766967773
2018-07-17,THYAO.IS,15.53245735168457
2018-07-18,THYAO.IS,15.727835655212402
2018-07-19,THYAO.IS,15.708296775817871
2018-07-20,THYAO.IS,15.698528289794922
2018-07-23,THYAO.IS,16.16743278503418
2018-07-24,THYAO.IS,15.591072082519531
2018-07-25,THYAO.IS,16.6949520111084
2018-07-26,THYAO.IS,16.05997657775879
2018-07-27,THYAO.IS,16.28466033935547
2018-07-30,THYAO.IS,16.421422958374023
2018-07-31,THYAO.IS,16.870790481567383
2018-08-01,THYAO.IS,16.72425651550293
2018-08-02,THYAO.IS,16.51911163330078
2018-08-03,THYAO.IS,16.98801612854004
2018-08-06,THYAO.IS,16.607030868530273
2018-08-07,THYAO.IS,16.88055992126465
2018-08-08,THYAO.IS,16.939172744750977
2018-08-09,THYAO.IS,16.978246688842773
2018-08-10,THYAO.IS,16.6656436920166
2018-08-13,THYAO.IS,16.16743278503418
2018-08-14,THYAO.IS,16.773101806640625
2018-08-15,THYAO.IS,15.542226791381836
2018-08-16,THYAO.IS,15.258931159973145
2018-08-17,THYAO.IS,14.926790237426758
2018-08-20,THYAO.IS,15.630146980285645
2018-08-21,THYAO.IS,15.630146980285645
2018-08-22,THYAO.IS,15.630146980285645
2018-08-23,THYAO.IS,15.630146980285645
2018-08-24,THYAO.IS,15.630146980285645
2018-08-27,THYAO.IS,16.05997657775879
2018-08-28,THYAO.IS,16.39211654663086
2018-08-29,THYAO.IS,16.20650863647461
2018-08-30,THYAO.IS,16.20650863647461
2018-08-31,THYAO.IS,15.903675079345703
2018-09-03,THYAO.IS,16.72425651550293
2018-09-04,THYAO.IS,16.548418045043945
2018-09-05,THYAO.IS,16.85125160217285
2018-09-06,THYAO.IS,16.76333236694336
2018-09-07,THYAO.IS,16.773101806640625
2018-09-10,THYAO.IS,16.63633918762207
2018-09-11,THYAO.IS,17.505765914916992
2018-09-12,THYAO.IS,17.58391571044922
2018-09-13,THYAO.IS,17.749984741210938
2018-09-14,THYAO.IS,17.349462509155273
2018-09-17,THYAO.IS,17.329925537109375
2018-09-18,THYAO.IS,17.740215301513672
2018-09-19,THYAO.IS,17.984437942504883
2018-09-20,THYAO.IS,17.662065505981445
2018-09-21,THYAO.IS,18.08212661743164
2018-09-24,THYAO.IS,18.814790725708008
2018-09-25,THYAO.IS,18.42403793334961
2018-09-26,THYAO.IS,18.775714874267578
2018-09-27,THYAO.IS,18.697561264038086
2018-09-28,THYAO.IS,18.697561264038086
2018-10-01,THYAO.IS,18.20911979675293
2018-10-02,THYAO.IS,17.681604385375977
2018-10-03,THYAO.IS,17.349462509155273
2018-10-04,THYAO.IS,16.753562927246094
2018-10-05,THYAO.IS,17.163854598999023
2018-10-08,THYAO.IS,17.39830780029297
2018-10-09,THYAO.IS,17.24200439453125
2018-10-10,THYAO.IS,16.323734283447266
2018-10-11,THYAO.IS,16.050207138061523
2018-10-12,THYAO.IS,16.929401397705078
2018-10-15,THYAO.IS,17.652297973632812
2018-10-16,THYAO.IS,17.007553100585938
2018-10-17,THYAO.IS,16.16743278503418
2018-10-18,THYAO.IS,16.177202224731445
2018-10-19,THYAO.IS,15.776679039001465
2018-10-22,THYAO.IS,15.327312469482422
2018-10-23,THYAO.IS,15.141704559326172
2018-10-24,THYAO.IS,15.200318336486816
2018-10-25,THYAO.IS,15.551997184753418
2018-10-26,THYAO.IS,15.151473999023438
2018-10-29,THYAO.IS,15.151473999023438
2018-10-30,THYAO.IS,14.30158519744873
2018-10-31,THYAO.IS,13.686147689819336
2018-11-01,THYAO.IS,14.282047271728516
2018-11-02,THYAO.IS,14.790026664733887
2018-11-05,THYAO.IS,14.926790237426758
2018-11-06,THYAO.IS,14.379734992980957
2018-11-07,THYAO.IS,15.22962474822998
2018-11-08,THYAO.IS,14.311352729797363
2018-11-09,THYAO.IS,14.81933307647705
2018-11-12,THYAO.IS,14.467655181884766
2018-11-13,THYAO.IS,15.151473999023438
2018-11-14,THYAO.IS,15.766910552978516
2018-11-15,THYAO.IS,15.825525283813477
2018-11-16,THYAO.IS,15.60084056854248
2018-11-19,THYAO.IS,15.981825828552246
2018-11-20,THYAO.IS,15.503151893615723
2018-11-21,THYAO.IS,16.02090072631836
2018-11-22,THYAO.IS,15.893905639648438
2018-11-23,THYAO.IS,16.489805221557617
2018-11-26,THYAO.IS,16.63633918762207
2018-11-27,THYAO.IS,16.675413131713867
2018-11-28,THYAO.IS,16.831714630126953
2018-11-29,THYAO.IS,16.567955017089844
2018-11-30,THYAO.IS,16.65587615966797
2018-12-03,THYAO.IS,15.962287902832031
2018-12-04,THYAO.IS,15.591072082519531
2018-12-05,THYAO.IS,15.981825828552246
2018-12-06,THYAO.IS,16.001361846923828
2018-12-07,THYAO.IS,15.78644847869873
2018-12-10,THYAO.IS,15.747374534606934
2018-12-11,THYAO.IS,15.63991641998291
2018-12-12,THYAO.IS,14.897482872009277
2018-12-13,THYAO.IS,14.975634574890137
2018-12-14,THYAO.IS,14.555573463439941
2018-12-17,THYAO.IS,14.409042358398438
2018-12-18,THYAO.IS,15.073323249816895
2018-12-19,THYAO.IS,15.825525283813477
2018-12-20,THYAO.IS,15.962287902832031
2018-12-21,THYAO.IS,16.001361846923828
2018-12-24,THYAO.IS,15.79621696472168
2018-12-25,THYAO.IS,15.815754890441895
2018-12-26,THYAO.IS,15.78644847869873
2018-12-27,THYAO.IS,15.854829788208008
2018-12-28,THYAO.IS,15.620377540588379
2018-12-31,THYAO.IS,15.727835655212402
2019-01-01,THYAO.IS,15.727835655212402
2019-01-02,THYAO.IS,15.317543983459473
2019-01-03,THYAO.IS,14.799795150756836
2019-01-04,THYAO.IS,14.741183280944824
2019-01-07,THYAO.IS,14.711875915527344
2019-01-08,THYAO.IS,14.741183280944824
2019-01-09,THYAO.IS,14.623956680297852
2019-01-10,THYAO.IS,14.614187240600586
2019-01-11,THYAO.IS,14.711875915527344
2019-01-14,THYAO.IS,14.67280101776123
2019-01-15,THYAO.IS,14.262510299682617
2019-01-16,THYAO.IS,14.076900482177734
2019-01-17,THYAO.IS,13.8912935256958
2019-01-18,THYAO.IS,14.096439361572266
2019-01-21,THYAO.IS,14.164820671081543
2019-01-22,THYAO.IS,14.067131042480469
2019-01-23,THYAO.IS,14.321122169494629
2019-01-24,THYAO.IS,14.389503479003906
2019-01-25,THYAO.IS,14.350428581237793
2019-01-28,THYAO.IS,14.711875915527344
2019-01-29,THYAO.IS,14.83887004852295
2019-01-30,THYAO.IS,15.454307556152344
2019-01-31,THYAO.IS,15.083091735839844
2019-02-01,THYAO.IS,14.369966506958008
2019-02-04,THYAO.IS,14.594649314880371
2019-02-05,THYAO.IS,14.164820671081543
2019-02-06,THYAO.IS,14.516498565673828
2019-02-07,THYAO.IS,14.340660095214844
2019-02-08,THYAO.IS,14.369966506958008
2019-02-11,THYAO.IS,14.86817741394043
2019-02-12,THYAO.IS,14.115976333618164
2019-02-13,THYAO.IS,13.471233367919922
2019-02-14,THYAO.IS,13.842449188232422
2019-02-15,THYAO.IS,13.402851104736328
2019-02-18,THYAO.IS,13.012097358703613
2019-02-19,THYAO.IS,13.021865844726562
2019-02-20,THYAO.IS,13.119555473327637
2019-02-21,THYAO.IS,13.324700355529785
2019-02-22,THYAO.IS,13.813142776489258
2019-02-25,THYAO.IS,13.686147689819336
2019-02-26,THYAO.IS,14.037825584411621
2019-02-27,THYAO.IS,13.656840324401855
2019-02-28,THYAO.IS,13.842449188232422
2019-03-01,THYAO.IS,13.67637825012207
2019-03-04,THYAO.IS,13.578689575195312
2019-03-05,THYAO.IS,13.959674835205078
2019-03-06,THYAO.IS,13.822911262512207
2019-03-07,THYAO.IS,13.393081665039062
2019-03-08,THYAO.IS,12.865564346313477
2019-03-11,THYAO.IS,12.738569259643555
2019-03-12,THYAO.IS,12.719032287597656
2019-03-13,THYAO.IS,12.533424377441406
2019-03-14,THYAO.IS,12.728800773620605
2019-03-15,THYAO.IS,12.689724922180176
2019-03-18,THYAO.IS,13.559152603149414
2019-03-19,THYAO.IS,13.9108304977417
2019-03-20,THYAO.IS,13.8912935256958
2019-03-21,THYAO.IS,13.72522258758545
2019-03-22,THYAO.IS,13.256318092346191
2019-03-25,THYAO.IS,13.666609764099121
2019-03-26,THYAO.IS,13.197705268859863
2019-03-27,THYAO.IS,12.445504188537598
2019-03-28,THYAO.IS,12.298972129821777
2019-03-29,THYAO.IS,12.611574172973633
2019-04-01,THYAO.IS,12.592037200927734
2019-04-02,THYAO.IS,12.777644157409668
2019-04-03,THYAO.IS,12.953484535217285
2019-04-04,THYAO.IS,13.87175464630127
2019-04-05,THYAO.IS,14.12574577331543
2019-04-08,THYAO.IS,13.87175464630127
2019-04-09,THYAO.IS,14.008519172668457
2019-04-10,THYAO.IS,13.8912935256958
2019-04-11,THYAO.IS,13.832679748535156
2019-04-12,THYAO.IS,13.588458061218262
2019-04-15,THYAO.IS,13.617765426635742
2019-04-16,THYAO.IS,14.037825584411621
2019-04-17,THYAO.IS,14.04759407043457
2019-04-18,THYAO.IS,13.998750686645508
2019-04-19,THYAO.IS,13.842449188232422
2019-04-22,THYAO.IS,13.627534866333008
2019-04-23,THYAO.IS,13.627534866333008
2019-04-24,THYAO.IS,13.72522258758545
2019-04-25,THYAO.IS,13.422388076782227
2019-04-26,THYAO.IS,13.617765426635742
2019-04-29,THYAO.IS,13.881524085998535
2019-04-30,THYAO.IS,13.979212760925293
2019-05-01,THYAO.IS,13.979212760925293
2019-05-02,THYAO.IS,13.72522258758545
2019-05-03,THYAO.IS,13.598228454589844
2019-05-06,THYAO.IS,13.461463928222656
2019-05-07,THYAO.IS,13.207474708557129
2019-05-08,THYAO.IS,12.660419464111328
2019-05-09,THYAO.IS,12.181746482849121
2019-05-10,THYAO.IS,11.849605560302734
2019-05-13,THYAO.IS,12.025444984436035
2019-05-14,THYAO.IS,12.220821380615234
2019-05-15,THYAO.IS,11.83006763458252
2019-05-16,THYAO.IS,11.957061767578125
2019-05-17,THYAO.IS,11.742148399353027
2019-05-20,THYAO.IS,11.810530662536621
2019-05-21,THYAO.IS,11.429544448852539
2019-05-22,THYAO.IS,11.048561096191406
2019-05-23,THYAO.IS,11.537002563476562
2019-05-24,THYAO.IS,11.6835355758667
2019-05-27,THYAO.IS,11.566308975219727
2019-05-28,THYAO.IS,11.83006763458252
2019-05-29,THYAO.IS,11.878911972045898
2019-05-30,THYAO.IS,12.113363265991211
2019-05-31,THYAO.IS,12.191514015197754
2019-06-03,THYAO.IS,12.15243911743164
2019-06-04,THYAO.IS,12.15243911743164
2019-06-05,THYAO.IS,12.15243911743164
2019-06-06,THYAO.IS,12.15243911743164
2019-06-07,THYAO.IS,12.709263801574707
2019-06-10,THYAO.IS,12.94371509552002
2019-06-11,THYAO.IS,12.631113052368164
2019-06-12,THYAO.IS,12.650650024414062
2019-06-13,THYAO.IS,12.37712287902832
2019-06-14,THYAO.IS,12.416197776794434
2019-06-17,THYAO.IS,12.728800773620605
2019-06-18,THYAO.IS,12.904640197753906
2019-06-19,THYAO.IS,12.660419464111328
2019-06-20,THYAO.IS,12.719032287597656
2019-06-21,THYAO.IS,12.504117965698242
2019-06-24,THYAO.IS,12.592037200927734
2019-06-25,THYAO.IS,12.455273628234863
2019-06-26,THYAO.IS,12.191514015197754
2019-06-27,THYAO.IS,12.338047981262207
2019-06-28,THYAO.IS,12.592037200927734
2019-07-01,THYAO.IS,12.865564346313477
2019-07-02,THYAO.IS,13.178167343139648
2019-07-03,THYAO.IS,12.89487075805664
2019-07-04,THYAO.IS,13.109786033630371
2019-07-05,THYAO.IS,13.031635284423828
2019-07-08,THYAO.IS,12.621344566345215
2019-07-09,THYAO.IS,11.976600646972656
2019-07-10,THYAO.IS,12.074288368225098
2019-07-11,THYAO.IS,11.996137619018555
2019-07-12,THYAO.IS,11.663996696472168
2019-07-15,THYAO.IS,11.663996696472168
2019-07-16,THYAO.IS,12.113363265991211
2019-07-17,THYAO.IS,12.416197776794434
2019-07-18,THYAO.IS,12.75810718536377
2019-07-19,THYAO.IS,12.660419464111328
2019-07-22,THYAO.IS,12.455273628234863
2019-07-23,THYAO.IS,12.74833869934082
2019-07-24,THYAO.IS,12.650650024414062
2019-07-25,THYAO.IS,12.357584953308105
2019-07-26,THYAO.IS,12.465043067932129
2019-07-29,THYAO.IS,12.474811553955078
2019-07-30,THYAO.IS,12.445504188537598
2019-07-31,THYAO.IS,12.181746482849121
2019-08-01,THYAO.IS,12.132902145385742
2019-08-02,THYAO.IS,12.025444984436035
2019-08-05,THYAO.IS,12.20128345489502
2019-08-06,THYAO.IS,12.093826293945312
2019-08-07,THYAO.IS,11.722610473632812
2019-08-08,THYAO.IS,11.761685371398926
2019-08-09,THYAO.IS,11.869142532348633
2019-08-12,THYAO.IS,11.869142532348633
2019-08-13,THYAO.IS,11.869142532348633
2019-08-14,THYAO.IS,11.869142532348633
2019-08-15,THYAO.IS,11.507696151733398
2019-08-16,THYAO.IS,11.156018257141113
2019-08-19,THYAO.IS,10.931333541870117
2019-08-20,THYAO.IS,10.950871467590332
2019-08-21,THYAO.IS,10.872721672058105
2019-08-22,THYAO.IS,10.989946365356445
2019-08-23,THYAO.IS,10.941102027893066
2019-08-26,THYAO.IS,11.312317848205566
2019-08-27,THYAO.IS,11.292780876159668
2019-08-28,THYAO.IS,11.08763599395752
2019-08-29,THYAO.IS,11.03879165649414
2019-08-30,THYAO.IS,11.03879165649414
2019-09-02,THYAO.IS,11.263474464416504
2019-09-03,THYAO.IS,11.253705978393555
2019-09-04,THYAO.IS,11.204861640930176
2019-09-05,THYAO.IS,11.624920845031738
2019-09-06,THYAO.IS,11.41000747680664
2019-09-09,THYAO.IS,11.566308975219727
2019-09-10,THYAO.IS,11.888680458068848
2019-09-11,THYAO.IS,11.917986869812012
2019-09-12,THYAO.IS,11.722610473632812
2019-09-13,THYAO.IS,12.064519882202148
2019-09-16,THYAO.IS,11.576077461242676
2019-09-17,THYAO.IS,11.576077461242676
2019-09-18,THYAO.IS,11.488158226013184
2019-09-19,THYAO.IS,11.204861640930176
2019-09-20,THYAO.IS,11.136479377746582
2019-09-23,THYAO.IS,11.136479377746582
2019-09-24,THYAO.IS,11.38070011138916
2019-09-25,THYAO.IS,11.468619346618652
2019-09-26,THYAO.IS,11.312317848205566
2019-09-27,THYAO.IS,11.83006763458252
2019-09-30,THYAO.IS,12.113363265991211
2019-10-01,THYAO.IS,11.517464637756348
2019-10-02,THYAO.IS,11.576077461242676
2019-10-03,THYAO.IS,11.478389739990234
2019-10-04,THYAO.IS,11.59561538696289
2019-10-07,THYAO.IS,11.722610473632812
2019-10-08,THYAO.IS,11.59561538696289
2019-10-09,THYAO.IS,11.400238037109375
2019-10-10,THYAO.IS,11.331857681274414
2019-10-11,THYAO.IS,11.370932579040527
2019-10-14,THYAO.IS,10.64803695678711
2019-10-15,THYAO.IS,10.775032043457031
2019-10-16,THYAO.IS,10.45266056060791
2019-10-17,THYAO.IS,10.843415260314941
2019-10-18,THYAO.IS,11.273242950439453
2019-10-21,THYAO.IS,11.204861640930176
2019-10-22,THYAO.IS,11.292780876159668
2019-10-23,THYAO.IS,11.624920845031738
2019-10-24,THYAO.IS,11.556539535522461
2019-10-25,THYAO.IS,11.634690284729004
2019-10-28,THYAO.IS,11.566308975219727
2019-10-30,THYAO.IS,11.370932579040527
2019-10-31,THYAO.IS,11.351394653320312
2019-11-01,THYAO.IS,11.312317848205566
2019-11-04,THYAO.IS,11.546771049499512
2019-11-05,THYAO.IS,11.59561538696289
2019-11-06,THYAO.IS,11.673766136169434
2019-11-07,THYAO.IS,12.357584953308105
2019-11-08,THYAO.IS,12.494348526000977
2019-11-11,THYAO.IS,12.670187950134277
2019-11-12,THYAO.IS,13.031635284423828
2019-11-13,THYAO.IS,13.422388076782227
2019-11-14,THYAO.IS,13.275856971740723
2019-11-15,THYAO.IS,13.363776206970215
2019-11-18,THYAO.IS,13.901061058044434
2019-11-19,THYAO.IS,13.803374290466309
2019-11-20,THYAO.IS,13.637303352355957
2019-11-21,THYAO.IS,13.441926956176758
2019-11-22,THYAO.IS,13.324700355529785
2019-11-25,THYAO.IS,13.139092445373535
2019-11-26,THYAO.IS,13.412618637084961
2019-11-27,THYAO.IS,13.26608657836914
2019-11-28,THYAO.IS,13.481001853942871
2019-11-29,THYAO.IS,13.334468841552734
2019-12-02,THYAO.IS,13.578689575195312
2019-12-03,THYAO.IS,13.295393943786621
2019-12-04,THYAO.IS,13.422388076782227
2019-12-05,THYAO.IS,13.471233367919922
2019-12-06,THYAO.IS,13.393081665039062
2019-12-09,THYAO.IS,13.461463928222656
2019-12-10,THYAO.IS,13.383313179016113
2019-12-11,THYAO.IS,13.295393943786621
2019-12-12,THYAO.IS,13.72522258758545
2019-12-13,THYAO.IS,13.50053882598877
2019-12-16,THYAO.IS,13.666609764099121
2019-12-17,THYAO.IS,13.578689575195312
2019-12-18,THYAO.IS,13.422388076782227
2019-12-19,THYAO.IS,13.451696395874023
2019-12-20,THYAO.IS,13.451696395874023
2019-12-23,THYAO.IS,13.451696395874023
2019-12-24,THYAO.IS,13.666609764099121
2019-12-25,THYAO.IS,13.666609764099121
2019-12-26,THYAO.IS,13.637303352355957
2019-12-27,THYAO.IS,13.637303352355957
2019-12-30,THYAO.IS,13.969444274902344
2019-12-31,THYAO.IS,14.12574577331543
2020-01-02,THYAO.IS,14.487192153930664
2020-01-03,THYAO.IS,13.94013786315918
2020-01-06,THYAO.IS,13.256318092346191
2020-01-07,THYAO.IS,13.227011680603027
2020-01-08,THYAO.IS,13.187936782836914
2020-01-09,THYAO.IS,13.93036937713623
2020-01-10,THYAO.IS,14.057363510131836
2020-01-13,THYAO.IS,14.487192153930664
2020-01-14,THYAO.IS,14.477423667907715
2020-01-15,THYAO.IS,14.379734992980957
2020-01-16,THYAO.IS,14.692337989807129
2020-01-17,THYAO.IS,14.67280101776123
2020-01-20,THYAO.IS,14.731412887573242
2020-01-21,THYAO.IS,14.506730079650879
2020-01-22,THYAO.IS,14.418810844421387
2020-01-23,THYAO.IS,13.93036937713623
2020-01-24,THYAO.IS,14.203895568847656
2020-01-27,THYAO.IS,13.774067878723145
2020-01-28,THYAO.IS,13.832679748535156
2020-01-29,THYAO.IS,13.783835411071777
2020-01-30,THYAO.IS,13.471233367919922
2020-01-31,THYAO.IS,13.383313179016113
2020-02-03,THYAO.IS,13.510308265686035
2020-02-04,THYAO.IS,14.008519172668457
2020-02-05,THYAO.IS,14.27227783203125
2020-02-06,THYAO.IS,14.389503479003906
2020-02-07,THYAO.IS,14.12574577331543
2020-02-10,THYAO.IS,13.695916175842285
2020-02-11,THYAO.IS,13.959674835205078
2020-02-12,THYAO.IS,14.477423667907715
2020-02-13,THYAO.IS,14.663031578063965
2020-02-14,THYAO.IS,14.545805931091309
2020-02-17,THYAO.IS,14.936559677124023
2020-02-18,THYAO.IS,14.653263092041016
2020-02-19,THYAO.IS,14.584881782531738
2020-02-20,THYAO.IS,14.057363510131836
2020-02-21,THYAO.IS,14.155051231384277
2020-02-24,THYAO.IS,13.5396146774292
2020-02-25,THYAO.IS,13.187936782836914
2020-02-26,THYAO.IS,12.94371509552002
2020-02-27,THYAO.IS,11.986370086669922
2020-02-28,THYAO.IS,11.527234077453613
2020-03-02,THYAO.IS,11.576077461242676
2020-03-03,THYAO.IS,11.800760269165039
2020-03-04,THYAO.IS,11.488158226013184
2020-03-05,THYAO.IS,11.439313888549805
2020-03-06,THYAO.IS,10.872721672058105
2020-03-09,THYAO.IS,10.140057563781738
2020-03-10,THYAO.IS,9.739535331726074
2020-03-11,THYAO.IS,9.739535331726074
2020-03-12,THYAO.IS,8.283977508544922
2020-03-13,THYAO.IS,8.889646530151367
2020-03-16,THYAO.IS,8.039755821228027
2020-03-17,THYAO.IS,7.736922740936279
2020-03-18,THYAO.IS,7.756460189819336
2020-03-19,THYAO.IS,7.7466912269592285
2020-03-20,THYAO.IS,7.795536041259766
2020-03-23,THYAO.IS,7.5610833168029785
2020-03-24,THYAO.IS,8.117908477783203
2020-03-25,THYAO.IS,8.53796672821045
2020-03-26,THYAO.IS,9.045948028564453
2020-03-27,THYAO.IS,8.674731254577637
2020-03-30,THYAO.IS,8.489123344421387
2020-03-31,THYAO.IS,8.840802192687988
2020-04-01,THYAO.IS,8.772419929504395
2020-04-02,THYAO.IS,8.772419929504395
2020-04-03,THYAO.IS,8.723576545715332
2020-04-06,THYAO.IS,8.958027839660645
2020-04-07,THYAO.IS,9.30970573425293
2020-04-08,THYAO.IS,9.33901309967041
2020-04-09,THYAO.IS,9.52462100982666
2020-04-10,THYAO.IS,9.573465347290039
2020-04-13,THYAO.IS,9.964218139648438
2020-04-14,THYAO.IS,10.677345275878906
2020-04-15,THYAO.IS,10.140057563781738
2020-04-16,THYAO.IS,9.93491268157959
2020-04-17,THYAO.IS,10.257284164428711
2020-04-20,THYAO.IS,10.394047737121582
2020-04-21,THYAO.IS,10.218209266662598
2020-04-22,THYAO.IS,10.149827003479004
2020-04-24,THYAO.IS,10.042369842529297
2020-04-27,THYAO.IS,10.569886207580566
2020-04-28,THYAO.IS,10.413585662841797
2020-04-29,THYAO.IS,10.364741325378418
2020-04-30,THYAO.IS,10.423354148864746
2020-05-04,THYAO.IS,10.286589622497559
2020-05-05,THYAO.IS,10.286589622497559
2020-05-06,THYAO.IS,10.30612850189209
2020-05-07,THYAO.IS,10.374509811401367
2020-05-08,THYAO.IS,10.354972839355469
2020-05-11,THYAO.IS,10.374509811401367
2020-05-12,THYAO.IS,10.403816223144531
2020-05-13,THYAO.IS,10.403816223144531
2020-05-14,THYAO.IS,10.296359062194824
2020-05-15,THYAO.IS,10.34520435333252
2020-05-18,THYAO.IS,10.579655647277832
2020-05-20,THYAO.IS,10.618730545043945
2020-05-21,THYAO.IS,10.833645820617676
2020-05-22,THYAO.IS,10.950871467590332
2020-05-27,THYAO.IS,12.044981956481934
2020-05-28,THYAO.IS,12.367353439331055
2020-05-29,THYAO.IS,12.191514015197754
2020-06-01,THYAO.IS,12.484580039978027
2020-06-02,THYAO.IS,12.328278541564941
2020-06-03,THYAO.IS,12.240358352661133
2020-06-04,THYAO.IS,12.328278541564941
2020-06-05,THYAO.IS,12.445504188537598
2020-06-08,THYAO.IS,12.347816467285156
2020-06-09,THYAO.IS,12.338047981262207
2020-06-10,THYAO.IS,12.367353439331055
2020-06-11,THYAO.IS,12.211051940917969
2020-06-12,THYAO.IS,12.435734748840332
2020-06-15,THYAO.IS,12.289202690124512
2020-06-16,THYAO.IS,12.308741569519043
2020-06-17,THYAO.IS,12.171977043151855
2020-06-18,THYAO.IS,12.230589866638184
2020-06-19,THYAO.IS,12.250127792358398
2020-06-22,THYAO.IS,12.328278541564941
2020-06-23,THYAO.IS,12.259896278381348
2020-06-24,THYAO.IS,12.103594779968262
2020-06-25,THYAO.IS,12.103594779968262
2020-06-26,THYAO.IS,12.181746482849121
2020-06-29,THYAO.IS,12.181746482849121
2020-06-30,THYAO.IS,12.250127792358398
2020-07-01,THYAO.IS,11.996137619018555
2020-07-02,THYAO.IS,11.976600646972656
2020-07-03,THYAO.IS,11.64445972442627
2020-07-06,THYAO.IS,11.624920845031738
2020-07-07,THYAO.IS,11.370932579040527
2020-07-08,THYAO.IS,11.058328628540039
2020-07-09,THYAO.IS,11.214630126953125
2020-07-10,THYAO.IS,11.517464637756348
2020-07-13,THYAO.IS,11.703072547912598
2020-07-14,THYAO.IS,11.546771049499512
2020-07-16,THYAO.IS,11.673766136169434
2020-07-17,THYAO.IS,11.64445972442627
2020-07-20,THYAO.IS,11.585845947265625
2020-07-21,THYAO.IS,11.439313888549805
2020-07-22,THYAO.IS,11.439313888549805
2020-07-23,THYAO.IS,11.546771049499512
2020-07-24,THYAO.IS,11.458850860595703
2020-07-27,THYAO.IS,11.331857681274414
2020-07-28,THYAO.IS,10.82387638092041
2020-07-29,THYAO.IS,10.579655647277832
2020-07-30,THYAO.IS,10.442891120910645
2020-08-04,THYAO.IS,10.745725631713867
2020-08-05,THYAO.IS,10.599193572998047
2020-08-06,THYAO.IS,9.983756065368652
2020-08-07,THYAO.IS,10.46242904663086
2020-08-10,THYAO.IS,10.30612850189209
2020-08-11,THYAO.IS,11.341625213623047
2020-08-12,THYAO.IS,11.243937492370605
2020-08-13,THYAO.IS,10.921565055847168
2020-08-14,THYAO.IS,10.872721672058105
2020-08-17,THYAO.IS,10.706650733947754
2020-08-18,THYAO.IS,10.82387638092041
2020-08-19,THYAO.IS,11.009485244750977
2020-08-20,THYAO.IS,10.941102027893066
2020-08-21,THYAO.IS,10.814106941223145
2020-08-24,THYAO.IS,10.82387638092041
2020-08-25,THYAO.IS,10.911796569824219
2020-08-26,THYAO.IS,10.775032043457031
2020-08-27,THYAO.IS,10.843415260314941
2020-08-28,THYAO.IS,10.735957145690918
2020-08-31,THYAO.IS,10.354972839355469
2020-09-01,THYAO.IS,10.413585662841797
2020-09-02,THYAO.IS,10.276822090148926
2020-09-03,THYAO.IS,10.130289077758789
2020-09-04,THYAO.IS,10.257284164428711
2020-09-07,THYAO.IS,10.52104377746582
2020-09-08,THYAO.IS,10.530811309814453
2020-09-09,THYAO.IS,10.589425086975098
2020-09-10,THYAO.IS,10.511274337768555
2020-09-11,THYAO.IS,10.66757583618164
2020-09-14,THYAO.IS,10.64803695678711
2020-09-15,THYAO.IS,10.481966018676758
2020-09-16,THYAO.IS,10.384279251098633
2020-09-17,THYAO.IS,10.413585662841797
2020-09-18,THYAO.IS,10.384279251098633
2020-09-21,THYAO.IS,10.100982666015625
2020-09-22,THYAO.IS,10.315896987915039
2020-09-23,THYAO.IS,10.286589622497559
2020-09-24,THYAO.IS,10.26705265045166
2020-09-25,THYAO.IS,10.247514724731445
2020-09-28,THYAO.IS,10.130289077758789
2020-09-29,THYAO.IS,10.110751152038574
2020-09-30,THYAO.IS,10.237746238708496
2020-10-01,THYAO.IS,10.325665473937988
2020-10-02,THYAO.IS,10.394047737121582
2020-10-05,THYAO.IS,10.433123588562012
2020-10-06,THYAO.IS,10.384279251098633
2020-10-07,THYAO.IS,10.394047737121582
2020-10-08,THYAO.IS,10.442891120910645
2020-10-09,THYAO.IS,10.52104377746582
2020-10-12,THYAO.IS,10.550349235534668
2020-10-13,THYAO.IS,10.374509811401367
2020-10-14,THYAO.IS,10.413585662841797
2020-10-15,THYAO.IS,10.26705265045166
2020-10-16,THYAO.IS,10.325665473937988
2020-10-19,THYAO.IS,10.384279251098633
2020-10-20,THYAO.IS,10.325665473937988
2020-10-21,THYAO.IS,10.237746238708496
2020-10-22,THYAO.IS,10.140057563781738
2020-10-23,THYAO.IS,10.130289077758789
2020-10-26,THYAO.IS,9.563695907592773
2020-10-27,THYAO.IS,9.231555938720703
2020-10-28,THYAO.IS,8.948259353637695
2020-10-30,THYAO.IS,8.811495780944824
2020-11-02,THYAO.IS,9.202249526977539
2020-11-03,THYAO.IS,9.290168762207031
2020-11-04,THYAO.IS,9.563695907592773
2020-11-05,THYAO.IS,9.48554515838623
2020-11-06,THYAO.IS,9.48554515838623
2020-11-09,THYAO.IS,10.433123588562012
2020-11-10,THYAO.IS,11.22439956665039
2020-11-11,THYAO.IS,11.527234077453613
2020-11-12,THYAO.IS,11.439313888549805
2020-11-13,THYAO.IS,11.243937492370605
2020-11-16,THYAO.IS,11.527234077453613
2020-11-17,THYAO.IS,11.185323715209961
2020-11-18,THYAO.IS,11.439313888549805
2020-11-19,THYAO.IS,11.449082374572754
2020-11-20,THYAO.IS,11.64445972442627
2020-11-23,THYAO.IS,11.478389739990234
2020-11-24,THYAO.IS,11.556539535522461
2020-11-25,THYAO.IS,11.693304061889648
2020-11-26,THYAO.IS,11.898449897766113
2020-11-27,THYAO.IS,11.693304061889648
2020-11-30,THYAO.IS,11.175555229187012
2020-12-01,THYAO.IS,12.191514015197754
2020-12-02,THYAO.IS,12.00590705871582
2020-12-03,THYAO.IS,11.908217430114746
2020-12-04,THYAO.IS,11.898449897766113
2020-12-07,THYAO.IS,12.00590705871582
2020-12-08,THYAO.IS,11.94729232788086
2020-12-09,THYAO.IS,12.00590705871582
2020-12-10,THYAO.IS,11.927755355834961
2020-12-11,THYAO.IS,12.01567554473877
2020-12-14,THYAO.IS,12.269665718078613
2020-12-15,THYAO.IS,12.357584953308105
2020-12-16,THYAO.IS,12.445504188537598
2020-12-17,THYAO.IS,12.728800773620605
2020-12-18,THYAO.IS,12.699494361877441
2020-12-21,THYAO.IS,11.898449897766113
2020-12-22,THYAO.IS,12.15243911743164
2020-12-23,THYAO.IS,12.15243911743164
2020-12-24,THYAO.IS,12.484580039978027
2020-12-25,THYAO.IS,12.465043067932129
2020-12-28,THYAO.IS,12.338047981262207
2020-12-29,THYAO.IS,12.592037200927734
2020-12-30,THYAO.IS,12.621344566345215
2020-12-31,THYAO.IS,12.719032287597656
2021-01-04,THYAO.IS,12.38689136505127
2021-01-05,THYAO.IS,12.289202690124512
2021-01-06,THYAO.IS,12.38689136505127
2021-01-07,THYAO.IS,12.38689136505127
2021-01-08,THYAO.IS,12.543192863464355
2021-01-11,THYAO.IS,12.406428337097168
2021-01-12,THYAO.IS,12.552962303161621
2021-01-13,THYAO.IS,12.953484535217285
2021-01-14,THYAO.IS,12.933945655822754
2021-01-15,THYAO.IS,12.9730224609375
2021-01-18,THYAO.IS,12.933945655822754
2021-01-19,THYAO.IS,13.178167343139648
2021-01-20,THYAO.IS,12.953484535217285
2021-01-21,THYAO.IS,12.728800773620605
2021-01-22,THYAO.IS,12.631113052368164
2021-01-25,THYAO.IS,12.406428337097168
2021-01-26,THYAO.IS,12.338047981262207
2021-01-27,THYAO.IS,11.673766136169434
2021-01-28,THYAO.IS,12.044981956481934
2021-01-29,THYAO.IS,11.83006763458252
2021-02-01,THYAO.IS,11.732378959655762
2021-02-02,THYAO.IS,11.78122329711914
2021-02-03,THYAO.IS,11.869142532348633
2021-02-04,THYAO.IS,11.917986869812012
2021-02-05,THYAO.IS,11.878911972045898
2021-02-08,THYAO.IS,11.869142532348633
2021-02-09,THYAO.IS,11.888680458068848
2021-02-10,THYAO.IS,11.927755355834961
2021-02-11,THYAO.IS,11.869142532348633
2021-02-12,THYAO.IS,11.722610473632812
2021-02-15,THYAO.IS,12.113363265991211
2021-02-16,THYAO.IS,11.898449897766113
2021-02-17,THYAO.IS,11.917986869812012
2021-02-18,THYAO.IS,11.986370086669922
2021-02-19,THYAO.IS,12.01567554473877
2021-02-22,THYAO.IS,12.347816467285156
2021-02-23,THYAO.IS,12.719032287597656
2021-02-24,THYAO.IS,12.533424377441406
2021-02-25,THYAO.IS,13.080479621887207
2021-02-26,THYAO.IS,13.178167343139648
2021-03-01,THYAO.IS,13.481001853942871
2021-03-02,THYAO.IS,14.467655181884766
2021-03-03,THYAO.IS,14.575112342834473
2021-03-04,THYAO.IS,14.379734992980957
2021-03-05,THYAO.IS,14.438347816467285
2021-03-08,THYAO.IS,14.311352729797363
2021-03-09,THYAO.IS,14.67280101776123
2021-03-10,THYAO.IS,14.555573463439941
2021-03-11,THYAO.IS,14.409042358398438
2021-03-12,THYAO.IS,14.164820671081543
2021-03-15,THYAO.IS,14.350428581237793
2021-03-16,THYAO.IS,14.399271965026855
2021-03-17,THYAO.IS,14.213665008544922
2021-03-18,THYAO.IS,13.617765426635742
2021-03-19,THYAO.IS,13.471233367919922
2021-03-22,THYAO.IS,12.132902145385742
2021-03-23,THYAO.IS,11.927755355834961
2021-03-24,THYAO.IS,12.709263801574707
2021-03-25,THYAO.IS,12.37712287902832
2021-03-26,THYAO.IS,12.367353439331055
2021-03-29,THYAO.IS,12.191514015197754
2021-03-30,THYAO.IS,12.416197776794434
2021-03-31,THYAO.IS,12.455273628234863
2021-04-01,THYAO.IS,12.699494361877441
2021-04-02,THYAO.IS,12.611574172973633
2021-04-05,THYAO.IS,12.75810718536377
2021-04-06,THYAO.IS,12.465043067932129
2021-04-07,THYAO.IS,12.552962303161621
2021-04-08,THYAO.IS,12.240358352661133
2021-04-09,THYAO.IS,11.663996696472168
2021-04-12,THYAO.IS,11.693304061889648
2021-04-13,THYAO.IS,11.654229164123535
2021-04-14,THYAO.IS,11.654229164123535
2021-04-15,THYAO.IS,11.624920845031738
2021-04-16,THYAO.IS,11.38070011138916
2021-04-19,THYAO.IS,11.331857681274414
2021-04-20,THYAO.IS,10.902027130126953
2021-04-21,THYAO.IS,10.64803695678711
2021-04-22,THYAO.IS,11.009485244750977
2021-04-26,THYAO.IS,11.458850860595703
2021-04-27,THYAO.IS,11.654229164123535
2021-04-28,THYAO.IS,11.732378959655762
2021-04-29,THYAO.IS,11.703072547912598
2021-04-30,THYAO.IS,11.94729232788086
2021-05-03,THYAO.IS,12.621344566345215
2021-05-04,THYAO.IS,12.328278541564941
2021-05-05,THYAO.IS,12.308741569519043
2021-05-06,THYAO.IS,12.631113052368164
2021-05-07,THYAO.IS,12.689724922180176
2021-05-10,THYAO.IS,13.060941696166992
2021-05-11,THYAO.IS,13.041403770446777
2021-05-12,THYAO.IS,13.080479621887207
2021-05-17,THYAO.IS,13.051172256469727
2021-05-18,THYAO.IS,13.041403770446777
2021-05-20,THYAO.IS,13.26608657836914
2021-05-21,THYAO.IS,13.178167343139648
2021-05-24,THYAO.IS,13.15863037109375
2021-05-25,THYAO.IS,12.601805686950684
2021-05-26,THYAO.IS,12.74833869934082
2021-05-27,THYAO.IS,12.74833869934082
2021-05-28,THYAO.IS,12.679956436157227
2021-05-31,THYAO.IS,13.012097358703613
2021-06-01,THYAO.IS,13.178167343139648
2021-06-02,THYAO.IS,13.334468841552734
2021-06-03,THYAO.IS,13.666609764099121
2021-06-04,THYAO.IS,13.7154541015625
2021-06-07,THYAO.IS,13.949906349182129
2021-06-08,THYAO.IS,14.145282745361328
2021-06-09,THYAO.IS,14.223433494567871
2021-06-10,THYAO.IS,14.096439361572266
2021-06-11,THYAO.IS,14.252740859985352
2021-06-14,THYAO.IS,14.282047271728516
2021-06-15,THYAO.IS,14.155051231384277
2021-06-16,THYAO.IS,13.988981246948242
2021-06-17,THYAO.IS,14.321122169494629
2021-06-18,THYAO.IS,14.203895568847656
2021-06-21,THYAO.IS,14.252740859985352
2021-06-22,THYAO.IS,14.418810844421387
2021-06-23,THYAO.IS,14.223433494567871
2021-06-24,THYAO.IS,14.27227783203125
2021-06-25,THYAO.IS,13.949906349182129
2021-06-28,THYAO.IS,13.5396146774292
2021-06-29,THYAO.IS,13.080479621887207
2021-06-30,THYAO.IS,13.060941696166992
2021-07-01,THYAO.IS,13.432158470153809
2021-07-02,THYAO.IS,13.422388076782227
2021-07-05,THYAO.IS,13.793604850769043
2021-07-06,THYAO.IS,13.559152603149414
2021-07-07,THYAO.IS,13.52984619140625
2021-07-08,THYAO.IS,13.34423828125
2021-07-09,THYAO.IS,13.256318092346191
2021-07-12,THYAO.IS,12.933945655822754
2021-07-13,THYAO.IS,12.797183990478516
2021-07-14,THYAO.IS,12.777644157409668
2021-07-16,THYAO.IS,12.777644157409668
2021-07-19,THYAO.IS,12.435734748840332
2021-07-26,THYAO.IS,12.025444984436035
2021-07-27,THYAO.IS,12.259896278381348
2021-07-28,THYAO.IS,12.269665718078613
2021-07-29,THYAO.IS,12.484580039978027
2021-07-30,THYAO.IS,12.435734748840332
2021-08-02,THYAO.IS,12.57249927520752
2021-08-03,THYAO.IS,12.338047981262207
2021-08-04,THYAO.IS,12.338047981262207
2021-08-05,THYAO.IS,12.465043067932129
2021-08-06,THYAO.IS,12.533424377441406
2021-08-09,THYAO.IS,12.494348526000977
2021-08-10,THYAO.IS,12.338047981262207
2021-08-11,THYAO.IS,11.927755355834961
2021-08-12,THYAO.IS,12.142670631408691
2021-08-13,THYAO.IS,12.132902145385742
2021-08-16,THYAO.IS,12.318509101867676
2021-08-17,THYAO.IS,12.15243911743164
2021-08-18,THYAO.IS,11.917986869812012
2021-08-19,THYAO.IS,11.908217430114746
2021-08-20,THYAO.IS,11.976600646972656
2021-08-23,THYAO.IS,12.20128345489502
2021-08-24,THYAO.IS,12.513887405395508
2021-08-25,THYAO.IS,12.211051940917969
2021-08-26,THYAO.IS,12.494348526000977
2021-08-27,THYAO.IS,12.38689136505127
2021-08-31,THYAO.IS,12.38689136505127
2021-09-01,THYAO.IS,12.601805686950684
2021-09-02,THYAO.IS,12.601805686950684
2021-09-03,THYAO.IS,12.582267761230469
2021-09-06,THYAO.IS,12.650650024414062
2021-09-07,THYAO.IS,12.357584953308105
2021-09-08,THYAO.IS,12.132902145385742
2021-09-09,THYAO.IS,12.338047981262207
2021-09-10,THYAO.IS,12.12313175201416
2021-09-13,THYAO.IS,12.142670631408691
2021-09-14,THYAO.IS,12.15243911743164
2021-09-15,THYAO.IS,11.976600646972656
2021-09-16,THYAO.IS,12.181746482849121
2021-09-17,THYAO.IS,12.4259672164917
2021-09-20,THYAO.IS,12.513887405395508
2021-09-21,THYAO.IS,12.74833869934082
2021-09-22,THYAO.IS,12.885102272033691
2021-09-23,THYAO.IS,13.021865844726562
2021-09-24,THYAO.IS,13.30516242980957
2021-09-27,THYAO.IS,13.217242240905762
2021-09-28,THYAO.IS,13.461463928222656
2021-09-29,THYAO.IS,13.461463928222656
2021-09-30,THYAO.IS,13.627534866333008
2021-10-01,THYAO.IS,13.72522258758545
2021-10-04,THYAO.IS,13.549383163452148
2021-10-05,THYAO.IS,13.7154541015625
2021-10-06,THYAO.IS,13.393081665039062
2021-10-07,THYAO.IS,13.793604850769043
2021-10-08,THYAO.IS,13.764298439025879
2021-10-11,THYAO.IS,13.87175464630127
2021-10-12,THYAO.IS,13.67637825012207
2021-10-13,THYAO.IS,13.93036937713623
2021-10-14,THYAO.IS,13.969444274902344
2021-10-15,THYAO.IS,14.30158519744873
2021-10-18,THYAO.IS,14.23320198059082
2021-10-19,THYAO.IS,13.988981246948242
2021-10-20,THYAO.IS,13.481001853942871
2021-10-21,THYAO.IS,13.647072792053223
2021-10-22,THYAO.IS,13.813142776489258
2021-10-25,THYAO.IS,13.949906349182129
2021-10-26,THYAO.IS,14.360197067260742
2021-10-27,THYAO.IS,14.506730079650879
2021-10-28,THYAO.IS,14.623956680297852
2021-11-01,THYAO.IS,14.926790237426758
2021-11-02,THYAO.IS,15.131936073303223
2021-11-03,THYAO.IS,15.219855308532715
2021-11-04,THYAO.IS,16.577722549438477
2021-11-05,THYAO.IS,17.24200439453125
2021-11-08,THYAO.IS,17.63275909423828
2021-11-09,THYAO.IS,17.740215301513672
2021-11-10,THYAO.IS,17.710908889770508
2021-11-11,THYAO.IS,17.310386657714844
2021-11-12,THYAO.IS,17.4080753326416
2021-11-15,THYAO.IS,17.202930450439453
2021-11-16,THYAO.IS,17.251773834228516
2021-11-17,THYAO.IS,17.574146270751953
2021-11-18,THYAO.IS,17.58391571044922
2021-11-19,THYAO.IS,16.6949520111084
2021-11-22,THYAO.IS,17.22246742248535
2021-11-23,THYAO.IS,18.28727149963379
2021-11-24,THYAO.IS,18.531492233276367
2021-11-25,THYAO.IS,18.345884323120117
2021-11-26,THYAO.IS,16.597261428833008
2021-11-29,THYAO.IS,16.919633865356445
2021-11-30,THYAO.IS,16.821945190429688
2021-12-01,THYAO.IS,17.984437942504883
2021-12-02,THYAO.IS,17.828136444091797
2021-12-03,THYAO.IS,18.10166358947754
2021-12-06,THYAO.IS,18.257966995239258
2021-12-07,THYAO.IS,18.75617790222168
2021-12-08,THYAO.IS,19.908899307250977
2021-12-09,THYAO.IS,21.491451263427734
2021-12-10,THYAO.IS,21.72590446472168
2021-12-13,THYAO.IS,22.116657257080078
2021-12-14,THYAO.IS,22.05804443359375
2021-12-15,THYAO.IS,22.937238693237305
2021-12-16,THYAO.IS,24.539331436157227
2021-12-17,THYAO.IS,22.097122192382812
2021-12-20,THYAO.IS,21.62821388244629
2021-12-21,THYAO.IS,19.469301223754883
2021-12-22,THYAO.IS,18.443572998046875
2021-12-23,THYAO.IS,18.76594352722168
2021-12-24,THYAO.IS,20.631793975830078
2021-12-27,THYAO.IS,20.299654006958008
2021-12-28,THYAO.IS,20.0065860748291
2021-12-29,THYAO.IS,20.59271812438965
2021-12-30,THYAO.IS,19.67444610595703
2021-12-31,THYAO.IS,19.557222366333008
2022-01-03,THYAO.IS,21.33515167236328
2022-01-04,THYAO.IS,22.272958755493164
2022-01-05,THYAO.IS,23.347532272338867
2022-01-06,THYAO.IS,24.285341262817383
2022-01-07,THYAO.IS,24.363492965698242
2022-01-10,THYAO.IS,26.082807540893555
2022-01-11,THYAO.IS,26.27818489074707
2022-01-12,THYAO.IS,26.25864601135254
2022-01-13,THYAO.IS,28.114727020263672
2022-01-14,THYAO.IS,27.567670822143555
2022-01-17,THYAO.IS,27.626285552978516
2022-01-18,THYAO.IS,26.25864601135254
2022-01-19,THYAO.IS,26.766626358032227
2022-01-20,THYAO.IS,27.4504451751709
2022-01-21,THYAO.IS,26.864316940307617
2022-01-24,THYAO.IS,25.418527603149414
2022-01-25,THYAO.IS,25.51621437072754
2022-01-26,THYAO.IS,26.590787887573242
2022-01-27,THYAO.IS,27.977962493896484
2022-01-28,THYAO.IS,27.509057998657227
2022-01-31,THYAO.IS,28.05611228942871
2022-02-01,THYAO.IS,27.665359497070312
2022-02-02,THYAO.IS,27.157379150390625
2022-02-03,THYAO.IS,26.395410537719727
2022-02-04,THYAO.IS,26.043731689453125
2022-02-07,THYAO.IS,27.606748580932617
2022-02-08,THYAO.IS,28.114727020263672
2022-02-09,THYAO.IS,29.150224685668945
2022-02-10,THYAO.IS,29.111146926879883
2022-02-11,THYAO.IS,28.93531036376953
2022-02-14,THYAO.IS,27.938888549804688
2022-02-15,THYAO.IS,29.2674503326416
2022-02-16,THYAO.IS,28.915773391723633
2022-02-17,THYAO.IS,28.075651168823242
2022-02-18,THYAO.IS,28.720394134521484
2022-02-21,THYAO.IS,28.759469985961914
2022-02-22,THYAO.IS,28.21241569519043
2022-02-23,THYAO.IS,27.430908203125
2022-02-24,THYAO.IS,24.695632934570312
2022-02-25,THYAO.IS,26.66893768310547
2022-02-28,THYAO.IS,25.027774810791016
2022-03-01,THYAO.IS,24.676095962524414
2022-03-02,THYAO.IS,25.37944984436035
2022-03-03,THYAO.IS,25.340375900268555
2022-03-04,THYAO.IS,24.71516990661621
2022-03-07,THYAO.IS,25.301300048828125
2022-03-08,THYAO.IS,24.71516990661621
2022-03-09,THYAO.IS,25.535751342773438
2022-03-10,THYAO.IS,25.14499855041504
2022-03-11,THYAO.IS,25.809280395507812
2022-03-14,THYAO.IS,26.004657745361328
2022-03-15,THYAO.IS,27.02061653137207
2022-03-16,THYAO.IS,27.0596923828125
2022-03-17,THYAO.IS,27.215993881225586
2022-03-18,THYAO.IS,27.0792293548584
2022-03-21,THYAO.IS,27.274606704711914
2022-03-22,THYAO.IS,27.86073875427246
2022-03-23,THYAO.IS,27.4504451751709
2022-03-24,THYAO.IS,27.46998405456543
2022-03-25,THYAO.IS,27.509057998657227
2022-03-28,THYAO.IS,28.388254165649414
2022-03-29,THYAO.IS,30.908615112304688
2022-03-30,THYAO.IS,31.436134338378906
2022-03-31,THYAO.IS,31.5142822265625
2022-04-01,THYAO.IS,32.02226257324219
2022-04-04,THYAO.IS,32.686546325683594
2022-04-05,THYAO.IS,33.7025032043457
2022-04-06,THYAO.IS,33.81972885131836
2022-04-07,THYAO.IS,34.79661560058594
2022-04-08,THYAO.IS,34.50354766845703
2022-04-11,THYAO.IS,35.32413101196289
2022-04-12,THYAO.IS,36.37916946411133
2022-04-13,THYAO.IS,36.12517547607422
2022-04-14,THYAO.IS,36.496395111083984
2022-04-15,THYAO.IS,36.867610931396484
2022-04-18,THYAO.IS,36.76991653442383
2022-04-19,THYAO.IS,37.86402893066406
2022-04-20,THYAO.IS,37.96171951293945
2022-04-21,THYAO.IS,39.2512092590332
2022-04-22,THYAO.IS,38.821380615234375
2022-04-25,THYAO.IS,38.68461227416992
2022-04-26,THYAO.IS,38.196170806884766
2022-04-27,THYAO.IS,39.56380844116211
2022-04-28,THYAO.IS,39.56380844116211
2022-04-29,THYAO.IS,40.30624008178711
2022-05-05,THYAO.IS,41.693416595458984
2022-05-06,THYAO.IS,41.400352478027344
2022-05-09,THYAO.IS,41.322200775146484
2022-05-10,THYAO.IS,41.712955474853516
2022-05-11,THYAO.IS,41.22451400756836
2022-05-12,THYAO.IS,40.892372131347656
2022-05-13,THYAO.IS,41.49803924560547
2022-05-16,THYAO.IS,41.73249435424805
2022-05-17,THYAO.IS,41.1072883605957
2022-05-18,THYAO.IS,41.419891357421875
2022-05-20,THYAO.IS,41.869258880615234
2022-05-23,THYAO.IS,41.966941833496094
2022-05-24,THYAO.IS,41.1854362487793
2022-05-25,THYAO.IS,41.67387771606445
2022-05-26,THYAO.IS,43.43227005004883
2022-05-27,THYAO.IS,43.97932815551758
2022-05-30,THYAO.IS,48.37530517578125
2022-05-31,THYAO.IS,48.74652099609375
2022-06-01,THYAO.IS,48.12131118774414
2022-06-02,THYAO.IS,48.453453063964844
2022-06-03,THYAO.IS,46.87089920043945
2022-06-06,THYAO.IS,46.75367736816406
2022-06-07,THYAO.IS,47.339805603027344
2022-06-08,THYAO.IS,45.64002990722656
2022-06-09,THYAO.IS,47.22257995605469
2022-06-10,THYAO.IS,45.6204948425293
2022-06-13,THYAO.IS,45.91355895996094
2022-06-14,THYAO.IS,45.77679443359375
2022-06-15,THYAO.IS,47.32027053833008
2022-06-16,THYAO.IS,46.24570083618164
2022-06-17,THYAO.IS,47.066280364990234
2022-06-20,THYAO.IS,49.674560546875
2022-06-21,THYAO.IS,50.70029067993164
2022-06-22,THYAO.IS,50.84682083129883
2022-06-23,THYAO.IS,49.38149642944336
2022-06-24,THYAO.IS,49.08843231201172
2022-06-27,THYAO.IS,48.648834228515625
2022-06-28,THYAO.IS,46.92951583862305
2022-06-29,THYAO.IS,45.11251449584961
2022-06-30,THYAO.IS,45.718177795410156
2022-07-01,THYAO.IS,48.1603889465332
2022-07-04,THYAO.IS,46.57783889770508
2022-07-05,THYAO.IS,45.91355895996094
2022-07-06,THYAO.IS,47.30073165893555
2022-07-07,THYAO.IS,48.06270217895508
2022-07-08,THYAO.IS,48.39484405517578
2022-07-13,THYAO.IS,48.06270217895508
2022-07-14,THYAO.IS,46.831825256347656
2022-07-18,THYAO.IS,48.824668884277344
2022-07-19,THYAO.IS,49.91878128051758
2022-07-20,THYAO.IS,50.163002014160156
2022-07-21,THYAO.IS,50.407222747802734
2022-07-22,THYAO.IS,48.89305114746094
2022-07-25,THYAO.IS,48.39484405517578
2022-07-26,THYAO.IS,47.86732482910156
2022-07-27,THYAO.IS,48.551143646240234
2022-07-28,THYAO.IS,48.551143646240234
2022-07-29,THYAO.IS,49.23496627807617
2022-08-01,THYAO.IS,50.30953598022461
2022-08-02,THYAO.IS,51.13988494873047
2022-08-03,THYAO.IS,53.728633880615234
2022-08-04,THYAO.IS,54.02169418334961
2022-08-05,THYAO.IS,56.85466003417969
2022-08-08,THYAO.IS,57.391944885253906
2022-08-09,THYAO.IS,57.24541091918945
2022-08-10,THYAO.IS,58.759586334228516
2022-08-11,THYAO.IS,59.980690002441406
2022-08-12,THYAO.IS,60.957576751708984
2022-08-15,THYAO.IS,62.12982940673828
2022-08-16,THYAO.IS,66.2815933227539
2022-08-17,THYAO.IS,67.1119384765625
2022-08-18,THYAO.IS,68.03998565673828
2022-08-19,THYAO.IS,66.91657257080078
2022-08-22,THYAO.IS,66.18389892578125
2022-08-23,THYAO.IS,66.23274993896484
2022-08-24,THYAO.IS,67.06310272216797
2022-08-25,THYAO.IS,68.67495727539062
2022-08-26,THYAO.IS,68.08882904052734
2022-08-29,THYAO.IS,68.82148742675781
2022-08-31,THYAO.IS,71.41023254394531
2022-09-01,THYAO.IS,69.45646667480469
2022-09-02,THYAO.IS,70.1402816772461
2022-09-05,THYAO.IS,73.41284942626953
2022-09-06,THYAO.IS,71.94751739501953
2022-09-07,THYAO.IS,72.9732437133789
2022-09-08,THYAO.IS,71.31254577636719
2022-09-09,THYAO.IS,71.70330047607422
2022-09-12,THYAO.IS,73.21746826171875
2022-09-13,THYAO.IS,69.45646667480469
2022-09-14,THYAO.IS,72.5824966430664
2022-09-15,THYAO.IS,72.43596649169922
2022-09-16,THYAO.IS,72.2405776977539
2022-09-19,THYAO.IS,67.16078186035156
2022-09-20,THYAO.IS,70.77525329589844
2022-09-21,THYAO.IS,68.1376724243164
2022-09-22,THYAO.IS,69.65184783935547
2022-09-23,THYAO.IS,69.21224212646484
2022-09-26,THYAO.IS,67.79576873779297
2022-09-27,THYAO.IS,69.35877990722656
2022-09-28,THYAO.IS,67.35616302490234
2022-09-29,THYAO.IS,67.01425170898438
2022-09-30,THYAO.IS,68.968017578125
2022-10-03,THYAO.IS,75.85505676269531
2022-10-04,THYAO.IS,78.9322509765625
2022-10-05,THYAO.IS,82.83978271484375
2022-10-06,THYAO.IS,82.7420883178711
2022-10-07,THYAO.IS,82.25364685058594
2022-10-10,THYAO.IS,84.15857696533203
2022-10-11,THYAO.IS,82.54671478271484
2022-10-12,THYAO.IS,83.13284301757812
2022-10-13,THYAO.IS,85.96580505371094
2022-10-14,THYAO.IS,87.91957092285156
2022-10-17,THYAO.IS,96.17424774169922
2022-10-18,THYAO.IS,95.00198364257812
2022-10-19,THYAO.IS,95.14852142333984
2022-10-20,THYAO.IS,96.76038360595703
2022-10-21,THYAO.IS,95.68579864501953
2022-10-24,THYAO.IS,97.1999740600586
2022-10-25,THYAO.IS,98.17686462402344
2022-10-26,THYAO.IS,96.51615905761719
2022-10-27,THYAO.IS,97.10228729248047
2022-10-28,THYAO.IS,94.70891571044922
2022-10-31,THYAO.IS,98.95836639404297
2022-11-01,THYAO.IS,100.03294372558594
2022-11-02,THYAO.IS,98.46993255615234
2022-11-03,THYAO.IS,99.44681549072266
2022-11-04,THYAO.IS,101.79132843017578
2022-11-07,THYAO.IS,104.72197723388672
2022-11-08,THYAO.IS,110.38790893554688
2022-11-09,THYAO.IS,109.02027893066406
2022-11-10,THYAO.IS,110.77867126464844
2022-11-11,THYAO.IS,108.9225845336914
2022-11-14,THYAO.IS,107.16419219970703
2022-11-15,THYAO.IS,106.48037719726562
2022-11-16,THYAO.IS,102.18208312988281
2022-11-17,THYAO.IS,104.72197723388672
2022-11-18,THYAO.IS,104.13584899902344
2022-11-21,THYAO.IS,104.42891693115234
2022-11-22,THYAO.IS,108.6295166015625
2022-11-23,THYAO.IS,109.89947509765625
2022-11-24,THYAO.IS,109.02027893066406
2022-11-25,THYAO.IS,111.16942596435547
2022-11-28,THYAO.IS,112.43936920166016
2022-11-29,THYAO.IS,116.15152740478516
2022-11-30,THYAO.IS,117.22610473632812
2022-12-01,THYAO.IS,121.5243911743164
2022-12-02,THYAO.IS,125.33424377441406
2022-12-05,THYAO.IS,135.39614868164062
2022-12-06,THYAO.IS,132.4654998779297
2022-12-07,THYAO.IS,131.5863037109375
2022-12-08,THYAO.IS,132.27011108398438
2022-12-09,THYAO.IS,137.74066162109375
2022-12-12,THYAO.IS,142.5273895263672
2022-12-13,THYAO.IS,140.67132568359375
2022-12-14,THYAO.IS,133.83314514160156
2022-12-15,THYAO.IS,136.86148071289062
2022-12-16,THYAO.IS,135.98226928710938
2022-12-19,THYAO.IS,139.9875030517578
2022-12-20,THYAO.IS,142.5273895263672
2022-12-21,THYAO.IS,139.59674072265625
2022-12-22,THYAO.IS,138.81524658203125
2022-12-23,THYAO.IS,138.5221710205078
2022-12-26,THYAO.IS,141.64820861816406
2022-12-27,THYAO.IS,139.79214477539062
2022-12-28,THYAO.IS,136.86148071289062
2022-12-29,THYAO.IS,139.0106201171875
2022-12-30,THYAO.IS,137.64297485351562
2023-01-02,THYAO.IS,143.40660095214844
2023-01-03,THYAO.IS,143.99273681640625
2023-01-04,THYAO.IS,141.15977478027344
2023-01-05,THYAO.IS,138.5221710205078
2023-01-06,THYAO.IS,139.2060089111328
2023-01-09,THYAO.IS,135.2007598876953
2023-01-10,THYAO.IS,128.16720581054688
2023-01-11,THYAO.IS,122.4035873413086
2023-01-12,THYAO.IS,132.66087341308594
2023-01-13,THYAO.IS,131.5863037109375
2023-01-16,THYAO.IS,141.06207275390625
2023-01-17,THYAO.IS,143.99273681640625
2023-01-18,THYAO.IS,145.65342712402344
2023-01-19,THYAO.IS,151.0262908935547
2023-01-20,THYAO.IS,149.36558532714844
2023-01-23,THYAO.IS,147.70489501953125
2023-01-24,THYAO.IS,146.23956298828125
2023-01-25,THYAO.IS,148.29103088378906
2023-01-26,THYAO.IS,146.72799682617188
2023-01-27,THYAO.IS,146.33724975585938
2023-01-30,THYAO.IS,141.4528350830078
2023-01-31,THYAO.IS,134.41928100585938
2023-02-01,THYAO.IS,127.77645874023438
2023-02-02,THYAO.IS,131.48861694335938
2023-02-03,THYAO.IS,139.4013671875
2023-02-06,THYAO.IS,136.6660919189453
2023-02-07,THYAO.IS,124.25965881347656
2023-02-08,THYAO.IS,112.34168243408203
2023-02-15,THYAO.IS,136.6660919189453
2023-02-16,THYAO.IS,136.7637939453125
2023-02-17,THYAO.IS,138.0337371826172
2023-02-20,THYAO.IS,138.0337371826172
2023-02-21,THYAO.IS,134.32156372070312
2023-02-22,THYAO.IS,133.24700927734375
2023-02-23,THYAO.IS,133.4423828125
2023-02-24,THYAO.IS,131.87936401367188
2023-02-27,THYAO.IS,140.08518981933594
2023-02-28,THYAO.IS,140.2805633544922
2023-03-01,THYAO.IS,144.09042358398438
2023-03-02,THYAO.IS,138.71755981445312
2023-03-03,THYAO.IS,135.4938201904297
2023-03-06,THYAO.IS,139.10829162597656
2023-03-07,THYAO.IS,137.74066162109375
2023-03-08,THYAO.IS,136.86148071289062
2023-03-09,THYAO.IS,137.25222778320312
2023-03-10,THYAO.IS,135.4938201904297
2023-03-13,THYAO.IS,132.66087341308594
2023-03-14,THYAO.IS,129.2417755126953
2023-03-15,THYAO.IS,127.87413787841797
2023-03-16,THYAO.IS,129.1440887451172
2023-03-17,THYAO.IS,123.57585144042969
2023-03-20,THYAO.IS,123.18509674072266
2023-03-21,THYAO.IS,121.03595733642578
2023-03-22,THYAO.IS,124.94348907470703
2023-03-23,THYAO.IS,126.40880584716797
2023-03-24,THYAO.IS,125.43192291259766
2023-03-27,THYAO.IS,122.4035873413086
2023-03-28,THYAO.IS,116.63997650146484
2023-03-29,THYAO.IS,121.71976470947266
2023-03-30,THYAO.IS,119.08218383789062
2023-03-31,THYAO.IS,115.76077270507812
2023-04-03,THYAO.IS,118.00761413574219
2023-04-04,THYAO.IS,125.13887023925781
2023-04-05,THYAO.IS,122.4035873413086
2023-04-06,THYAO.IS,124.25965881347656
2023-04-07,THYAO.IS,124.45504760742188
2023-04-10,THYAO.IS,130.41403198242188
2023-04-11,THYAO.IS,129.92559814453125
2023-04-12,THYAO.IS,130.31634521484375
2023-04-13,THYAO.IS,133.9308319091797
2023-04-14,THYAO.IS,131.29322814941406
2023-04-17,THYAO.IS,132.5631866455078
2023-04-18,THYAO.IS,133.05162048339844
2023-04-19,THYAO.IS,131.5863037109375
2023-04-20,THYAO.IS,130.90248107910156
2023-04-24,THYAO.IS,133.14930725097656
2023-04-25,THYAO.IS,130.60940551757812
2023-04-26,THYAO.IS,126.99494171142578
2023-04-27,THYAO.IS,127.77645874023438
2023-04-28,THYAO.IS,124.8458023071289
2023-05-02,THYAO.IS,123.3804702758789
2023-05-03,THYAO.IS,126.21343231201172
2023-05-04,THYAO.IS,124.74810791015625
2023-05-05,THYAO.IS,122.59896850585938
2023-05-08,THYAO.IS,129.730224609375
2023-05-09,THYAO.IS,125.82268524169922
2023-05-10,THYAO.IS,123.8689193725586
2023-05-11,THYAO.IS,133.14930725097656
2023-05-12,THYAO.IS,129.5348358154297
2023-05-15,THYAO.IS,121.5243911743164
2023-05-16,THYAO.IS,132.75856018066406
2023-05-17,THYAO.IS,133.9308319091797
2023-05-18,THYAO.IS,129.5348358154297
2023-05-22,THYAO.IS,132.3677978515625
2023-05-23,THYAO.IS,131.29322814941406
2023-05-24,THYAO.IS,129.730224609375
2023-05-25,THYAO.IS,131.00018310546875
2023-05-26,THYAO.IS,139.0106201171875
2023-05-29,THYAO.IS,142.62509155273438
2023-05-30,THYAO.IS,143.6019744873047
2023-05-31,THYAO.IS,140.4759521484375
2023-06-01,THYAO.IS,143.6019744873047
2023-06-02,THYAO.IS,146.6303253173828
2023-06-05,THYAO.IS,160.69744873046875
2023-06-06,THYAO.IS,161.57664489746094
2023-06-07,THYAO.IS,168.51251220703125
2023-06-08,THYAO.IS,167.63333129882812
2023-06-09,THYAO.IS,172.81080627441406
2023-06-12,THYAO.IS,179.06288146972656
2023-06-13,THYAO.IS,173.6900177001953
2023-06-14,THYAO.IS,178.67210388183594
2023-06-15,THYAO.IS,178.76980590820312
2023-06-16,THYAO.IS,176.52297973632812
2023-06-19,THYAO.IS,169.97784423828125
2023-06-20,THYAO.IS,167.43795776367188
2023-06-21,THYAO.IS,165.4841766357422
2023-06-22,THYAO.IS,176.13221740722656
2023-06-23,THYAO.IS,180.4304962158203
2023-06-26,THYAO.IS,186.58486938476562
2023-06-27,THYAO.IS,189.22247314453125
2023-07-03,THYAO.IS,205.63412475585938
2023-07-04,THYAO.IS,203.2895965576172
2023-07-05,THYAO.IS,211.49542236328125
2023-07-06,THYAO.IS,211.59312438964844
2023-07-07,THYAO.IS,210.22547912597656
2023-07-10,THYAO.IS,209.6393585205078
2023-07-11,THYAO.IS,210.3231658935547
2023-07-12,THYAO.IS,206.02487182617188
2023-07-13,THYAO.IS,204.6572265625
2023-07-14,THYAO.IS,208.5647735595703
2023-07-17,THYAO.IS,213.7422637939453
2023-07-18,THYAO.IS,209.05322265625
2023-07-19,THYAO.IS,218.43130493164062
2023-07-20,THYAO.IS,219.9943084716797
2023-07-21,THYAO.IS,218.43130493164062
2023-07-24,THYAO.IS,216.67291259765625
2023-07-25,THYAO.IS,212.2769317626953
2023-07-26,THYAO.IS,218.9197540283203
2023-07-27,THYAO.IS,223.21803283691406
2023-07-28,THYAO.IS,229.56777954101562
2023-07-31,THYAO.IS,228.88397216796875
2023-08-01,THYAO.IS,225.66024780273438
2023-08-02,THYAO.IS,231.03311157226562
2023-08-03,THYAO.IS,229.56777954101562
2023-08-04,THYAO.IS,243.0487823486328
2023-08-07,THYAO.IS,260.7303771972656
2023-08-08,THYAO.IS,255.74827575683594
2023-08-09,THYAO.IS,253.98988342285156
2023-08-10,THYAO.IS,252.52456665039062
2023-08-11,THYAO.IS,259.5581359863281
2023-08-14,THYAO.IS,255.35751342773438
2023-08-15,THYAO.IS,253.6968536376953
2023-08-16,THYAO.IS,248.61703491210938
2023-08-17,THYAO.IS,256.0413513183594
2023-08-18,THYAO.IS,245.58868408203125
2023-08-21,THYAO.IS,253.0129852294922
2023-08-22,THYAO.IS,249.0077667236328
2023-08-23,THYAO.IS,234.15914916992188
2023-08-24,THYAO.IS,225.17181396484375
2023-08-25,THYAO.IS,232.49844360351562
2023-08-28,THYAO.IS,250.0823516845703
2023-08-29,THYAO.IS,242.16958618164062
2023-08-31,THYAO.IS,239.3366241455078
2023-09-01,THYAO.IS,248.1285858154297
2023-09-04,THYAO.IS,246.858642578125
2023-09-05,THYAO.IS,246.17481994628906
2023-09-06,THYAO.IS,239.3366241455078
2023-09-07,THYAO.IS,238.9458770751953
2023-09-08,THYAO.IS,237.67591857910156
2023-09-11,THYAO.IS,229.079345703125
2023-09-12,THYAO.IS,230.544677734375
2023-09-13,THYAO.IS,226.3440704345703
2023-09-14,THYAO.IS,232.98687744140625
2023-09-15,THYAO.IS,221.85040283203125
2023-09-18,THYAO.IS,213.05844116210938
2023-09-19,THYAO.IS,213.54689025878906
2023-09-20,THYAO.IS,218.13824462890625
2023-09-21,THYAO.IS,227.2232666015625
2023-09-22,THYAO.IS,220.87351989746094
2023-09-25,THYAO.IS,227.12557983398438
2023-09-26,THYAO.IS,222.24114990234375
2023-09-27,THYAO.IS,225.0740966796875
2023-09-28,THYAO.IS,237.57823181152344
2023-09-29,THYAO.IS,236.8944091796875
2023-10-02,THYAO.IS,247.54244995117188
2023-10-03,THYAO.IS,241.97421264648438
2023-10-04,THYAO.IS,232.98687744140625
2023-10-05,THYAO.IS,235.9175262451172
2023-10-06,THYAO.IS,232.88917541503906
2023-10-09,THYAO.IS,221.9480743408203
2023-10-10,THYAO.IS,232.59613037109375
2023-10-11,THYAO.IS,224.7810516357422
2023-10-12,THYAO.IS,219.89663696289062
2023-10-13,THYAO.IS,217.06365966796875
2023-10-16,THYAO.IS,217.8451690673828
2023-10-17,THYAO.IS,219.89663696289062
2023-10-18,THYAO.IS,211.49542236328125
2023-10-19,THYAO.IS,208.66246032714844
2023-10-20,THYAO.IS,202.31272888183594
2023-10-23,THYAO.IS,208.76014709472656
2023-10-24,THYAO.IS,212.96075439453125
2023-10-25,THYAO.IS,198.3074951171875
2023-10-26,THYAO.IS,209.2485809326172
2023-10-27,THYAO.IS,212.1792449951172
2023-10-30,THYAO.IS,213.83995056152344
2023-10-31,THYAO.IS,212.2769317626953
2023-11-01,THYAO.IS,213.05844116210938
2023-11-02,THYAO.IS,217.8451690673828
2023-11-03,THYAO.IS,220.48275756835938
2023-11-06,THYAO.IS,220.97120666503906
2023-11-07,THYAO.IS,220.77581787109375
2023-11-08,THYAO.IS,223.3157196044922
2023-11-09,THYAO.IS,224.8787384033203
2023-11-10,THYAO.IS,223.80416870117188
2023-11-13,THYAO.IS,226.83250427246094
2023-11-14,THYAO.IS,231.61924743652344
2023-11-15,THYAO.IS,230.15391540527344
2023-11-16,THYAO.IS,238.65281677246094
2023-11-17,THYAO.IS,248.372802734375
2023-11-20,THYAO.IS,248.86123657226562
2023-11-21,THYAO.IS,262.2934265136719
2023-11-22,THYAO.IS,255.94366455078125
2023-11-23,THYAO.IS,254.72256469726562
2023-11-24,THYAO.IS,253.74566650390625
2023-11-27,THYAO.IS,254.47833251953125
2023-11-28,THYAO.IS,254.96676635742188
2023-11-29,THYAO.IS,249.10546875
2023-11-30,THYAO.IS,245.19793701171875
2023-12-01,THYAO.IS,254.72256469726562
2023-12-04,THYAO.IS,255.94366455078125
2023-12-05,THYAO.IS,253.0129852294922
2023-12-06,THYAO.IS,245.44215393066406
2023-12-07,THYAO.IS,253.74566650390625
2023-12-08,THYAO.IS,248.1285858154297
2023-12-11,THYAO.IS,240.6065673828125
2023-12-12,THYAO.IS,243.24417114257812
2023-12-13,THYAO.IS,235.72215270996094
2023-12-14,THYAO.IS,246.41903686523438
2023-12-15,THYAO.IS,247.3959197998047
2023-12-18,THYAO.IS,240.0204315185547
2023-12-19,THYAO.IS,239.62969970703125
2023-12-20,THYAO.IS,236.3082733154297
2023-12-21,THYAO.IS,239.3366241455078
2023-12-22,THYAO.IS,227.614013671875
2023-12-25,THYAO.IS,220.97120666503906
2023-12-26,THYAO.IS,222.4365234375
2023-12-27,THYAO.IS,217.06365966796875
2023-12-28,THYAO.IS,223.70648193359375
2023-12-29,THYAO.IS,223.3157196044922
2024-01-02,THYAO.IS,230.93540954589844
2024-01-03,THYAO.IS,224.7810516357422
2024-01-04,THYAO.IS,227.90707397460938
2024-01-05,THYAO.IS,233.6707000732422
2024-01-08,THYAO.IS,236.9921112060547
2024-01-09,THYAO.IS,237.28517150878906
2024-01-10,THYAO.IS,244.12335205078125
2024-01-11,THYAO.IS,240.99732971191406
2024-01-12,THYAO.IS,245.19793701171875
2024-01-15,THYAO.IS,247.3959197998047
2024-01-16,THYAO.IS,244.0256805419922
2024-01-17,THYAO.IS,246.6632537841797
2024-01-18,THYAO.IS,244.95370483398438
2024-01-19,THYAO.IS,244.46527099609375
2024-01-22,THYAO.IS,244.46527099609375
2024-01-23,THYAO.IS,243.0487823486328
2024-01-24,THYAO.IS,245.19793701171875
2024-01-25,THYAO.IS,246.41903686523438
2024-01-26,THYAO.IS,253.98988342285156
2024-01-29,THYAO.IS,267.6662902832031
2024-01-30,THYAO.IS,265.7124938964844
2024-01-31,THYAO.IS,266.4451599121094
2024-02-01,THYAO.IS,268.15472412109375
2024-02-02,THYAO.IS,274.9928894042969
2024-02-05,THYAO.IS,282.5637512207031
2024-02-06,THYAO.IS,284.2732849121094
2024-02-07,THYAO.IS,279.38885498046875
2024-02-08,THYAO.IS,280.1215515136719
2024-02-09,THYAO.IS,287.9366149902344
2024-02-12,THYAO.IS,283.5406188964844
2024-02-13,THYAO.IS,274.7486877441406
2024-02-14,THYAO.IS,275.96978759765625
2024-02-15,THYAO.IS,277.43511962890625
2024-02-16,THYAO.IS,275.96978759765625
2024-02-19,THYAO.IS,272.062255859375
2024-02-20,THYAO.IS,274.7486877441406
2024-02-21,THYAO.IS,272.7948913574219
2024-02-22,THYAO.IS,278.4120178222656
2024-02-23,THYAO.IS,279.8773193359375
2024-02-26,THYAO.IS,278.9004211425781
2024-02-27,THYAO.IS,273.77178955078125
2024-02-28,THYAO.IS,269.6200256347656
2024-02-29,THYAO.IS,275.23712158203125
2024-03-01,THYAO.IS,271.3295593261719
2024-03-04,THYAO.IS,264.2471618652344
2024-03-05,THYAO.IS,259.1185302734375
2024-03-06,THYAO.IS,254.96676635742188
2024-03-07,THYAO.IS,266.4451599121094
2024-03-08,THYAO.IS,272.7948913574219
2024-03-11,THYAO.IS,274.26025390625
2024-03-12,THYAO.IS,269.131591796875
2024-03-13,THYAO.IS,265.7124938964844
2024-03-14,THYAO.IS,265.4682922363281
2024-03-15,THYAO.IS,264.0029602050781
2024-03-18,THYAO.IS,262.2934265136719
2024-03-19,THYAO.IS,271.8180236816406
2024-03-20,THYAO.IS,271.8180236816406
2024-03-21,THYAO.IS,278.9004211425781
2024-03-22,THYAO.IS,284.51751708984375
2024-03-25,THYAO.IS,279.1446533203125
2024-03-26,THYAO.IS,278.6562194824219
2024-03-27,THYAO.IS,276.2139892578125
2024-03-28,THYAO.IS,290.8672790527344
2024-03-29,THYAO.IS,290.8672790527344
2024-04-01,THYAO.IS,296.72857666015625
2024-04-02,THYAO.IS,290.13458251953125
2024-04-03,THYAO.IS,293.0652770996094
2024-04-04,THYAO.IS,283.2964172363281
2024-04-05,THYAO.IS,300.1476745605469
2024-04-08,THYAO.IS,302.8341064453125
2024-04-09,THYAO.IS,289.5484680175781
2024-04-15,THYAO.IS,291.59991455078125
2024-04-16,THYAO.IS,290.13458251953125
2024-04-17,THYAO.IS,288.425048828125
2024-04-18,THYAO.IS,289.4019470214844
2024-04-19,THYAO.IS,295.5074462890625
2024-04-22,THYAO.IS,295.751708984375
2024-04-24,THYAO.IS,302.5898742675781
2024-04-25,THYAO.IS,306.00897216796875
2024-04-26,THYAO.IS,309.67230224609375
2024-04-29,THYAO.IS,318.4642333984375
2024-04-30,THYAO.IS,318.4642333984375
2024-05-02,THYAO.IS,317.7315979003906
2024-05-03,THYAO.IS,317.48736572265625
2024-05-06,THYAO.IS,318.4642333984375
2024-05-07,THYAO.IS,322.37176513671875
2024-05-08,THYAO.IS,320.1737976074219
2024-05-09,THYAO.IS,317.7315979003906
2024-05-10,THYAO.IS,310.649169921875
2024-05-13,THYAO.IS,306.9858703613281
2024-05-14,THYAO.IS,303.07830810546875
2024-05-15,THYAO.IS,298.4381408691406
2024-05-16,THYAO.IS,299.9034423828125
2024-05-17,THYAO.IS,316.02203369140625
2024-05-20,THYAO.IS,316.02203369140625
2024-05-21,THYAO.IS,315.045166015625
2024-05-22,THYAO.IS,314.0682678222656
2024-05-23,THYAO.IS,310.16070556640625
2024-05-24,THYAO.IS,310.8934020996094
2024-05-27,THYAO.IS,307.718505859375
2024-05-28,THYAO.IS,304.7878723144531
2024-05-29,THYAO.IS,298.92657470703125
2024-05-30,THYAO.IS,298.92657470703125
2024-05-31,THYAO.IS,295.751708984375
2024-06-03,THYAO.IS,304.7878723144531
2024-06-04,THYAO.IS,298.92657470703125
2024-06-05,THYAO.IS,305.0320739746094
2024-06-06,THYAO.IS,298.4381408691406
2024-06-07,THYAO.IS,295.5074462890625
2024-06-10,THYAO.IS,292.8210144042969
2024-06-11,THYAO.IS,295.5074462890625
2024-06-12,THYAO.IS,297.9496765136719
2024-06-13,THYAO.IS,302.34564208984375
2024-06-14,THYAO.IS,304.54364013671875
2024-06-20,THYAO.IS,308.6954040527344
2024-06-21,THYAO.IS,308.6954040527344
2024-06-24,THYAO.IS,303.07830810546875
2024-06-25,THYAO.IS,298.6823425292969
2024-06-26,THYAO.IS,294.0421447753906
2024-06-27,THYAO.IS,298.6823425292969
2024-06-28,THYAO.IS,301.6130065917969
2024-07-01,THYAO.IS,288.9134826660156
2024-07-02,THYAO.IS,290.8672790527344
2024-07-03,THYAO.IS,296.2401428222656
2024-07-04,THYAO.IS,303.8110046386719
2024-07-05,THYAO.IS,300.88031005859375
2024-07-08,THYAO.IS,298.92657470703125
2024-07-09,THYAO.IS,303.5667419433594
2024-07-10,THYAO.IS,297.7054443359375
2024-07-11,THYAO.IS,302.8341064453125
2024-07-12,THYAO.IS,300.1476745605469
2024-07-16,THYAO.IS,300.3918762207031
2024-07-17,THYAO.IS,302.1014404296875
2024-07-18,THYAO.IS,309.1838684082031
2024-07-19,THYAO.IS,308.20697021484375
2024-07-22,THYAO.IS,302.5898742675781
2024-07-23,THYAO.IS,298.92657470703125
2024-07-24,THYAO.IS,297.9496765136719
2024-07-25,THYAO.IS,293.3094787597656
2024-07-26,THYAO.IS,294.53057861328125
2024-07-29,THYAO.IS,287.2039489746094
2024-07-30,THYAO.IS,286.71551513671875
2024-07-31,THYAO.IS,282.5637512207031
2024-08-01,THYAO.IS,290.623046875
2024-08-02,THYAO.IS,284.76171875
2024-08-05,THYAO.IS,270.596923828125
2024-08-06,THYAO.IS,273.0391540527344
2024-08-07,THYAO.IS,291.1114807128906
2024-08-08,THYAO.IS,295.0190124511719
2024-08-09,THYAO.IS,294.7748107910156
2024-08-12,THYAO.IS,293.3094787597656
2024-08-13,THYAO.IS,290.8672790527344
2024-08-14,THYAO.IS,285.0059814453125
2024-08-15,THYAO.IS,281.8310852050781
2024-08-16,THYAO.IS,286.71551513671875
2024-08-19,THYAO.IS,290.13458251953125
2024-08-20,THYAO.IS,292.8210144042969
2024-08-21,THYAO.IS,290.8672790527344
2024-08-22,THYAO.IS,287.6924133300781
2024-08-23,THYAO.IS,288.18084716796875
2024-08-26,THYAO.IS,282.0752868652344
2024-08-27,THYAO.IS,290.8672790527344
2024-08-28,THYAO.IS,295.26324462890625
2024-08-29,THYAO.IS,293.5537109375
2024-09-02,THYAO.IS,301.3687744140625
2024-09-03,THYAO.IS,295.751708984375
2024-09-04,THYAO.IS,294.0421447753906
2024-09-05,THYAO.IS,289.890380859375
2024-09-06,THYAO.IS,287.4481506347656
2024-09-09,THYAO.IS,282.3195495605469
2024-09-10,THYAO.IS,277.43511962890625
2024-09-11,THYAO.IS,273.527587890625
2024-09-12,THYAO.IS,279.63311767578125
2024-09-13,THYAO.IS,285.4944152832031
2024-09-16,THYAO.IS,279.63311767578125
2024-09-17,THYAO.IS,283.7848815917969
2024-09-18,THYAO.IS,284.76171875
2024-09-19,THYAO.IS,294.0421447753906
2024-09-20,THYAO.IS,292.5768127441406
2024-09-23,THYAO.IS,289.15771484375
2024-09-24,THYAO.IS,289.4019470214844
2024-09-25,THYAO.IS,284.51751708984375
2024-09-26,THYAO.IS,284.51751708984375
2024-09-27,THYAO.IS,285.4944152832031
2024-09-30,THYAO.IS,278.4120178222656
2024-10-01,THYAO.IS,271.3295593261719
2024-10-02,THYAO.IS,265.22406005859375
2024-10-03,THYAO.IS,262.5376281738281
2024-10-04,THYAO.IS,267.4220275878906
2024-10-07,THYAO.IS,264.2471618652344
2024-10-08,THYAO.IS,264.49139404296875
2024-10-09,THYAO.IS,264.0029602050781
2024-10-10,THYAO.IS,260.3396301269531
2024-10-11,THYAO.IS,258.6300964355469
2024-10-14,THYAO.IS,251.79190063476562
2024-10-15,THYAO.IS,261.8049621582031
2024-10-16,THYAO.IS,263.02606201171875
2024-10-17,THYAO.IS,267.1778259277344
2024-10-18,THYAO.IS,261.8049621582031
2024-10-21,THYAO.IS,263.270263671875
2024-10-22,THYAO.IS,268.39892578125
2024-10-23,THYAO.IS,261.56072998046875
2024-10-24,THYAO.IS,267.4220275878906
2024-10-25,THYAO.IS,269.6200256347656
2024-10-28,THYAO.IS,271.5738220214844
2024-10-30,THYAO.IS,271.0853576660156
2024-10-31,THYAO.IS,266.200927734375
2024-11-01,THYAO.IS,266.68939208984375
2024-11-04,THYAO.IS,262.2934265136719
2024-11-05,THYAO.IS,265.9566955566406
2024-11-06,THYAO.IS,270.8411560058594
2024-11-07,THYAO.IS,276.2139892578125
2024-11-08,THYAO.IS,283.5406188964844
2024-11-11,THYAO.IS,281.3426513671875
2024-11-12,THYAO.IS,279.8773193359375
2024-11-13,THYAO.IS,277.1908874511719
2024-11-14,THYAO.IS,279.8773193359375
2024-11-15,THYAO.IS,283.05218505859375
2024-11-18,THYAO.IS,282.0752868652344
2024-11-19,THYAO.IS,272.5506896972656
2024-11-20,THYAO.IS,264.735595703125
2024-11-21,THYAO.IS,273.2833557128906
2024-11-22,THYAO.IS,273.0391540527344
2024-11-25,THYAO.IS,289.4019470214844
2024-11-26,THYAO.IS,287.2039489746094
2024-11-27,THYAO.IS,285.7386169433594
2024-11-28,THYAO.IS,280.6099853515625
2024-11-29,THYAO.IS,278.4120178222656
2024-12-02,THYAO.IS,278.9004211425781
2024-12-03,THYAO.IS,280.3657531738281
2024-12-04,THYAO.IS,282.3195495605469
2024-12-05,THYAO.IS,286.71551513671875
2024-12-06,THYAO.IS,293.5537109375
2024-12-09,THYAO.IS,293.5537109375
2024-12-10,THYAO.IS,292.33258056640625
2024-12-11,THYAO.IS,294.2863464355469
2024-12-12,THYAO.IS,291.59991455078125
2024-12-13,THYAO.IS,292.33258056640625
2024-12-16,THYAO.IS,288.6692810058594
2024-12-17,THYAO.IS,290.8672790527344
2024-12-18,THYAO.IS,283.7848815917969
2024-12-19,THYAO.IS,282.8079833984375
2024-12-20,THYAO.IS,283.05218505859375
2024-12-23,THYAO.IS,279.38885498046875
2024-12-24,THYAO.IS,278.9004211425781
2024-12-25,THYAO.IS,281.58685302734375
2024-12-26,THYAO.IS,283.2964172363281
2024-12-27,THYAO.IS,284.0290832519531
2024-12-30,THYAO.IS,275.7255859375
2024-12-31,THYAO.IS,274.50445556640625
2015-03-11,TUPRS.IS,3.194060802459717
2015-03-12,TUPRS.IS,3.1816444396972656
2015-03-13,TUPRS.IS,3.1257715225219727
2015-03-16,TUPRS.IS,3.1909563541412354
2015-03-17,TUPRS.IS,3.321326732635498
2015-03-18,TUPRS.IS,3.2964937686920166
2015-03-19,TUPRS.IS,3.4206557273864746
2015-03-20,TUPRS.IS,3.5230886936187744
2015-03-23,TUPRS.IS,3.6006901264190674
2015-03-24,TUPRS.IS,3.6534581184387207
2015-03-25,TUPRS.IS,3.662770986557007
2015-03-26,TUPRS.IS,3.641042470932007
2015-03-27,TUPRS.IS,3.68760347366333
2015-03-30,TUPRS.IS,3.8397014141082764
2015-03-31,TUPRS.IS,3.8397014141082764
2015-04-01,TUPRS.IS,3.74657940864563
2015-04-02,TUPRS.IS,3.700019121170044
2015-04-03,TUPRS.IS,3.8086609840393066
2015-04-06,TUPRS.IS,3.8397014141082764
2015-04-07,TUPRS.IS,3.783828020095825
2015-04-08,TUPRS.IS,3.7434756755828857
2015-04-09,TUPRS.IS,3.7652034759521484
2015-04-10,TUPRS.IS,3.7434756755828857
2015-04-13,TUPRS.IS,3.7589962482452393
2015-04-14,TUPRS.IS,3.7527880668640137
2015-04-15,TUPRS.IS,3.7279560565948486
2015-04-16,TUPRS.IS,3.8614299297332764
2015-04-17,TUPRS.IS,3.8365976810455322
2015-04-20,TUPRS.IS,3.8179728984832764
2015-04-21,TUPRS.IS,3.9421355724334717
2015-04-22,TUPRS.IS,4.007319927215576
2015-04-23,TUPRS.IS,4.007319927215576
2015-04-24,TUPRS.IS,4.134585857391357
2015-04-27,TUPRS.IS,4.122169017791748
2015-04-28,TUPRS.IS,4.109753131866455
2015-04-29,TUPRS.IS,4.112857341766357
2015-04-30,TUPRS.IS,4.029047966003418
2015-05-01,TUPRS.IS,4.029047966003418
2015-05-04,TUPRS.IS,4.091129302978516
2015-05-05,TUPRS.IS,3.973174810409546
2015-05-06,TUPRS.IS,3.8490138053894043
2015-05-07,TUPRS.IS,3.8179728984832764
2015-05-08,TUPRS.IS,3.9669668674468994
2015-05-11,TUPRS.IS,3.973174810409546
2015-05-12,TUPRS.IS,4.05077600479126
2015-05-13,TUPRS.IS,4.053880214691162
2015-05-14,TUPRS.IS,4.053880214691162
2015-05-15,TUPRS.IS,4.044567584991455
2015-05-18,TUPRS.IS,4.106649398803711
2015-05-19,TUPRS.IS,4.106649398803711
2015-05-20,TUPRS.IS,4.2711639404296875
2015-05-21,TUPRS.IS,4.07250452041626
2015-05-22,TUPRS.IS,4.081816673278809
2015-05-25,TUPRS.IS,4.0569844245910645
2015-05-26,TUPRS.IS,3.9855918884277344
2015-05-27,TUPRS.IS,4.035255432128906
2015-05-28,TUPRS.IS,4.044567584991455
2015-05-29,TUPRS.IS,4.134585857391357
2015-06-01,TUPRS.IS,4.041464328765869
2015-06-02,TUPRS.IS,4.097337245941162
2015-06-03,TUPRS.IS,4.156313896179199
2015-06-04,TUPRS.IS,4.041464328765869
2015-06-05,TUPRS.IS,3.9545507431030273
2015-06-08,TUPRS.IS,3.870741128921509
2015-06-09,TUPRS.IS,3.8645341396331787
2015-06-10,TUPRS.IS,3.892469882965088
2015-06-11,TUPRS.IS,3.9235105514526367
2015-06-12,TUPRS.IS,3.9576549530029297
2015-06-15,TUPRS.IS,3.9762790203094482
2015-06-16,TUPRS.IS,4.029047966003418
2015-06-17,TUPRS.IS,3.9855918884277344
2015-06-18,TUPRS.IS,4.171834468841553
2015-06-19,TUPRS.IS,4.131481647491455
2015-06-22,TUPRS.IS,4.202874183654785
2015-06-23,TUPRS.IS,4.215290069580078
2015-06-24,TUPRS.IS,4.2835798263549805
2015-06-25,TUPRS.IS,4.237019062042236
2015-06-26,TUPRS.IS,4.2618513107299805
2015-06-29,TUPRS.IS,4.156313896179199
2015-06-30,TUPRS.IS,4.215290069580078
2015-07-01,TUPRS.IS,4.243227005004883
2015-07-02,TUPRS.IS,4.286683559417725
2015-07-03,TUPRS.IS,4.23081111907959
2015-07-06,TUPRS.IS,4.243227005004883
2015-07-07,TUPRS.IS,4.1935625076293945
2015-07-08,TUPRS.IS,4.23081111907959
2015-07-09,TUPRS.IS,4.2835798263549805
2015-07-10,TUPRS.IS,4.255642890930176
2015-07-13,TUPRS.IS,4.472926616668701
2015-07-14,TUPRS.IS,4.488447189331055
2015-07-15,TUPRS.IS,4.46051025390625
2015-07-16,TUPRS.IS,4.494654655456543
2015-07-17,TUPRS.IS,4.494654655456543
2015-07-20,TUPRS.IS,4.488447189331055
2015-07-21,TUPRS.IS,4.395325660705566
2015-07-22,TUPRS.IS,4.339451789855957
2015-07-23,TUPRS.IS,4.2835798263549805
2015-07-24,TUPRS.IS,4.314620018005371
2015-07-27,TUPRS.IS,4.2835798263549805
2015-07-28,TUPRS.IS,4.274267673492432
2015-07-29,TUPRS.IS,4.2835798263549805
2015-07-30,TUPRS.IS,4.367388725280762
2015-07-31,TUPRS.IS,4.469822406768799
2015-08-03,TUPRS.IS,4.351868152618408
2015-08-04,TUPRS.IS,4.317723274230957
2015-08-05,TUPRS.IS,4.264955520629883
2015-08-06,TUPRS.IS,4.395325660705566
2015-08-07,TUPRS.IS,4.469822406768799
2015-08-10,TUPRS.IS,4.485342979431152
2015-08-11,TUPRS.IS,4.634335517883301
2015-08-12,TUPRS.IS,4.659168720245361
2015-08-13,TUPRS.IS,4.587775707244873
2015-08-14,TUPRS.IS,4.603296756744385
2015-08-17,TUPRS.IS,4.606400489807129
2015-08-18,TUPRS.IS,4.615711688995361
2015-08-19,TUPRS.IS,4.553631782531738
2015-08-20,TUPRS.IS,4.451198101043701
2015-08-21,TUPRS.IS,4.4139485359191895
2015-08-24,TUPRS.IS,4.246330261230469
2015-08-25,TUPRS.IS,4.429469585418701
2015-08-26,TUPRS.IS,4.386013031005859
2015-08-27,TUPRS.IS,4.578463554382324
2015-08-28,TUPRS.IS,4.612607955932617
2015-08-31,TUPRS.IS,4.662272930145264
2015-09-01,TUPRS.IS,4.488447189331055
2015-09-02,TUPRS.IS,4.503966808319092
2015-09-03,TUPRS.IS,4.5505266189575195
2015-09-04,TUPRS.IS,4.472926616668701
2015-09-07,TUPRS.IS,4.339451789855957
2015-09-08,TUPRS.IS,4.342556476593018
2015-09-09,TUPRS.IS,4.354972839355469
2015-09-10,TUPRS.IS,4.38911771774292
2015-09-11,TUPRS.IS,4.444990634918213
2015-09-14,TUPRS.IS,4.395325660705566
2015-09-15,TUPRS.IS,4.438781261444092
2015-09-16,TUPRS.IS,4.491550445556641
2015-09-17,TUPRS.IS,4.5505266189575195
2015-09-18,TUPRS.IS,4.621920585632324
2015-09-21,TUPRS.IS,4.6374406814575195
2015-09-22,TUPRS.IS,4.566047668457031
2015-09-23,TUPRS.IS,4.572255611419678
2015-09-24,TUPRS.IS,4.572255611419678
2015-09-25,TUPRS.IS,4.572255611419678
2015-09-28,TUPRS.IS,4.581567287445068
2015-09-29,TUPRS.IS,4.538111209869385
2015-09-30,TUPRS.IS,4.600192070007324
2015-10-01,TUPRS.IS,4.656064987182617
2015-10-02,TUPRS.IS,4.702625274658203
2015-10-05,TUPRS.IS,4.857827663421631
2015-10-06,TUPRS.IS,4.870243072509766
2015-10-07,TUPRS.IS,4.7988505363464355
2015-10-08,TUPRS.IS,4.777122974395752
2015-10-09,TUPRS.IS,4.668480396270752
2015-10-12,TUPRS.IS,4.48223876953125
2015-10-13,TUPRS.IS,4.479134559631348
2015-10-14,TUPRS.IS,4.556735515594482
2015-10-15,TUPRS.IS,4.621920585632324
2015-10-16,TUPRS.IS,4.625024318695068
2015-10-19,TUPRS.IS,4.767809867858887
2015-10-20,TUPRS.IS,4.8329949378967285
2015-10-21,TUPRS.IS,4.8329949378967285
2015-10-22,TUPRS.IS,4.854723930358887
2015-10-23,TUPRS.IS,4.770914554595947
2015-10-26,TUPRS.IS,4.7988505363464355
2015-10-27,TUPRS.IS,4.780226707458496
2015-10-28,TUPRS.IS,4.839202880859375
2015-10-29,TUPRS.IS,4.839202880859375
2015-10-30,TUPRS.IS,4.780226707458496
2015-11-02,TUPRS.IS,4.801954746246338
2015-11-03,TUPRS.IS,4.752289772033691
2015-11-04,TUPRS.IS,4.780226707458496
2015-11-05,TUPRS.IS,4.8671393394470215
2015-11-06,TUPRS.IS,4.826786518096924
2015-11-09,TUPRS.IS,4.817475318908691
2015-11-10,TUPRS.IS,4.755393981933594
2015-11-11,TUPRS.IS,4.786434173583984
2015-11-12,TUPRS.IS,4.767809867858887
2015-11-13,TUPRS.IS,4.742977619171143
2015-11-16,TUPRS.IS,4.656064987182617
2015-11-17,TUPRS.IS,4.649856090545654
2015-11-18,TUPRS.IS,4.6374406814575195
2015-11-19,TUPRS.IS,4.628128528594971
2015-11-20,TUPRS.IS,4.5939836502075195
2015-11-23,TUPRS.IS,4.631232738494873
2015-11-24,TUPRS.IS,4.426365375518799
2015-11-25,TUPRS.IS,4.628128528594971
2015-11-26,TUPRS.IS,4.5939836502075195
2015-11-27,TUPRS.IS,4.535006999969482
2015-11-30,TUPRS.IS,4.4667181968688965
2015-12-01,TUPRS.IS,4.472926616668701
2015-12-02,TUPRS.IS,4.510173797607422
2015-12-03,TUPRS.IS,4.358077049255371
2015-12-04,TUPRS.IS,4.274267673492432
2015-12-07,TUPRS.IS,4.3332438468933105
2015-12-08,TUPRS.IS,4.314620018005371
2015-12-09,TUPRS.IS,4.379805088043213
2015-12-10,TUPRS.IS,4.330139636993408
2015-12-11,TUPRS.IS,4.268059253692627
2015-12-14,TUPRS.IS,4.140793323516846
2015-12-15,TUPRS.IS,4.432573318481445
2015-12-16,TUPRS.IS,4.485342979431152
2015-12-17,TUPRS.IS,4.538111209869385
2015-12-18,TUPRS.IS,4.4574055671691895
2015-12-21,TUPRS.IS,4.497758865356445
2015-12-22,TUPRS.IS,4.584671497344971
2015-12-23,TUPRS.IS,4.553631782531738
2015-12-24,TUPRS.IS,4.522590160369873
2015-12-25,TUPRS.IS,4.541214942932129
2015-12-28,TUPRS.IS,4.562943458557129
2015-12-29,TUPRS.IS,4.503966808319092
2015-12-30,TUPRS.IS,4.479134559631348
2015-12-31,TUPRS.IS,4.320827960968018
2016-01-01,TUPRS.IS,4.320827960968018
2016-01-04,TUPRS.IS,4.407741546630859
2016-01-05,TUPRS.IS,4.382909297943115
2016-01-06,TUPRS.IS,4.547422409057617
2016-01-07,TUPRS.IS,4.696417331695557
2016-01-08,TUPRS.IS,4.562943458557129
2016-01-11,TUPRS.IS,4.5505266189575195
2016-01-12,TUPRS.IS,4.625024318695068
2016-01-13,TUPRS.IS,4.724354267120361
2016-01-14,TUPRS.IS,4.649856090545654
2016-01-15,TUPRS.IS,4.5505266189575195
2016-01-18,TUPRS.IS,4.677793025970459
2016-01-19,TUPRS.IS,4.569151401519775
2016-01-20,TUPRS.IS,4.500862121582031
2016-01-21,TUPRS.IS,4.441885948181152
2016-01-22,TUPRS.IS,4.441885948181152
2016-01-25,TUPRS.IS,4.559839725494385
2016-01-26,TUPRS.IS,4.603296756744385
2016-01-27,TUPRS.IS,4.587775707244873
2016-01-28,TUPRS.IS,4.597087860107422
2016-01-29,TUPRS.IS,4.649856090545654
2016-02-01,TUPRS.IS,4.587775707244873
2016-02-02,TUPRS.IS,4.522590160369873
2016-02-03,TUPRS.IS,4.522590160369873
2016-02-04,TUPRS.IS,4.497758865356445
2016-02-05,TUPRS.IS,4.435677528381348
2016-02-08,TUPRS.IS,4.2401227951049805
2016-02-09,TUPRS.IS,4.30220365524292
2016-02-10,TUPRS.IS,4.305307865142822
2016-02-11,TUPRS.IS,4.2401227951049805
2016-02-12,TUPRS.IS,4.274267673492432
2016-02-15,TUPRS.IS,4.472926616668701
2016-02-16,TUPRS.IS,4.451198101043701
2016-02-17,TUPRS.IS,4.494654655456543
2016-02-18,TUPRS.IS,4.525694847106934
2016-02-19,TUPRS.IS,4.584671497344971
2016-02-22,TUPRS.IS,4.609503746032715
2016-02-23,TUPRS.IS,4.662272930145264
2016-02-24,TUPRS.IS,4.609503746032715
2016-02-25,TUPRS.IS,4.621920585632324
2016-02-26,TUPRS.IS,4.606400489807129
2016-02-29,TUPRS.IS,4.711938381195068
2016-03-01,TUPRS.IS,4.70883321762085
2016-03-02,TUPRS.IS,4.6933135986328125
2016-03-03,TUPRS.IS,4.665376663208008
2016-03-04,TUPRS.IS,4.668480396270752
2016-03-07,TUPRS.IS,4.5939836502075195
2016-03-08,TUPRS.IS,4.702625274658203
2016-03-09,TUPRS.IS,4.814371585845947
2016-03-10,TUPRS.IS,4.817475318908691
2016-03-11,TUPRS.IS,4.764706134796143
2016-03-14,TUPRS.IS,4.814371585845947
2016-03-15,TUPRS.IS,4.7150421142578125
2016-03-16,TUPRS.IS,4.808162689208984
2016-03-17,TUPRS.IS,4.923012733459473
2016-03-18,TUPRS.IS,5.044069290161133
2016-03-21,TUPRS.IS,5.044069290161133
2016-03-22,TUPRS.IS,4.94163703918457
2016-03-23,TUPRS.IS,4.845411777496338
2016-03-24,TUPRS.IS,4.873347759246826
2016-03-25,TUPRS.IS,4.885763645172119
2016-03-28,TUPRS.IS,4.913700103759766
2016-03-29,TUPRS.IS,4.923012733459473
2016-03-30,TUPRS.IS,4.8981804847717285
2016-03-31,TUPRS.IS,4.926116466522217
2016-04-01,TUPRS.IS,4.8888678550720215
2016-04-04,TUPRS.IS,4.935428619384766
2016-04-05,TUPRS.IS,4.891971588134766
2016-04-06,TUPRS.IS,4.891972541809082
2016-04-07,TUPRS.IS,4.864907264709473
2016-04-08,TUPRS.IS,4.935952186584473
2016-04-11,TUPRS.IS,4.966400146484375
2016-04-12,TUPRS.IS,5.013763427734375
2016-04-13,TUPRS.IS,5.1490888595581055
2016-04-14,TUPRS.IS,5.19983434677124
2016-04-15,TUPRS.IS,5.0002312660217285
2016-04-18,TUPRS.IS,5.006997108459473
2016-04-19,TUPRS.IS,5.013763427734375
2016-04-20,TUPRS.IS,4.983315467834473
2016-04-21,TUPRS.IS,5.064510345458984
2016-04-22,TUPRS.IS,5.091575622558594
2016-04-25,TUPRS.IS,5.047595024108887
2016-04-26,TUPRS.IS,5.071277141571045
2016-04-27,TUPRS.IS,5.010380268096924
2016-04-28,TUPRS.IS,5.030679225921631
2016-04-29,TUPRS.IS,4.996848106384277
2016-05-02,TUPRS.IS,4.952867031097412
2016-05-03,TUPRS.IS,4.864907264709473
2016-05-04,TUPRS.IS,4.780329704284668
2016-05-05,TUPRS.IS,4.814159870147705
2016-05-06,TUPRS.IS,4.50968074798584
2016-05-09,TUPRS.IS,4.5773420333862305
2016-05-10,TUPRS.IS,4.5773420333862305
2016-05-11,TUPRS.IS,4.587491989135742
2016-05-12,TUPRS.IS,4.469083309173584
2016-05-13,TUPRS.IS,4.370973110198975
2016-05-16,TUPRS.IS,4.4521684646606445
2016-05-17,TUPRS.IS,4.347291469573975
2016-05-18,TUPRS.IS,4.337141990661621
2016-05-19,TUPRS.IS,4.337141990661621
2016-05-20,TUPRS.IS,4.262714385986328
2016-05-23,TUPRS.IS,4.293161869049072
2016-05-24,TUPRS.IS,4.465700626373291
2016-05-25,TUPRS.IS,4.573958873748779
2016-05-26,TUPRS.IS,4.519830226898193
2016-05-27,TUPRS.IS,4.54351282119751
2016-05-30,TUPRS.IS,4.550278186798096
2016-05-31,TUPRS.IS,4.506298065185547
2016-06-01,TUPRS.IS,4.4792327880859375
2016-06-02,TUPRS.IS,4.4521684646606445
2016-06-03,TUPRS.IS,4.472466468811035
2016-06-06,TUPRS.IS,4.53336238861084
2016-06-07,TUPRS.IS,4.506298065185547
2016-06-08,TUPRS.IS,4.46231746673584
2016-06-09,TUPRS.IS,4.310077667236328
2016-06-10,TUPRS.IS,4.276246547698975
2016-06-13,TUPRS.IS,4.228882789611816
2016-06-14,TUPRS.IS,4.19166898727417
2016-06-15,TUPRS.IS,4.232266426086426
2016-06-16,TUPRS.IS,4.171370029449463
2016-06-17,TUPRS.IS,4.178136348724365
2016-06-20,TUPRS.IS,4.266097545623779
2016-06-21,TUPRS.IS,4.249181270599365
2016-06-22,TUPRS.IS,4.249181270599365
2016-06-23,TUPRS.IS,4.262714385986328
2016-06-24,TUPRS.IS,4.157837867736816
2016-06-27,TUPRS.IS,4.16798734664917
2016-06-28,TUPRS.IS,4.2221174240112305
2016-06-29,TUPRS.IS,4.2694807052612305
2016-06-30,TUPRS.IS,4.313460826873779
2016-07-01,TUPRS.IS,4.360824108123779
2016-07-04,TUPRS.IS,4.320226669311523
2016-07-05,TUPRS.IS,4.320226669311523
2016-07-06,TUPRS.IS,4.320226669311523
2016-07-07,TUPRS.IS,4.320226669311523
2016-07-08,TUPRS.IS,4.134156227111816
2016-07-11,TUPRS.IS,4.232266426086426
2016-07-12,TUPRS.IS,4.255947589874268
2016-07-13,TUPRS.IS,4.299928188323975
2016-07-14,TUPRS.IS,4.4115705490112305
2016-07-15,TUPRS.IS,4.421720027923584
2016-07-18,TUPRS.IS,4.235649108886719
2016-07-19,TUPRS.IS,4.299928188323975
2016-07-20,TUPRS.IS,4.296545505523682
2016-07-21,TUPRS.IS,4.161221027374268
2016-07-22,TUPRS.IS,4.100325107574463
2016-07-25,TUPRS.IS,4.255947589874268
2016-07-26,TUPRS.IS,4.320226669311523
2016-07-27,TUPRS.IS,4.306694507598877
2016-07-28,TUPRS.IS,4.3405256271362305
2016-07-29,TUPRS.IS,4.320226669311523
2016-08-01,TUPRS.IS,4.354058265686035
2016-08-02,TUPRS.IS,4.320226669311523
2016-08-03,TUPRS.IS,4.205201148986816
2016-08-04,TUPRS.IS,4.252564430236816
2016-08-05,TUPRS.IS,4.215351104736328
2016-08-08,TUPRS.IS,4.215351104736328
2016-08-09,TUPRS.IS,4.205201148986816
2016-08-10,TUPRS.IS,4.19166898727417
2016-08-11,TUPRS.IS,4.225499629974365
2016-08-12,TUPRS.IS,3.941318988800049
2016-08-15,TUPRS.IS,3.8973381519317627
2016-08-16,TUPRS.IS,3.924403429031372
2016-08-17,TUPRS.IS,3.924403429031372
2016-08-18,TUPRS.IS,3.924403429031372
2016-08-19,TUPRS.IS,3.937936305999756
2016-08-22,TUPRS.IS,3.941318988800049
2016-08-23,TUPRS.IS,3.948085069656372
2016-08-24,TUPRS.IS,3.917637348175049
2016-08-25,TUPRS.IS,3.9007222652435303
2016-08-26,TUPRS.IS,3.8736565113067627
2016-08-29,TUPRS.IS,3.8533577919006348
2016-08-30,TUPRS.IS,3.8533577919006348
2016-08-31,TUPRS.IS,3.917637348175049
2016-09-01,TUPRS.IS,3.9074881076812744
2016-09-02,TUPRS.IS,3.9514684677124023
2016-09-05,TUPRS.IS,4.036046028137207
2016-09-06,TUPRS.IS,4.07326078414917
2016-09-07,TUPRS.IS,3.9852993488311768
2016-09-08,TUPRS.IS,3.965000629425049
2016-09-09,TUPRS.IS,3.917637348175049
2016-09-12,TUPRS.IS,3.917637348175049
2016-09-13,TUPRS.IS,3.917637348175049
2016-09-14,TUPRS.IS,3.917637348175049
2016-09-15,TUPRS.IS,3.917637348175049
2016-09-16,TUPRS.IS,3.8229103088378906
2016-09-19,TUPRS.IS,3.877039670944214
2016-09-20,TUPRS.IS,3.833059787750244
2016-09-21,TUPRS.IS,3.829676389694214
2016-09-22,TUPRS.IS,3.8736565113067627
2016-09-23,TUPRS.IS,3.941318988800049
2016-09-26,TUPRS.IS,3.81614351272583
2016-09-27,TUPRS.IS,3.8262929916381836
2016-09-28,TUPRS.IS,3.8398256301879883
2016-09-29,TUPRS.IS,3.8905720710754395
2016-09-30,TUPRS.IS,3.8432087898254395
2016-10-03,TUPRS.IS,3.8533577919006348
2016-10-04,TUPRS.IS,3.8871896266937256
2016-10-05,TUPRS.IS,4.0461955070495605
2016-10-06,TUPRS.IS,4.086792469024658
2016-10-07,TUPRS.IS,4.093558311462402
2016-10-10,TUPRS.IS,4.113857269287109
2016-10-11,TUPRS.IS,4.113857269287109
2016-10-12,TUPRS.IS,4.080026149749756
2016-10-13,TUPRS.IS,3.9954488277435303
2016-10-14,TUPRS.IS,4.0394287109375
2016-10-17,TUPRS.IS,4.0394287109375
2016-10-18,TUPRS.IS,4.0394287109375
2016-10-19,TUPRS.IS,4.130772590637207
2016-10-20,TUPRS.IS,4.232266426086426
2016-10-21,TUPRS.IS,4.2221174240112305
2016-10-24,TUPRS.IS,4.286396026611328
2016-10-25,TUPRS.IS,4.255947589874268
2016-10-26,TUPRS.IS,4.198434352874756
2016-10-27,TUPRS.IS,4.178136348724365
2016-10-28,TUPRS.IS,4.211967468261719
2016-10-31,TUPRS.IS,4.266097545623779
2016-11-01,TUPRS.IS,4.330376148223877
2016-11-02,TUPRS.IS,4.286396026611328
2016-11-03,TUPRS.IS,4.252564430236816
2016-11-04,TUPRS.IS,4.1172404289245605
2016-11-07,TUPRS.IS,4.310077667236328
2016-11-08,TUPRS.IS,4.4115705490112305
2016-11-09,TUPRS.IS,4.374356746673584
2016-11-10,TUPRS.IS,4.36759090423584
2016-11-11,TUPRS.IS,4.398037910461426
2016-11-14,TUPRS.IS,4.303311347961426
2016-11-15,TUPRS.IS,4.326992511749268
2016-11-16,TUPRS.IS,4.438635349273682
2016-11-17,TUPRS.IS,4.489382266998291
2016-11-18,TUPRS.IS,4.536746025085449
2016-11-21,TUPRS.IS,4.563809871673584
2016-11-22,TUPRS.IS,4.513063430786133
2016-11-23,TUPRS.IS,4.5164475440979
2016-11-24,TUPRS.IS,4.485999584197998
2016-11-25,TUPRS.IS,4.469083309173584
2016-11-28,TUPRS.IS,4.496149063110352
2016-11-29,TUPRS.IS,4.445401668548584
2016-11-30,TUPRS.IS,4.6348557472229
2016-12-01,TUPRS.IS,4.573958873748779
2016-12-02,TUPRS.IS,4.6111741065979
2016-12-05,TUPRS.IS,4.628088474273682
2016-12-06,TUPRS.IS,4.716050148010254
2016-12-07,TUPRS.IS,4.736349105834961
2016-12-08,TUPRS.IS,4.7701802253723145
2016-12-09,TUPRS.IS,4.783712863922119
2016-12-12,TUPRS.IS,4.847991466522217
2016-12-13,TUPRS.IS,4.820925712585449
2016-12-14,TUPRS.IS,4.858140468597412
2016-12-15,TUPRS.IS,4.837841987609863
2016-12-16,TUPRS.IS,4.851374626159668
2016-12-19,TUPRS.IS,4.783712863922119
2016-12-20,TUPRS.IS,4.844608783721924
2016-12-21,TUPRS.IS,4.800628185272217
2016-12-22,TUPRS.IS,4.739732265472412
2016-12-23,TUPRS.IS,4.776947021484375
2016-12-26,TUPRS.IS,4.7701802253723145
2016-12-27,TUPRS.IS,4.780329704284668
2016-12-28,TUPRS.IS,4.7701802253723145
2016-12-29,TUPRS.IS,4.824309825897217
2016-12-30,TUPRS.IS,4.78709602355957
2017-01-02,TUPRS.IS,4.763413906097412
2017-01-03,TUPRS.IS,4.6585373878479
2017-01-04,TUPRS.IS,4.702517986297607
2017-01-05,TUPRS.IS,4.804010391235352
2017-01-06,TUPRS.IS,4.834458827972412
2017-01-09,TUPRS.IS,4.854757785797119
2017-01-10,TUPRS.IS,4.837841987609863
2017-01-11,TUPRS.IS,4.837841987609863
2017-01-12,TUPRS.IS,5.017147541046143
2017-01-13,TUPRS.IS,5.115257263183594
2017-01-16,TUPRS.IS,5.145704746246338
2017-01-17,TUPRS.IS,5.17615270614624
2017-01-18,TUPRS.IS,5.125406265258789
2017-01-19,TUPRS.IS,5.203217029571533
2017-01-20,TUPRS.IS,5.19983434677124
2017-01-23,TUPRS.IS,5.277645587921143
2017-01-24,TUPRS.IS,5.341925621032715
2017-01-25,TUPRS.IS,5.301327705383301
2017-01-26,TUPRS.IS,5.345308780670166
2017-01-27,TUPRS.IS,5.484014987945557
2017-01-30,TUPRS.IS,5.524611949920654
2017-01-31,TUPRS.IS,5.544910907745361
2017-02-01,TUPRS.IS,5.615955829620361
2017-02-02,TUPRS.IS,5.653170108795166
2017-02-03,TUPRS.IS,5.69376802444458
2017-02-06,TUPRS.IS,5.71744966506958
2017-02-07,TUPRS.IS,5.727599620819092
2017-02-08,TUPRS.IS,5.829092025756836
2017-02-09,TUPRS.IS,5.920436382293701
2017-02-10,TUPRS.IS,5.869689464569092
2017-02-13,TUPRS.IS,5.879838943481445
2017-02-14,TUPRS.IS,5.71744966506958
2017-02-15,TUPRS.IS,5.771579265594482
2017-02-16,TUPRS.IS,5.602423667907715
2017-02-17,TUPRS.IS,5.602423667907715
2017-02-20,TUPRS.IS,5.670085906982422
2017-02-21,TUPRS.IS,5.6497883796691895
2017-02-22,TUPRS.IS,5.676853179931641
2017-02-23,TUPRS.IS,5.683619022369385
2017-02-24,TUPRS.IS,5.690384864807129
2017-02-27,TUPRS.IS,5.69376802444458
2017-02-28,TUPRS.IS,5.761430263519287
2017-03-01,TUPRS.IS,5.852774143218994
2017-03-02,TUPRS.IS,5.84600830078125
2017-03-03,TUPRS.IS,5.984714984893799
2017-03-06,TUPRS.IS,6.055760383605957
2017-03-07,TUPRS.IS,6.028695583343506
2017-03-08,TUPRS.IS,5.961034297943115
2017-03-09,TUPRS.IS,5.913669586181641
2017-03-10,TUPRS.IS,6.069293022155762
2017-03-13,TUPRS.IS,5.9711833000183105
2017-03-14,TUPRS.IS,6.005014419555664
2017-03-15,TUPRS.IS,5.961034297943115
2017-03-16,TUPRS.IS,5.964416980743408
2017-03-17,TUPRS.IS,6.0523786544799805
2017-03-20,TUPRS.IS,6.086208820343018
2017-03-21,TUPRS.IS,6.170785903930664
2017-03-22,TUPRS.IS,6.04561185836792
2017-03-23,TUPRS.IS,6.055760383605957
2017-03-24,TUPRS.IS,5.998246669769287
2017-03-27,TUPRS.IS,5.930585861206055
2017-03-28,TUPRS.IS,5.97456693649292
2017-03-29,TUPRS.IS,6.079442501068115
2017-03-30,TUPRS.IS,6.160636901855469
2017-03-31,TUPRS.IS,6.103123188018799
2017-04-03,TUPRS.IS,6.038845062255859
2017-04-04,TUPRS.IS,6.021971702575684
2017-04-05,TUPRS.IS,6.185612201690674
2017-04-06,TUPRS.IS,6.0765180587768555
2017-04-07,TUPRS.IS,6.17833948135376
2017-04-10,TUPRS.IS,6.192885398864746
2017-04-11,TUPRS.IS,6.25470495223999
2017-04-12,TUPRS.IS,6.23288631439209
2017-04-13,TUPRS.IS,6.160157680511475
2017-04-14,TUPRS.IS,6.17833948135376
2017-04-17,TUPRS.IS,6.2147040367126465
2017-04-18,TUPRS.IS,6.160157680511475
2017-04-19,TUPRS.IS,6.1056108474731445
2017-04-20,TUPRS.IS,6.167430877685547
2017-04-21,TUPRS.IS,6.163793087005615
2017-04-24,TUPRS.IS,6.236523151397705
2017-04-25,TUPRS.IS,6.25470495223999
2017-04-26,TUPRS.IS,6.400163650512695
2017-04-27,TUPRS.IS,6.451073169708252
2017-04-28,TUPRS.IS,6.509256839752197
2017-05-01,TUPRS.IS,6.509256839752197
2017-05-02,TUPRS.IS,6.418346405029297
2017-05-03,TUPRS.IS,6.389254570007324
2017-05-04,TUPRS.IS,6.349252700805664
2017-05-05,TUPRS.IS,6.676534175872803
2017-05-08,TUPRS.IS,6.651079177856445
2017-05-09,TUPRS.IS,6.8038105964660645
2017-05-10,TUPRS.IS,6.829265594482422
2017-05-11,TUPRS.IS,6.683807373046875
2017-05-12,TUPRS.IS,6.851083755493164
2017-05-15,TUPRS.IS,6.891084671020508
2017-05-16,TUPRS.IS,6.912903308868408
2017-05-17,TUPRS.IS,6.934722423553467
2017-05-18,TUPRS.IS,6.905630588531494
2017-05-19,TUPRS.IS,6.905630588531494
2017-05-22,TUPRS.IS,6.872902870178223
2017-05-23,TUPRS.IS,6.876538276672363
2017-05-24,TUPRS.IS,7.025633811950684
2017-05-25,TUPRS.IS,6.960177421569824
2017-05-26,TUPRS.IS,6.978359699249268
2017-05-29,TUPRS.IS,6.971087455749512
2017-05-30,TUPRS.IS,6.967451095581055
2017-05-31,TUPRS.IS,6.909266948699951
2017-06-01,TUPRS.IS,6.960177421569824
2017-06-02,TUPRS.IS,7.032907009124756
2017-06-05,TUPRS.IS,7.131091594696045
2017-06-06,TUPRS.IS,7.24382209777832
2017-06-07,TUPRS.IS,7.1456379890441895
2017-06-08,TUPRS.IS,7.12745475769043
2017-06-09,TUPRS.IS,7.171092987060547
2017-06-12,TUPRS.IS,7.1565470695495605
2017-06-13,TUPRS.IS,7.225639343261719
2017-06-14,TUPRS.IS,7.367461204528809
2017-06-15,TUPRS.IS,7.272913932800293
2017-06-16,TUPRS.IS,7.200184345245361
2017-06-19,TUPRS.IS,7.272913932800293
2017-06-20,TUPRS.IS,7.163818836212158
2017-06-21,TUPRS.IS,7.171092987060547
2017-06-22,TUPRS.IS,7.272913932800293
2017-06-23,TUPRS.IS,7.1529107093811035
2017-06-26,TUPRS.IS,7.1529107093811035
2017-06-27,TUPRS.IS,7.1529107093811035
2017-06-28,TUPRS.IS,7.272913932800293
2017-06-29,TUPRS.IS,7.251093864440918
2017-06-30,TUPRS.IS,7.3601884841918945
2017-07-03,TUPRS.IS,7.251093864440918
2017-07-04,TUPRS.IS,7.280186176300049
2017-07-05,TUPRS.IS,7.287458419799805
2017-07-06,TUPRS.IS,7.272913932800293
2017-07-07,TUPRS.IS,7.247457981109619
2017-07-10,TUPRS.IS,7.294732093811035
2017-07-11,TUPRS.IS,7.45473575592041
2017-07-12,TUPRS.IS,7.425644397735596
2017-07-13,TUPRS.IS,7.6365580558776855
2017-07-14,TUPRS.IS,7.803835868835449
2017-07-17,TUPRS.IS,7.782017230987549
2017-07-18,TUPRS.IS,7.658376693725586
2017-07-19,TUPRS.IS,7.854745388031006
2017-07-20,TUPRS.IS,7.912930011749268
2017-07-21,TUPRS.IS,7.912930011749268
2017-07-24,TUPRS.IS,7.832927703857422
2017-07-25,TUPRS.IS,7.796563625335693
2017-07-26,TUPRS.IS,7.862018585205078
2017-07-27,TUPRS.IS,7.891112327575684
2017-07-28,TUPRS.IS,7.840199947357178
2017-07-31,TUPRS.IS,7.883838176727295
2017-08-01,TUPRS.IS,7.782017230987549
2017-08-02,TUPRS.IS,7.854745388031006
2017-08-03,TUPRS.IS,8.291120529174805
2017-08-04,TUPRS.IS,8.298393249511719
2017-08-07,TUPRS.IS,8.291120529174805
2017-08-08,TUPRS.IS,8.509306907653809
2017-08-09,TUPRS.IS,8.531126976013184
2017-08-10,TUPRS.IS,8.509306907653809
2017-08-11,TUPRS.IS,8.363850593566895
2017-08-14,TUPRS.IS,8.502036094665527
2017-08-15,TUPRS.IS,8.385669708251953
2017-08-16,TUPRS.IS,8.218391418457031
2017-08-17,TUPRS.IS,8.28384780883789
2017-08-18,TUPRS.IS,8.363850593566895
2017-08-21,TUPRS.IS,8.385669708251953
2017-08-22,TUPRS.IS,8.378395080566406
2017-08-23,TUPRS.IS,8.407487869262695
2017-08-24,TUPRS.IS,8.422033309936523
2017-08-25,TUPRS.IS,8.472944259643555
2017-08-28,TUPRS.IS,8.509306907653809
2017-08-29,TUPRS.IS,8.560218811035156
2017-08-30,TUPRS.IS,8.560218811035156
2017-08-31,TUPRS.IS,8.531126976013184
2017-09-01,TUPRS.IS,8.531126976013184
2017-09-04,TUPRS.IS,8.531126976013184
2017-09-05,TUPRS.IS,8.502036094665527
2017-09-06,TUPRS.IS,8.982048034667969
2017-09-07,TUPRS.IS,9.011139869689941
2017-09-08,TUPRS.IS,9.083868980407715
2017-09-11,TUPRS.IS,9.054777145385742
2017-09-12,TUPRS.IS,8.945682525634766
2017-09-13,TUPRS.IS,8.872954368591309
2017-09-14,TUPRS.IS,8.909317970275879
2017-09-15,TUPRS.IS,8.887499809265137
2017-09-18,TUPRS.IS,8.887499809265137
2017-09-19,TUPRS.IS,8.843860626220703
2017-09-20,TUPRS.IS,8.70567798614502
2017-09-21,TUPRS.IS,8.632948875427246
2017-09-22,TUPRS.IS,8.582037925720215
2017-09-25,TUPRS.IS,8.698404312133789
2017-09-26,TUPRS.IS,8.836588859558105
2017-09-27,TUPRS.IS,8.640220642089844
2017-09-28,TUPRS.IS,8.654767036437988
2017-09-29,TUPRS.IS,8.843860626220703
2017-10-02,TUPRS.IS,8.916589736938477
2017-10-03,TUPRS.IS,8.967501640319824
2017-10-04,TUPRS.IS,8.952956199645996
2017-10-05,TUPRS.IS,8.843860626220703
2017-10-06,TUPRS.IS,8.967501640319824
2017-10-09,TUPRS.IS,8.785677909851074
2017-10-10,TUPRS.IS,8.923864364624023
2017-10-11,TUPRS.IS,8.909317970275879
2017-10-12,TUPRS.IS,9.272964477539062
2017-10-13,TUPRS.IS,9.302054405212402
2017-10-16,TUPRS.IS,9.360239028930664
2017-10-17,TUPRS.IS,9.316600799560547
2017-10-18,TUPRS.IS,9.360239028930664
2017-10-19,TUPRS.IS,9.476603507995605
2017-10-20,TUPRS.IS,9.505697250366211
2017-10-23,TUPRS.IS,9.6729736328125
2017-10-24,TUPRS.IS,9.63661003112793
2017-10-25,TUPRS.IS,9.585700035095215
2017-10-26,TUPRS.IS,9.592971801757812
2017-10-27,TUPRS.IS,9.767523765563965
2017-10-30,TUPRS.IS,9.832978248596191
2017-10-31,TUPRS.IS,9.927526473999023
2017-11-01,TUPRS.IS,9.97116470336914
2017-11-02,TUPRS.IS,10.232989311218262
2017-11-03,TUPRS.IS,10.16753101348877
2017-11-06,TUPRS.IS,10.443902969360352
2017-11-07,TUPRS.IS,10.218443870544434
2017-11-08,TUPRS.IS,10.18207836151123
2017-11-09,TUPRS.IS,9.200234413146973
2017-11-10,TUPRS.IS,9.025683403015137
2017-11-13,TUPRS.IS,9.251145362854004
2017-11-14,TUPRS.IS,9.134780883789062
2017-11-15,TUPRS.IS,8.902045249938965
2017-11-16,TUPRS.IS,8.836588859558105
2017-11-17,TUPRS.IS,9.0765962600708
2017-11-20,TUPRS.IS,8.938409805297852
2017-11-21,TUPRS.IS,9.243871688842773
2017-11-22,TUPRS.IS,9.236600875854492
2017-11-23,TUPRS.IS,9.171143531799316
2017-11-24,TUPRS.IS,9.025683403015137
2017-11-27,TUPRS.IS,9.062049865722656
2017-11-28,TUPRS.IS,8.931136131286621
2017-11-29,TUPRS.IS,8.763859748840332
2017-11-30,TUPRS.IS,8.814770698547363
2017-12-01,TUPRS.IS,8.582037925720215
2017-12-04,TUPRS.IS,8.632948875427246
2017-12-05,TUPRS.IS,8.763859748840332
2017-12-06,TUPRS.IS,8.516581535339355
2017-12-07,TUPRS.IS,8.531126976013184
2017-12-08,TUPRS.IS,8.582037925720215
2017-12-11,TUPRS.IS,8.552946090698242
2017-12-12,TUPRS.IS,8.560218811035156
2017-12-13,TUPRS.IS,8.611129760742188
2017-12-14,TUPRS.IS,8.407487869262695
2017-12-15,TUPRS.IS,8.34930419921875
2017-12-18,TUPRS.IS,8.17475414276123
2017-12-19,TUPRS.IS,8.436578750610352
2017-12-20,TUPRS.IS,8.887499809265137
2017-12-21,TUPRS.IS,8.756587982177734
2017-12-22,TUPRS.IS,8.691131591796875
2017-12-25,TUPRS.IS,8.756587982177734
2017-12-26,TUPRS.IS,8.712947845458984
2017-12-27,TUPRS.IS,8.654767036437988
2017-12-28,TUPRS.IS,8.880228042602539
2017-12-29,TUPRS.IS,8.836588859558105
2018-01-01,TUPRS.IS,8.836588859558105
2018-01-02,TUPRS.IS,8.945682525634766
2018-01-03,TUPRS.IS,8.89477252960205
2018-01-04,TUPRS.IS,8.858407974243164
2018-01-05,TUPRS.IS,8.931136131286621
2018-01-08,TUPRS.IS,8.909317970275879
2018-01-09,TUPRS.IS,8.727494239807129
2018-01-10,TUPRS.IS,8.662039756774902
2018-01-11,TUPRS.IS,8.836588859558105
2018-01-12,TUPRS.IS,8.691131591796875
2018-01-15,TUPRS.IS,8.516581535339355
2018-01-16,TUPRS.IS,8.552946090698242
2018-01-17,TUPRS.IS,8.640220642089844
2018-01-18,TUPRS.IS,8.545673370361328
2018-01-19,TUPRS.IS,8.560218811035156
2018-01-22,TUPRS.IS,8.46567153930664
2018-01-23,TUPRS.IS,8.480216979980469
2018-01-24,TUPRS.IS,8.472944259643555
2018-01-25,TUPRS.IS,8.363850593566895
2018-01-26,TUPRS.IS,8.342031478881836
2018-01-29,TUPRS.IS,8.494762420654297
2018-01-30,TUPRS.IS,8.378395080566406
2018-01-31,TUPRS.IS,8.392940521240234
2018-02-01,TUPRS.IS,8.254755020141602
2018-02-02,TUPRS.IS,8.189299583435059
2018-02-05,TUPRS.IS,8.014750480651855
2018-02-06,TUPRS.IS,8.152933120727539
2018-02-07,TUPRS.IS,8.189299583435059
2018-02-08,TUPRS.IS,8.189299583435059
2018-02-09,TUPRS.IS,8.123842239379883
2018-02-12,TUPRS.IS,7.992931842803955
2018-02-13,TUPRS.IS,8.145662307739258
2018-02-14,TUPRS.IS,8.291120529174805
2018-02-15,TUPRS.IS,8.291120529174805
2018-02-16,TUPRS.IS,8.196572303771973
2018-02-19,TUPRS.IS,8.23293685913086
2018-02-20,TUPRS.IS,8.094752311706543
2018-02-21,TUPRS.IS,8.24748420715332
2018-02-22,TUPRS.IS,8.611129760742188
2018-02-23,TUPRS.IS,8.618401527404785
2018-02-26,TUPRS.IS,8.5747652053833
2018-02-27,TUPRS.IS,8.46567153930664
2018-02-28,TUPRS.IS,8.531126976013184
2018-03-01,TUPRS.IS,8.523855209350586
2018-03-02,TUPRS.IS,8.436578750610352
2018-03-05,TUPRS.IS,8.480216979980469
2018-03-06,TUPRS.IS,8.407487869262695
2018-03-07,TUPRS.IS,8.27657413482666
2018-03-08,TUPRS.IS,8.27657413482666
2018-03-09,TUPRS.IS,8.262028694152832
2018-03-12,TUPRS.IS,8.429306983947754
2018-03-13,TUPRS.IS,8.400215148925781
2018-03-14,TUPRS.IS,8.429306983947754
2018-03-15,TUPRS.IS,8.436578750610352
2018-03-16,TUPRS.IS,8.407487869262695
2018-03-19,TUPRS.IS,8.41476058959961
2018-03-20,TUPRS.IS,8.407487869262695
2018-03-21,TUPRS.IS,8.611129760742188
2018-03-22,TUPRS.IS,8.720222473144531
2018-03-23,TUPRS.IS,9.003866195678711
2018-03-26,TUPRS.IS,9.112960815429688
2018-03-27,TUPRS.IS,9.098414421081543
2018-03-28,TUPRS.IS,8.800223350524902
2018-03-29,TUPRS.IS,9.00532341003418
2018-03-30,TUPRS.IS,8.915188789367676
2018-04-02,TUPRS.IS,8.866023063659668
2018-04-03,TUPRS.IS,8.988935470581055
2018-04-04,TUPRS.IS,8.947965621948242
2018-04-05,TUPRS.IS,9.038100242614746
2018-04-06,TUPRS.IS,9.3248929977417
2018-04-09,TUPRS.IS,9.210176467895508
2018-04-10,TUPRS.IS,9.136428833007812
2018-04-11,TUPRS.IS,9.242952346801758
2018-04-12,TUPRS.IS,9.29211711883545
2018-04-13,TUPRS.IS,9.242952346801758
2018-04-16,TUPRS.IS,9.242952346801758
2018-04-17,TUPRS.IS,9.161011695861816
2018-04-18,TUPRS.IS,9.25114631652832
2018-04-19,TUPRS.IS,9.111846923828125
2018-04-20,TUPRS.IS,8.77588939666748
2018-04-23,TUPRS.IS,8.77588939666748
2018-04-24,TUPRS.IS,8.71852970123291
2018-04-25,TUPRS.IS,8.554647445678711
2018-04-26,TUPRS.IS,8.636589050292969
2018-04-27,TUPRS.IS,8.751306533813477
2018-04-30,TUPRS.IS,8.439929962158203
2018-05-01,TUPRS.IS,8.439929962158203
2018-05-02,TUPRS.IS,8.38257122039795
2018-05-03,TUPRS.IS,8.341601371765137
2018-05-04,TUPRS.IS,8.292436599731445
2018-05-07,TUPRS.IS,8.276047706604004
2018-05-08,TUPRS.IS,8.103971481323242
2018-05-09,TUPRS.IS,7.874536514282227
2018-05-10,TUPRS.IS,8.112165451049805
2018-05-11,TUPRS.IS,8.579229354858398
2018-05-14,TUPRS.IS,8.56284236907959
2018-05-15,TUPRS.IS,8.194108963012695
2018-05-16,TUPRS.IS,8.357988357543945
2018-05-17,TUPRS.IS,8.439929962158203
2018-05-18,TUPRS.IS,8.431736946105957
2018-05-21,TUPRS.IS,8.210494995117188
2018-05-22,TUPRS.IS,8.349794387817383
2018-05-23,TUPRS.IS,8.276047706604004
2018-05-24,TUPRS.IS,8.112165451049805
2018-05-25,TUPRS.IS,8.431736946105957
2018-05-28,TUPRS.IS,8.751306533813477
2018-05-29,TUPRS.IS,8.833247184753418
2018-05-30,TUPRS.IS,8.636589050292969
2018-05-31,TUPRS.IS,8.693946838378906
2018-06-01,TUPRS.IS,8.644782066345215
2018-06-04,TUPRS.IS,8.554647445678711
2018-06-05,TUPRS.IS,8.767694473266602
2018-06-06,TUPRS.IS,8.71852970123291
2018-06-07,TUPRS.IS,9.2593412399292
2018-06-08,TUPRS.IS,9.013517379760742
2018-06-11,TUPRS.IS,9.169205665588379
2018-06-12,TUPRS.IS,9.038100242614746
2018-06-13,TUPRS.IS,8.906993865966797
2018-06-14,TUPRS.IS,9.177399635314941
2018-06-15,TUPRS.IS,9.177399635314941
2018-06-18,TUPRS.IS,9.300311088562012
2018-06-19,TUPRS.IS,9.2593412399292
2018-06-20,TUPRS.IS,9.365865707397461
2018-06-21,TUPRS.IS,9.169205665588379
2018-06-22,TUPRS.IS,9.2593412399292
2018-06-25,TUPRS.IS,9.472386360168457
2018-06-26,TUPRS.IS,9.333086967468262
2018-06-27,TUPRS.IS,8.792277336120605
2018-06-28,TUPRS.IS,8.792277336120605
2018-06-29,TUPRS.IS,8.88241195678711
2018-07-02,TUPRS.IS,8.825053215026855
2018-07-03,TUPRS.IS,9.029906272888184
2018-07-04,TUPRS.IS,8.84963607788086
2018-07-05,TUPRS.IS,8.9315767288208
2018-07-06,TUPRS.IS,8.84963607788086
2018-07-09,TUPRS.IS,8.84963607788086
2018-07-10,TUPRS.IS,8.84963607788086
2018-07-11,TUPRS.IS,8.669364929199219
2018-07-12,TUPRS.IS,8.038418769836426
2018-07-13,TUPRS.IS,8.153136253356934
2018-07-16,TUPRS.IS,8.210494995117188
2018-07-17,TUPRS.IS,8.30882453918457
2018-07-18,TUPRS.IS,8.1859130859375
2018-07-19,TUPRS.IS,8.1859130859375
2018-07-20,TUPRS.IS,8.480899810791016
2018-07-23,TUPRS.IS,8.554647445678711
2018-07-24,TUPRS.IS,8.530064582824707
2018-07-25,TUPRS.IS,8.603813171386719
2018-07-26,TUPRS.IS,8.612006187438965
2018-07-27,TUPRS.IS,8.644782066345215
2018-07-30,TUPRS.IS,8.677557945251465
2018-07-31,TUPRS.IS,8.80866527557373
2018-08-01,TUPRS.IS,9.21837043762207
2018-08-02,TUPRS.IS,9.185592651367188
2018-08-03,TUPRS.IS,8.743111610412598
2018-08-06,TUPRS.IS,8.59561824798584
2018-08-07,TUPRS.IS,8.644782066345215
2018-08-08,TUPRS.IS,8.546453475952148
2018-08-09,TUPRS.IS,8.431736946105957
2018-08-10,TUPRS.IS,9.079071044921875
2018-08-13,TUPRS.IS,9.906675338745117
2018-08-14,TUPRS.IS,10.19346809387207
2018-08-15,TUPRS.IS,9.865705490112305
2018-08-16,TUPRS.IS,9.578911781311035
2018-08-17,TUPRS.IS,9.865705490112305
2018-08-20,TUPRS.IS,10.119722366333008
2018-08-21,TUPRS.IS,10.119722366333008
2018-08-22,TUPRS.IS,10.119722366333008
2018-08-23,TUPRS.IS,10.119722366333008
2018-08-24,TUPRS.IS,10.119722366333008
2018-08-27,TUPRS.IS,9.82473373413086
2018-08-28,TUPRS.IS,9.996810913085938
2018-08-29,TUPRS.IS,10.062362670898438
2018-08-30,TUPRS.IS,10.062362670898438
2018-08-31,TUPRS.IS,9.710016250610352
2018-09-03,TUPRS.IS,9.742793083190918
2018-09-04,TUPRS.IS,9.767374992370605
2018-09-05,TUPRS.IS,10.037781715393066
2018-09-06,TUPRS.IS,10.39012622833252
2018-09-07,TUPRS.IS,10.185274124145508
2018-09-10,TUPRS.IS,10.20166301727295
2018-09-11,TUPRS.IS,10.447486877441406
2018-09-12,TUPRS.IS,10.545816421508789
2018-09-13,TUPRS.IS,10.619562149047852
2018-09-14,TUPRS.IS,10.939133644104004
2018-09-17,TUPRS.IS,10.783445358276367
2018-09-18,TUPRS.IS,10.644145011901855
2018-09-19,TUPRS.IS,10.726085662841797
2018-09-20,TUPRS.IS,10.554010391235352
2018-09-21,TUPRS.IS,11.0784330368042
2018-09-24,TUPRS.IS,11.16037368774414
2018-09-25,TUPRS.IS,11.217732429504395
2018-09-26,TUPRS.IS,11.324256896972656
2018-09-27,TUPRS.IS,11.062044143676758
2018-09-28,TUPRS.IS,10.94732666015625
2018-10-01,TUPRS.IS,10.693309783935547
2018-10-02,TUPRS.IS,10.635950088500977
2018-10-03,TUPRS.IS,10.865385055541992
2018-10-04,TUPRS.IS,11.373420715332031
2018-10-05,TUPRS.IS,11.111207962036133
2018-10-08,TUPRS.IS,11.365226745605469
2018-10-09,TUPRS.IS,11.701184272766113
2018-10-10,TUPRS.IS,11.291481018066406
2018-10-11,TUPRS.IS,11.201343536376953
2018-10-12,TUPRS.IS,11.307867050170898
2018-10-15,TUPRS.IS,11.19314956665039
2018-10-16,TUPRS.IS,11.258702278137207
2018-10-17,TUPRS.IS,11.63563060760498
2018-10-18,TUPRS.IS,11.60285758972168
2018-10-19,TUPRS.IS,11.119401931762695
2018-10-22,TUPRS.IS,10.963713645935059
2018-10-23,TUPRS.IS,10.922743797302246
2018-10-24,TUPRS.IS,10.652338027954102
2018-10-25,TUPRS.IS,10.816221237182617
2018-10-26,TUPRS.IS,10.291800498962402
2018-10-29,TUPRS.IS,10.291800498962402
2018-10-30,TUPRS.IS,10.299992561340332
2018-10-31,TUPRS.IS,10.660533905029297
2018-11-01,TUPRS.IS,10.619562149047852
2018-11-02,TUPRS.IS,10.742473602294922
2018-11-05,TUPRS.IS,11.299673080444336
2018-11-06,TUPRS.IS,11.03746223449707
2018-11-07,TUPRS.IS,11.26689624786377
2018-11-08,TUPRS.IS,10.291800498962402
2018-11-09,TUPRS.IS,9.890287399291992
2018-11-12,TUPRS.IS,9.923063278198242
2018-11-13,TUPRS.IS,9.996810913085938
2018-11-14,TUPRS.IS,9.980422019958496
2018-11-15,TUPRS.IS,9.923063278198242
2018-11-16,TUPRS.IS,10.070556640625
2018-11-19,TUPRS.IS,10.242632865905762
2018-11-20,TUPRS.IS,9.906675338745117
2018-11-21,TUPRS.IS,9.890287399291992
2018-11-22,TUPRS.IS,10.168886184692383
2018-11-23,TUPRS.IS,9.955839157104492
2018-11-26,TUPRS.IS,9.94764518737793
2018-11-27,TUPRS.IS,9.988616943359375
2018-11-28,TUPRS.IS,9.964033126831055
2018-11-29,TUPRS.IS,10.283605575561523
2018-11-30,TUPRS.IS,10.160693168640137
2018-12-03,TUPRS.IS,10.41471004486084
2018-12-04,TUPRS.IS,10.209856986999512
2018-12-05,TUPRS.IS,10.316381454467773
2018-12-06,TUPRS.IS,10.218050956726074
2018-12-07,TUPRS.IS,10.521233558654785
2018-12-10,TUPRS.IS,10.250828742980957
2018-12-11,TUPRS.IS,10.037781715393066
2018-12-12,TUPRS.IS,9.857512474060059
2018-12-13,TUPRS.IS,9.898480415344238
2018-12-14,TUPRS.IS,10.09514045715332
2018-12-17,TUPRS.IS,10.226245880126953
2018-12-18,TUPRS.IS,10.021393775939941
2018-12-19,TUPRS.IS,10.062362670898438
2018-12-20,TUPRS.IS,9.964033126831055
2018-12-21,TUPRS.IS,9.767374992370605
2018-12-24,TUPRS.IS,9.603493690490723
2018-12-25,TUPRS.IS,9.447805404663086
2018-12-26,TUPRS.IS,9.496970176696777
2018-12-27,TUPRS.IS,9.53794002532959
2018-12-28,TUPRS.IS,9.652658462524414
2018-12-31,TUPRS.IS,9.546133995056152
2019-01-01,TUPRS.IS,9.546133995056152
2019-01-02,TUPRS.IS,9.431417465209961
2019-01-03,TUPRS.IS,9.41502857208252
2019-01-04,TUPRS.IS,9.38225269317627
2019-01-07,TUPRS.IS,9.41502857208252
2019-01-08,TUPRS.IS,9.693628311157227
2019-01-09,TUPRS.IS,9.955839157104492
2019-01-10,TUPRS.IS,9.923063278198242
2019-01-11,TUPRS.IS,10.029586791992188
2019-01-14,TUPRS.IS,9.767374992370605
2019-01-15,TUPRS.IS,9.87389850616455
2019-01-16,TUPRS.IS,10.021393775939941
2019-01-17,TUPRS.IS,10.291800498962402
2019-01-18,TUPRS.IS,10.685114860534668
2019-01-21,TUPRS.IS,10.56220531463623
2019-01-22,TUPRS.IS,10.775250434875488
2019-01-23,TUPRS.IS,10.996492385864258
2019-01-24,TUPRS.IS,11.250508308410645
2019-01-25,TUPRS.IS,11.053850173950195
2019-01-28,TUPRS.IS,11.22592830657959
2019-01-29,TUPRS.IS,11.19314956665039
2019-01-30,TUPRS.IS,11.22592830657959
2019-01-31,TUPRS.IS,11.438972473144531
2019-02-01,TUPRS.IS,11.389806747436523
2019-02-04,TUPRS.IS,11.103014945983887
2019-02-05,TUPRS.IS,11.234121322631836
2019-02-06,TUPRS.IS,11.471750259399414
2019-02-07,TUPRS.IS,11.50452709197998
2019-02-08,TUPRS.IS,11.545496940612793
2019-02-11,TUPRS.IS,11.783125877380371
2019-02-12,TUPRS.IS,11.897842407226562
2019-02-13,TUPRS.IS,11.627436637878418
2019-02-14,TUPRS.IS,11.873262405395508
2019-02-15,TUPRS.IS,11.955201148986816
2019-02-18,TUPRS.IS,11.815902709960938
2019-02-19,TUPRS.IS,11.520914077758789
2019-02-20,TUPRS.IS,11.512721061706543
2019-02-21,TUPRS.IS,11.815902709960938
2019-02-22,TUPRS.IS,11.955201148986816
2019-02-25,TUPRS.IS,11.76673698425293
2019-02-26,TUPRS.IS,12.004365921020508
2019-02-27,TUPRS.IS,11.897842407226562
2019-02-28,TUPRS.IS,11.8240966796875
2019-03-01,TUPRS.IS,11.684796333312988
2019-03-04,TUPRS.IS,11.955201148986816
2019-03-05,TUPRS.IS,12.037141799926758
2019-03-06,TUPRS.IS,11.971590995788574
2019-03-07,TUPRS.IS,11.963396072387695
2019-03-08,TUPRS.IS,11.725767135620117
2019-03-11,TUPRS.IS,11.914231300354004
2019-03-12,TUPRS.IS,12.061725616455078
2019-03-13,TUPRS.IS,12.373101234436035
2019-03-14,TUPRS.IS,12.217413902282715
2019-03-15,TUPRS.IS,12.233800888061523
2019-03-18,TUPRS.IS,12.217413902282715
2019-03-19,TUPRS.IS,12.750031471252441
2019-03-20,TUPRS.IS,12.446849822998047
2019-03-21,TUPRS.IS,12.151862144470215
2019-03-22,TUPRS.IS,12.06991958618164
2019-03-25,TUPRS.IS,12.397683143615723
2019-03-26,TUPRS.IS,12.258384704589844
2019-03-27,TUPRS.IS,11.283285140991211
2019-03-28,TUPRS.IS,11.720621109008789
2019-03-29,TUPRS.IS,11.481237411499023
2019-04-01,TUPRS.IS,12.006041526794434
2019-04-02,TUPRS.IS,12.355911254882812
2019-04-03,TUPRS.IS,12.162562370300293
2019-04-04,TUPRS.IS,12.061284065246582
2019-04-05,TUPRS.IS,12.401946067810059
2019-04-08,TUPRS.IS,12.217804908752441
2019-04-09,TUPRS.IS,12.162562370300293
2019-04-10,TUPRS.IS,12.263838768005371
2019-04-11,TUPRS.IS,12.125733375549316
2019-04-12,TUPRS.IS,11.93238353729248
2019-04-15,TUPRS.IS,11.748242378234863
2019-04-16,TUPRS.IS,12.098112106323242
2019-04-17,TUPRS.IS,12.162562370300293
2019-04-18,TUPRS.IS,11.886351585388184
2019-04-19,TUPRS.IS,11.821900367736816
2019-04-22,TUPRS.IS,11.564102172851562
2019-04-23,TUPRS.IS,11.564102172851562
2019-04-24,TUPRS.IS,11.32471752166748
2019-04-25,TUPRS.IS,11.573307037353516
2019-04-26,TUPRS.IS,11.665380477905273
2019-04-29,TUPRS.IS,11.490445137023926
2019-04-30,TUPRS.IS,11.343132972717285
2019-05-01,TUPRS.IS,11.343132972717285
2019-05-02,TUPRS.IS,11.508857727050781
2019-05-03,TUPRS.IS,11.407580375671387
2019-05-06,TUPRS.IS,11.32471752166748
2019-05-07,TUPRS.IS,11.158987998962402
2019-05-08,TUPRS.IS,11.232646942138672
2019-05-09,TUPRS.IS,10.855154991149902
2019-05-10,TUPRS.IS,10.606562614440918
2019-05-13,TUPRS.IS,10.744669914245605
2019-05-14,TUPRS.IS,10.901190757751465
2019-05-15,TUPRS.IS,11.232646942138672
2019-05-16,TUPRS.IS,11.195816993713379
2019-05-17,TUPRS.IS,11.06691837310791
2019-05-20,TUPRS.IS,11.094538688659668
2019-05-21,TUPRS.IS,10.864362716674805
2019-05-22,TUPRS.IS,10.78149700164795
2019-05-23,TUPRS.IS,10.882776260375977
2019-05-24,TUPRS.IS,10.919605255126953
2019-05-27,TUPRS.IS,10.80911922454834
2019-05-28,TUPRS.IS,10.9656400680542
2019-05-29,TUPRS.IS,10.956433296203613
2019-05-30,TUPRS.IS,11.407580375671387
2019-05-31,TUPRS.IS,12.006041526794434
2019-06-03,TUPRS.IS,11.831107139587402
2019-06-04,TUPRS.IS,11.831107139587402
2019-06-05,TUPRS.IS,11.831107139587402
2019-06-06,TUPRS.IS,11.831107139587402
2019-06-07,TUPRS.IS,11.674585342407227
2019-06-10,TUPRS.IS,11.600929260253906
2019-06-11,TUPRS.IS,11.453614234924316
2019-06-12,TUPRS.IS,11.195816993713379
2019-06-13,TUPRS.IS,10.99326229095459
2019-06-14,TUPRS.IS,10.864362716674805
2019-06-17,TUPRS.IS,10.974847793579102
2019-06-18,TUPRS.IS,11.076127052307129
2019-06-19,TUPRS.IS,10.974847793579102
2019-06-20,TUPRS.IS,10.652599334716797
2019-06-21,TUPRS.IS,10.569734573364258
2019-06-24,TUPRS.IS,10.440837860107422
2019-06-25,TUPRS.IS,10.55132007598877
2019-06-26,TUPRS.IS,10.450043678283691
2019-06-27,TUPRS.IS,10.486871719360352
2019-06-28,TUPRS.IS,10.569734573364258
2019-07-01,TUPRS.IS,10.818326950073242
2019-07-02,TUPRS.IS,10.661806106567383
2019-07-03,TUPRS.IS,10.643392562866211
2019-07-04,TUPRS.IS,10.643392562866211
2019-07-05,TUPRS.IS,10.55132007598877
2019-07-08,TUPRS.IS,10.450043678283691
2019-07-09,TUPRS.IS,10.634185791015625
2019-07-10,TUPRS.IS,10.78149700164795
2019-07-11,TUPRS.IS,11.14978313446045
2019-07-12,TUPRS.IS,11.407580375671387
2019-07-15,TUPRS.IS,11.407580375671387
2019-07-16,TUPRS.IS,11.545685768127441
2019-07-17,TUPRS.IS,11.637757301330566
2019-07-18,TUPRS.IS,11.895554542541504
2019-07-19,TUPRS.IS,12.070489883422852
2019-07-22,TUPRS.IS,11.840314865112305
2019-07-23,TUPRS.IS,12.08890438079834
2019-07-24,TUPRS.IS,12.42956829071045
2019-07-25,TUPRS.IS,12.254631996154785
2019-07-26,TUPRS.IS,12.365119934082031
2019-07-29,TUPRS.IS,12.54005241394043
2019-07-30,TUPRS.IS,12.797849655151367
2019-07-31,TUPRS.IS,12.889922142028809
2019-08-01,TUPRS.IS,13.175341606140137
2019-08-02,TUPRS.IS,12.58608627319336
2019-08-05,TUPRS.IS,12.484809875488281
2019-08-06,TUPRS.IS,12.622917175292969
2019-08-07,TUPRS.IS,12.576879501342773
2019-08-08,TUPRS.IS,12.604501724243164
2019-08-09,TUPRS.IS,12.484809875488281
2019-08-12,TUPRS.IS,12.484809875488281
2019-08-13,TUPRS.IS,12.484809875488281
2019-08-14,TUPRS.IS,12.484809875488281
2019-08-15,TUPRS.IS,11.97842025756836
2019-08-16,TUPRS.IS,11.582513809204102
2019-08-19,TUPRS.IS,11.656172752380371
2019-08-20,TUPRS.IS,11.960005760192871
2019-08-21,TUPRS.IS,12.484809875488281
2019-08-22,TUPRS.IS,12.31908130645752
2019-08-23,TUPRS.IS,12.190184593200684
2019-08-26,TUPRS.IS,12.420358657836914
2019-08-27,TUPRS.IS,12.033662796020508
2019-08-28,TUPRS.IS,11.7022066116333
2019-08-29,TUPRS.IS,11.619343757629395
2019-08-30,TUPRS.IS,11.619343757629395
2019-09-02,TUPRS.IS,11.858728408813477
2019-09-03,TUPRS.IS,11.996831893920898
2019-09-04,TUPRS.IS,12.199390411376953
2019-09-05,TUPRS.IS,12.134942054748535
2019-09-06,TUPRS.IS,11.840314865112305
2019-09-09,TUPRS.IS,12.052075386047363
2019-09-10,TUPRS.IS,12.245424270629883
2019-09-11,TUPRS.IS,12.31908130645752
2019-09-12,TUPRS.IS,12.65053653717041
2019-09-13,TUPRS.IS,12.622917175292969
2019-09-16,TUPRS.IS,12.576879501342773
2019-09-17,TUPRS.IS,12.392739295959473
2019-09-18,TUPRS.IS,12.604501724243164
2019-09-19,TUPRS.IS,12.438774108886719
2019-09-20,TUPRS.IS,12.484809875488281
2019-09-23,TUPRS.IS,12.42956829071045
2019-09-24,TUPRS.IS,12.696573257446289
2019-09-25,TUPRS.IS,12.494016647338867
2019-09-26,TUPRS.IS,12.807056427001953
2019-09-27,TUPRS.IS,13.110892295837402
2019-09-30,TUPRS.IS,13.221375465393066
2019-10-01,TUPRS.IS,13.018821716308594
2019-10-02,TUPRS.IS,12.714987754821777
2019-10-03,TUPRS.IS,12.696573257446289
2019-10-04,TUPRS.IS,12.843886375427246
2019-10-07,TUPRS.IS,13.000407218933105
2019-10-08,TUPRS.IS,12.788644790649414
2019-10-09,TUPRS.IS,12.291461944580078
2019-10-10,TUPRS.IS,11.766655921936035
2019-10-11,TUPRS.IS,11.693001747131348
2019-10-14,TUPRS.IS,11.214232444763184
2019-10-15,TUPRS.IS,11.158987998962402
2019-10-16,TUPRS.IS,10.9656400680542
2019-10-17,TUPRS.IS,11.10374641418457
2019-10-18,TUPRS.IS,11.444408416748047
2019-10-21,TUPRS.IS,11.10374641418457
2019-10-22,TUPRS.IS,11.232646942138672
2019-10-23,TUPRS.IS,11.508857727050781
2019-10-24,TUPRS.IS,11.453614234924316
2019-10-25,TUPRS.IS,11.637757301330566
2019-10-28,TUPRS.IS,11.462822914123535
2019-10-30,TUPRS.IS,11.425993919372559
2019-10-31,TUPRS.IS,11.444408416748047
2019-11-01,TUPRS.IS,11.610136032104492
2019-11-04,TUPRS.IS,11.766655921936035
2019-11-05,TUPRS.IS,11.600929260253906
2019-11-06,TUPRS.IS,11.683793067932129
2019-11-07,TUPRS.IS,11.913970947265625
2019-11-08,TUPRS.IS,11.757450103759766
2019-11-11,TUPRS.IS,11.720621109008789
2019-11-12,TUPRS.IS,11.637757301330566
2019-11-13,TUPRS.IS,11.646965026855469
2019-11-14,TUPRS.IS,11.343132972717285
2019-11-15,TUPRS.IS,11.352336883544922
2019-11-18,TUPRS.IS,11.3983736038208
2019-11-19,TUPRS.IS,11.720621109008789
2019-11-20,TUPRS.IS,11.62855052947998
2019-11-21,TUPRS.IS,11.600929260253906
2019-11-22,TUPRS.IS,11.573307037353516
2019-11-25,TUPRS.IS,11.315508842468262
2019-11-26,TUPRS.IS,11.333924293518066
2019-11-27,TUPRS.IS,11.306302070617676
2019-11-28,TUPRS.IS,11.361546516418457
2019-11-29,TUPRS.IS,11.370752334594727
2019-12-02,TUPRS.IS,11.343132972717285
2019-12-03,TUPRS.IS,11.122159957885742
2019-12-04,TUPRS.IS,11.10374641418457
2019-12-05,TUPRS.IS,11.131367683410645
2019-12-06,TUPRS.IS,11.232646942138672
2019-12-09,TUPRS.IS,11.297094345092773
2019-12-10,TUPRS.IS,11.269474029541016
2019-12-11,TUPRS.IS,11.122159957885742
2019-12-12,TUPRS.IS,11.195816993713379
2019-12-13,TUPRS.IS,11.14978313446045
2019-12-16,TUPRS.IS,11.195816993713379
2019-12-17,TUPRS.IS,11.462822914123535
2019-12-18,TUPRS.IS,11.315508842468262
2019-12-19,TUPRS.IS,11.343132972717285
2019-12-20,TUPRS.IS,11.435202598571777
2019-12-23,TUPRS.IS,11.600929260253906
2019-12-24,TUPRS.IS,11.656172752380371
2019-12-25,TUPRS.IS,11.646965026855469
2019-12-26,TUPRS.IS,11.775862693786621
2019-12-27,TUPRS.IS,11.757450103759766
2019-12-30,TUPRS.IS,11.720621109008789
2019-12-31,TUPRS.IS,11.656172752380371
2020-01-02,TUPRS.IS,11.785070419311523
2020-01-03,TUPRS.IS,11.573307037353516
2020-01-06,TUPRS.IS,11.389166831970215
2020-01-07,TUPRS.IS,11.315508842468262
2020-01-08,TUPRS.IS,11.085333824157715
2020-01-09,TUPRS.IS,11.51806640625
2020-01-10,TUPRS.IS,11.536480903625488
2020-01-13,TUPRS.IS,11.573307037353516
2020-01-14,TUPRS.IS,11.416788101196289
2020-01-15,TUPRS.IS,11.370752334594727
2020-01-16,TUPRS.IS,11.269474029541016
2020-01-17,TUPRS.IS,11.14978313446045
2020-01-20,TUPRS.IS,11.22343921661377
2020-01-21,TUPRS.IS,11.186610221862793
2020-01-22,TUPRS.IS,11.186610221862793
2020-01-23,TUPRS.IS,11.112954139709473
2020-01-24,TUPRS.IS,11.011676788330078
2020-01-27,TUPRS.IS,10.671013832092285
2020-01-28,TUPRS.IS,10.634185791015625
2020-01-29,TUPRS.IS,10.514492988586426
2020-01-30,TUPRS.IS,10.606562614440918
2020-01-31,TUPRS.IS,10.385594367980957
2020-02-03,TUPRS.IS,10.34876537322998
2020-02-04,TUPRS.IS,10.43163013458252
2020-02-05,TUPRS.IS,10.50528621673584
2020-02-06,TUPRS.IS,10.46845817565918
2020-02-07,TUPRS.IS,10.413215637207031
2020-02-10,TUPRS.IS,10.192246437072754
2020-02-11,TUPRS.IS,10.385594367980957
2020-02-12,TUPRS.IS,10.588150024414062
2020-02-13,TUPRS.IS,10.330350875854492
2020-02-14,TUPRS.IS,10.127796173095703
2020-02-17,TUPRS.IS,10.31193733215332
2020-02-18,TUPRS.IS,10.127796173095703
2020-02-19,TUPRS.IS,10.219865798950195
2020-02-20,TUPRS.IS,10.155416488647461
2020-02-21,TUPRS.IS,10.27510929107666
2020-02-24,TUPRS.IS,10.183037757873535
2020-02-25,TUPRS.IS,10.081759452819824
2020-02-26,TUPRS.IS,10.054140090942383
2020-02-27,TUPRS.IS,9.474093437194824
2020-02-28,TUPRS.IS,9.317572593688965
2020-03-02,TUPRS.IS,9.345193862915039
2020-03-03,TUPRS.IS,9.3820219039917
2020-03-04,TUPRS.IS,9.225500106811523
2020-03-05,TUPRS.IS,9.184070587158203
2020-03-06,TUPRS.IS,8.746732711791992
2020-03-09,TUPRS.IS,8.6224365234375
2020-03-10,TUPRS.IS,8.521159172058105
2020-03-11,TUPRS.IS,8.521159172058105
2020-03-12,TUPRS.IS,7.733953475952148
2020-03-13,TUPRS.IS,7.881266117095947
2020-03-16,TUPRS.IS,7.273600101470947
2020-03-17,TUPRS.IS,6.711966037750244
2020-03-18,TUPRS.IS,6.408132076263428
2020-03-19,TUPRS.IS,6.177955627441406
2020-03-20,TUPRS.IS,6.325268268585205
2020-03-23,TUPRS.IS,6.366700649261475
2020-03-24,TUPRS.IS,6.799434185028076
2020-03-25,TUPRS.IS,6.928333282470703
2020-03-26,TUPRS.IS,7.22756290435791
2020-03-27,TUPRS.IS,7.038817405700684
2020-03-30,TUPRS.IS,6.859279632568359
2020-03-31,TUPRS.IS,6.983575344085693
2020-04-01,TUPRS.IS,7.181527614593506
2020-04-02,TUPRS.IS,7.609657287597656
2020-04-03,TUPRS.IS,7.816816806793213
2020-04-06,TUPRS.IS,7.853644371032715
2020-04-07,TUPRS.IS,8.304791450500488
2020-04-08,TUPRS.IS,8.369241714477539
2020-04-09,TUPRS.IS,8.76514720916748
2020-04-10,TUPRS.IS,8.571798324584961
2020-04-13,TUPRS.IS,8.332412719726562
2020-04-14,TUPRS.IS,8.387656211853027
2020-04-15,TUPRS.IS,8.051597595214844
2020-04-16,TUPRS.IS,7.839834213256836
2020-04-17,TUPRS.IS,8.042390823364258
2020-04-20,TUPRS.IS,8.005560874938965
2020-04-21,TUPRS.IS,7.775384426116943
2020-04-22,TUPRS.IS,7.881266117095947
2020-04-24,TUPRS.IS,7.895076751708984
2020-04-27,TUPRS.IS,7.904283046722412
2020-04-28,TUPRS.IS,7.941112995147705
2020-04-29,TUPRS.IS,8.203514099121094
2020-04-30,TUPRS.IS,8.323205947875977
2020-05-04,TUPRS.IS,7.968734264373779
2020-05-05,TUPRS.IS,7.987147808074951
2020-05-06,TUPRS.IS,7.839834213256836
2020-05-07,TUPRS.IS,7.826024055480957
2020-05-08,TUPRS.IS,7.826024055480957
2020-05-11,TUPRS.IS,7.81221342086792
2020-05-12,TUPRS.IS,7.839834213256836
2020-05-13,TUPRS.IS,7.775384426116943
2020-05-14,TUPRS.IS,7.605053901672363
2020-05-15,TUPRS.IS,7.540605545043945
2020-05-18,TUPRS.IS,7.517584323883057
2020-05-20,TUPRS.IS,7.430119037628174
2020-05-21,TUPRS.IS,7.296616554260254
2020-05-22,TUPRS.IS,7.388685703277588
2020-05-27,TUPRS.IS,7.729349613189697
2020-05-28,TUPRS.IS,7.876662254333496
2020-05-29,TUPRS.IS,7.885870456695557
2020-06-01,TUPRS.IS,8.185101509094238
2020-06-02,TUPRS.IS,8.263360977172852
2020-06-03,TUPRS.IS,8.111444473266602
2020-06-04,TUPRS.IS,7.973337650299072
2020-06-05,TUPRS.IS,8.221929550170898
2020-06-08,TUPRS.IS,8.221929550170898
2020-06-09,TUPRS.IS,8.180496215820312
2020-06-10,TUPRS.IS,8.152875900268555
2020-06-11,TUPRS.IS,8.01016616821289
2020-06-12,TUPRS.IS,8.051597595214844
2020-06-15,TUPRS.IS,7.922698497772217
2020-06-16,TUPRS.IS,8.042390823364258
2020-06-17,TUPRS.IS,7.964130401611328
2020-06-18,TUPRS.IS,8.01016616821289
2020-06-19,TUPRS.IS,8.157477378845215
2020-06-22,TUPRS.IS,8.295584678649902
2020-06-23,TUPRS.IS,8.258757591247559
2020-06-24,TUPRS.IS,8.212721824645996
2020-06-25,TUPRS.IS,8.17589282989502
2020-06-26,TUPRS.IS,8.226532936096191
2020-06-29,TUPRS.IS,8.272568702697754
2020-06-30,TUPRS.IS,8.286377906799316
2020-07-01,TUPRS.IS,8.051597595214844
2020-07-02,TUPRS.IS,8.1022367477417
2020-07-03,TUPRS.IS,7.9917521476745605
2020-07-06,TUPRS.IS,8.005560874938965
2020-07-07,TUPRS.IS,8.17589282989502
2020-07-08,TUPRS.IS,8.116047859191895
2020-07-09,TUPRS.IS,7.968734264373779
2020-07-10,TUPRS.IS,7.890473365783691
2020-07-13,TUPRS.IS,8.070011138916016
2020-07-14,TUPRS.IS,7.94571590423584
2020-07-16,TUPRS.IS,8.000957489013672
2020-07-17,TUPRS.IS,7.996354103088379
2020-07-20,TUPRS.IS,7.94571590423584
2020-07-21,TUPRS.IS,7.954923152923584
2020-07-22,TUPRS.IS,7.968734264373779
2020-07-23,TUPRS.IS,8.079219818115234
2020-07-24,TUPRS.IS,8.033182144165039
2020-07-27,TUPRS.IS,8.02397632598877
2020-07-28,TUPRS.IS,7.775384426116943
2020-07-29,TUPRS.IS,7.591242790222168
2020-07-30,TUPRS.IS,7.60045051574707
2020-08-04,TUPRS.IS,7.278203010559082
2020-08-05,TUPRS.IS,7.333444118499756
2020-08-06,TUPRS.IS,7.052628517150879
2020-08-07,TUPRS.IS,7.186131954193115
2020-08-10,TUPRS.IS,7.0157999992370605
2020-08-11,TUPRS.IS,7.149303913116455
2020-08-12,TUPRS.IS,7.158509731292725
2020-08-13,TUPRS.IS,7.222959041595459
2020-08-14,TUPRS.IS,7.213752746582031
2020-08-17,TUPRS.IS,7.439326286315918
2020-08-18,TUPRS.IS,7.36106538772583
2020-08-19,TUPRS.IS,7.908886909484863
2020-08-20,TUPRS.IS,8.484331130981445
2020-08-21,TUPRS.IS,7.641881465911865
2020-08-24,TUPRS.IS,7.756970405578613
2020-08-25,TUPRS.IS,7.6326751708984375
2020-08-26,TUPRS.IS,7.545207500457764
2020-08-27,TUPRS.IS,7.701728820800781
2020-08-28,TUPRS.IS,7.641881465911865
2020-08-31,TUPRS.IS,7.365669250488281
2020-09-01,TUPRS.IS,7.453137397766113
2020-09-02,TUPRS.IS,7.374876022338867
2020-09-03,TUPRS.IS,7.301220417022705
2020-09-04,TUPRS.IS,7.370273113250732
2020-09-07,TUPRS.IS,7.416308879852295
2020-09-08,TUPRS.IS,7.296616554260254
2020-09-09,TUPRS.IS,7.807609558105469
2020-09-10,TUPRS.IS,7.476155757904053
2020-09-11,TUPRS.IS,7.466947078704834
2020-09-14,TUPRS.IS,7.5037760734558105
2020-09-15,TUPRS.IS,7.471551895141602
2020-09-16,TUPRS.IS,7.457740306854248
2020-09-17,TUPRS.IS,7.416308879852295
2020-09-18,TUPRS.IS,7.425515651702881
2020-09-21,TUPRS.IS,7.26899528503418
2020-09-22,TUPRS.IS,7.301220417022705
2020-09-23,TUPRS.IS,7.301220417022705
2020-09-24,TUPRS.IS,7.347255706787109
2020-09-25,TUPRS.IS,7.402498245239258
2020-09-28,TUPRS.IS,7.310427188873291
2020-09-29,TUPRS.IS,7.287408828735352
2020-09-30,TUPRS.IS,7.338047981262207
2020-10-01,TUPRS.IS,7.333444118499756
2020-10-02,TUPRS.IS,7.328840732574463
2020-10-05,TUPRS.IS,7.36106538772583
2020-10-06,TUPRS.IS,7.374876022338867
2020-10-07,TUPRS.IS,7.397895336151123
2020-10-08,TUPRS.IS,7.545207500457764
2020-10-09,TUPRS.IS,7.664899826049805
2020-10-12,TUPRS.IS,7.489964485168457
2020-10-13,TUPRS.IS,7.397895336151123
2020-10-14,TUPRS.IS,7.697124481201172
2020-10-15,TUPRS.IS,7.499172210693359
2020-10-16,TUPRS.IS,7.591242790222168
2020-10-19,TUPRS.IS,7.462344169616699
2020-10-20,TUPRS.IS,7.430119037628174
2020-10-21,TUPRS.IS,7.388685703277588
2020-10-22,TUPRS.IS,7.333444118499756
2020-10-23,TUPRS.IS,7.296616554260254
2020-10-26,TUPRS.IS,7.001989364624023
2020-10-27,TUPRS.IS,7.140096664428711
2020-10-28,TUPRS.IS,6.997385501861572
2020-10-30,TUPRS.IS,6.859279632568359
2020-11-02,TUPRS.IS,6.951350688934326
2020-11-03,TUPRS.IS,7.066438674926758
2020-11-04,TUPRS.IS,7.149303913116455
2020-11-05,TUPRS.IS,7.1216816902160645
2020-11-06,TUPRS.IS,7.11707878112793
2020-11-09,TUPRS.IS,7.582035541534424
2020-11-10,TUPRS.IS,7.761575222015381
2020-11-11,TUPRS.IS,8.051597595214844
2020-11-12,TUPRS.IS,8.217325210571289
2020-11-13,TUPRS.IS,8.189702033996582
2020-11-16,TUPRS.IS,8.1989107131958
2020-11-17,TUPRS.IS,7.890473365783691
2020-11-18,TUPRS.IS,8.129858016967773
2020-11-19,TUPRS.IS,8.272568702697754
2020-11-20,TUPRS.IS,8.208118438720703
2020-11-23,TUPRS.IS,8.083823204040527
2020-11-24,TUPRS.IS,8.300188064575195
2020-11-25,TUPRS.IS,8.553383827209473
2020-11-26,TUPRS.IS,8.62704086303711
2020-11-27,TUPRS.IS,8.70069694519043
2020-11-30,TUPRS.IS,8.39225959777832
2020-12-01,TUPRS.IS,8.567194938659668
2020-12-02,TUPRS.IS,8.557987213134766
2020-12-03,TUPRS.IS,8.484331130981445
2020-12-04,TUPRS.IS,8.640851020812988
2020-12-07,TUPRS.IS,8.88023567199707
2020-12-08,TUPRS.IS,8.792768478393555
2020-12-09,TUPRS.IS,8.792768478393555
2020-12-10,TUPRS.IS,8.99071979522705
2020-12-11,TUPRS.IS,9.345193862915039
2020-12-14,TUPRS.IS,9.639819145202637
2020-12-15,TUPRS.IS,9.989689826965332
2020-12-16,TUPRS.IS,10.017312049865723
2020-12-17,TUPRS.IS,9.952860832214355
2020-12-18,TUPRS.IS,9.916032791137695
2020-12-21,TUPRS.IS,9.575369834899902
2020-12-22,TUPRS.IS,9.612197875976562
2020-12-23,TUPRS.IS,9.916032791137695
2020-12-24,TUPRS.IS,9.842377662658691
2020-12-25,TUPRS.IS,9.78713321685791
2020-12-28,TUPRS.IS,9.925238609313965
2020-12-29,TUPRS.IS,10.081759452819824
2020-12-30,TUPRS.IS,9.952860832214355
2020-12-31,TUPRS.IS,10.008103370666504
2021-01-04,TUPRS.IS,10.100172996520996
2021-01-05,TUPRS.IS,10.210659980773926
2021-01-06,TUPRS.IS,10.302730560302734
2021-01-07,TUPRS.IS,10.265901565551758
2021-01-08,TUPRS.IS,10.34876537322998
2021-01-11,TUPRS.IS,10.16462516784668
2021-01-12,TUPRS.IS,10.090967178344727
2021-01-13,TUPRS.IS,10.017312049865723
2021-01-14,TUPRS.IS,10.127796173095703
2021-01-15,TUPRS.IS,9.823962211608887
2021-01-18,TUPRS.IS,9.934446334838867
2021-01-19,TUPRS.IS,9.980483055114746
2021-01-20,TUPRS.IS,10.008103370666504
2021-01-21,TUPRS.IS,9.86079216003418
2021-01-22,TUPRS.IS,9.842377662658691
2021-01-25,TUPRS.IS,9.621406555175781
2021-01-26,TUPRS.IS,9.428056716918945
2021-01-27,TUPRS.IS,9.115015029907227
2021-01-28,TUPRS.IS,9.437263488769531
2021-01-29,TUPRS.IS,9.151844024658203
2021-02-01,TUPRS.IS,9.138032913208008
2021-02-02,TUPRS.IS,9.243915557861328
2021-02-03,TUPRS.IS,9.326778411865234
2021-02-04,TUPRS.IS,9.326778411865234
2021-02-05,TUPRS.IS,9.271536827087402
2021-02-08,TUPRS.IS,9.280743598937988
2021-02-09,TUPRS.IS,9.575369834899902
2021-02-10,TUPRS.IS,9.584577560424805
2021-02-11,TUPRS.IS,9.741098403930664
2021-02-12,TUPRS.IS,9.446471214294434
2021-02-15,TUPRS.IS,9.685855865478516
2021-02-16,TUPRS.IS,9.547748565673828
2021-02-17,TUPRS.IS,9.400435447692871
2021-02-18,TUPRS.IS,9.354399681091309
2021-02-19,TUPRS.IS,9.474093437194824
2021-02-22,TUPRS.IS,9.289950370788574
2021-02-23,TUPRS.IS,9.372814178466797
2021-02-24,TUPRS.IS,9.446471214294434
2021-02-25,TUPRS.IS,9.474093437194824
2021-02-26,TUPRS.IS,9.308364868164062
2021-03-01,TUPRS.IS,9.741098403930664
2021-03-02,TUPRS.IS,9.906825065612793
2021-03-03,TUPRS.IS,9.741098403930664
2021-03-04,TUPRS.IS,9.741098403930664
2021-03-05,TUPRS.IS,9.823962211608887
2021-03-08,TUPRS.IS,9.897618293762207
2021-03-09,TUPRS.IS,9.86079216003418
2021-03-10,TUPRS.IS,9.823962211608887
2021-03-11,TUPRS.IS,9.851582527160645
2021-03-12,TUPRS.IS,9.879204750061035
2021-03-15,TUPRS.IS,9.796339988708496
2021-03-16,TUPRS.IS,9.722683906555176
2021-03-17,TUPRS.IS,9.483298301696777
2021-03-18,TUPRS.IS,9.41884994506836
2021-03-19,TUPRS.IS,9.262328147888184
2021-03-22,TUPRS.IS,8.337016105651855
2021-03-23,TUPRS.IS,8.162080764770508
2021-03-24,TUPRS.IS,8.479726791381836
2021-03-25,TUPRS.IS,8.691490173339844
2021-03-26,TUPRS.IS,8.617833137512207
2021-03-29,TUPRS.IS,8.539573669433594
2021-03-30,TUPRS.IS,8.332412719726562
2021-03-31,TUPRS.IS,8.286377906799316
2021-04-01,TUPRS.IS,8.502745628356934
2021-04-02,TUPRS.IS,8.479726791381836
2021-04-05,TUPRS.IS,8.498141288757324
2021-04-06,TUPRS.IS,8.369241714477539
2021-04-07,TUPRS.IS,8.373846054077148
2021-04-08,TUPRS.IS,8.286377906799316
2021-04-09,TUPRS.IS,8.162080764770508
2021-04-12,TUPRS.IS,8.01016616821289
2021-04-13,TUPRS.IS,7.954923152923584
2021-04-14,TUPRS.IS,8.1989107131958
2021-04-15,TUPRS.IS,8.24034309387207
2021-04-16,TUPRS.IS,8.217325210571289
2021-04-19,TUPRS.IS,8.051597595214844
2021-04-20,TUPRS.IS,7.968734264373779
2021-04-21,TUPRS.IS,7.826024055480957
2021-04-22,TUPRS.IS,7.964130401611328
2021-04-26,TUPRS.IS,7.941112995147705
2021-04-27,TUPRS.IS,7.964130401611328
2021-04-28,TUPRS.IS,8.01937198638916
2021-04-29,TUPRS.IS,8.097634315490723
2021-04-30,TUPRS.IS,8.079219818115234
2021-05-03,TUPRS.IS,8.364638328552246
2021-05-04,TUPRS.IS,8.300188064575195
2021-05-05,TUPRS.IS,8.406070709228516
2021-05-06,TUPRS.IS,8.442898750305176
2021-05-07,TUPRS.IS,8.89404582977295
2021-05-10,TUPRS.IS,8.871028900146484
2021-05-11,TUPRS.IS,8.815784454345703
2021-05-12,TUPRS.IS,9.0781888961792
2021-05-17,TUPRS.IS,9.317572593688965
2021-05-18,TUPRS.IS,9.354399681091309
2021-05-20,TUPRS.IS,9.225500106811523
2021-05-21,TUPRS.IS,9.474093437194824
2021-05-24,TUPRS.IS,9.483298301696777
2021-05-25,TUPRS.IS,9.10580825805664
2021-05-26,TUPRS.IS,9.133429527282715
2021-05-27,TUPRS.IS,8.912459373474121
2021-05-28,TUPRS.IS,8.986116409301758
2021-05-31,TUPRS.IS,8.96309757232666
2021-06-01,TUPRS.IS,9.0781888961792
2021-06-02,TUPRS.IS,9.345193862915039
2021-06-03,TUPRS.IS,9.483298301696777
2021-06-04,TUPRS.IS,9.483298301696777
2021-06-07,TUPRS.IS,9.474093437194824
2021-06-08,TUPRS.IS,9.520127296447754
2021-06-09,TUPRS.IS,9.446471214294434
2021-06-10,TUPRS.IS,9.492507934570312
2021-06-11,TUPRS.IS,9.547748565673828
2021-06-14,TUPRS.IS,9.575369834899902
2021-06-15,TUPRS.IS,9.474093437194824
2021-06-16,TUPRS.IS,9.483298301696777
2021-06-17,TUPRS.IS,9.566163063049316
2021-06-18,TUPRS.IS,9.354399681091309
2021-06-21,TUPRS.IS,9.170258522033691
2021-06-22,TUPRS.IS,9.253122329711914
2021-06-23,TUPRS.IS,9.225500106811523
2021-06-24,TUPRS.IS,9.216294288635254
2021-06-25,TUPRS.IS,9.055171012878418
2021-06-28,TUPRS.IS,8.875630378723145
2021-06-29,TUPRS.IS,8.797371864318848
2021-06-30,TUPRS.IS,8.723715782165527
2021-07-01,TUPRS.IS,8.85261344909668
2021-07-02,TUPRS.IS,8.806578636169434
2021-07-05,TUPRS.IS,8.986116409301758
2021-07-06,TUPRS.IS,8.85261344909668
2021-07-07,TUPRS.IS,8.871028900146484
2021-07-08,TUPRS.IS,8.769750595092773
2021-07-09,TUPRS.IS,8.89404582977295
2021-07-12,TUPRS.IS,8.70069694519043
2021-07-13,TUPRS.IS,8.654661178588867
2021-07-14,TUPRS.IS,8.746732711791992
2021-07-16,TUPRS.IS,8.723715782165527
2021-07-19,TUPRS.IS,8.636247634887695
2021-07-26,TUPRS.IS,8.475122451782227
2021-07-27,TUPRS.IS,8.502745628356934
2021-07-28,TUPRS.IS,8.461312294006348
2021-07-29,TUPRS.IS,8.663869857788086
2021-07-30,TUPRS.IS,8.636247634887695
2021-08-02,TUPRS.IS,8.797371864318848
2021-08-03,TUPRS.IS,8.755940437316895
2021-08-04,TUPRS.IS,8.705300331115723
2021-08-05,TUPRS.IS,8.999926567077637
2021-08-06,TUPRS.IS,9.036755561828613
2021-08-09,TUPRS.IS,9.03215217590332
2021-08-10,TUPRS.IS,9.174861907958984
2021-08-11,TUPRS.IS,8.884839057922363
2021-08-12,TUPRS.IS,9.050565719604492
2021-08-13,TUPRS.IS,9.262328147888184
2021-08-16,TUPRS.IS,9.262328147888184
2021-08-17,TUPRS.IS,9.45567798614502
2021-08-18,TUPRS.IS,9.363607406616211
2021-08-19,TUPRS.IS,9.243915557861328
2021-08-20,TUPRS.IS,9.128826141357422
2021-08-23,TUPRS.IS,9.207087516784668
2021-08-24,TUPRS.IS,9.225500106811523
2021-08-25,TUPRS.IS,9.161050796508789
2021-08-26,TUPRS.IS,9.10580825805664
2021-08-27,TUPRS.IS,9.170258522033691
2021-08-31,TUPRS.IS,9.363607406616211
2021-09-01,TUPRS.IS,9.538541793823242
2021-09-02,TUPRS.IS,9.667442321777344
2021-09-03,TUPRS.IS,9.547748565673828
2021-09-06,TUPRS.IS,9.602992057800293
2021-09-07,TUPRS.IS,9.501712799072266
2021-09-08,TUPRS.IS,9.400435447692871
2021-09-09,TUPRS.IS,9.602992057800293
2021-09-10,TUPRS.IS,9.464884757995605
2021-09-13,TUPRS.IS,9.538541793823242
2021-09-14,TUPRS.IS,9.823962211608887
2021-09-15,TUPRS.IS,10.054140090942383
2021-09-16,TUPRS.IS,9.952860832214355
2021-09-17,TUPRS.IS,10.008103370666504
2021-09-20,TUPRS.IS,9.897618293762207
2021-09-21,TUPRS.IS,10.100172996520996
2021-09-22,TUPRS.IS,10.201452255249023
2021-09-23,TUPRS.IS,10.238279342651367
2021-09-24,TUPRS.IS,10.201452255249023
2021-09-27,TUPRS.IS,10.31193733215332
2021-09-28,TUPRS.IS,10.394800186157227
2021-09-29,TUPRS.IS,10.376386642456055
2021-09-30,TUPRS.IS,10.55132007598877
2021-10-01,TUPRS.IS,10.450043678283691
2021-10-04,TUPRS.IS,10.680220603942871
2021-10-05,TUPRS.IS,11.131367683410645
2021-10-06,TUPRS.IS,10.956433296203613
2021-10-07,TUPRS.IS,11.333924293518066
2021-10-08,TUPRS.IS,11.32471752166748
2021-10-11,TUPRS.IS,11.582513809204102
2021-10-12,TUPRS.IS,11.693001747131348
2021-10-13,TUPRS.IS,11.306302070617676
2021-10-14,TUPRS.IS,11.508857727050781
2021-10-15,TUPRS.IS,11.877142906188965
2021-10-18,TUPRS.IS,11.923177719116211
2021-10-19,TUPRS.IS,11.987627029418945
2021-10-20,TUPRS.IS,12.144147872924805
2021-10-21,TUPRS.IS,12.5492582321167
2021-10-22,TUPRS.IS,12.816264152526855
2021-10-25,TUPRS.IS,13.055648803710938
2021-10-26,TUPRS.IS,12.871506690979004
2021-10-27,TUPRS.IS,13.009613990783691
2021-10-28,TUPRS.IS,12.871506690979004
2021-11-01,TUPRS.IS,12.68736743927002
2021-11-02,TUPRS.IS,12.91754150390625
2021-11-03,TUPRS.IS,13.13851261138916
2021-11-04,TUPRS.IS,13.13851261138916
2021-11-05,TUPRS.IS,13.37789535522461
2021-11-08,TUPRS.IS,13.589658737182617
2021-11-09,TUPRS.IS,14.086844444274902
2021-11-10,TUPRS.IS,14.53799057006836
2021-11-11,TUPRS.IS,14.409090995788574
2021-11-12,TUPRS.IS,14.326227188110352
2021-11-15,TUPRS.IS,14.169706344604492
2021-11-16,TUPRS.IS,14.169706344604492
2021-11-17,TUPRS.IS,14.565611839294434
2021-11-18,TUPRS.IS,14.52878475189209
2021-11-19,TUPRS.IS,14.280193328857422
2021-11-22,TUPRS.IS,14.556406021118164
2021-11-23,TUPRS.IS,15.550768852233887
2021-11-24,TUPRS.IS,14.722132682800293
2021-11-25,TUPRS.IS,14.455126762390137
2021-11-26,TUPRS.IS,13.718559265136719
2021-11-29,TUPRS.IS,14.307814598083496
2021-11-30,TUPRS.IS,13.967150688171387
2021-12-01,TUPRS.IS,14.473541259765625
2021-12-02,TUPRS.IS,14.363055229187012
2021-12-03,TUPRS.IS,14.27098560333252
2021-12-06,TUPRS.IS,14.455126762390137
2021-12-07,TUPRS.IS,15.035170555114746
2021-12-08,TUPRS.IS,15.072001457214355
2021-12-09,TUPRS.IS,15.17327880859375
2021-12-10,TUPRS.IS,15.928260803222656
2021-12-13,TUPRS.IS,17.364566802978516
2021-12-14,TUPRS.IS,17.60395050048828
2021-12-15,TUPRS.IS,17.824918746948242
2021-12-16,TUPRS.IS,18.994218826293945
2021-12-17,TUPRS.IS,17.180423736572266
2021-12-20,TUPRS.IS,17.005491256713867
2021-12-21,TUPRS.IS,15.311384201049805
2021-12-22,TUPRS.IS,13.783008575439453
2021-12-23,TUPRS.IS,13.156926155090332
2021-12-24,TUPRS.IS,14.23415756225586
2021-12-27,TUPRS.IS,14.068429946899414
2021-12-28,TUPRS.IS,13.773802757263184
2021-12-29,TUPRS.IS,14.381470680236816
2021-12-30,TUPRS.IS,14.050015449523926
2021-12-31,TUPRS.IS,14.215741157531738
2022-01-03,TUPRS.IS,15.311384201049805
2022-01-04,TUPRS.IS,15.606012344360352
2022-01-05,TUPRS.IS,16.471479415893555
2022-01-06,TUPRS.IS,17.208044052124023
2022-01-07,TUPRS.IS,17.208044052124023
2022-01-10,TUPRS.IS,17.22646141052246
2022-01-11,TUPRS.IS,17.244873046875
2022-01-12,TUPRS.IS,17.41980743408203
2022-01-13,TUPRS.IS,17.410600662231445
2022-01-14,TUPRS.IS,17.180423736572266
2022-01-17,TUPRS.IS,17.410600662231445
2022-01-18,TUPRS.IS,16.462270736694336
2022-01-19,TUPRS.IS,17.198837280273438
2022-01-20,TUPRS.IS,16.609582901000977
2022-01-21,TUPRS.IS,16.499099731445312
2022-01-24,TUPRS.IS,15.320590019226074
2022-01-25,TUPRS.IS,15.467906951904297
2022-01-26,TUPRS.IS,15.375836372375488
2022-01-27,TUPRS.IS,15.854602813720703
2022-01-28,TUPRS.IS,15.532355308532715
2022-01-31,TUPRS.IS,15.762532234191895
2022-02-01,TUPRS.IS,15.578390121459961
2022-02-02,TUPRS.IS,15.606012344360352
2022-02-03,TUPRS.IS,15.412663459777832
2022-02-04,TUPRS.IS,15.237728118896484
2022-02-07,TUPRS.IS,15.790153503417969
2022-02-08,TUPRS.IS,16.913419723510742
2022-02-09,TUPRS.IS,17.17121696472168
2022-02-10,TUPRS.IS,17.493465423583984
2022-02-11,TUPRS.IS,18.202409744262695
2022-02-14,TUPRS.IS,17.843334197998047
2022-02-15,TUPRS.IS,17.926197052001953
2022-02-16,TUPRS.IS,18.009063720703125
2022-02-17,TUPRS.IS,17.58553695678711
2022-02-18,TUPRS.IS,17.70522689819336
2022-02-21,TUPRS.IS,17.438222885131836
2022-02-22,TUPRS.IS,16.950244903564453
2022-02-23,TUPRS.IS,16.931833267211914
2022-02-24,TUPRS.IS,15.366630554199219
2022-02-25,TUPRS.IS,16.563549041748047
2022-02-28,TUPRS.IS,17.76047134399414
2022-03-01,TUPRS.IS,17.778884887695312
2022-03-02,TUPRS.IS,17.70522689819336
2022-03-03,TUPRS.IS,18.101131439208984
2022-03-04,TUPRS.IS,17.999855041503906
2022-03-07,TUPRS.IS,17.778884887695312
2022-03-08,TUPRS.IS,18.009063720703125
2022-03-09,TUPRS.IS,18.04589080810547
2022-03-10,TUPRS.IS,18.957393646240234
2022-03-11,TUPRS.IS,18.865320205688477
2022-03-14,TUPRS.IS,18.671972274780273
2022-03-15,TUPRS.IS,17.86174774169922
2022-03-16,TUPRS.IS,17.6776065826416
2022-03-17,TUPRS.IS,18.257654190063477
2022-03-18,TUPRS.IS,18.04589080810547
2022-03-21,TUPRS.IS,18.773250579833984
2022-03-22,TUPRS.IS,19.021841049194336
2022-03-23,TUPRS.IS,18.93897819519043
2022-03-24,TUPRS.IS,18.902149200439453
2022-03-25,TUPRS.IS,18.994218826293945
2022-03-28,TUPRS.IS,18.902149200439453
2022-03-29,TUPRS.IS,19.00342559814453
2022-03-30,TUPRS.IS,19.00342559814453
2022-03-31,TUPRS.IS,19.739994049072266
2022-04-01,TUPRS.IS,20.93691635131836
2022-04-04,TUPRS.IS,22.271942138671875
2022-04-05,TUPRS.IS,22.189077377319336
2022-04-06,TUPRS.IS,22.161460876464844
2022-04-07,TUPRS.IS,21.949695587158203
2022-04-08,TUPRS.IS,22.483707427978516
2022-04-11,TUPRS.IS,22.713886260986328
2022-04-12,TUPRS.IS,23.321552276611328
2022-04-13,TUPRS.IS,23.58855628967285
2022-04-14,TUPRS.IS,23.864770889282227
2022-04-15,TUPRS.IS,23.91080665588379
2022-04-18,TUPRS.IS,23.15582275390625
2022-04-19,TUPRS.IS,23.551729202270508
2022-04-20,TUPRS.IS,23.432035446166992
2022-04-21,TUPRS.IS,23.708251953125
2022-04-22,TUPRS.IS,23.386003494262695
2022-04-25,TUPRS.IS,23.883182525634766
2022-04-26,TUPRS.IS,22.557363510131836
2022-04-27,TUPRS.IS,22.603397369384766
2022-04-28,TUPRS.IS,21.912866592407227
2022-04-29,TUPRS.IS,21.5629940032959
2022-05-05,TUPRS.IS,22.584985733032227
2022-05-06,TUPRS.IS,23.496484756469727
2022-05-09,TUPRS.IS,22.584985733032227
2022-05-10,TUPRS.IS,23.045339584350586
2022-05-11,TUPRS.IS,23.183446884155273
2022-05-12,TUPRS.IS,23.229480743408203
2022-05-13,TUPRS.IS,23.58855628967285
2022-05-16,TUPRS.IS,23.634592056274414
2022-05-17,TUPRS.IS,23.662216186523438
2022-05-18,TUPRS.IS,23.109790802001953
2022-05-20,TUPRS.IS,22.833576202392578
2022-05-23,TUPRS.IS,22.888818740844727
2022-05-24,TUPRS.IS,22.50212287902832
2022-05-25,TUPRS.IS,22.962474822998047
2022-05-26,TUPRS.IS,23.487279891967773
2022-05-27,TUPRS.IS,23.054542541503906
2022-05-30,TUPRS.IS,23.846355438232422
2022-05-31,TUPRS.IS,24.960412979125977
2022-06-01,TUPRS.IS,24.988033294677734
2022-06-02,TUPRS.IS,24.95120620727539
2022-06-03,TUPRS.IS,25.255043029785156
2022-06-06,TUPRS.IS,25.917951583862305
2022-06-07,TUPRS.IS,26.369098663330078
2022-06-08,TUPRS.IS,24.969623565673828
2022-06-09,TUPRS.IS,25.6601505279541
2022-06-10,TUPRS.IS,24.767065048217773
2022-06-13,TUPRS.IS,25.00644874572754
2022-06-14,TUPRS.IS,24.895965576171875
2022-06-15,TUPRS.IS,24.6197509765625
2022-06-16,TUPRS.IS,24.28829574584961
2022-06-17,TUPRS.IS,24.711822509765625
2022-06-20,TUPRS.IS,23.97525405883789
2022-06-21,TUPRS.IS,24.61054229736328
2022-06-22,TUPRS.IS,24.53688621520996
2022-06-23,TUPRS.IS,24.546092987060547
2022-06-24,TUPRS.IS,24.573715209960938
2022-06-27,TUPRS.IS,25.10772705078125
2022-06-28,TUPRS.IS,24.601333618164062
2022-06-29,TUPRS.IS,24.150188446044922
2022-06-30,TUPRS.IS,24.352745056152344
2022-07-01,TUPRS.IS,24.721031188964844
2022-07-04,TUPRS.IS,24.352745056152344
2022-07-05,TUPRS.IS,23.496484756469727
2022-07-06,TUPRS.IS,22.53894805908203
2022-07-07,TUPRS.IS,22.52053451538086
2022-07-08,TUPRS.IS,22.382427215576172
2022-07-13,TUPRS.IS,21.470928192138672
2022-07-14,TUPRS.IS,20.973745346069336
2022-07-18,TUPRS.IS,22.41925621032715
2022-07-19,TUPRS.IS,22.52053451538086
2022-07-20,TUPRS.IS,23.432035446166992
2022-07-21,TUPRS.IS,22.93485450744629
2022-07-22,TUPRS.IS,22.84278106689453
2022-07-25,TUPRS.IS,23.293930053710938
2022-07-26,TUPRS.IS,23.73587417602539
2022-07-27,TUPRS.IS,23.69904327392578
2022-07-28,TUPRS.IS,23.68983268737793
2022-07-29,TUPRS.IS,24.711822509765625
2022-08-01,TUPRS.IS,25.135345458984375
2022-08-02,TUPRS.IS,24.93279266357422
2022-08-03,TUPRS.IS,25.135345458984375
2022-08-04,TUPRS.IS,24.895965576171875
2022-08-05,TUPRS.IS,24.767065048217773
2022-08-08,TUPRS.IS,25.181381225585938
2022-08-09,TUPRS.IS,26.212575912475586
2022-08-10,TUPRS.IS,26.175748825073242
2022-08-11,TUPRS.IS,26.88469696044922
2022-08-12,TUPRS.IS,27.032007217407227
2022-08-15,TUPRS.IS,26.470375061035156
2022-08-16,TUPRS.IS,27.612058639526367
2022-08-17,TUPRS.IS,28.12765121459961
2022-08-18,TUPRS.IS,30.29131507873535
2022-08-19,TUPRS.IS,30.09796905517578
2022-08-22,TUPRS.IS,29.757305145263672
2022-08-23,TUPRS.IS,31.386962890625
2022-08-24,TUPRS.IS,31.396169662475586
2022-08-25,TUPRS.IS,32.09590530395508
2022-08-26,TUPRS.IS,31.644758224487305
2022-08-29,TUPRS.IS,33.24679183959961
2022-08-31,TUPRS.IS,33.08106231689453
2022-09-01,TUPRS.IS,31.202816009521484
2022-09-02,TUPRS.IS,31.00946807861328
2022-09-05,TUPRS.IS,31.07391929626465
2022-09-06,TUPRS.IS,30.91739845275879
2022-09-07,TUPRS.IS,31.184402465820312
2022-09-08,TUPRS.IS,30.8897762298584
2022-09-09,TUPRS.IS,30.871366500854492
2022-09-12,TUPRS.IS,31.037090301513672
2022-09-13,TUPRS.IS,30.328142166137695
2022-09-14,TUPRS.IS,31.368547439575195
2022-09-15,TUPRS.IS,30.8437442779541
2022-09-16,TUPRS.IS,30.641183853149414
2022-09-19,TUPRS.IS,28.680078506469727
2022-09-20,TUPRS.IS,28.21971893310547
2022-09-21,TUPRS.IS,28.201303482055664
2022-09-22,TUPRS.IS,29.315366744995117
2022-09-23,TUPRS.IS,28.302583694458008
2022-09-26,TUPRS.IS,27.685710906982422
2022-09-27,TUPRS.IS,27.16090965270996
2022-09-28,TUPRS.IS,27.114870071411133
2022-09-29,TUPRS.IS,27.206941604614258
2022-09-30,TUPRS.IS,26.66372299194336
2022-10-03,TUPRS.IS,29.324573516845703
2022-10-04,TUPRS.IS,30.8897762298584
2022-10-05,TUPRS.IS,31.25806427001953
2022-10-06,TUPRS.IS,31.948591232299805
2022-10-07,TUPRS.IS,31.893354415893555
2022-10-10,TUPRS.IS,31.76445198059082
2022-10-11,TUPRS.IS,31.626340866088867
2022-10-12,TUPRS.IS,31.027881622314453
2022-10-13,TUPRS.IS,30.43863296508789
2022-10-14,TUPRS.IS,30.760879516601562
2022-10-17,TUPRS.IS,33.65190124511719
2022-10-18,TUPRS.IS,33.035030364990234
2022-10-19,TUPRS.IS,33.145511627197266
2022-10-20,TUPRS.IS,33.900489807128906
2022-10-21,TUPRS.IS,34.98693084716797
2022-10-24,TUPRS.IS,35.097415924072266
2022-10-25,TUPRS.IS,34.48054122924805
2022-10-26,TUPRS.IS,33.87287139892578
2022-10-27,TUPRS.IS,34.32401657104492
2022-10-28,TUPRS.IS,33.66111373901367
2022-10-31,TUPRS.IS,34.89486312866211
2022-11-01,TUPRS.IS,35.90764236450195
2022-11-02,TUPRS.IS,36.36799621582031
2022-11-03,TUPRS.IS,37.518882751464844
2022-11-04,TUPRS.IS,39.424747467041016
2022-11-07,TUPRS.IS,41.24774932861328
2022-11-08,TUPRS.IS,40.6953239440918
2022-11-09,TUPRS.IS,39.64571762084961
2022-11-10,TUPRS.IS,39.93113327026367
2022-11-11,TUPRS.IS,39.61809539794922
2022-11-14,TUPRS.IS,39.553646087646484
2022-11-15,TUPRS.IS,40.281005859375
2022-11-16,TUPRS.IS,39.44316864013672
2022-11-17,TUPRS.IS,39.028839111328125
2022-11-18,TUPRS.IS,39.185359954833984
2022-11-21,TUPRS.IS,39.848270416259766
2022-11-22,TUPRS.IS,43.365379333496094
2022-11-23,TUPRS.IS,43.37459182739258
2022-11-24,TUPRS.IS,43.061546325683594
2022-11-25,TUPRS.IS,43.61396408081055
2022-11-28,TUPRS.IS,43.34696578979492
2022-11-29,TUPRS.IS,44.32292175292969
2022-11-30,TUPRS.IS,44.3137092590332
2022-12-01,TUPRS.IS,44.65437316894531
2022-12-02,TUPRS.IS,44.2952995300293
2022-12-05,TUPRS.IS,43.56793212890625
2022-12-06,TUPRS.IS,44.41498565673828
2022-12-07,TUPRS.IS,42.35260009765625
2022-12-08,TUPRS.IS,40.133689880371094
2022-12-09,TUPRS.IS,40.27180099487305
2022-12-12,TUPRS.IS,41.91066360473633
2022-12-13,TUPRS.IS,43.37459182739258
2022-12-14,TUPRS.IS,41.625240325927734
2022-12-15,TUPRS.IS,42.113224029541016
2022-12-16,TUPRS.IS,41.708106994628906
2022-12-19,TUPRS.IS,43.18124008178711
2022-12-20,TUPRS.IS,43.56793212890625
2022-12-21,TUPRS.IS,43.95463180541992
2022-12-22,TUPRS.IS,43.74287033081055
2022-12-23,TUPRS.IS,45.20679473876953
2022-12-26,TUPRS.IS,46.84566116333008
2022-12-27,TUPRS.IS,46.615478515625
2022-12-28,TUPRS.IS,46.68913650512695
2022-12-29,TUPRS.IS,46.633888244628906
2022-12-30,TUPRS.IS,48.788352966308594
2023-01-02,TUPRS.IS,49.239501953125
2023-01-03,TUPRS.IS,48.291175842285156
2023-01-04,TUPRS.IS,47.18632125854492
2023-01-05,TUPRS.IS,45.99860763549805
2023-01-06,TUPRS.IS,46.799625396728516
2023-01-09,TUPRS.IS,46.10908508300781
2023-01-10,TUPRS.IS,43.76128387451172
2023-01-11,TUPRS.IS,43.54951858520508
2023-01-12,TUPRS.IS,47.33363342285156
2023-01-13,TUPRS.IS,46.97455978393555
2023-01-16,TUPRS.IS,49.745887756347656
2023-01-17,TUPRS.IS,52.44356918334961
2023-01-18,TUPRS.IS,53.953529357910156
2023-01-19,TUPRS.IS,53.77859115600586
2023-01-20,TUPRS.IS,54.84661865234375
2023-01-23,TUPRS.IS,56.1171989440918
2023-01-24,TUPRS.IS,57.277286529541016
2023-01-25,TUPRS.IS,57.728431701660156
2023-01-26,TUPRS.IS,56.641998291015625
2023-01-27,TUPRS.IS,58.4373779296875
2023-01-30,TUPRS.IS,55.63842010498047
2023-01-31,TUPRS.IS,54.45071792602539
2023-02-01,TUPRS.IS,51.808284759521484
2023-02-02,TUPRS.IS,50.795501708984375
2023-02-03,TUPRS.IS,55.15045166015625
2023-02-06,TUPRS.IS,53.299827575683594
2023-02-07,TUPRS.IS,48.12544250488281
2023-02-08,TUPRS.IS,44.88454818725586
2023-02-15,TUPRS.IS,52.93154525756836
2023-02-16,TUPRS.IS,58.04147720336914
2023-02-17,TUPRS.IS,57.45222091674805
2023-02-20,TUPRS.IS,56.7432746887207
2023-02-21,TUPRS.IS,55.61080551147461
2023-02-22,TUPRS.IS,54.04560470581055
2023-02-23,TUPRS.IS,53.999568939208984
2023-02-24,TUPRS.IS,55.205692291259766
2023-02-27,TUPRS.IS,55.242530822753906
2023-02-28,TUPRS.IS,54.60723114013672
2023-03-01,TUPRS.IS,55.224117279052734
2023-03-02,TUPRS.IS,55.481910705566406
2023-03-03,TUPRS.IS,56.20927047729492
2023-03-06,TUPRS.IS,57.304908752441406
2023-03-07,TUPRS.IS,59.46857833862305
2023-03-08,TUPRS.IS,59.29364013671875
2023-03-09,TUPRS.IS,58.83328628540039
2023-03-10,TUPRS.IS,57.90282440185547
2023-03-13,TUPRS.IS,56.891849517822266
2023-03-14,TUPRS.IS,55.02848815917969
2023-03-15,TUPRS.IS,56.18812561035156
2023-03-16,TUPRS.IS,57.010780334472656
2023-03-17,TUPRS.IS,55.03839111328125
2023-03-20,TUPRS.IS,52.857872009277344
2023-03-21,TUPRS.IS,52.639827728271484
2023-03-22,TUPRS.IS,54.364418029785156
2023-03-23,TUPRS.IS,54.18600845336914
2023-03-24,TUPRS.IS,52.907432556152344
2023-03-27,TUPRS.IS,51.92620086669922
2023-03-28,TUPRS.IS,50.786376953125
2023-03-29,TUPRS.IS,53.175048828125
2023-03-30,TUPRS.IS,53.422828674316406
2023-03-31,TUPRS.IS,52.54070281982422
2023-04-03,TUPRS.IS,55.94034194946289
2023-04-04,TUPRS.IS,56.92654037475586
2023-04-05,TUPRS.IS,55.12264633178711
2023-04-06,TUPRS.IS,53.839111328125
2023-04-07,TUPRS.IS,53.24938201904297
2023-04-10,TUPRS.IS,54.67167663574219
2023-04-11,TUPRS.IS,54.32477569580078
2023-04-12,TUPRS.IS,54.18600845336914
2023-04-13,TUPRS.IS,53.90849304199219
2023-04-14,TUPRS.IS,53.075927734375
2023-04-17,TUPRS.IS,51.72301483154297
2023-04-18,TUPRS.IS,50.9598274230957
2023-04-19,TUPRS.IS,52.27804946899414
2023-04-20,TUPRS.IS,51.27204132080078
2023-04-24,TUPRS.IS,51.02920913696289
2023-04-25,TUPRS.IS,49.95381546020508
2023-04-26,TUPRS.IS,48.14992904663086
2023-04-27,TUPRS.IS,48.04585647583008
2023-04-28,TUPRS.IS,45.999141693115234
2023-05-02,TUPRS.IS,45.34002685546875
2023-05-03,TUPRS.IS,47.872406005859375
2023-05-04,TUPRS.IS,46.31135177612305
2023-05-05,TUPRS.IS,45.02781677246094
2023-05-08,TUPRS.IS,46.31135177612305
2023-05-09,TUPRS.IS,45.23595428466797
2023-05-10,TUPRS.IS,45.097190856933594
2023-05-11,TUPRS.IS,49.60691833496094
2023-05-12,TUPRS.IS,49.260009765625
2023-05-15,TUPRS.IS,44.542152404785156
2023-05-16,TUPRS.IS,46.207271575927734
2023-05-17,TUPRS.IS,47.24798583984375
2023-05-18,TUPRS.IS,45.47878646850586
2023-05-22,TUPRS.IS,44.40338897705078
2023-05-23,TUPRS.IS,45.51346969604492
2023-05-24,TUPRS.IS,44.68091583251953
2023-05-25,TUPRS.IS,44.334014892578125
2023-05-26,TUPRS.IS,45.582855224609375
2023-05-29,TUPRS.IS,47.317359924316406
2023-05-30,TUPRS.IS,48.21930694580078
2023-05-31,TUPRS.IS,46.48480224609375
2023-06-01,TUPRS.IS,46.93577194213867
2023-06-02,TUPRS.IS,48.32338333129883
2023-06-05,TUPRS.IS,50.71699523925781
2023-06-06,TUPRS.IS,50.85576629638672
2023-06-07,TUPRS.IS,53.73503494262695
2023-06-08,TUPRS.IS,53.873809814453125
2023-06-09,TUPRS.IS,53.76973342895508
2023-06-12,TUPRS.IS,53.56159210205078
2023-06-13,TUPRS.IS,51.3414192199707
2023-06-14,TUPRS.IS,49.95381546020508
2023-06-15,TUPRS.IS,51.61894607543945
2023-06-16,TUPRS.IS,50.682308197021484
2023-06-19,TUPRS.IS,49.88443374633789
2023-06-20,TUPRS.IS,50.64761734008789
2023-06-21,TUPRS.IS,50.19664764404297
2023-06-22,TUPRS.IS,52.13929748535156
2023-06-23,TUPRS.IS,53.24938201904297
2023-06-26,TUPRS.IS,54.81043243408203
2023-06-27,TUPRS.IS,55.01858139038086
2023-07-03,TUPRS.IS,58.97325134277344
2023-07-04,TUPRS.IS,58.279449462890625
2023-07-05,TUPRS.IS,58.730430603027344
2023-07-06,TUPRS.IS,61.089359283447266
2023-07-07,TUPRS.IS,62.997314453125
2023-07-10,TUPRS.IS,62.8238639831543
2023-07-11,TUPRS.IS,62.89323806762695
2023-07-12,TUPRS.IS,62.858551025390625
2023-07-13,TUPRS.IS,61.78314971923828
2023-07-14,TUPRS.IS,61.470947265625
2023-07-17,TUPRS.IS,62.51164627075195
2023-07-18,TUPRS.IS,60.01396179199219
2023-07-19,TUPRS.IS,62.0606803894043
2023-07-20,TUPRS.IS,63.13607406616211
2023-07-21,TUPRS.IS,63.41358947753906
2023-07-24,TUPRS.IS,63.72580337524414
2023-07-25,TUPRS.IS,64.83589172363281
2023-07-26,TUPRS.IS,64.7318115234375
2023-07-27,TUPRS.IS,66.98668670654297
2023-07-28,TUPRS.IS,68.61711120605469
2023-07-31,TUPRS.IS,71.7392349243164
2023-08-01,TUPRS.IS,70.28224182128906
2023-08-02,TUPRS.IS,70.629150390625
2023-08-03,TUPRS.IS,69.03340148925781
2023-08-04,TUPRS.IS,71.94737243652344
2023-08-07,TUPRS.IS,72.22488403320312
2023-08-08,TUPRS.IS,70.629150390625
2023-08-09,TUPRS.IS,74.23692321777344
2023-08-10,TUPRS.IS,72.71055603027344
2023-08-11,TUPRS.IS,77.01212310791016
2023-08-14,TUPRS.IS,79.78734588623047
2023-08-15,TUPRS.IS,79.37106323242188
2023-08-16,TUPRS.IS,82.7013168334961
2023-08-17,TUPRS.IS,85.3377685546875
2023-08-18,TUPRS.IS,88.11297607421875
2023-08-21,TUPRS.IS,96.92427062988281
2023-08-22,TUPRS.IS,96.43861389160156
2023-08-23,TUPRS.IS,89.84749603271484
2023-08-24,TUPRS.IS,88.11297607421875
2023-08-25,TUPRS.IS,92.6227035522461
2023-08-28,TUPRS.IS,101.85029602050781
2023-08-29,TUPRS.IS,98.65877532958984
2023-08-31,TUPRS.IS,97.89559936523438
2023-09-01,TUPRS.IS,99.00568389892578
2023-09-04,TUPRS.IS,100.53204345703125
2023-09-05,TUPRS.IS,101.85029602050781
2023-09-06,TUPRS.IS,99.90763092041016
2023-09-07,TUPRS.IS,100.46268463134766
2023-09-08,TUPRS.IS,99.76886749267578
2023-09-11,TUPRS.IS,97.27117919921875
2023-09-12,TUPRS.IS,98.79753875732422
2023-09-13,TUPRS.IS,97.82622528076172
2023-09-14,TUPRS.IS,100.25453186035156
2023-09-15,TUPRS.IS,98.1731185913086
2023-09-18,TUPRS.IS,96.09171295166016
2023-09-19,TUPRS.IS,100.53204345703125
2023-09-20,TUPRS.IS,98.03436279296875
2023-09-21,TUPRS.IS,102.54408264160156
2023-09-22,TUPRS.IS,106.91504669189453
2023-09-25,TUPRS.IS,115.17129516601562
2023-09-26,TUPRS.IS,117.73836517333984
2023-09-27,TUPRS.IS,113.57554626464844
2023-09-28,TUPRS.IS,113.78369903564453
2023-09-29,TUPRS.IS,121.461669921875
2023-10-02,TUPRS.IS,120.16302490234375
2023-10-03,TUPRS.IS,118.4060287475586
2023-10-04,TUPRS.IS,112.90587615966797
2023-10-05,TUPRS.IS,115.42678833007812
2023-10-06,TUPRS.IS,112.82948303222656
2023-10-09,TUPRS.IS,112.98226928710938
2023-10-10,TUPRS.IS,112.75310516357422
2023-10-11,TUPRS.IS,110.3085708618164
2023-10-12,TUPRS.IS,112.44752502441406
2023-10-13,TUPRS.IS,111.91279602050781
2023-10-16,TUPRS.IS,107.32933044433594
2023-10-17,TUPRS.IS,110.3085708618164
2023-10-18,TUPRS.IS,107.86406707763672
2023-10-19,TUPRS.IS,101.90557861328125
2023-10-20,TUPRS.IS,98.77354431152344
2023-10-23,TUPRS.IS,103.35701751708984
2023-10-24,TUPRS.IS,104.65565490722656
2023-10-25,TUPRS.IS,98.16241455078125
2023-10-26,TUPRS.IS,103.81534576416016
2023-10-27,TUPRS.IS,105.87791442871094
2023-10-30,TUPRS.IS,108.01685333251953
2023-10-31,TUPRS.IS,108.39881134033203
2023-11-01,TUPRS.IS,110.76693725585938
2023-11-02,TUPRS.IS,112.67671203613281
2023-11-03,TUPRS.IS,114.28092956542969
2023-11-06,TUPRS.IS,117.0309829711914
2023-11-07,TUPRS.IS,113.82256317138672
2023-11-08,TUPRS.IS,114.8156509399414
2023-11-09,TUPRS.IS,115.04484558105469
2023-11-10,TUPRS.IS,114.43370056152344
2023-11-13,TUPRS.IS,112.29475402832031
2023-11-14,TUPRS.IS,116.2670669555664
2023-11-15,TUPRS.IS,115.88512420654297
2023-11-16,TUPRS.IS,117.71851348876953
2023-11-17,TUPRS.IS,117.26016235351562
2023-11-20,TUPRS.IS,117.33655548095703
2023-11-21,TUPRS.IS,118.02406311035156
2023-11-22,TUPRS.IS,118.86438751220703
2023-11-23,TUPRS.IS,114.51008605957031
2023-11-24,TUPRS.IS,114.96843719482422
2023-11-27,TUPRS.IS,119.16993713378906
2023-11-28,TUPRS.IS,119.16993713378906
2023-11-29,TUPRS.IS,118.32963562011719
2023-11-30,TUPRS.IS,116.80181884765625
2023-12-01,TUPRS.IS,117.10739135742188
2023-12-04,TUPRS.IS,117.71851348876953
2023-12-05,TUPRS.IS,118.25325775146484
2023-12-06,TUPRS.IS,114.51008605957031
2023-12-07,TUPRS.IS,118.4060287475586
2023-12-08,TUPRS.IS,116.5726318359375
2023-12-11,TUPRS.IS,113.66979217529297
2023-12-12,TUPRS.IS,112.29475402832031
2023-12-13,TUPRS.IS,110.07942199707031
2023-12-14,TUPRS.IS,115.88512420654297
2023-12-15,TUPRS.IS,115.50316619873047
2023-12-18,TUPRS.IS,111.76001739501953
2023-12-19,TUPRS.IS,112.52392578125
2023-12-20,TUPRS.IS,114.35730743408203
2023-12-21,TUPRS.IS,116.49625396728516
2023-12-22,TUPRS.IS,110.6141586303711
2023-12-25,TUPRS.IS,106.1834716796875
2023-12-26,TUPRS.IS,109.62106323242188
2023-12-27,TUPRS.IS,111.68362426757812
2023-12-28,TUPRS.IS,110.46136474609375
2023-12-29,TUPRS.IS,109.23910522460938
2024-01-02,TUPRS.IS,110.00301361083984
2024-01-03,TUPRS.IS,107.32933044433594
2024-01-04,TUPRS.IS,109.77384185791016
2024-01-05,TUPRS.IS,109.8502426147461
2024-01-08,TUPRS.IS,106.9473876953125
2024-01-09,TUPRS.IS,105.49595642089844
2024-01-10,TUPRS.IS,106.71820068359375
2024-01-11,TUPRS.IS,106.64183044433594
2024-01-12,TUPRS.IS,106.71820068359375
2024-01-15,TUPRS.IS,107.63489532470703
2024-01-16,TUPRS.IS,109.39189910888672
2024-01-17,TUPRS.IS,108.55160522460938
2024-01-18,TUPRS.IS,106.87098693847656
2024-01-19,TUPRS.IS,106.41264343261719
2024-01-22,TUPRS.IS,107.86406707763672
2024-01-23,TUPRS.IS,106.9473876953125
2024-01-24,TUPRS.IS,108.8571548461914
2024-01-25,TUPRS.IS,110.6141586303711
2024-01-26,TUPRS.IS,112.75310516357422
2024-01-29,TUPRS.IS,116.3434829711914
2024-01-30,TUPRS.IS,114.8156509399414
2024-01-31,TUPRS.IS,114.58648681640625
2024-02-01,TUPRS.IS,118.17684936523438
2024-02-02,TUPRS.IS,118.63520050048828
2024-02-05,TUPRS.IS,118.48242950439453
2024-02-06,TUPRS.IS,118.02406311035156
2024-02-07,TUPRS.IS,117.87129211425781
2024-02-08,TUPRS.IS,120.54498291015625
2024-02-09,TUPRS.IS,120.46857452392578
2024-02-12,TUPRS.IS,124.36453247070312
2024-02-13,TUPRS.IS,122.6839370727539
2024-02-14,TUPRS.IS,125.73957824707031
2024-02-15,TUPRS.IS,127.87850189208984
2024-02-16,TUPRS.IS,127.57295227050781
2024-02-19,TUPRS.IS,132.15638732910156
2024-02-20,TUPRS.IS,130.85775756835938
2024-02-21,TUPRS.IS,126.19790649414062
2024-02-22,TUPRS.IS,125.28121185302734
2024-02-23,TUPRS.IS,125.35761260986328
2024-02-26,TUPRS.IS,122.6839370727539
2024-02-27,TUPRS.IS,122.37835693359375
2024-02-28,TUPRS.IS,123.37144470214844
2024-02-29,TUPRS.IS,123.60060119628906
2024-03-01,TUPRS.IS,125.8923568725586
2024-03-04,TUPRS.IS,123.29503631591797
2024-03-05,TUPRS.IS,126.12151336669922
2024-03-06,TUPRS.IS,129.10076904296875
2024-03-07,TUPRS.IS,130.70498657226562
2024-03-08,TUPRS.IS,130.0174560546875
2024-03-11,TUPRS.IS,127.80210876464844
2024-03-12,TUPRS.IS,126.65625762939453
2024-03-13,TUPRS.IS,124.67008209228516
2024-03-14,TUPRS.IS,126.35069274902344
2024-03-15,TUPRS.IS,124.5173110961914
2024-03-18,TUPRS.IS,126.19790649414062
2024-03-19,TUPRS.IS,132.69114685058594
2024-03-20,TUPRS.IS,131.23971557617188
2024-03-21,TUPRS.IS,132.92031860351562
2024-03-22,TUPRS.IS,131.3925018310547
2024-03-25,TUPRS.IS,129.8646697998047
2024-03-26,TUPRS.IS,129.4063262939453
2024-03-27,TUPRS.IS,129.635498046875
2024-03-28,TUPRS.IS,135.1356658935547
2024-03-29,TUPRS.IS,135.21205139160156
2024-04-01,TUPRS.IS,136.35789489746094
2024-04-02,TUPRS.IS,134.2953643798828
2024-04-03,TUPRS.IS,132.16827392578125
2024-04-04,TUPRS.IS,137.93234252929688
2024-04-05,TUPRS.IS,145.888427734375
2024-04-08,TUPRS.IS,148.64871215820312
2024-04-09,TUPRS.IS,121.30614070892334
2024-04-15,TUPRS.IS,148.56752014160156
2024-04-16,TUPRS.IS,151.00306701660156
2024-04-17,TUPRS.IS,151.40896606445312
2024-04-18,TUPRS.IS,150.92185974121094
2024-04-19,TUPRS.IS,154.16925048828125
2024-04-22,TUPRS.IS,153.03265380859375
2024-04-24,TUPRS.IS,152.46438598632812
2024-04-25,TUPRS.IS,153.92568969726562
2024-04-26,TUPRS.IS,155.95530700683594
2024-04-29,TUPRS.IS,159.12149047851562
2024-04-30,TUPRS.IS,158.95912170410156
2024-05-02,TUPRS.IS,165.61624145507812
2024-05-03,TUPRS.IS,163.4242706298828
2024-05-06,TUPRS.IS,162.77479553222656
2024-05-07,TUPRS.IS,160.98873901367188
2024-05-08,TUPRS.IS,156.44239807128906
2024-05-09,TUPRS.IS,153.519775390625
2024-05-10,TUPRS.IS,151.9772491455078
2024-05-13,TUPRS.IS,150.02883911132812
2024-05-14,TUPRS.IS,149.0546417236328
2024-05-15,TUPRS.IS,147.34974670410156
2024-05-16,TUPRS.IS,146.7814483642578
2024-05-17,TUPRS.IS,153.519775390625
2024-05-20,TUPRS.IS,155.7929229736328
2024-05-21,TUPRS.IS,157.9037322998047
2024-05-22,TUPRS.IS,158.22845458984375
2024-05-23,TUPRS.IS,156.11767578125
2024-05-24,TUPRS.IS,154.49398803710938
2024-05-27,TUPRS.IS,153.68214416503906
2024-05-28,TUPRS.IS,152.2208251953125
2024-05-29,TUPRS.IS,150.84068298339844
2024-05-30,TUPRS.IS,148.486328125
2024-05-31,TUPRS.IS,143.45289611816406
2024-06-03,TUPRS.IS,141.17971801757812
2024-06-04,TUPRS.IS,136.876953125
2024-06-05,TUPRS.IS,135.57801818847656
2024-06-06,TUPRS.IS,132.81773376464844
2024-06-07,TUPRS.IS,133.06129455566406
2024-06-10,TUPRS.IS,131.76234436035156
2024-06-11,TUPRS.IS,130.62576293945312
2024-06-12,TUPRS.IS,133.14247131347656
2024-06-13,TUPRS.IS,134.84735107421875
2024-06-14,TUPRS.IS,135.57801818847656
2024-06-20,TUPRS.IS,139.7184295654297
2024-06-21,TUPRS.IS,138.66302490234375
2024-06-24,TUPRS.IS,139.31248474121094
2024-06-25,TUPRS.IS,137.93234252929688
2024-06-26,TUPRS.IS,134.279052734375
2024-06-27,TUPRS.IS,136.95814514160156
2024-06-28,TUPRS.IS,134.3602294921875
2024-07-01,TUPRS.IS,132.9801025390625
2024-07-02,TUPRS.IS,131.84352111816406
2024-07-03,TUPRS.IS,136.63340759277344
2024-07-04,TUPRS.IS,141.34210205078125
2024-07-05,TUPRS.IS,140.77381896972656
2024-07-08,TUPRS.IS,139.39366149902344
2024-07-09,TUPRS.IS,137.03933715820312
2024-07-10,TUPRS.IS,136.3898468017578
2024-07-11,TUPRS.IS,138.50064086914062
2024-07-12,TUPRS.IS,136.71458435058594
2024-07-16,TUPRS.IS,135.17208862304688
2024-07-17,TUPRS.IS,135.0097198486328
2024-07-18,TUPRS.IS,134.92852783203125
2024-07-19,TUPRS.IS,133.95433044433594
2024-07-22,TUPRS.IS,132.4929962158203
2024-07-23,TUPRS.IS,133.54840087890625
2024-07-24,TUPRS.IS,132.33062744140625
2024-07-25,TUPRS.IS,130.9504852294922
2024-07-26,TUPRS.IS,132.65536499023438
2024-07-29,TUPRS.IS,131.92471313476562
2024-07-30,TUPRS.IS,131.1940460205078
2024-07-31,TUPRS.IS,132.5741729736328
2024-08-01,TUPRS.IS,133.3860321044922
2024-08-02,TUPRS.IS,129.1644287109375
2024-08-05,TUPRS.IS,124.78048706054688
2024-08-06,TUPRS.IS,128.2714080810547
2024-08-07,TUPRS.IS,132.24945068359375
2024-08-08,TUPRS.IS,133.95433044433594
2024-08-09,TUPRS.IS,132.5741729736328
2024-08-12,TUPRS.IS,131.35641479492188
2024-08-13,TUPRS.IS,131.68115234375
2024-08-14,TUPRS.IS,129.083251953125
2024-08-15,TUPRS.IS,132.0059051513672
2024-08-16,TUPRS.IS,131.27523803710938
2024-08-19,TUPRS.IS,134.11668395996094
2024-08-20,TUPRS.IS,133.14247131347656
2024-08-21,TUPRS.IS,133.8731231689453
2024-08-22,TUPRS.IS,132.81773376464844
2024-08-23,TUPRS.IS,130.70693969726562
2024-08-26,TUPRS.IS,130.70693969726562
2024-08-27,TUPRS.IS,133.7107696533203
2024-08-28,TUPRS.IS,134.279052734375
2024-08-29,TUPRS.IS,136.876953125
2024-09-02,TUPRS.IS,138.50064086914062
2024-09-03,TUPRS.IS,135.65921020507812
2024-09-04,TUPRS.IS,133.95433044433594
2024-09-05,TUPRS.IS,131.84352111816406
2024-09-06,TUPRS.IS,131.51878356933594
2024-09-09,TUPRS.IS,130.9504852294922
2024-09-10,TUPRS.IS,129.97628784179688
2024-09-11,TUPRS.IS,126.48534393310547
2024-09-12,TUPRS.IS,127.21600341796875
2024-09-13,TUPRS.IS,132.0059051513672
2024-09-16,TUPRS.IS,132.65536499023438
2024-09-17,TUPRS.IS,134.03549194335938
2024-09-18,TUPRS.IS,133.62957763671875
2024-09-19,TUPRS.IS,137.2017059326172
2024-09-20,TUPRS.IS,134.6849822998047
2024-09-23,TUPRS.IS,136.79579162597656
2024-09-24,TUPRS.IS,138.74420166015625
2024-09-25,TUPRS.IS,137.2017059326172
2024-09-26,TUPRS.IS,138.01353454589844
2024-09-27,TUPRS.IS,138.48236083984375
2024-09-30,TUPRS.IS,135.5136260986328
2024-10-01,TUPRS.IS,135.5136260986328
2024-10-02,TUPRS.IS,134.02926635742188
2024-10-03,TUPRS.IS,131.4097900390625
2024-10-04,TUPRS.IS,134.90240478515625
2024-10-07,TUPRS.IS,132.7195281982422
2024-10-08,TUPRS.IS,134.2039031982422
2024-10-09,TUPRS.IS,133.59268188476562
2024-10-10,TUPRS.IS,130.9732208251953
2024-10-11,TUPRS.IS,129.4015350341797
2024-10-14,TUPRS.IS,127.04402160644531
2024-10-15,TUPRS.IS,127.21865844726562
2024-10-16,TUPRS.IS,128.52838134765625
2024-10-17,TUPRS.IS,128.70301818847656
2024-10-18,TUPRS.IS,126.60743713378906
2024-10-21,TUPRS.IS,126.3454818725586
2024-10-22,TUPRS.IS,127.48059844970703
2024-10-23,TUPRS.IS,125.47234344482422
2024-10-24,TUPRS.IS,127.48059844970703
2024-10-25,TUPRS.IS,127.56791687011719
2024-10-28,TUPRS.IS,130.1000518798828
2024-10-30,TUPRS.IS,129.4015350341797
2024-10-31,TUPRS.IS,126.2581787109375
2024-11-01,TUPRS.IS,126.69477081298828
2024-11-04,TUPRS.IS,124.51187896728516
2024-11-05,TUPRS.IS,123.2021484375
2024-11-06,TUPRS.IS,126.08354187011719
2024-11-07,TUPRS.IS,126.5201187133789
2024-11-08,TUPRS.IS,128.2664337158203
2024-11-11,TUPRS.IS,127.48059844970703
2024-11-12,TUPRS.IS,125.73428344726562
2024-11-13,TUPRS.IS,127.65523529052734
2024-11-14,TUPRS.IS,129.1395721435547
2024-11-15,TUPRS.IS,129.31422424316406
2024-11-18,TUPRS.IS,128.52838134765625
2024-11-19,TUPRS.IS,125.2977066040039
2024-11-20,TUPRS.IS,122.94020080566406
2024-11-21,TUPRS.IS,126.5201187133789
2024-11-22,TUPRS.IS,127.8298568725586
2024-11-25,TUPRS.IS,129.66348266601562
2024-11-26,TUPRS.IS,128.96495056152344
2024-11-27,TUPRS.IS,127.91717529296875
2024-11-28,TUPRS.IS,128.70301818847656
2024-11-29,TUPRS.IS,128.52838134765625
2024-12-02,TUPRS.IS,128.61569213867188
2024-12-03,TUPRS.IS,129.83811950683594
2024-12-04,TUPRS.IS,133.06878662109375
2024-12-05,TUPRS.IS,132.02101135253906
2024-12-06,TUPRS.IS,132.8068389892578
2024-12-09,TUPRS.IS,134.90240478515625
2024-12-10,TUPRS.IS,134.46583557128906
2024-12-11,TUPRS.IS,134.55316162109375
2024-12-12,TUPRS.IS,131.75904846191406
2024-12-13,TUPRS.IS,132.02101135253906
2024-12-16,TUPRS.IS,129.7508087158203
2024-12-17,TUPRS.IS,129.66348266601562
2024-12-18,TUPRS.IS,127.7425537109375
2024-12-19,TUPRS.IS,126.08354187011719
2024-12-20,TUPRS.IS,127.04402160644531
2024-12-23,TUPRS.IS,125.12308502197266
2024-12-24,TUPRS.IS,124.424560546875
2024-12-25,TUPRS.IS,125.55966186523438
2024-12-26,TUPRS.IS,125.47234344482422
2024-12-27,TUPRS.IS,125.90892028808594
2024-12-30,TUPRS.IS,124.424560546875
2024-12-31,TUPRS.IS,123.90066528320312
