MLP,CNN,LSTM,GRU,BiLSTM,CNN-LSTM,Transformer,Actual
12.317449,15.637085,14.147902,14.407172,13.121291,14.682578,14.103682,13.72022819519043
12.715905,15.354921,14.499835,14.999433,13.31947,14.344125,14.624948,13.637825965881348
12.651748,15.29672,14.379898,14.864247,13.277946,14.350069,14.452365,14.231135368347168
12.972606,15.784504,14.862976,15.390566,13.49109,14.664057,15.099343,14.437142372131348
13.006797,15.631259,14.988902,15.497639,13.566454,14.973793,15.333998,14.305296897888184
12.8867855,16.196293,14.817453,15.275628,13.39481,15.295449,15.09301,14.494824409484863
12.953521,15.862134,14.988164,15.463077,13.535067,15.074467,15.251191,15.417747497558594
13.470276,16.054018,15.854659,16.406157,14.147067,14.976324,16.04509,15.30238151550293
13.537421,16.343262,15.929276,16.421408,14.29798,15.898365,15.914269,15.088133811950684
13.443684,16.668886,15.742776,16.227821,14.213436,16.051737,15.638959,14.618431091308594
13.217708,16.716753,15.408255,15.856145,13.965782,15.81985,15.240095,14.049843788146973
13.057843,16.307308,14.80024,15.22972,13.439516,15.3069105,14.599208,13.72022819519043
12.664472,15.993699,14.453929,14.870548,13.177481,14.793131,14.137142,14.033364295959473
12.722321,15.5034485,14.837587,15.267497,13.451603,14.387499,14.423161,13.99216079711914
12.6091385,15.6658325,14.7633295,15.190653,13.42555,14.692861,14.295854,12.813788414001465
11.774269,15.838462,13.614119,13.764364,12.51191,14.76991,13.034329,12.41001033782959
11.500861,14.976318,13.233595,13.499416,12.034353,13.842489,12.84037,13.604865074157717
12.022963,14.4379835,14.267185,14.772398,12.943687,13.01892,14.101165,13.34941291809082
11.753477,15.029922,13.946083,14.357538,12.870222,14.544984,13.481383,12.11335563659668
11.157707,15.258212,12.847878,12.905764,11.85965,14.380967,12.354465,11.28931713104248
10.556489,13.980225,12.014959,12.077188,11.116411,13.126932,11.53453,13.324691772460938
11.384554,13.677003,14.149756,14.55333,12.699645,12.287191,14.374398,13.267009735107422
11.354808,14.20425,13.977636,14.402617,12.531898,14.353991,14.002111,13.17636489868164
11.482345,15.186589,13.634614,14.050468,12.296319,14.892063,13.608029,13.17636489868164
11.292921,14.986535,13.5945215,14.031056,12.2493,14.087208,13.511068,13.102200508117676
11.06555,16.01282,13.616629,14.034416,12.27668,13.721199,13.571067,13.234046936035156
11.061922,15.991305,13.814737,14.202584,12.37179,13.670028,13.742778,13.275249481201172
11.417508,15.000643,13.902132,14.178136,12.3695,13.506882,13.498472,13.151644706726074
11.129456,14.994062,13.658089,13.999808,12.316254,13.799886,13.184486,14.272334098815918
11.557604,15.276526,15.038518,15.319209,13.285592,13.569098,14.667067,14.420661926269531
11.446873,16.255384,15.201804,15.512399,13.524831,14.591302,15.163912,14.511307716369627
12.214519,15.642584,15.604419,15.588936,13.687117,15.218933,14.905126,14.618431091308594
12.6711445,16.401892,15.49779,15.752491,13.8264065,15.390267,14.842153,14.346498489379885
12.549134,17.183498,15.075551,15.461116,13.556744,15.662819,14.569612,15.45071029663086
13.0893135,17.02871,16.230776,16.571758,14.291352,15.339798,15.739819,15.343583106994627
13.064007,17.767954,16.116255,16.429926,14.282186,16.063925,15.635434,16.423072814941406
13.863311,17.789732,17.16909,17.474527,14.962201,16.160526,16.768646,16.324190139770508
13.788968,18.306278,16.812115,17.357285,14.871692,16.538609,16.633902,16.08521842956543
13.7353945,18.801056,16.631546,17.19055,14.845693,16.798038,16.558912,15.40950870513916
13.462044,18.495827,16.028524,16.426657,14.371469,16.470549,15.923039,15.285900115966797
13.415207,18.220526,16.010918,16.397024,14.421913,16.019203,15.792855,15.327104568481444
13.2037,17.984098,15.932203,16.417744,14.311621,15.692603,15.79752,15.557833671569824
13.161977,17.732183,16.248331,16.653555,14.628381,15.962983,16.023512,15.005727767944336
12.559797,17.79886,15.622667,15.9651575,14.158127,16.07858,15.618305,14.95628547668457
12.677576,17.577616,15.697098,15.913885,14.117525,15.521269,15.45663,14.494824409484863
12.243027,17.075415,15.232473,15.421541,13.860255,15.39734,15.010937,14.774998664855955
12.502528,16.784958,15.54105,15.762988,14.103149,15.384429,15.261716,15.088133811950684
12.607023,16.621532,15.626927,16.003614,14.286445,15.566897,15.54626,14.832679748535156
12.441557,16.862822,15.423619,15.689482,14.195641,15.980182,15.269514,15.121092796325684
12.642612,16.54756,15.805273,16.081171,14.455736,15.686217,15.717163,14.651392936706545
12.328362,16.837769,15.292665,15.477676,14.09128,15.846378,15.127005,15.368306159973145
13.024777,16.31825,15.86621,16.279377,14.474059,15.686212,16.075514,15.168481826782228
13.0853195,16.37076,15.718428,16.091911,14.469687,16.00636,16.002058,15.386472702026367
13.448657,16.76418,15.982909,16.404955,14.658787,16.258686,16.260595,15.459135055541992
13.553394,16.622597,16.048252,16.504646,14.748049,16.219067,16.350122,15.767953872680664
14.024081,17.15527,16.49706,16.948347,15.05128,16.228136,16.691948,15.313807487487791
13.727403,17.447119,15.934322,16.318537,14.644627,16.414114,16.234413,15.123064994812012
13.487826,17.592916,15.789267,16.072027,14.453818,16.023327,15.810036,15.28656005859375
13.592975,16.617804,15.958184,16.333725,14.613634,15.506843,15.946546,15.686209678649902
14.137289,16.844816,16.312422,16.796152,14.914887,15.988945,16.333525,16.213016510009766
14.3606415,17.059336,16.798529,17.30942,15.276722,16.20244,16.928854,16.612667083740234
14.666253,17.78666,17.236769,17.617502,15.503102,16.722555,17.18518,16.213016510009766
14.492597,18.12485,16.873932,17.182796,15.311269,17.132475,16.693464,15.958694458007812
14.267669,18.304432,16.626076,16.919737,15.140051,16.751251,16.3117,16.240266799926758
14.474814,17.891138,16.86973,17.289766,15.353317,16.434834,16.530165,16.322011947631836
14.602455,17.764032,16.906734,17.378157,15.457982,16.689253,16.651533,16.785240173339844
14.818753,18.072557,17.45422,17.907358,15.821372,16.766392,17.131584,16.076772689819336
14.089802,18.635582,16.59206,16.966764,15.2431555,17.23165,16.46857,16.058609008789062
14.003798,18.475426,16.67529,17.025492,15.249886,16.805906,16.357153,15.66804027557373
13.647264,17.930544,16.243013,16.555336,14.923048,16.216627,15.76529,15.313807487487791
13.384411,17.540594,15.897761,16.146252,14.657432,16.37674,15.358001,15.440969467163086
13.443907,16.798803,16.022682,16.338072,14.745969,15.834652,15.516457,14.57809066772461
12.9551525,16.963266,15.303245,15.43936,14.248749,15.969964,14.78379,14.232940673828123
12.662571,16.692299,14.924291,15.149786,13.9005375,15.678672,14.528579,14.09669589996338
12.579449,15.84297,14.774608,15.081833,13.726575,15.038151,14.421593,14.114861488342283
12.556931,16.050598,14.697284,15.061892,13.636246,15.040004,14.436231,13.842373847961426
12.521699,15.445898,14.573984,14.741228,13.462824,14.911821,14.236707,14.977740287780762
12.958702,15.184358,15.464844,15.957517,14.079928,14.847584,15.752128,15.177562713623049
13.133234,15.9966,15.674994,16.110867,14.240841,15.887656,15.977157,15.268392562866213
13.244634,16.55417,15.815068,16.172726,14.375806,16.329006,16.010477,16.794322967529297
14.199361,16.412865,17.292467,17.748238,15.420627,16.209993,17.401857,17.520957946777344
14.63487,17.877888,17.98389,18.4364,16.049633,17.30889,17.853897,15.777036666870115
13.686921,18.160696,15.850463,16.208073,14.523706,18.074627,16.41022,14.323770523071287
12.818695,17.545578,14.472542,14.754264,13.151227,16.527943,14.772643,14.151193618774414
12.508644,16.403002,14.836446,15.078097,13.502046,14.62503,14.367371,13.606218338012695
12.154252,15.943656,14.399049,14.613213,13.149464,14.738876,13.608393,13.115739822387695
11.714662,15.106734,13.905838,14.184154,12.796693,14.339841,13.303496,13.079408645629885
11.4265175,14.934383,13.766697,14.091484,12.605616,13.902679,13.014485,12.670677185058594
11.083801,15.182086,13.325154,13.618007,12.229423,13.883164,12.45577,12.988579750061035
11.026844,15.10099,13.534225,13.917762,12.343288,13.7338,12.693827,13.1793212890625
11.354278,14.85659,13.972607,14.150842,12.579314,13.700051,12.898128,13.524473190307615
11.81564,15.165357,14.132837,14.369267,12.683352,14.375369,13.470091,14.868744850158691
12.163812,15.136052,15.387212,15.766858,13.662163,14.552353,15.210336,14.351018905639648
11.885556,16.05493,15.00393,15.266189,13.4117365,15.765877,14.7959,14.841495513916016
12.266593,16.159094,15.574814,15.815383,13.8945465,15.63994,15.234607,15.940529823303224
13.245324,16.627172,16.956053,17.194416,14.954734,15.654819,16.324734,16.503671646118164
13.811785,17.85273,17.24643,17.718851,15.295632,16.915718,16.826742,16.385595321655273
13.948598,17.957266,16.962751,17.516592,15.13496,17.39553,16.72852,16.703495025634766
14.280709,18.231983,17.561323,18.02071,15.469796,17.13549,17.10083,16.939651489257812
14.759988,18.726416,17.829174,18.308552,15.711626,17.246794,17.323023,16.767074584960938
14.720525,18.907066,17.538317,18.11932,15.63286,17.571592,17.138224,16.42192268371582
14.441143,19.167042,17.105497,17.720373,15.331682,17.24137,16.854662,16.376510620117188
14.641614,18.610332,17.233072,17.665821,15.264297,16.862864,16.55659,16.685331344604492
14.752064,19.022587,17.668398,18.157896,15.636556,16.963917,17.020548,17.466459274291992
15.161223,19.593428,18.369492,18.914179,16.204361,17.358873,17.793972,17.15764045715332
15.195472,20.196255,17.99445,18.46611,15.996991,17.9824,17.453012,16.812490463256836
15.094685,20.489113,17.612959,18.077705,15.747393,17.899578,17.120617,17.293886184692383
15.343522,20.182852,18.16234,18.68622,16.184347,17.651901,17.658354,17.53912353515625
15.563165,20.59477,18.416687,18.949308,16.500343,17.887512,17.938074,17.430130004882812
15.684425,20.658398,18.078682,18.76649,16.169197,18.28785,17.885952,17.97510528564453
15.779475,20.581625,18.901268,19.45763,16.906454,18.125696,18.359056,18.54732894897461
15.885686,20.822256,19.630754,20.147503,17.551971,18.537663,18.872076,18.34750366210937
15.894429,20.908957,19.16288,19.787642,17.343021,19.245947,18.661903,18.80165100097656
16.374687,21.08014,19.571976,20.331793,17.634882,18.947445,19.134073,19.164966583251957
16.668303,21.319046,19.913136,20.652952,17.919569,19.169275,19.502464,18.946977615356445
16.715658,21.546556,19.666847,20.388296,17.80019,19.626392,19.2837,18.583660125732425
16.547356,21.294937,19.380833,20.093819,17.621052,19.513086,19.013706,18.402000427246094
16.543663,21.142124,19.249544,19.90815,17.50546,19.103643,18.816069,18.619991302490234
16.640047,20.762365,19.453678,20.187672,17.674154,18.91047,19.03024,19.873435974121094
17.306707,20.807707,20.521578,21.412806,18.384836,19.142748,20.381403,20.98155212402344
17.75796,21.719389,21.53314,22.229206,19.156137,20.18549,21.274324,22.19866371154785
18.451576,21.961071,22.696978,23.189066,20.05709,21.19976,22.304533,22.489316940307617
18.71631,22.718815,22.93991,23.422869,20.448046,22.122663,22.52241,22.99795913696289
19.08128,23.389217,23.45015,23.93074,20.912382,22.325588,23.005136,21.363035202026367
18.559633,23.952257,21.755438,22.260113,19.770344,22.857971,21.722513,22.725475311279297
18.982368,23.618946,23.17192,23.8302,20.66311,21.833141,22.944208,22.4348201751709
18.887001,23.90449,22.950975,23.632313,20.634838,21.858265,22.585394,21.76268196105957
18.549267,24.25591,22.249512,22.864822,20.228098,22.965076,22.076433,22.52564811706543
18.754475,23.911253,23.099915,23.73275,20.730017,21.866215,22.797796,22.616477966308597
18.947813,24.687456,23.26794,23.802755,20.903017,22.190132,22.91931,22.707305908203125
19.046276,24.815195,23.260744,23.79446,21.031485,22.955145,22.999807,24.015249252319336
19.648502,24.792141,24.488945,25.088032,21.864141,22.910954,24.076992,25.940826416015625
20.295626,25.779837,26.353037,26.74487,23.373142,23.939342,25.650846,25.377687454223636
20.407013,26.302353,25.636927,26.037996,23.00591,25.76001,25.239788,24.578388214111328
20.20121,26.4194,24.995426,25.419388,22.70953,25.219788,24.716167,25.4685173034668
21.05176,26.241436,25.93778,26.503414,23.253544,24.278543,25.609367,24.778215408325195
21.06394,26.439947,25.315872,25.892185,23.12277,25.165962,25.108305,25.704669952392575
21.39994,26.71675,26.260807,26.968431,23.844976,25.293344,25.962399,25.541179656982425
21.570686,26.912607,26.182817,26.760216,23.953018,25.377213,25.80055,25.5775089263916
21.644295,27.78743,26.164326,26.858501,23.954573,25.940393,25.89671,28.1207275390625
22.693802,27.466463,28.357971,29.168882,25.448906,25.697247,28.322668,27.848241806030277
22.798756,28.87475,28.348948,28.859676,25.531446,27.665798,27.931202,28.048065185546875
23.254253,28.632923,28.607927,29.009542,25.848608,27.793325,28.024893,27.43042755126953
23.499243,28.987722,28.238943,28.762249,25.93661,27.593742,27.586699,27.57575416564941
23.475185,29.12792,28.176723,29.034672,25.868582,27.846218,27.891512,27.048946380615234
23.370083,29.429281,27.74023,28.372017,25.612148,27.859268,27.400967,27.39409446716309
23.363297,29.067898,28.06245,28.812508,25.835695,27.65,27.797707,26.03165626525879
22.928947,29.402637,26.89161,27.281961,24.97643,27.431505,26.747198,25.741003036499023
22.473343,28.855913,26.230747,26.992292,24.280499,27.091398,26.58414,24.9780387878418
21.91676,27.962301,26.098997,26.47837,24.351566,26.102629,26.29463,25.123363494873047
22.01725,26.799242,26.74878,26.769955,24.7526,25.9506,26.232275,27.630250930786133
23.064913,26.562113,27.816608,29.149534,25.544733,26.009247,28.423721,27.19426918029785
22.93476,28.631084,27.93093,28.597076,26.086514,28.008242,27.902184,27.067108154296875
22.852291,29.099604,27.923006,28.510635,26.038626,28.932127,27.718975,27.43042755126953
23.340677,28.882212,28.205517,28.931686,26.252977,28.258553,28.101393,26.14065170288086
23.268705,29.390932,27.138979,27.633705,25.51181,28.058193,27.156542,26.685625076293945
23.309778,28.896479,27.512972,28.322716,25.718925,27.411272,27.62056,27.44859313964844
23.930717,28.463133,28.49341,29.444065,26.544302,27.061022,28.495428,28.66570472717285
24.892014,29.110376,29.481264,30.610785,27.37064,28.460402,29.577042,28.52037811279297
24.994812,29.372871,29.382605,30.346802,27.458866,29.683119,29.4865,29.62849235534668
25.421988,30.177778,30.553793,31.471283,28.233915,29.496933,30.412416,29.337839126586918
26.11576,30.454817,30.596735,31.133194,28.338083,30.083303,30.34827,27.81191062927246
25.538437,31.040691,28.958063,29.557034,27.235558,30.66176,28.898483,26.90361976623535
24.888268,30.456926,28.00265,28.711481,26.318565,29.443823,27.81124,26.46763801574707
24.504175,29.943575,27.739445,28.297068,25.971088,28.168293,27.049726,26.15881729125977
23.93415,29.290596,27.44751,27.852505,25.709866,27.824944,26.665525,25.831832885742188
23.646606,28.866571,27.188951,27.510172,25.497963,27.289772,26.300428,25.92266273498535
23.464083,28.474888,27.156347,27.506283,25.48814,27.079027,26.29285,26.322309494018555
23.64864,28.342379,27.452621,27.869873,25.758112,27.077654,26.522898,26.88545036315918
23.647642,28.700672,27.83132,28.495728,26.14699,27.487972,27.188166,28.338720321655277
24.362076,29.302004,28.984144,29.996264,26.972715,28.286076,29.120226,27.975400924682617
24.373928,29.687506,28.871729,29.523102,27.170305,29.748898,29.063805,29.26517868041992
25.005087,30.021051,30.246395,31.085663,28.125515,30.024433,30.546179,28.77470016479492
25.275425,30.835135,29.758938,30.596722,27.935755,30.722288,30.224403,28.66570472717285
25.460426,30.812098,29.697575,30.569824,27.870901,30.587624,30.095266,29.101686477661133
26.235554,30.538054,30.33386,31.32113,28.304623,30.034164,30.686335,30.39146041870117
26.88177,30.977564,31.580034,32.650322,29.333927,30.587296,31.838886,31.317916870117188
27.38716,31.537918,32.404804,33.37828,30.047953,31.73595,32.531986,30.79111099243164
27.386652,32.274593,31.814566,32.794582,29.800383,32.60933,32.11108,30.373292922973636
27.350958,32.99218,31.433083,32.431522,29.468681,32.103245,31.777647,31.0635986328125
27.770414,33.088287,32.242985,33.241734,29.929674,31.685427,32.351597,30.5731201171875
27.578875,33.437397,31.726795,32.703407,29.795202,32.270233,31.909967,29.3015079498291
27.050642,33.512627,30.438005,31.147505,28.68131,32.431477,30.573053,30.100805282592773
26.990437,33.191452,31.415491,32.255703,29.325546,31.181622,31.184593,30.264301300048828
26.909693,33.40906,31.569899,32.268116,29.493092,31.097275,31.203674,29.90098190307617
26.683163,33.28689,31.178106,31.769257,29.228872,32.12702,30.937395,28.702037811279297
25.83606,33.091038,29.850723,30.007635,28.145632,31.60907,29.781876,28.73836708068848
25.928051,32.040848,30.23654,30.425125,28.389133,30.533731,29.647629,29.26517868041992
26.097036,31.54799,30.41734,31.032425,28.691935,30.02748,30.019945,28.42954635620117
25.43909,32.06064,29.392769,29.750357,27.991709,30.710583,29.363625,28.08439826965332
25.047842,31.32992,29.251118,29.567383,27.720144,30.372059,29.080591,27.176105499267575
24.904266,30.983526,28.488283,28.74572,27.074986,29.529715,28.406055,27.70291519165039
24.976702,30.251324,28.860825,29.55376,27.374435,29.33371,28.886082,28.756532669067383
25.378616,30.37338,29.90148,30.773325,28.113457,29.059738,30.036478,26.88545036315918
24.558905,31.342289,28.13424,28.246193,26.79325,30.658417,28.562567,27.975400924682617
24.985418,29.455982,28.810131,29.855433,27.048489,29.788902,29.662336,28.08439826965332
25.017267,29.48263,29.122692,30.04121,27.47591,29.271648,29.598976,27.44859313964844
24.68498,30.88798,28.599041,29.156406,27.05682,30.651598,28.792137,26.758289337158203
24.364857,30.170094,28.0743,28.410713,26.504423,29.890358,28.010101,26.9399471282959
24.629261,30.066559,28.238441,28.947046,26.596289,28.811836,28.159922,27.26693344116211
24.96648,29.689428,28.481121,29.380127,26.94231,28.756262,28.360332,27.24876976013184
24.645483,30.477863,28.421734,29.220196,26.90794,29.400822,28.234583,27.75741195678711
25.064548,30.67141,29.048437,29.855272,27.325035,29.512054,28.731659,27.466758728027344
25.206774,30.534508,28.69935,29.30671,27.073763,29.612936,28.332558,27.067108154296875
24.759808,30.497587,28.581272,29.01999,27.012442,29.599007,27.968481,26.667463302612305
24.746386,30.387281,28.16264,28.530533,26.580679,29.149683,27.470531,26.322309494018555
24.733652,30.035398,27.82658,28.182669,26.361616,28.948559,27.038929,25.43218421936035
24.20434,29.664972,26.903883,27.1301,25.589157,28.485973,26.229519,25.940826416015625
24.336485,29.024267,27.247766,28.017908,25.800928,27.649103,26.866024,25.97715950012207
24.351433,29.150152,27.296314,28.007694,25.909233,27.59903,26.909515,27.230602264404297
25.017653,29.555122,28.330107,29.433037,26.682207,28.321943,28.48059,27.321430206298828
25.243967,30.320972,28.56388,29.523853,26.989082,29.378202,28.824205,27.648418426513672
25.531794,31.092115,28.994444,29.94384,27.297382,29.963064,29.307522,28.102563858032227
25.848846,31.023663,29.362677,30.429268,27.57866,30.148733,29.747005,28.048065185546875
26.125143,31.243607,29.378126,30.36375,27.5747,30.358168,29.712004,28.57487297058105
26.423439,30.9421,29.903316,30.915579,27.885277,30.226429,30.089201,28.93819046020508
26.739096,31.122524,30.471262,31.336004,28.397995,30.527218,30.34415,31.15442276000977
27.42563,31.091955,32.560566,33.57799,30.016304,30.967602,32.549957,30.70027732849121
27.556067,32.8234,31.937021,32.81389,29.800596,32.91148,32.098217,30.80927276611328
27.666473,33.428833,31.98054,32.964363,29.884659,32.91835,32.14612,30.554950714111328
27.891516,33.765186,31.964243,32.824013,29.878555,32.435806,31.920765,31.663070678710938
28.257723,34.1544,33.187687,34.092674,30.818403,32.588997,32.923523,32.89834976196289
28.716587,34.963745,34.003376,35.01532,31.517859,33.422935,33.799473,33.2071647644043
28.989143,35.357487,34.157654,35.162804,31.815865,34.47839,33.953106,33.15266799926758
28.870157,36.010033,34.211327,35.115505,31.861084,34.681545,34.002583,32.58952713012695
28.894836,36.549595,33.616222,34.428284,31.40235,34.619038,33.61641,31.75389671325684
28.534864,36.476963,32.966145,33.668114,30.93835,34.293217,33.068863,31.69940185546875
28.533161,36.01283,33.23524,33.70829,31.021816,33.63974,33.04873,33.82480239868164
29.147545,35.584373,34.907608,35.973007,32.364677,33.5358,35.113674,33.40699005126953
29.090706,36.858643,34.615616,35.411728,32.517746,35.315636,34.662834,34.82392501831055
29.556341,37.135868,36.04178,36.91391,33.54287,35.717148,35.81612,35.51422500610352
30.121098,37.836803,36.67729,37.437317,34.200768,36.13961,36.36186,35.78671646118164
30.770302,38.26805,36.700695,37.616093,34.43258,37.32899,36.828365,35.31440353393555
30.81277,38.325478,36.20809,37.19141,34.200478,37.404797,36.734028,36.277191162109375
31.29478,38.354755,37.268127,38.4501,34.981873,36.84429,37.71509,35.51422500610352
31.115705,38.779156,36.55998,37.53892,34.533516,37.37127,36.954914,35.5687255859375
31.221342,38.69184,36.8367,37.7513,34.731743,37.29862,36.906006,34.55144119262695
30.799103,38.685158,35.757854,36.46998,33.94163,36.62897,36.11985,34.22445297241211
30.759457,38.512592,35.7252,36.252895,33.771294,36.30911,35.70239,32.58952713012695
29.948492,37.775978,34.010056,34.305157,32.40062,35.610542,34.6761,32.73485565185547
29.721378,36.579727,34.263508,34.638477,32.513615,34.79829,34.472893,33.170833587646484
29.779716,36.05934,34.498306,34.98156,32.719532,33.992275,34.469646,33.18899917602539
29.50903,36.61707,34.219715,34.549747,32.57631,34.653015,34.08886,32.09905242919922
29.075968,35.624397,33.269257,33.26011,31.729729,34.71057,33.44441,32.97100830078125
29.442995,34.583458,33.974674,34.518845,32.194584,33.808163,33.97098,33.40699005126953
29.783548,34.352547,34.321228,34.94776,32.66163,33.987366,34.40077,36.73133850097656
31.098537,36.130455,37.18003,38.66496,34.804543,35.09324,38.63822,36.18636322021485
31.197248,37.38757,36.926277,37.868214,35.00395,38.2831,37.933594,37.00382995605469
31.798172,38.12696,37.766056,38.825726,35.560715,39.019234,38.620083,37.34897994995117
32.625153,38.40132,38.48407,39.595478,36.202126,38.531,38.96811,39.29272079467773
33.63294,39.212543,39.922394,41.398567,37.225803,39.291073,40.36927,39.220062255859375
33.96908,39.844616,40.057873,41.3696,37.72373,40.733086,40.032284,37.96661758422852
33.695503,39.8619,38.95338,40.16648,37.017384,40.781673,38.69299,38.14827728271485
33.75047,40.17472,39.235313,40.616,37.138943,39.743786,39.154514,37.25815200805664
33.733955,40.53505,38.80998,39.84593,36.78595,39.276634,38.33493,37.16732025146485
33.500046,40.88202,38.389404,39.565723,36.395073,39.446625,38.409485,36.386192321777344
33.24986,40.71816,38.066216,38.5824,36.071,38.886284,37.734318,34.66043472290039
32.447014,40.985966,36.46866,36.939648,34.83127,39.012417,36.73901,36.69500732421875
32.7776,39.957905,37.941772,39.178146,35.805817,37.54958,37.93038,36.64051055908203
32.6195,40.165085,37.995975,38.71953,36.00765,37.751083,37.841187,36.622344970703125
32.58436,40.128136,38.007626,38.431362,36.030083,39.100353,37.742188,36.02286911010742
32.47215,39.85513,37.351463,37.74999,35.633945,38.637817,37.235786,36.02286911010742
32.429886,39.499496,37.319378,37.891853,35.616875,38.10892,37.2522,35.913875579833984
32.470062,39.23101,37.16438,37.726032,35.49991,37.88186,37.1736,36.40435409545898
32.589355,39.04413,37.682285,38.431107,35.960598,38.02291,37.663815,35.65955352783203
32.391064,39.22496,36.97077,37.37496,35.425217,38.328537,36.984085,36.531517028808594
32.70539,38.820972,37.87738,38.704163,36.12838,38.09049,37.784462,37.27631759643555
33.23581,38.869675,38.77517,39.6237,36.93572,38.36658,38.767998,36.73133850097656
33.841415,39.656742,38.789284,39.242214,37.15019,39.730576,38.8283,36.67684173583984
33.907608,40.230488,38.33466,39.17831,36.96997,40.174656,38.87041,36.56784439086914
33.90827,40.474937,38.095093,39.028587,36.683987,39.976917,38.66626,37.38531112670898
34.34681,40.37087,39.054348,40.30353,37.38766,39.5519,39.7501,36.80400085449219
33.84712,40.51942,38.10517,39.060677,36.647976,40.084183,38.723667,37.23998260498047
34.061043,40.492493,38.85702,39.735695,37.101517,39.956738,39.060707,38.021114349365234
34.455917,40.24791,39.554966,40.806934,37.76818,39.34781,40.11565,37.67596435546875
34.294247,40.78222,39.160706,40.16058,37.642395,40.384296,39.60922,37.73046112060547
34.25945,41.217,39.266373,40.217384,37.532047,40.70564,39.500046,39.14739608764648
35.159977,41.21388,40.709885,42.08042,38.646263,40.050644,41.404324,39.51071166992188
35.37425,41.97219,40.938038,42.264633,39.13819,41.565544,41.52159,38.45709991455078
34.76726,42.541103,39.915874,40.795418,38.299007,42.407253,40.029926,38.96574401855469
34.970177,42.110203,40.579735,41.62287,38.69488,41.21772,40.387802,37.839454650878906
34.609024,42.344505,39.374493,40.044758,37.836235,41.08257,39.091133,37.78495788574219
34.24102,41.922836,39.296112,40.11336,37.6656,40.77142,38.868164,36.749507904052734
33.548885,41.5133,38.298462,38.548557,36.792538,39.749134,37.820095,37.76679611206055
33.870567,40.984917,39.1295,39.95587,37.357536,39.50374,38.51546,36.60417938232422
33.13351,40.64308,38.044376,38.115723,36.62775,39.504433,37.53553,35.44156265258789
32.614178,40.102062,37.124104,37.03503,35.734493,39.6012,36.89559,35.768550872802734
32.74868,38.792717,37.362965,37.70519,35.803986,38.16951,37.053993,35.15091323852539
32.6239,38.95949,36.684444,36.93228,35.332214,38.071842,36.77711,37.20364761352539
33.038574,38.630386,38.172264,39.492752,36.57027,38.224003,38.721436,38.00294876098633
33.39212,39.398087,39.11611,40.193584,37.35024,39.56369,39.903496,38.874908447265625
33.978706,41.15074,40.642914,41.66142,38.653244,41.234577,41.09261,39.76503753662109
34.771725,41.829876,41.230427,42.44268,39.23244,42.41772,42.20419,37.96661758422852
34.56954,42.61924,39.37443,40.330013,37.953278,43.16182,40.50848,36.84033584594727
34.424435,42.290764,38.53971,39.249355,36.99213,41.805515,39.180576,36.077369689941406
34.26058,41.173943,37.98569,38.586098,36.365215,39.613865,37.999756,36.4588508605957
34.138798,40.713524,38.277737,39.11919,36.55932,39.20173,38.03576,38.43893051147461
34.763355,40.04002,39.896652,41.262093,37.8742,38.902462,39.900967,38.729583740234375
34.73464,40.93077,40.237343,41.354595,38.444046,40.859825,40.07254,40.90948486328125
35.62082,41.785397,42.322216,43.606388,39.8068,42.238132,42.40722,41.617950439453125
36.286827,43.29043,43.15099,44.27427,40.907425,43.911057,42.967316,41.78144454956055
36.706486,44.166252,43.199802,44.339268,41.018974,44.734074,43.07569,41.96863555908203
37.133057,44.465733,43.426785,44.657204,41.217743,44.590385,43.78325,42.08237457275391
37.28738,44.42602,43.828068,45.010296,41.7358,44.44161,43.890125,44.338138580322266
38.10499,45.09973,46.007065,47.51635,43.440746,44.65371,46.32599,44.338138580322266
38.50295,46.36908,46.052387,47.471745,43.927784,46.88809,46.296333,45.30489349365234
39.183266,47.765545,46.843994,48.41015,44.58837,47.682384,47.403904,46.72659683227539
40.086067,48.627567,48.335644,49.83945,45.73792,47.976524,48.793964,46.669734954833984
40.51127,50.056904,48.244812,49.834484,46.181953,49.153885,48.98381,49.6647834777832
41.49705,50.593,50.637634,52.463196,47.84038,49.488293,51.74198,52.74513626098633
42.60044,52.060356,53.73046,55.245476,50.374893,51.35328,53.672626,52.60296630859375
43.332947,53.687542,53.52077,55.188374,50.883976,54.115154,53.81427,52.99562726702009
44.200962,54.917645,53.833317,55.88602,51.351494,54.28345,54.70099,55.351593017578125
45.1769,56.19875,56.03402,58.254314,52.973248,54.469704,57.08156,52.9346923828125
45.537907,57.559082,53.8205,55.92404,51.681576,56.422104,55.45769,53.1242561340332
45.710224,58.296326,54.625397,56.782566,52.14126,55.23016,55.08323,55.49375915527344
46.35649,58.43068,56.88157,59.04701,53.830116,54.484966,57.002155,59.237571716308594
47.426334,59.345978,59.542706,61.82172,56.12867,56.591957,59.821022,56.72590255737305
47.572083,60.435802,57.789707,59.996555,55.58705,59.487602,58.034092,57.15240859985352
47.977818,61.458168,58.42441,60.67009,55.776707,58.2608,58.08653,54.45117950439453
47.920418,61.78141,56.126442,58.13453,54.145645,57.677906,57.027164,55.96765899658203
48.190643,60.69812,57.367886,59.83583,54.96016,57.670494,57.88932,57.199798583984375
48.50156,60.574738,58.53214,60.877373,56.0183,56.478333,58.74896,56.34678268432617
48.46198,61.21249,57.48476,59.68749,55.526104,58.434334,58.00701,55.11463928222656
48.015068,60.227516,56.39872,58.22305,54.63282,58.089382,57.467358,56.91546249389648
48.686806,58.91395,58.26612,60.40961,55.848537,56.793884,58.45879,57.10502243041992
49.077713,58.62907,58.3911,60.37262,56.47791,57.445652,59.33188,58.384552001953125
49.627277,59.515038,59.77167,61.88812,57.759415,58.56053,60.022755,56.868072509765625
49.26638,60.03533,58.28872,60.235886,57.072124,59.734016,59.288517,56.29939270019531
49.272972,60.580368,57.837692,59.69305,56.58077,59.523956,58.329952,54.78290939331055
48.795452,60.06761,56.64659,57.654457,55.344364,58.353462,57.684998,53.07686614990234
48.36265,57.333,55.167297,55.77243,53.927826,57.44982,56.87691,54.49856948852539
48.505375,55.26712,56.250774,57.862175,54.845577,56.07716,56.942234,54.21422958374024
48.195557,54.208755,55.743362,56.958916,54.72694,56.13096,56.557014,56.06243896484375
48.552734,54.96103,57.327595,59.32934,56.06884,57.265965,57.82801,59.616695404052734
50.010677,55.785034,61.010067,63.610653,59.05648,58.470234,61.982094,61.1331787109375
50.832382,60.688076,62.112377,64.76801,60.584488,62.409683,63.1825,63.83441162109375
51.685722,64.88167,64.63025,67.40794,62.039906,64.693954,66.46491,62.79182815551758
52.400852,67.01595,64.56419,66.85501,62.55568,65.82572,65.61595,63.076171875
53.34502,67.83964,65.01012,67.849785,63.336845,65.451935,66.15879,63.02877807617188
53.632317,67.97461,65.02828,68.01466,63.646225,65.764336,65.84995,64.45048522949219
54.241177,68.363014,66.44081,69.47759,64.83504,66.25366,67.23145,66.15652465820312
55.343056,69.07404,68.10767,71.227036,66.32983,67.35304,68.82666,62.55487823486328
55.211132,69.42365,64.35682,67.711044,63.910473,69.39127,65.95064,62.270538330078125
55.09882,70.10562,64.61706,67.658226,63.379,67.827354,65.52216,62.93399810791016
55.489048,69.49084,66.26308,68.58236,64.20853,65.58863,66.29673,63.3131217956543
55.504635,69.39771,65.97024,68.63234,64.72672,66.88606,66.82005,60.18537521362305
54.83461,69.6513,63.158566,65.28679,62.718765,67.46407,65.13156,59.095401763916016
54.07324,67.36484,62.051235,64.04674,61.255196,66.1037,64.04876,57.958045959472656
53.409897,65.73785,60.883133,62.05106,59.892822,63.759415,62.87572,56.20460891723633
52.84264,62.25241,59.504547,60.30811,58.66032,63.0067,62.187073,56.34678268432617
52.396633,60.247364,59.168278,60.442886,58.39166,61.723396,62.049625,57.43675231933594
52.292046,59.227745,59.946922,61.49424,59.052868,60.908768,61.41157,58.9532356262207
52.311176,59.831963,61.5718,63.1148,60.587433,61.833744,61.822697,58.289772033691406
52.607243,62.044437,61.30323,62.525948,60.53893,63.86594,61.542072,57.91065216064453
52.883194,63.982277,60.77265,62.1638,60.05949,64.26252,61.277145,60.4697151184082
53.84581,64.772385,62.54616,65.06212,61.40112,63.923817,64.546524,62.55487823486328
54.799274,65.72833,65.0481,67.571365,63.65315,65.4546,67.423874,63.64485549926758
55.590282,68.84567,66.009964,68.72633,64.97435,68.21896,68.729324,61.796634674072266
55.79916,70.772575,64.5753,67.30278,64.07521,70.037605,67.218636,61.417518615722656
55.941387,71.837135,64.39083,67.054405,63.687744,68.74864,66.85968,63.36051177978516
56.65311,71.97973,66.56839,69.56133,65.197815,67.42842,69.23413,60.706668853759766
56.07976,72.15931,63.77261,66.43529,63.368034,69.05606,66.10895,58.716285705566406
55.085308,71.03639,62.015343,63.95681,61.588276,68.53759,63.22323,59.4271354675293
54.61849,68.162384,62.625412,64.89693,61.664055,65.793625,62.87952,62.79182815551758
55.177635,67.07178,65.56501,68.57254,64.00696,65.06348,66.4669,63.7396354675293
55.533306,67.96149,66.617226,69.27292,65.47923,67.84415,67.06884,63.26573181152344
55.49459,69.89576,65.97026,68.58313,65.31979,70.21943,66.44154,64.1661376953125
56.056152,70.75051,67.00794,69.930786,65.971466,70.048386,67.80026,61.22795486450195
55.524117,71.91598,64.08046,66.40789,63.728134,70.05635,65.295876,60.65927505493164
55.078182,70.55286,63.473045,65.7535,62.677383,68.81336,64.5625,63.21833419799805
55.818333,69.088326,66.7377,69.41586,65.0737,66.06913,67.24122,63.21833419799805
55.837307,69.377686,66.38125,69.077415,65.61535,68.35798,66.682304,64.73482513427734
56.057335,70.1869,67.69529,70.75923,66.80576,70.44688,68.538956,64.30830383300781
56.305687,71.57025,67.18265,70.17126,66.45402,71.524574,67.99735,64.6400375366211
57.030273,72.51214,68.0132,70.80325,67.09619,71.1748,68.787506,65.16133117675781
57.266537,73.16711,68.243996,71.33765,67.419,71.04821,69.84019,65.68262481689453
57.472843,73.11627,68.83419,71.82721,68.00117,71.72375,70.219925,65.68262481689453
57.758404,73.193275,68.87742,71.77425,67.99849,72.23884,70.30315,63.97658157348633
57.322495,72.98967,67.22643,69.883156,66.95601,72.133446,68.12011,62.12837219238281
56.690186,73.036934,65.46067,67.56905,65.07997,71.06029,66.53814,62.22315216064453
56.589016,71.20999,66.127396,67.689575,65.18336,68.949455,66.069885,61.27534866333008
56.068027,70.18998,64.689545,66.13187,64.22532,68.47523,65.60723,59.47452545166016
55.137203,68.69297,62.724968,63.46197,62.502586,68.5299,64.395454,58.66889572143555
54.590088,65.965256,62.246788,62.97939,61.776787,66.92818,63.57528,59.90103912353516
54.74196,65.13719,63.083263,64.800735,62.45819,65.270905,63.86625,57.05763244628906
54.055347,64.945595,59.66662,60.753166,59.74152,65.978676,63.094612,53.92988967895508
53.319115,63.770245,55.392323,57.98305,55.88314,65.98588,61.647884,52.74513626098633
53.080196,62.517277,56.84656,58.248577,56.498104,63.34637,60.43065,52.79252624511719
52.69767,61.38316,56.080128,57.718742,55.464832,61.35212,59.443043,52.9346923828125
52.221718,60.91098,55.64983,57.41395,55.12682,59.871544,58.87164,50.186073303222656
51.620316,60.442184,53.829308,54.78322,53.470997,59.715267,57.112957,51.370826721191406
51.185566,58.659676,53.655796,56.0417,53.14213,58.550728,56.790546,52.83991622924805
51.171192,58.13775,54.815376,57.22791,53.913754,57.66283,57.418068,53.26642990112305
51.106575,59.96838,55.527313,57.496655,54.450565,59.38202,57.327625,55.30419921875
51.540016,59.972206,57.165874,59.593468,55.70033,60.379322,59.639206,53.88249588012695
51.397392,61.932186,56.29055,58.201157,55.397205,61.825867,57.88785,57.10502243041992
52.11811,63.256847,59.076733,61.963203,57.442688,61.916992,60.805122,56.77329254150391
52.470222,64.695694,59.00628,61.595097,57.851673,63.825314,60.164207,56.06243896484375
52.522026,67.76218,58.580864,61.27242,57.692463,65.07015,59.632793,56.44155883789063
52.727516,67.01068,59.2907,62.298866,58.113876,64.69251,60.302532,55.06724548339844
52.010597,67.36249,58.331486,60.63776,57.571396,64.33868,58.966618,55.44636917114258
51.858883,66.73414,58.76627,61.246887,57.717888,64.00409,59.233406,56.01504898071289
51.840923,65.61006,59.21322,61.690277,58.092514,63.100906,59.655525,55.63593292236328
51.40017,65.90768,58.44498,61.011154,57.719418,63.585434,59.342876,55.25680923461914
50.97661,64.655106,58.381786,60.48114,57.477844,63.620213,58.856544,58.24238204956055
51.54188,64.31603,61.10575,64.19278,59.521526,62.971584,62.997124,57.76848602294922
51.80457,65.38306,60.83975,63.13079,59.790237,65.039055,62.36324,57.91065216064453
51.800827,65.77294,60.425213,63.127037,59.510017,66.142204,62.42047,57.43675231933594
51.72842,65.94248,60.603783,62.98247,59.49523,65.15238,61.919548,56.53634262084961
51.589405,65.88814,59.404667,61.69279,58.52286,64.61736,60.95892,55.01985549926758
50.43811,65.233635,57.75944,58.950165,56.930695,64.03245,58.91131,53.503379821777344
49.93832,63.37718,56.861984,57.768806,55.739964,61.97926,57.50036,52.41340637207031
49.225754,61.842125,55.75571,56.368942,54.81618,60.075108,56.394054,53.835105895996094
49.229298,59.578312,56.64065,58.407665,55.64458,59.507225,56.89122,53.645545959472656
48.884476,59.501934,56.18586,57.676086,55.489475,59.836376,57.417763,53.26642990112305
48.8836,60.507175,56.194588,56.968918,55.339188,61.055653,57.01518,54.83029556274414
49.30799,60.206833,57.32264,59.254673,56.23788,60.46933,58.09938,55.49375915527344
49.70833,61.77317,57.927578,59.94212,56.96388,61.264946,59.386406,58.14760208129883
50.797337,63.437725,60.73862,63.37561,59.244877,62.42195,63.91978,57.0102424621582
50.79946,64.57412,59.457268,61.832073,58.720837,65.057236,63.360897,58.05282211303711
51.55647,65.614494,60.82104,63.514294,59.61867,65.28655,64.55813,60.51710510253906
52.3228,65.86148,63.077496,65.88215,61.23471,64.7859,66.26064,60.56449890136719
52.943184,66.77987,63.312347,65.989456,61.90722,66.493454,66.00187,59.80625534057617
53.062508,67.05216,62.609688,65.35097,61.540295,67.25169,64.93364,60.23276519775391
53.2028,67.027756,62.766922,65.83693,61.643948,66.46119,65.13244,58.384552001953125
52.73994,67.27638,61.04783,63.722694,60.29851,66.37379,62.96245,54.640743255615234
51.515175,67.20348,57.380447,59.340244,56.86619,65.75208,59.971844,50.09129333496094
49.98656,64.84805,53.487698,54.511955,52.945244,62.562874,57.534344,48.85914993286133
49.167713,60.015366,52.4266,53.850464,51.524975,58.76662,55.715427,51.512996673583984
48.858513,57.169876,53.782013,56.414864,52.584843,55.942463,56.107567,52.74513626098633
48.393356,56.6502,54.425095,56.84147,53.19833,56.119984,56.569496,53.1242561340332
48.24723,57.175465,55.103615,56.890633,53.69167,58.460194,56.17491,54.21422958374024
48.43093,57.84157,55.651264,57.877262,54.166275,59.146168,56.212452,52.83991622924805
48.336346,59.630787,54.71099,56.653072,53.645035,59.550068,55.458485,52.65035629272461
48.42236,59.77381,54.625237,56.69259,53.364246,59.08307,55.659935,51.08648681640625
48.353268,59.52797,53.408566,55.134396,52.33651,58.407238,54.996777,51.512996673583984
48.293316,58.025898,53.33913,55.58999,52.093163,57.96205,54.672756,51.6551628112793
48.372597,57.279312,54.29084,55.89887,52.867176,57.062748,54.60851,50.47041702270508
48.09093,58.444763,53.138386,54.551266,52.04651,57.770985,53.736755,47.53223037719727
47.445564,58.158695,50.69408,51.406696,49.919476,57.484356,51.988483,45.930442810058594
46.754364,56.149673,49.124195,50.23547,48.42861,55.819813,50.747677,47.29528427124024
46.527805,54.959156,49.68175,51.847263,48.67495,53.784122,51.461258,46.55599212646485
45.85654,54.257713,48.898556,50.303356,48.05169,53.25239,50.756786,47.08676528930664
45.21298,53.51516,49.25324,50.925766,48.291294,53.640156,50.48663,47.37110137939453
44.928238,53.086872,49.002235,50.853058,47.958385,53.11568,50.259808,47.35214614868164
44.47952,54.150257,49.07935,50.74655,48.181553,53.70787,49.90797,48.33786392211914
44.578217,53.765827,49.74978,51.811058,48.450466,53.520226,50.821114,47.958740234375
44.564476,54.486023,49.305332,51.289856,48.14458,53.87607,50.87143,47.31423568725586
44.40471,54.822884,49.10438,50.8084,47.87074,54.12554,50.35835,44.50874328613281
43.66536,54.271957,46.811153,48.021378,45.87896,53.620655,48.231606,43.97797775268555
43.165306,52.287754,46.35705,47.92327,45.378555,52.124725,47.57703,44.982643127441406
43.293736,51.25067,47.304466,48.979504,45.89539,50.34584,48.3224,45.87358093261719
43.116875,50.9201,47.87214,49.69111,46.588535,50.67937,49.096817,48.52742004394531
44.014618,51.679047,50.604027,53.111633,48.756336,51.896477,52.482998,49.80694961547852
44.40406,53.64435,51.73282,54.166115,50.184525,55.01916,53.360058,50.23346328735352
44.76934,56.443584,52.213154,54.56883,50.746334,56.850613,53.629063,51.08648681640625
45.398674,57.44505,53.061317,55.37805,51.221355,57.23837,54.176796,52.5081901550293
46.33881,58.08269,54.689537,57.190666,52.644108,57.251537,55.34978,51.98689270019531
46.405533,57.779716,54.039818,56.629265,52.52759,58.149666,54.726963,52.176456451416016
46.40247,57.727657,55.001373,57.1417,53.24551,58.031242,55.19238,50.75475311279297
46.249134,58.484127,53.424522,55.67543,52.143932,57.943947,54.13996,49.475223541259766
45.899315,58.32145,52.180176,54.27306,50.986305,57.38733,53.00379,53.92988967895508
46.84252,58.14818,56.272434,59.01384,53.591625,56.03388,58.3587,57.43675231933594
47.771755,59.31965,59.495,61.61872,56.457806,58.22601,60.255894,56.48894882202149
48.070442,60.30626,58.77511,60.722435,56.778347,62.02218,59.19462,56.10982894897461
48.33219,61.09173,58.141434,60.53157,56.331203,61.89068,58.965168,56.34678268432617
48.9114,62.077248,58.65593,61.13742,56.624683,60.983276,59.52087,56.58373260498047
49.029987,62.307487,58.748287,61.150997,56.782417,61.32158,59.70504,57.67370223999024
49.466408,62.44335,59.78889,62.34927,57.60007,61.43892,60.482887,57.81587219238281
49.819237,63.13297,59.781445,62.355183,57.942513,62.00557,60.25106,60.090599060058594
50.48142,63.720966,62.24537,64.73425,59.781685,62.54382,62.67322,59.47452545166016
50.818363,64.83527,61.907375,64.28345,60.074234,64.15618,62.355118,60.13798522949219
51.47546,65.63917,62.856113,64.96831,60.89943,64.34847,63.446575,61.89142227172852
52.281315,66.06452,64.882225,66.98728,62.63184,64.53952,65.68543,62.8866081237793
52.827053,67.14418,64.881645,67.64432,63.330414,66.281654,66.42612,61.74924850463867
53.050087,67.95088,63.813126,66.65105,62.85192,67.69717,65.19151,60.56449890136719
52.99478,68.61926,62.683243,65.422386,61.336025,66.71912,63.946846,60.327545166015625
53.019924,68.62438,62.85001,65.17761,61.306526,65.10515,63.603638,60.23276519775391
53.019756,68.30571,62.65711,64.82998,61.153244,64.760025,63.585186,59.4271354675293
52.734093,67.84482,61.64935,63.807003,60.541046,64.51587,63.410473,59.4271354675293
52.524906,66.93457,61.587692,63.52594,60.272865,63.7641,62.984745,59.616695404052734
52.35124,66.24385,60.89757,63.836174,59.95046,63.35875,63.024223,57.958045959472656
51.668488,66.123695,59.655807,61.176907,58.729492,63.932415,62.2257,57.531532287597656
51.269154,63.065804,60.013905,60.575027,58.590828,62.726597,61.572296,56.20460891723633
50.977413,61.63012,59.07144,59.382725,57.884148,61.114082,60.65455,57.10502243041992
50.984108,60.131012,58.99168,60.323753,58.142155,61.136772,60.51038,61.65446853637695
52.160606,59.52749,63.21748,66.34148,61.61065,61.125313,65.07133,62.22315216064453
52.851093,62.415855,63.697857,66.53088,62.312576,65.84875,65.548134,62.79182815551758
53.50048,66.69164,64.05031,66.963036,62.902905,68.60317,66.60307,62.22315216064453
53.9385,68.49905,63.891003,66.85215,62.809185,68.02334,66.27601,61.46490478515625
38.821793,49.60069,45.645596,46.034492,44.784855,47.126278,47.16845,47.33363723754883
39.79217,48.619167,48.885284,50.570507,47.341812,45.70165,49.529327,46.97455596923828
39.794014,49.186134,48.82191,49.733246,47.84336,48.98957,49.63929,49.74589157104492
40.493427,51.17733,50.887505,52.762306,49.567974,50.533905,52.47615,52.44357299804688
41.581097,52.431065,53.409435,55.45521,51.689312,52.33191,54.97083,53.95354080200195
42.778072,54.47022,55.13707,56.97521,53.26227,54.42277,56.21049,53.77859115600586
43.345203,55.808563,55.25363,57.172764,53.70454,55.85857,56.373314,54.84661483764648
44.420097,56.40168,56.202362,58.47071,54.612427,56.04115,57.5719,56.1171989440918
45.153522,56.897175,57.642303,59.887016,55.837616,56.95253,58.524487,57.27729034423828
46.148277,57.875824,59.25224,61.226097,57.32381,58.18602,59.833183,57.72843933105469
47.119034,59.870228,59.52304,61.787495,58.032032,59.472073,60.701077,56.64199066162109
47.767784,61.128944,58.84672,60.814827,57.874878,60.3317,59.927197,58.437381744384766
48.405506,62.294308,60.291477,62.607407,58.85376,59.77641,61.913353,55.63842391967773
48.272186,63.55894,58.03712,60.05389,57.460423,60.41083,60.117798,54.45071029663086
47.911648,63.993164,57.096848,58.82452,56.358864,59.96126,59.280846,51.80827713012695
47.120453,63.200108,54.992035,55.954567,54.387394,57.87272,57.991486,50.79550552368164
46.429653,61.963562,53.71376,54.79354,52.930973,56.450176,57.505333,55.15045166015625
46.83474,59.77578,57.342342,59.346073,55.771305,54.20258,58.985943,53.2998275756836
46.483406,60.098217,55.668427,56.76507,54.9478,56.12162,58.39003,48.12544631958008
45.114864,59.36733,51.135124,51.140194,51.155945,57.232044,56.35078,44.88454818725586
44.096706,54.78929,47.965115,48.34214,48.052265,53.52229,53.862114,52.93154525756836
45.533524,51.500893,56.02979,58.803608,54.253326,50.456757,56.112915,58.04147720336914
46.719402,51.710808,60.217636,62.733246,57.641903,53.824654,59.911987,57.45222854614258
46.939816,56.734116,58.02199,60.980824,57.15168,60.999172,58.911835,56.74327087402344
47.357994,58.528534,57.66893,60.846584,56.744465,62.117123,58.25756,55.61080551147461
48.24899,61.83233,57.411137,60.33645,56.162285,59.577274,57.317204,54.045597076416016
48.19042,62.91883,56.145668,58.827663,55.08146,58.515038,56.401974,53.99957656860352
48.218605,62.268368,56.319096,58.719948,55.049427,57.509808,56.17591,55.205692291259766
48.106873,61.481617,56.85151,59.82627,55.582523,57.076756,56.466675,55.242523193359375
48.309002,61.07329,57.367344,59.796978,56.2033,57.513073,56.782932,54.60723114013672
48.232372,61.242184,57.512547,59.544975,56.467083,58.58023,57.68018,55.224117279052734
48.648346,61.482384,59.372746,60.01861,57.83931,58.782192,58.23047,55.48191452026367
49.14192,61.98022,59.54261,60.2018,58.77817,59.83488,58.724155,56.20927047729492
49.119205,63.704536,58.95969,60.82885,58.942738,60.985542,59.53428,57.30490493774414
49.31499,64.17655,59.99634,61.880707,59.739063,61.482906,60.513565,59.46857070922852
50.08035,64.55455,62.324654,64.28891,61.438347,61.63618,63.24886,59.29363632202149
50.649582,65.380714,62.27106,64.09013,61.912956,63.320614,63.428055,58.833282470703125
50.78819,65.91412,61.225327,63.570614,61.244934,63.62753,63.499943,57.9028205871582
50.79287,66.35224,60.684578,62.59891,60.460335,63.31971,62.953377,56.891849517822266
50.55246,66.1902,59.553078,61.203827,59.3306,62.839733,62.116016,55.02849197387695
49.61698,65.80829,58.14135,58.85033,58.13023,61.670113,60.514465,56.18814086914063
49.515522,63.922924,59.221733,60.738125,58.70223,59.93246,60.689583,57.010780334472656
49.608086,63.446396,59.982704,61.386337,59.574856,59.67084,61.096672,55.03839874267578
48.811275,64.33152,57.44682,58.117775,57.661827,61.226894,60.00232,52.85788345336914
47.922596,61.92009,55.875633,55.85933,55.83936,60.57862,58.939445,52.63982772827149
47.75961,60.15626,56.049614,56.07009,55.72742,58.131294,58.284935,54.36441802978516
47.862026,58.93996,56.56331,58.01393,56.44545,57.242504,58.956394,54.186012268066406
47.426105,58.63474,56.31395,57.365097,56.406178,58.30645,59.066513,52.90743255615234
46.942795,59.52501,55.42273,55.731293,55.430756,59.151405,58.154823,51.92619705200195
46.595764,58.274258,54.672157,54.815178,54.52903,58.050087,56.935024,50.786376953125
46.377453,58.238037,53.728115,53.974308,53.61787,57.005413,56.22743,53.175052642822266
46.829357,57.383118,55.19913,56.825737,54.819534,56.513023,57.803627,53.42283248901367
46.988163,57.280994,55.9285,57.169506,55.649426,57.420677,58.767994,52.540714263916016
46.662613,60.163887,55.12993,55.94232,55.042816,58.6239,57.77915,55.94034194946289
47.613018,59.56184,58.42694,60.529266,57.542564,58.486042,61.425964,56.926536560058594
48.4375,62.15845,59.517067,61.59747,58.913944,60.811626,62.07304,55.12264251708984
48.319366,64.364975,57.868965,59.468094,57.94306,62.508747,60.647682,53.839115142822266
47.80833,63.86996,56.667576,58.097946,56.644638,61.730362,59.090496,53.24938201904297
47.625484,63.905724,56.235695,57.598816,56.03321,59.80993,57.94112,54.67167282104492
47.861855,62.493324,57.351006,59.276993,56.904205,58.7583,58.88942,54.32477569580078
47.53091,62.24198,57.15715,58.71133,56.93887,59.076595,58.54604,54.186012268066406
47.447113,62.089176,56.957474,58.254433,56.738457,59.820873,58.189854,53.90849304199219
47.36788,61.767525,56.64573,57.902905,56.496365,59.523323,57.835007,53.075931549072266
47.025906,61.807613,55.95453,56.835346,55.866665,59.12125,57.59908,51.72301483154297
46.500782,61.382442,55.285778,55.013702,55.036415,58.595432,56.85816,50.95983123779297
45.93177,59.413174,54.213715,53.949516,54.117847,57.6406,56.012573,52.278053283691406
45.92471,57.967922,54.764595,55.732056,54.66043,56.815292,56.445168,51.27204132080078
45.454563,57.6685,53.94363,54.124645,54.01837,56.912567,55.796486,51.029205322265625
45.11206,56.961304,53.7134,53.94125,53.643833,57.219734,55.69688,49.95381164550781
44.942215,56.956306,52.917126,52.904408,52.832268,56.35301,55.14478,48.1499252319336
44.66798,56.844803,51.314705,51.40911,51.492847,55.98213,54.327976,48.04585266113281
44.28507,56.13996,50.780674,51.334778,50.949806,55.145977,54.00897,45.999141693115234
43.864525,55.46449,49.595512,49.7329,49.724033,54.04117,53.00163,45.34002685546875
43.46723,53.938705,48.32751,49.026653,48.503487,53.433807,52.101486,47.87240219116211
43.663467,52.843742,49.51629,51.839054,49.3094,52.139275,53.594414,46.31135559082031
43.076828,53.4016,48.820164,49.872154,48.66432,52.629616,52.275826,45.02781677246094
42.553078,53.03842,47.974712,48.368866,47.674572,52.813736,50.88097,46.31135559082031
42.60241,52.569702,48.57992,50.15158,48.10552,50.975735,51.34142,45.2359504699707
42.41425,52.92077,47.627518,48.73118,47.350227,51.234116,50.3109,45.09719467163086
42.017067,52.747494,47.329956,48.480526,46.975933,51.674934,49.613907,49.606910705566406
42.89909,52.139816,50.99393,53.71153,49.690563,50.462402,53.78872,49.260009765625
43.293034,54.294075,51.735737,53.50068,50.837597,54.142273,53.073105,44.54215240478516
41.73346,57.37851,46.345387,46.999466,46.37779,55.963394,49.334187,46.207275390625
41.63125,53.150585,48.184803,50.25427,47.373943,51.9232,49.636112,47.24798583984375
42.314617,53.01566,49.862827,51.46726,48.589054,49.905964,50.227325,45.47878646850586
41.361008,54.63052,47.9656,48.879948,47.420784,52.406578,48.548138,44.40339279174805
40.200993,51.852066,46.706425,47.80531,46.281544,52.001125,47.432964,45.51347732543945
40.534863,52.045258,47.445602,49.11562,46.668655,49.954338,47.70204,44.680912017822266
40.251236,50.875313,46.844955,48.026688,46.27,50.071926,47.181885,44.334014892578125
39.591873,50.498615,46.4,47.385334,45.776657,50.29368,47.217934,45.58285140991211
39.87656,50.070675,48.011898,48.794212,46.91367,49.277206,48.156807,47.31736373901367
40.557663,49.883976,49.23454,50.812645,48.295677,49.954586,49.935757,48.21931076049805
40.700382,51.92546,51.011368,52.108486,50.027027,52.037636,51.399677,46.48480224609375
40.60315,54.00588,49.29354,49.8978,48.72193,53.634136,50.531876,46.9357795715332
40.89743,54.159595,49.59712,50.648083,48.94443,52.992744,51.025597,48.32337951660156
41.931316,54.6539,51.58263,53.32253,50.70751,52.234562,53.07483,50.71699905395508
42.50243,55.645878,53.280838,55.42049,52.38304,53.87352,55.25866,50.85576248168945
43.045742,56.102257,53.551445,55.33947,52.724663,55.977726,55.437645,53.73503875732422
44.103275,56.898067,56.441063,58.357395,54.851997,56.560047,57.95703,53.87379837036133
44.96616,58.401325,56.59947,58.546783,55.293083,58.042706,58.26818,53.76972961425781
45.379223,59.1903,56.30075,58.518345,55.361942,59.139126,58.5132,53.56159210205078
45.79049,59.7872,56.18986,58.475094,55.270996,58.85894,58.542892,51.34142303466797
45.629234,60.087948,54.177223,56.02469,53.61043,58.472057,56.632957,49.95381164550781
44.992504,60.608734,53.216125,54.66072,52.521496,57.5672,55.371075,51.61894607543945
45.25494,59.774548,54.4607,56.256313,53.20849,55.499367,56.22895,50.68230819702149
44.962135,60.01574,53.742077,54.827038,52.786636,55.399406,55.51615,49.88444137573242
44.53664,59.84203,52.876446,53.600487,52.06192,55.95321,55.003784,50.64761734008789
44.397095,59.19849,53.29597,54.498127,52.379066,54.729073,55.49661,50.1966438293457
44.27101,59.059464,53.356987,53.69526,52.474003,54.51937,55.123623,52.1392936706543
44.552723,58.461082,54.341297,55.640366,53.383377,55.161953,56.083797,53.24938201904297
44.98963,58.4568,55.45888,57.064133,54.556416,56.031937,57.136223,54.8104362487793
45.754257,59.12027,57.108395,58.98501,56.019264,57.324642,59.269993,55.01858139038086
46.14943,59.539593,57.39916,59.215496,56.559647,59.197716,59.65363,58.97325134277344
47.391403,60.413277,60.77632,63.01371,59.052856,59.911358,63.36089,58.27945709228516
48.127174,62.137314,60.42654,62.40131,59.22068,62.309555,62.899445,58.73042297363281
48.776413,62.64362,60.72842,63.070698,59.627224,62.654762,63.35493,61.08935928344727
49.559334,63.28196,63.108883,65.64494,61.491047,62.453266,65.38806,62.99731063842773
50.775463,64.61504,65.07343,67.38009,63.27996,64.04516,66.622215,62.8238639831543
51.470287,65.991646,65.09769,67.40185,63.810097,66.279625,66.46321,62.89324188232422
52.238274,67.331314,65.019196,67.5353,63.9018,66.455124,66.46142,62.85855102539063
52.69297,68.47873,64.8836,67.53426,63.93621,66.428375,66.67524,61.78315734863281
52.963223,69.13407,64.03497,66.57875,63.280964,66.67199,65.83625,61.47094345092773
52.835438,69.46926,63.78432,66.24285,62.97111,66.05425,65.69217,62.51164245605469
53.16029,69.34711,65.63278,67.394226,64.25597,65.23017,66.28763,60.01395797729492
52.673058,69.79013,62.471836,64.31829,62.183758,65.96018,64.94373,62.0606803894043
52.717106,69.06182,64.027695,66.46332,63.068848,65.10025,66.09711,63.13606643676758
53.094078,68.9138,65.68281,67.642555,64.39081,64.585686,66.87592,63.4135971069336
53.381752,69.652855,65.97477,67.95168,65.10913,66.629135,67.25863,63.72579956054688
53.55819,69.52446,66.16471,68.44411,65.547485,67.622444,67.4947,64.83588409423828
54.175713,70.35114,67.14683,69.66993,66.378235,67.85102,68.30367,64.73181915283203
54.586697,70.47153,67.171455,69.62346,66.70547,68.73663,68.447105,66.98667907714844
55.3039,70.81668,69.16249,72.1319,68.32393,68.837364,70.877785,68.61711120605469
56.113983,71.5935,70.734634,73.58935,69.82192,70.52257,72.222206,71.73922729492188
57.316998,72.259,73.51095,76.3383,72.03456,72.313965,75.38096,70.2822494506836
57.884518,73.73738,72.69882,75.36078,72.0016,74.59839,73.839035,70.629150390625
58.7066,74.67837,72.59068,75.90402,72.138695,73.992546,74.524025,69.03340148925781
58.894917,75.63595,71.315674,74.49619,71.15129,73.990036,73.04553,71.94737243652344
59.673862,75.82764,73.939545,77.420296,72.83358,73.88103,76.09989,72.22489166259766
60.141354,76.89913,74.689995,77.80924,73.83689,74.62385,75.35608,70.629150390625
60.117546,77.80504,72.650566,75.87646,72.5142,76.2828,73.59799,74.2369155883789
60.95054,77.49926,76.15897,79.6347,74.7306,75.041466,77.33358,72.71056365966797
61.230534,78.71584,75.150826,78.21959,74.46968,76.40873,75.862175,77.01213836669922
62.02949,78.239174,78.76113,82.12563,77.145134,77.252335,79.95243,79.78734588623047
63.243996,79.24588,81.749435,84.849106,79.92258,79.19937,82.05395,79.37105560302734
64.13516,81.71795,80.896484,84.73725,80.23045,82.36798,81.561134,82.7013168334961
65.36426,82.88113,84.21211,87.98629,82.511856,83.0989,85.42863,85.3377685546875
66.977104,85.045784,87.22764,90.7686,85.288445,84.91421,87.62128,88.11298370361328
68.62367,86.80045,90.53025,93.74784,88.20861,87.853485,89.82013,96.9242706298828
71.19189,89.0925,97.210464,100.43698,93.52706,90.28717,94.61966,96.4386215209961
73.32705,92.79162,98.89243,102.1835,96.31357,96.04556,95.65083,89.84748840332031
74.27663,95.57907,92.188225,97.423386,92.10515,98.116234,94.031876,88.11298370361328
74.62137,96.18356,92.01292,96.66014,90.99738,94.82651,92.29622,92.62271118164062
75.67866,95.92338,96.153465,99.557304,93.527985,93.1451,94.30342,101.85028076171876
77.64613,96.37199,104.10322,106.90546,100.13937,93.951454,100.94946,98.65877532958984
78.49486,99.04647,100.90741,105.52117,99.97636,100.28239,97.64234,97.89559936523438
79.51001,100.554146,100.82664,105.4912,99.74229,101.68853,97.8415,99.00569152832033
80.63543,102.62777,102.33787,106.53837,100.5,100.57437,99.84648,100.53205108642578
81.89434,103.42568,103.929276,108.06828,102.00195,101.36072,103.04339,101.85028076171876
82.8047,104.027016,104.66752,108.59533,103.218445,102.39287,104.75022,99.90762329101562
83.161674,104.43735,102.99045,107.7406,102.66686,103.48012,103.06772,100.46267700195312
83.593666,104.14654,103.85342,108.06763,103.0916,103.27336,103.04854,99.76888275146484
84.15115,105.32109,103.611305,107.77704,103.14132,103.08824,104.232475,97.27117919921876
84.121414,105.0866,101.34175,105.37741,101.558754,103.650696,106.17226,98.79755401611328
84.53585,103.370575,104.031685,106.51746,103.37159,102.51169,105.14462,97.8262176513672
84.50534,103.4279,102.50282,105.800224,103.31004,102.30301,104.968666,100.2545394897461
84.97704,104.18091,103.83873,107.60382,104.43425,103.48236,105.7322,98.17313385009766
84.74909,104.61602,101.67183,105.08312,102.90593,104.87779,105.62003,96.09170532226562
84.26774,103.948425,99.87483,102.2346,100.846794,103.889626,104.64848,100.53205108642578
85.379974,102.074196,104.39112,107.6268,103.91436,101.68109,104.89175,98.03436279296876
85.4533,102.81443,101.17308,104.758446,102.66123,103.741425,105.16095,102.54408264160156
86.427895,102.83056,105.206696,109.69521,105.372215,105.482796,107.48078,106.91504669189452
87.7957,104.200356,109.40604,113.81233,108.97944,106.99701,112.08723,115.17130279541016
90.21583,110.50343,117.02204,120.61698,114.93135,110.8341,119.6561,117.73837280273438
92.23047,114.86595,119.72122,123.4854,117.90991,117.39303,120.72242,113.5755386352539
93.80957,121.02743,116.42048,121.530716,116.50119,120.116974,119.047035,113.78369903564452
94.99116,122.234276,117.06711,121.900185,116.56438,118.62325,120.52355,121.46166229248048
97.20328,123.08031,125.795494,128.60028,122.73325,118.162544,125.4372,120.16301727294922
98.62875,126.160286,123.03577,127.75785,122.54846,122.97849,124.675186,118.40602111816406
99.48606,126.52243,120.96846,126.45174,121.05507,124.90186,121.81547,112.90587615966795
99.28524,127.80457,117.78281,122.73968,117.88542,123.38302,117.90575,115.42678833007812
99.47731,125.25161,120.076485,123.9333,118.75971,121.48369,119.67442,112.82948303222656
98.9806,124.893425,117.49526,121.624886,117.573616,119.8091,120.64679,112.98226165771484
98.66457,122.514465,117.97944,121.36073,117.75597,120.298134,120.66863,112.75310516357422
98.387665,121.42841,117.888885,121.26283,118.015366,119.31231,119.96232,110.30857849121094
97.67817,121.61821,114.8664,118.34685,115.95696,119.67709,119.54883,112.44752502441406
97.48117,119.13156,115.929695,119.0633,115.999535,119.00932,120.91827,111.9127960205078
97.52909,119.50026,116.55019,118.51721,116.6026,117.98481,120.24144,107.32933044433594
97.05114,118.2253,112.760056,114.69999,114.30911,119.00451,119.034996,110.30857849121094
97.184395,116.37491,114.00987,117.157005,114.941734,117.7802,117.52189,107.86406707763672
97.07097,116.215965,111.81896,114.591225,113.57249,117.044975,118.27659,101.90557098388672
96.50211,116.43869,107.62171,109.970116,110.024055,118.21714,115.62582,98.77355194091795
95.82801,114.52886,104.55179,107.06774,106.901184,115.52262,113.72215,103.35701751708984
96.04945,113.38957,107.5503,111.273476,108.72124,112.894165,113.10476,104.65565490722656
96.14735,112.64827,108.559845,112.08229,109.8406,112.213615,112.49633,98.16242218017578
95.14361,114.70734,103.42391,106.60202,106.02549,115.47197,111.06635,103.81535339355467
95.97062,112.51693,108.057556,112.44848,108.542114,114.242805,111.236855,105.87791442871094
96.8073,113.19138,109.24136,113.69607,109.988556,113.956215,112.48215,108.01685333251952
97.244736,117.81096,111.534454,116.05965,112.35317,117.43498,115.427536,108.3988037109375
98.03851,118.51947,112.69623,117.01559,113.46429,119.93305,118.199394,110.76693725585938
99.10673,122.84839,114.86013,119.37464,115.33415,120.695786,120.33892,112.67671966552734
99.968346,125.23156,117.50833,121.58054,117.91493,121.98458,121.54461,114.28092193603516
100.328186,128.71477,119.2417,123.366936,119.737724,123.70446,123.23642,117.03099060058594
101.24224,131.59111,121.900696,125.70664,122.06021,125.310425,125.152016,113.82256317138672
101.30353,132.87157,118.889946,123.54701,120.40511,126.81526,123.546036,114.8156509399414
101.052376,133.49597,121.286446,124.563835,121.81164,126.28304,126.06564,115.04483795166016
101.17076,133.35497,121.36038,124.50633,122.24084,125.86199,126.12441,114.43370056152344
101.127594,133.70209,120.57423,124.17244,122.19946,126.65592,124.5359,112.29475402832033
100.58352,132.86266,118.55825,122.22384,120.45876,126.56035,120.975006,116.26707458496094
100.77752,131.3809,121.93974,124.97457,122.34837,126.04701,125.12978,115.88512420654295
100.90076,131.10526,121.95164,124.99057,123.02974,126.29802,123.61149,117.71851348876952
101.23852,130.84837,122.98178,126.19904,123.91638,126.91042,126.00893,117.26016998291016
101.4037,131.19382,122.821625,126.02656,124.08371,127.94287,125.381226,117.3365478515625
101.66501,131.64198,123.33627,126.24789,124.39481,128.14873,125.682365,118.0240707397461
101.94212,131.92961,123.79204,126.74587,124.834045,128.22746,126.80205,118.8643798828125
102.247665,132.50359,124.26507,127.3474,125.3898,128.57642,127.098495,114.51009368896484
101.65704,132.87088,119.628174,122.8335,121.85529,129.25978,122.93314,114.96843719482422
101.327805,129.61751,120.4818,122.913185,121.48331,128.1979,121.5509,119.16993713378906
102.224304,128.81895,125.05363,127.463455,125.0409,126.25177,125.5082,119.16993713378906
102.577126,129.43983,124.05669,127.40911,125.7843,128.4596,125.82316,118.32962799072266
102.51548,131.22124,123.324715,126.9363,125.25181,130.6896,125.445786,116.8018035888672
102.64505,132.73358,122.236465,125.07023,123.76246,130.18394,123.81853,117.10738372802734
103.2065,132.4058,122.89261,125.63515,124.02871,129.41805,123.55223,117.71851348876952
103.1878,133.47865,122.64441,125.76433,124.021515,128.82747,124.41152,118.25325775146484
103.253296,132.35628,122.88045,126.05202,124.32035,128.97838,125.22308,114.51009368896484
102.5779,132.16927,118.530334,121.19084,120.79829,129.29019,121.720474,118.40602111816406
103.210846,128.46454,123.64159,126.05173,123.741394,127.86027,123.779274,116.5726318359375
103.17087,128.91547,120.907166,123.71006,122.80458,127.92602,123.28605,113.66979217529295
102.15124,130.17134,117.597694,119.49727,119.94001,129.67516,121.80884,112.29475402832033
102.01321,126.63718,117.575195,118.779106,118.81146,126.98293,120.62635,110.07942199707033
101.91073,126.62797,114.83927,116.503235,116.90968,124.92292,118.971565,115.88512420654295
102.45591,124.455605,119.53431,122.90521,120.47781,124.28725,121.81482,115.503173828125
102.64336,125.3527,119.313774,122.536644,121.085144,125.83102,121.577965,111.76001739501952
101.710625,129.30995,115.344826,118.35531,117.97388,128.77193,119.44878,112.52392578125
102.14918,127.094894,116.68877,119.47883,117.91798,127.221886,117.86254,114.3572998046875
102.58661,128.33493,118.25522,121.487885,119.29929,125.21814,120.16117,116.49626159667967
103.103264,129.41414,120.51573,123.8267,121.57688,125.98641,127.01861,110.61415100097656
102.05824,130.08557,114.617935,117.90543,117.44017,128.33977,121.11281,106.18347930908205
101.17577,128.49762,111.94882,114.36518,114.09734,127.03961,116.048615,109.62106323242188
101.69208,124.84156,114.68832,117.912895,115.60431,122.91678,116.35176,111.68362426757812
101.190636,124.56292,115.96211,119.53082,117.322,122.09516,118.54723,110.46136474609376
100.856865,124.68156,115.565,118.65339,117.47878,124.514206,118.15327,109.23910522460938
100.25982,125.49745,113.8123,117.203186,115.95558,125.624954,115.928505,110.00301361083984
100.52369,125.84294,114.68858,118.07586,116.249115,124.693474,115.35023,107.32933044433594
99.82684,126.99022,111.62533,114.84022,113.79515,124.06651,114.30136,109.77384185791016
99.82163,124.93552,113.76356,117.33964,114.965744,123.32326,116.36274,109.85025024414062
99.971725,123.76768,113.871765,117.254196,115.364494,122.64007,118.26218,106.94738006591795
99.02058,125.04332,110.382996,113.61702,112.72221,123.61556,114.558556,105.49596405029295
98.474525,123.04115,110.75834,113.27335,112.54252,123.11555,113.369675,106.71820068359376
98.60591,122.82161,111.6255,114.11468,112.84047,121.00939,114.15432,106.6418228149414
98.497665,121.827354,111.307076,114.05154,113.12675,120.647675,114.519295,106.71820068359376
97.901566,121.76313,110.96394,114.1347,112.94095,121.3392,114.64032,107.63490295410156
97.846725,121.74187,111.6739,115.133156,113.41412,121.76705,115.93303,109.39189910888672
98.31747,122.131874,113.585045,117.23252,114.8761,122.06015,119.94812,108.55160522460938
98.13786,124.19633,112.51382,116.24132,114.451904,123.57428,118.87524,106.87098693847656
97.87703,125.604095,111.72605,114.88805,113.630714,123.57144,117.68468,106.4126434326172
97.55295,125.21918,110.757576,113.872536,112.60684,122.65381,116.983894,107.86406707763672
97.85839,124.355446,113.1385,116.44523,114.40608,121.815994,120.443016,106.94738006591795
97.22189,124.33422,112.090034,115.31912,114.15174,122.05073,118.035866,108.8571548461914
97.36365,124.19734,114.09502,117.76668,115.57754,122.431526,121.53169,110.61415100097656
98.02042,124.82227,115.7576,119.87161,117.352264,123.3963,124.28437,112.75310516357422
98.1498,127.94501,116.97611,121.48329,118.635895,124.2812,126.13787,116.3434829711914
98.64654,130.28572,120.2235,124.33223,120.76355,125.161575,128.24477,114.8156509399414
99.10279,132.85204,119.63951,123.543724,120.63623,127.03311,126.88293,114.58648681640624
99.65929,133.40443,119.43529,123.635,120.505974,127.451775,126.89636,118.1768569946289
100.24759,132.68802,123.011,126.73933,123.06844,127.32292,129.8625,118.63519287109376
100.69737,133.84195,123.17333,127.20753,124.02593,128.85844,129.68456,118.48242950439452
101.33941,134.09435,123.280594,127.35763,124.24749,129.81464,128.71935,118.0240707397461
101.50648,134.59401,123.072685,126.98073,123.97696,129.99242,127.06153,117.8712921142578
101.684,134.57957,123.152336,126.954,123.962845,129.94012,126.28431,120.54498291015624
102.00728,133.97668,125.386215,128.85785,125.55367,129.85489,129.78114,120.46857452392578
102.32932,134.2976,125.0842,128.87573,125.9395,130.8003,128.56581,124.36451721191406
103.1753,134.5622,128.1868,131.58994,127.922356,131.31273,132.81177,122.68392944335938
103.59004,135.74068,126.900734,130.7889,127.523834,132.98302,129.5022,125.73957824707033
104.55776,135.92097,129.59128,132.921,129.26576,133.37805,134.12814,127.87850952148438
105.67374,137.20244,131.48726,134.59407,131.18185,134.28369,136.50233,127.57295989990234
106.35393,139.02376,130.7203,134.60464,131.22263,135.43063,135.86539,132.15640258789062
107.579956,139.54277,135.11331,137.98697,133.87651,136.06908,139.84122,130.85775756835938
108.57669,142.09299,134.1548,137.53989,133.90346,138.19318,137.08302,126.19790649414062
108.506004,142.34344,129.52657,133.95683,130.52876,138.89113,131.53864,125.2812271118164
108.30551,140.5451,129.50014,132.99081,129.55765,136.86668,130.05101,125.35761260986328
108.19903,138.85408,129.42564,132.67528,129.39963,134.83763,130.14381,122.68392944335938
107.66331,136.85117,126.45476,129.85771,127.383766,134.75339,129.54169,122.37835693359376
106.941864,134.00732,125.847694,129.1051,126.55216,133.5214,129.40445,123.37142944335938
106.75083,133.18018,126.717545,129.45772,126.981384,131.88058,129.16316,123.60061645507812
106.64118,132.56181,126.40258,129.16968,127.07356,132.0141,129.11906,125.89234161376952
106.81868,132.41646,128.09584,131.10866,128.41914,132.2769,131.21136,123.29503631591795
107.19969,133.51323,126.79577,129.29245,127.81869,133.37016,131.00682,126.12151336669922
108.16847,133.50774,128.42032,131.64893,128.78758,133.37112,130.5746,129.10076904296875
109.63567,134.83879,131.95096,134.79219,131.8517,134.14885,134.2847,130.70497131347656
110.79422,138.68661,133.06044,136.45465,133.61163,136.69463,138.75478,130.0174560546875
111.76275,141.66525,132.91837,136.59091,133.78552,139.04117,140.90492,127.80210876464844
112.2337,144.70993,132.17404,135.51128,133.01047,139.27158,138.00291,126.65625762939452
112.48162,145.35567,130.74312,133.89427,131.6591,138.16422,135.4748,124.6700668334961
111.99553,144.55302,128.6199,131.73343,129.91252,137.3906,132.2734,126.35069274902344
111.81394,141.99295,129.91458,132.91422,130.50017,136.28217,132.48715,124.5173110961914
111.35473,140.00607,128.23912,130.99084,129.4555,135.14635,130.43541,126.19790649414062
111.07802,138.53937,129.9698,132.6843,130.6132,135.4842,130.42682,132.69113159179688
112.56483,137.84846,135.91226,138.25658,135.15977,135.71213,140.48123,131.23971557617188
113.04758,141.75703,134.27585,137.5898,135.50122,139.77039,137.46674,132.92030334472656
113.832825,145.0224,136.74335,139.48592,136.93887,141.61656,141.71838,131.3925018310547
114.686104,147.4949,135.15007,138.1784,135.95883,141.9061,141.15495,129.8646697998047
114.90964,149.25403,134.17781,137.28343,135.10892,141.45547,138.84973,129.40631103515625
114.78857,148.74446,133.89804,136.64844,134.53923,140.50421,135.6662,129.63551330566406
114.647316,147.54529,134.13663,136.66588,134.7615,139.86707,133.78029,135.1356658935547
115.80468,146.85583,139.18024,141.23953,138.52228,139.75226,142.62433,135.21205139160156
115.93384,146.78574,138.60617,141.4476,139.31691,142.47466,140.6386,136.35789489746094
116.46321,149.61989,140.42271,142.67441,140.41441,143.919,141.88304,134.29534912109375
117.18441,150.6244,139.57387,141.49956,139.94333,144.66223,140.70839,132.1682586669922
117.21739,151.64781,137.49219,139.95375,138.53516,144.45445,138.41159,137.93234252929688
118.255356,151.07152,142.02797,143.88678,141.25533,143.63689,147.19073,145.888427734375
119.60473,151.35814,147.56113,148.73721,145.90149,144.7978,151.99104,148.64871215820312
121.174065,154.97289,150.20796,151.08545,148.7138,148.5334,153.22487,148.6371132986886
122.78468,157.48868,150.64124,151.77345,149.42004,151.28328,153.85645,148.56752014160156
124.26732,161.41592,151.60254,152.8969,150.08118,152.29301,154.59726,151.00306701660156
125.792206,163.05385,153.95213,154.09943,151.61911,152.91022,157.26617,151.40895080566406
126.7353,164.68143,154.31567,154.85683,152.64339,154.0321,157.8295,150.92184448242188
127.49704,165.41145,153.79155,154.7497,152.50266,154.61578,156.34695,154.16925048828125
128.56834,165.24979,156.55573,156.40752,154.0628,154.77914,159.05992,153.03265380859375
129.19691,166.96141,156.58812,156.43764,154.75803,155.7424,155.72832,152.46437072753906
129.75658,166.62152,156.15723,155.9978,154.53407,155.93532,154.089,153.92568969726562
130.3721,166.70723,157.91432,156.62642,155.93185,155.62363,155.27061,155.95530700683594
131.17538,167.23726,158.76456,157.73215,157.09842,156.18991,157.06807,159.12149047851562
132.12204,168.33069,160.68126,159.34776,158.7624,157.27545,160.97282,158.95913696289062
132.91069,170.1076,160.57655,159.63417,158.99672,158.85342,158.32039,165.61624145507812
134.68858,171.00871,165.41745,162.80608,162.03389,159.1711,166.66716,163.4242706298828
135.90434,173.59164,163.91136,162.43434,162.04681,161.25995,163.33557,162.77479553222656
136.69637,174.73308,163.3772,162.15863,161.48695,161.56104,162.68886,160.9887237548828
137.36565,175.68607,162.47945,161.22533,160.60088,161.17992,161.13162,156.44241333007812
136.98228,174.91693,158.54076,158.5079,157.89806,160.8676,158.44017,153.51976013183594
136.12257,172.27754,155.95227,155.94312,155.32454,159.27652,157.75116,151.9772491455078
135.22124,168.69127,154.25285,154.12157,153.7153,157.00978,156.75826,150.0288543701172
134.38638,165.13736,151.78143,151.92464,151.76149,155.10507,155.21867,149.05462646484375
133.80386,161.0221,150.55814,150.50458,150.60608,152.88397,154.31403,147.34974670410156
133.45918,159.2511,148.91489,148.96481,149.40063,151.55627,154.94202,146.78146362304688
133.66084,158.18864,149.02066,148.21223,149.48563,151.2669,153.02705,153.51976013183594
134.84915,158.50436,152.64273,152.91493,151.95538,150.81383,153.4781,155.7929229736328
136.46272,161.14322,155.21962,155.11685,154.6604,153.30455,153.74037,157.9037322998047
138.28882,166.34995,157.90167,157.41724,156.94351,157.45232,155.81635,158.2284698486328
139.95297,170.73248,158.37611,158.05212,157.92282,160.26538,160.75215,156.11767578125
140.94914,175.54688,156.27972,156.49106,156.2639,160.96234,161.04277,154.49398803710938
141.32152,178.06497,157.07115,156.6284,156.86958,160.37386,161.39905,153.68214416503906
141.17639,177.67854,156.43039,156.16302,156.31886,159.16928,159.92995,152.2208251953125
140.4193,176.67421,154.48499,154.6996,154.98465,158.74619,155.61978,150.84066772460938
139.68343,173.6455,153.39365,153.42079,153.75119,158.5529,153.13017,148.486328125
138.55513,171.40292,151.58557,151.81187,152.34691,157.53731,151.7474,143.452880859375
137.30121,168.25334,148.48393,147.91582,149.68137,156.21156,150.29692,141.1797332763672
136.52808,163.80092,146.44958,146.03099,147.85063,154.00401,149.64735,136.876953125
135.52983,161.40451,142.45464,142.45636,144.81012,151.98897,148.3442,135.5780029296875
134.51396,158.24281,140.22787,140.87466,142.69763,150.71277,145.92372,132.81773376464844
133.5941,156.57211,138.31819,138.93834,140.92667,148.61345,143.32582,133.06129455566406
133.05205,155.02713,137.01318,138.3298,139.58691,147.4144,141.19044,131.7623291015625
132.61914,154.09222,135.6577,137.20438,138.22589,146.23152,138.77945,130.62576293945312
132.4663,154.20525,134.0328,136.03008,136.66919,145.76274,136.88805,133.14247131347656
132.76762,153.18745,135.52046,137.91838,137.29172,145.06421,136.16548,134.84735107421875
133.22449,153.62212,137.67894,139.89331,138.99838,144.93217,139.1294,135.5780029296875
133.3131,154.95882,138.2503,140.68434,139.64859,147.11418,141.79782,139.71841430664062
133.84798,156.52617,141.62479,144.00139,142.03691,149.10403,145.4715,138.66302490234375
133.62509,159.19493,141.48582,143.873,142.5587,150.89302,144.59949,139.3125
133.27167,162.25264,142.00252,144.50662,142.90195,151.41116,145.78238,137.93234252929688
132.46362,163.34163,141.9531,144.16211,142.92505,151.75734,145.88835,134.279052734375
131.0012,164.85991,138.96405,141.8003,140.72743,151.53357,143.80518,136.95814514160156
130.39023,163.67554,141.98502,144.01791,142.41753,150.90373,147.52957,134.36024475097656
128.5852,162.62878,139.11961,141.88252,140.87514,150.28816,143.65213,132.98011779785156
126.82307,161.46745,137.88417,140.25647,139.50276,150.29568,139.5728,131.84352111816406
125.5103,158.11603,136.66951,138.6547,138.2119,148.85905,137.42003,136.63339233398438
125.555084,155.93619,141.62465,143.15672,141.68945,147.94614,143.76248,141.3420867919922
126.0918,154.7407,145.37056,146.69354,145.39542,148.82999,150.57497,140.7738037109375
125.90243,158.70549,144.23605,146.66687,145.65244,151.63881,149.53987,139.3936767578125
125.96015,161.92429,144.27708,146.10292,145.0709,152.62105,147.75928,137.03932189941406
126.215744,163.91953,142.10358,144.1296,143.14435,152.21092,144.69484,136.3898468017578
125.777626,163.71132,141.52713,143.37068,142.40034,151.85603,143.4216,138.50064086914062
125.654755,161.62833,143.60379,144.97818,143.82732,150.50279,146.45271,136.714599609375
124.70024,160.74937,141.50926,143.5287,142.86186,150.14076,141.67746,135.17208862304688
123.97945,159.20978,139.87332,141.95255,141.22906,150.39096,139.27072,135.00970458984375
123.555756,157.23604,139.46996,141.26546,140.39117,149.68443,138.87984,134.92852783203125
123.24521,156.26994,139.53093,141.05185,140.33917,148.83571,139.81833,133.95431518554688
122.77929,154.963,138.39067,139.69635,139.65692,148.15698,139.90742,132.49301147460938
122.38056,153.88135,136.69794,138.1692,138.30043,147.6851,139.01047,133.54840087890625
122.36401,152.18425,137.11253,138.71075,138.13405,146.93813,137.9128,132.3306121826172
122.124374,151.79053,135.39586,137.33142,136.91447,146.15181,137.08041,130.95050048828125
121.82131,150.5871,134.35384,136.17276,135.83366,145.96617,137.33878,132.65536499023438
122.23017,149.59695,136.3396,137.92892,137.11168,145.02206,137.79906,131.92471313476562
122.17519,149.65971,134.96619,137.09123,136.49706,144.82405,137.39293,131.1940460205078
121.88084,150.4481,134.0097,136.35704,135.63422,145.43213,136.95029,132.57418823242188
122.339294,150.4013,135.7735,137.75792,136.49016,145.08434,139.64078,133.38601684570312
122.64512,150.73218,136.62422,139.12097,137.57292,145.14255,142.986,129.1644287109375
121.317474,152.25275,130.61578,134.45412,133.10219,145.79597,138.00883,124.78048706054688
120.12371,149.84581,126.300064,131.38573,128.292,145.45227,134.51346,128.27142333984375
120.34259,147.59961,133.73726,136.07103,133.16599,142.669,138.47012,132.24945068359375
120.58985,146.82904,135.0028,138.62102,135.1558,141.29755,143.99658,133.95431518554688
120.379555,148.64595,136.47902,140.15451,137.26486,144.30344,145.02843,132.57418823242188
120.28073,151.67085,136.33307,139.5979,137.27257,146.38821,142.72853,131.35643005371094
120.12527,154.35336,135.42139,138.79117,136.37859,146.22868,140.7028,131.68115234375
120.04593,155.2493,135.78464,138.66774,136.49084,145.53625,141.0052,129.083251953125
119.09697,155.29146,133.73286,136.65482,135.15443,144.94894,136.90512,132.00588989257812
119.02059,151.92632,136.02623,138.74777,136.43172,144.37968,139.44432,131.2752227783203
118.689606,151.09485,135.83566,138.60857,136.90611,144.22113,136.65617,134.11669921875
118.861885,151.50865,138.61998,140.81772,138.96666,144.46957,142.79758,133.14247131347656
118.981285,151.79124,137.43892,140.13425,138.6491,145.56879,140.9498,133.8731231689453
119.06003,154.13411,138.56537,140.84679,139.27605,145.73834,142.83139,132.81773376464844
119.151184,154.67061,137.68173,140.09871,138.72046,145.76888,142.6287,130.70693969726562
118.19557,155.34705,134.61256,137.15169,136.24448,145.64798,137.79076,130.70693969726562
117.93505,152.77263,135.41562,137.27213,135.94882,145.26295,135.88315,133.7107696533203
118.81474,150.29063,138.50365,140.13828,138.36324,144.09615,140.59949,134.279052734375
118.86589,150.82526,138.00722,140.76564,139.1992,144.82576,141.40819,136.876953125
119.029686,151.87154,140.43602,142.5713,140.7121,145.72572,144.60649,138.50064086914062
119.96504,154.48817,142.31148,144.35176,142.18378,146.92496,147.15948,135.65921020507812
120.30548,156.74472,139.42575,142.23378,140.54843,148.104,143.82985,133.95431518554688
119.80168,158.03773,137.53754,140.22168,138.48325,147.90417,140.49011,131.84352111816406
119.06843,155.5475,136.06248,138.14925,136.8073,146.95346,137.71443,131.51878356933594
118.590355,152.40681,134.92343,137.31468,135.5601,145.4994,136.09764,130.95050048828125
118.13738,148.78732,134.49876,136.37102,135.1827,143.6676,135.32642,129.97628784179688
117.448746,146.90955,132.95496,134.96889,133.98611,142.80246,134.24481,126.48534393310548
116.787865,144.52232,130.78665,132.2,132.04552,142.0509,132.62723,127.2160186767578
116.80361,142.93117,131.35661,133.20012,132.3472,141.17691,132.55724,132.00588989257812
117.56325,142.99312,134.81586,137.23763,135.15794,140.2661,134.61603,132.65536499023438
118.20086,145.18295,135.4876,138.20593,136.47586,142.3183,136.35497,134.03550720214844
118.78786,148.21835,136.80261,139.6019,137.48991,144.52022,141.08813,133.62957763671875
119.52258,150.90393,136.68298,139.61008,137.43047,145.69548,143.134,137.2017059326172
120.49312,153.4215,140.69981,142.80707,140.26869,145.39435,146.54451,134.6849822998047
120.47203,155.83533,138.23073,141.2478,139.23923,146.82849,145.17906,136.79579162597656
121.060585,156.59612,140.79472,143.20615,140.76727,146.80637,147.70305,138.7441864013672
121.60931,157.0974,142.23508,144.49681,142.09433,146.88089,148.8449,137.2017059326172
121.25671,158.45784,141.26874,143.67989,141.83177,147.51292,147.2882,138.01353454589844
121.285576,158.21704,142.20204,144.1237,142.14326,147.63243,147.85812,138.48236083984375
121.39642,158.1098,142.79771,144.48242,142.78105,147.79349,147.13812,135.5136260986328
120.67652,158.41988,139.47543,142.05995,140.67094,147.95093,141.59428,135.5136260986328
120.07667,156.02061,139.67154,141.8596,139.95909,147.81277,139.94955,134.02926635742188
119.45944,155.3202,138.12502,140.21526,138.7643,146.74777,138.00415,131.4097900390625
118.38491,152.69113,134.32803,136.52042,135.56723,146.25386,135.59671,134.90240478515625
118.48954,148.22482,138.59103,139.85648,137.89871,144.21242,136.39114,132.7195281982422
118.30816,147.6076,135.56752,137.88232,136.56035,143.54555,136.31642,134.2039031982422
118.379875,146.25714,137.00194,139.06529,137.38957,144.5411,135.87094,133.59268188476562
118.566055,146.72487,136.27858,138.28304,137.01962,144.61592,136.10487,130.9732208251953
118.3288,148.78972,133.50407,135.71849,134.95604,144.73178,135.54001,129.4015350341797
118.50658,147.39322,133.22263,134.826,134.00606,143.40576,134.01305,127.04402160644533
118.42443,147.27686,130.85208,132.66322,132.23055,141.99446,133.62871,127.21865844726562
118.258156,144.93614,130.08899,132.69319,131.431,141.24205,132.8361,128.52838134765625
118.3608,143.34204,131.1305,133.75656,132.12805,139.95888,132.1413,128.70301818847656
118.14807,143.95808,131.24033,133.92851,132.35138,140.15492,132.66447,126.60743713378906
117.94302,144.09846,129.94815,132.17159,131.39423,141.08656,130.85638,126.3454818725586
117.79638,144.62128,128.83452,131.52182,130.2549,140.9445,130.92351,127.48059844970705
118.04287,144.43259,130.1334,132.71478,131.00568,139.88464,132.36105,125.47234344482422
117.5143,144.58223,127.75454,130.78311,129.4782,139.57967,132.16078,127.48059844970705
117.39733,143.53026,129.83603,132.91887,130.69237,139.71873,135.30536,127.5679168701172
117.392075,143.21704,129.48854,132.80354,130.61235,139.78247,134.71907,130.1000518798828
117.86036,145.07703,133.05731,136.03731,133.42223,140.40085,140.00809,129.4015350341797
117.74382,146.3302,131.93532,135.49802,133.16965,142.2528,139.14684,126.2581787109375
116.75416,149.25407,128.13501,132.22781,130.05595,142.78223,134.89404,126.69477081298828
116.59054,147.42213,130.02585,133.01549,130.4382,141.81598,135.57202,124.51187896728516
115.67145,146.61397,126.85046,130.05428,128.26465,140.36082,131.13875,123.2021484375
114.76588,144.1592,127.068,129.9254,128.04071,139.24902,129.80437,126.0835418701172
114.76863,141.09543,130.0241,132.7837,130.47678,137.94398,132.20773,126.5201187133789
114.324554,142.72095,129.64674,133.02373,131.14134,138.73422,131.50838,128.2664337158203
114.550896,143.77899,131.53932,134.82709,132.43457,140.28448,135.11346,127.48059844970705
114.56474,146.03474,131.34308,134.68121,132.56102,141.3438,134.08568,125.73428344726562
114.220795,148.30101,129.61844,132.67131,131.11694,141.16759,132.80923,127.65523529052734
114.54902,147.62038,131.96088,134.80838,132.40164,140.66112,138.20987,129.1395721435547
114.75719,147.56491,133.49332,136.48956,134.18323,140.63692,140.4222,129.31422424316406
114.94305,148.66881,133.00395,136.64641,134.30563,141.33058,140.77715,128.52838134765625
114.752914,149.06927,132.94124,136.02914,134.04607,141.76323,138.9997,125.2977066040039
114.1372,149.80666,129.95433,133.09004,131.45839,141.581,133.14148,122.94020080566406
113.21322,147.35762,127.7385,130.22424,129.13292,141.30537,129.54828,126.5201187133789
113.33675,143.73605,130.98758,133.61317,131.08318,139.3954,132.72746,127.8298568725586
113.63331,142.68114,132.11043,134.96764,132.85237,138.67671,134.18277,129.66348266601562
113.73456,143.71783,133.59303,136.7063,134.40059,140.21635,136.90144,128.96495056152344
113.756744,145.48074,132.99815,136.04265,134.09633,141.83218,134.54945,127.91717529296876
113.93151,147.78369,132.52405,135.35994,133.50314,141.74788,132.72894,128.70301818847656
114.23125,149.08528,133.30505,135.87222,133.86066,141.29553,135.29381,128.52838134765625
114.25907,149.06432,132.78978,135.6756,133.77339,141.21677,136.75325,128.61569213867188
114.24187,148.92462,132.70578,135.61798,133.67055,141.13733,137.16246,129.83811950683594
114.57671,147.72832,134.77957,137.23659,135.17569,140.87903,139.09904,133.06878662109375
115.115166,148.52278,137.02225,139.52803,137.14714,141.57994,143.11488,132.02101135253906
115.375336,149.9942,136.35541,138.94563,137.22833,143.27238,140.85236,132.8068389892578
115.71328,150.96996,137.37302,139.73694,137.85237,143.48909,142.21217,134.90240478515625
116.470345,151.86032,138.71657,141.21182,138.87787,143.58461,145.15604,134.46583557128906
116.59778,152.94322,138.1089,140.9002,138.74315,144.39728,144.26352,134.55316162109375
116.71787,152.97862,138.44168,140.85704,138.79436,144.62573,143.23544,131.75904846191406
116.27744,153.23804,135.47195,138.29886,136.46193,144.56656,136.59267,132.02101135253906
116.07648,150.78413,135.66487,137.98047,135.94653,144.65152,134.57426,129.7508087158203
115.30237,148.96834,133.16115,135.63426,134.05594,143.31932,133.16628,129.66348266601562
114.55312,146.2159,132.73257,135.03914,133.30692,142.24693,133.085,127.7425537109375
113.93153,143.86096,129.31161,132.66583,130.51886,140.74838,131.61043,126.0835418701172
113.15878,141.90764,128.76056,130.90997,129.50479,139.64326,130.78331,127.04402160644533
113.130714,139.23611,130.08804,131.72911,130.36385,138.00351,131.0608,125.12308502197266
112.92836,140.05257,128.23953,130.01709,129.43134,137.39685,130.40623,124.424560546875
112.89755,138.66167,127.25205,129.25125,128.63005,137.99355,130.24289,125.55966186523438
113.569016,139.09341,128.1533,130.51721,129.16612,137.42775,129.21411,125.47234344482422
113.70621,139.45676,127.77102,130.27502,128.92462,137.11409,129.30125,125.90892028808594
113.913185,140.45074,127.67553,130.56007,128.79932,137.7258,129.40782,124.424560546875
113.70765,140.91133,126.319855,129.18773,127.67221,138.00345,128.74887,123.90066528320312
119.85019,146.32721,129.92068,131.14697,132.45244,139.12659,139.5279,132.66087341308594
120.58339,141.04195,135.9609,138.25813,136.23311,135.45616,139.31927,131.5863037109375
120.09336,139.18388,135.11769,137.65518,137.07889,135.29263,140.77242,141.06207275390625
121.12938,140.97192,142.52635,144.16443,142.17636,139.95071,142.96027,143.9927215576172
123.157455,143.42087,145.67719,147.34154,145.56494,145.04248,148.51595,145.6534423828125
125.20726,152.82628,147.47734,149.427,147.4854,148.80293,154.10251,151.02630615234375
127.51219,159.15123,152.08853,152.87114,150.64969,151.20036,157.05673,149.36558532714844
129.23274,165.76799,151.98473,153.17586,151.61006,152.94432,157.11285,147.70489501953125
130.14973,169.20694,151.64343,152.91214,151.36589,153.19344,157.46645,146.23956298828125
130.14673,169.46367,151.18907,152.08188,151.01901,152.9762,157.23793,148.29103088378906
130.05751,169.60002,153.50844,153.18785,152.4237,152.60939,159.90945,146.72799682617188
129.93439,168.42265,153.17276,152.5385,153.12955,152.73383,155.58281,146.33724975585938
129.48016,167.93373,151.50098,151.56372,152.11981,153.11592,152.70839,141.4528350830078
128.86609,166.84,149.31569,148.92055,150.581,152.86029,150.21938,134.4192657470703
127.23855,163.40897,142.50337,143.52888,145.06172,152.0772,149.32877,127.77645111083984
125.064285,158.64597,136.80135,137.41664,139.64479,149.52982,148.6764,131.48861694335938
124.32552,151.79979,138.75438,139.0418,139.69165,144.10703,147.35324,139.40138244628906
124.72464,147.10106,143.9499,144.4073,144.25584,140.34642,147.23819,136.6660919189453
124.57156,148.30289,141.19672,142.69775,143.70729,144.67476,146.7596,124.25965881347656
123.577705,148.49423,132.43109,134.84792,136.47249,147.59595,144.66869,112.34168243408205
122.416016,146.25417,121.5699,124.03452,126.88228,143.34163,139.10994,136.6660919189453
124.70647,142.52731,143.51091,144.94266,141.14896,136.9194,140.61156,136.7637939453125
125.53264,142.09647,144.14714,146.16924,143.65901,138.04106,141.54225,138.0337371826172
126.1559,146.30495,140.71986,145.09558,142.57257,148.22696,142.36417,138.0337371826172
127.39078,146.85936,142.54507,146.16562,142.98685,151.49638,142.21376,134.3215789794922
128.0455,154.04465,140.53665,144.22314,141.21835,149.55614,139.67197,133.2469940185547
128.00194,157.5206,139.60284,143.18114,140.27153,148.25285,139.49612,133.4423828125
127.631645,159.56142,139.42955,142.72716,140.07516,147.25388,139.44562,131.87936401367188
126.66883,159.95403,137.20122,141.27763,138.52663,146.59091,136.71034,140.08518981933594
126.61147,158.8582,144.13112,146.05647,142.82341,145.97842,148.7874,140.28057861328125
126.58172,158.59012,146.17776,147.39917,145.68494,147.44795,150.80022,144.0904083251953
127.56233,159.88507,153.03915,149.88385,151.70848,149.80138,154.64803,138.71754455566406
127.594315,162.576,145.06804,146.75414,148.09717,152.41348,151.5252,135.49383544921875
127.32164,165.17067,143.95381,144.96547,146.28049,152.4165,148.45155,139.10829162597656
127.13059,165.48376,146.01823,146.20105,146.79132,150.68942,149.48297,137.7406768798828
126.42963,164.0095,145.09247,145.57509,146.39508,149.57256,145.89128,136.86148071289062
126.272644,162.68018,143.88205,144.58353,145.61627,149.52097,145.34871,137.25222778320312
125.8233,160.78067,143.53871,144.75107,145.12881,149.09612,145.79597,135.49383544921875
125.33521,160.29793,141.16333,142.81348,143.181,148.8038,146.10551,132.66087341308594
124.86947,157.54474,139.69664,140.33249,141.57736,148.46657,145.80334,129.2417755126953
124.08717,154.69675,136.9053,137.24026,139.55417,147.16566,145.59413,127.87413787841795
123.687515,151.69536,135.17531,135.88602,137.7829,145.15337,143.2405,129.1440887451172
123.2103,149.27704,135.64487,136.47266,138.1431,143.49248,142.35658,123.57585144042967
122.04502,148.03357,131.08495,132.68495,134.67612,142.87732,141.38882,123.18509674072266
121.7295,145.44225,130.47781,131.61122,133.47057,142.17558,138.99525,121.03594970703124
121.2648,144.09357,128.4659,129.72675,131.80713,140.27359,136.98071,124.94348907470705
121.25849,144.16125,129.72595,132.33144,132.46748,139.45596,136.97949,126.40880584716795
121.257935,142.7787,131.06366,133.51178,133.5239,138.59488,137.18044,125.43192291259766
121.243805,145.42117,130.64622,133.10269,133.29092,139.8334,137.7416,122.4035873413086
121.02533,145.47978,128.39053,130.91464,131.46873,140.93555,135.72694,116.63997650146484
119.9526,145.93013,123.638504,126.31831,127.28812,140.40863,131.58052,121.7197723388672
119.75257,143.90616,126.70797,129.93623,128.7169,138.53883,137.5664,119.08218383789062
118.62126,141.86562,124.99491,128.13544,127.96344,136.31287,133.36046,115.76077270507812
116.72392,141.57095,121.527725,124.820786,125.12182,136.83846,128.41924,118.0076141357422
116.260025,138.85954,123.810265,126.954414,125.92047,135.4586,129.37418,125.1388702392578
116.791794,138.48543,129.85036,132.88106,130.59883,134.49483,139.03099,122.4035873413086
116.24739,140.47081,127.73578,131.50223,130.48181,138.0046,135.88623,124.25965881347656
116.50196,143.19086,129.62613,133.23708,131.6251,139.27493,138.50854,124.45504760742188
116.70091,144.61153,130.07214,133.78128,132.22331,139.78865,138.58589,130.41403198242188
117.36072,148.18102,134.90181,138.0309,135.5592,139.51318,141.62016,129.92559814453125
117.17583,149.88713,135.34674,138.41046,136.82455,141.64981,142.27817,130.31634521484375
117.28595,153.19252,135.89413,138.87524,137.30292,142.49895,142.99374,133.9308319091797
117.662506,154.31937,139.37642,141.4157,139.80963,142.87434,145.75368,131.29322814941406
117.02578,154.72743,137.37514,140.03165,139.18767,144.10533,145.20813,132.56317138671875
117.047386,155.64948,138.31036,140.56316,139.5241,144.1335,147.2087,133.05162048339844
117.16996,154.384,139.82268,141.11688,140.80554,143.79683,146.88974,131.5863037109375
116.6735,155.32735,138.0161,140.02094,140.02751,144.13893,144.33719,130.90248107910156
116.18125,154.37875,136.94351,139.0728,139.015,143.95331,142.26306,133.14930725097656
116.03824,153.6135,139.26617,140.53862,140.1746,143.4489,144.26274,130.60940551757812
115.55257,153.24217,136.78381,138.43834,138.75893,143.27771,140.03215,126.99493408203124
114.33522,150.92699,132.84198,135.01305,135.39912,143.41283,137.91676,127.77645111083984
113.901024,147.94873,134.22092,135.27083,135.47267,142.33739,138.0961,124.8458023071289
113.413956,145.97704,131.46194,132.32336,133.68001,140.48541,136.57776,123.38047790527344
112.56665,142.24632,129.1854,130.70808,131.85065,139.65561,136.36331,126.21343231201172
112.92516,140.20383,131.59196,133.07953,133.17114,138.09143,136.43063,124.74810791015624
113.02984,139.82373,129.41994,131.66017,132.18007,138.2609,135.17638,122.59896087646484
112.85401,139.81654,127.88602,129.55927,130.75644,138.72707,134.04674,129.730224609375
114.52877,139.3935,134.34483,136.08441,134.83974,137.6376,136.32869,125.82269287109376
115.01858,141.11763,130.35774,133.24832,133.29332,139.9115,136.06975,123.8689193725586
114.60857,142.8415,128.5469,131.29198,131.3667,140.50752,134.49379,133.14930725097656
116.862625,143.04141,137.91675,139.40555,137.0493,138.69713,146.89534,129.53485107421875
117.204865,145.51599,134.25755,137.59929,136.64731,141.84276,144.33694,121.5243911743164
115.36474,148.36497,127.165184,130.76022,130.5775,142.8864,136.89836,132.758544921875
117.0615,144.55206,138.51894,140.1304,137.06029,140.00732,146.24937,133.9308319091797
118.27836,145.99521,138.86255,141.56602,139.68193,140.95792,145.67555,129.53485107421875
117.02865,150.86041,134.38908,138.49263,137.09152,144.16893,139.69989,132.36781311035156
116.97777,149.19403,138.38092,140.78694,138.59148,143.59544,141.18123,131.29322814941406
117.61826,151.51602,136.82834,139.67949,138.11203,142.94333,138.03333,129.730224609375
116.91148,151.85251,134.68164,138.31648,136.64755,143.34964,136.91682,131.00018310546875
116.5933,150.85385,136.56804,139.16559,137.33755,142.24884,138.48094,139.0106201171875
117.81497,151.28044,143.49098,144.25656,142.27484,141.78801,149.3482,142.62509155273438
119.11579,151.56435,146.61174,147.69286,146.1087,145.1556,151.52872,143.6019744873047
120.24574,155.73434,147.89294,148.65619,147.65285,148.2435,153.79556,140.4759521484375
121.46115,158.66109,146.74776,147.31308,147.18259,149.90407,152.54948,143.6019744873047
122.70078,160.02927,149.1667,149.2098,148.98247,149.61136,155.96178,146.6303253173828
123.82687,161.83328,152.11957,151.37735,151.61726,149.85199,157.65604,160.69744873046875
126.074455,164.28313,161.2433,158.39418,157.84155,151.39017,162.31258,161.57662963867188
128.67249,167.98619,162.7438,160.1813,160.52658,156.73166,163.11407,168.5125274658203
132.0015,171.75406,169.88737,164.82457,165.78688,159.4716,166.8446,167.63333129882812
134.45055,176.68195,168.17197,164.91588,165.51683,162.6216,168.46158,172.81080627441406
137.19878,178.87032,173.12112,167.54163,168.55429,163.72856,171.82413,179.06288146972656
140.0579,182.67427,177.78085,170.7089,172.38861,165.03459,174.77415,173.6900177001953
141.31375,185.72034,174.5133,169.77661,171.16096,167.6643,174.43282,178.672119140625
143.2941,187.217,178.50629,171.46375,173.10971,167.4589,177.76575,178.76980590820312
144.80952,189.66325,178.81339,172.04031,174.09143,167.96228,178.28923,176.52297973632812
145.64531,189.49707,177.70782,171.53154,173.41255,168.89182,175.95964,169.97784423828125
145.68913,188.76637,174.33191,168.7351,170.97122,168.71974,171.29745,167.4379425048828
145.13281,186.31403,170.83267,166.60307,168.19598,167.41087,171.01682,165.4841766357422
144.32536,183.81088,169.76872,165.09529,167.15358,165.27023,170.94879,176.13223266601562
144.89754,179.98509,175.77737,169.1795,171.05914,163.34627,172.73596,180.4304962158203
146.3188,179.39014,179.3859,172.12483,175.0709,164.19246,174.96057,186.5848693847656
148.32715,182.6734,182.4589,174.60428,177.85168,168.07101,174.59645,189.2224578857422
150.90845,186.13007,184.8016,176.27231,180.19806,171.66373,177.33089,205.63412475585935
155.42436,192.22595,195.59877,182.64427,187.90701,173.36674,188.22627,203.2895965576172
159.28984,199.98914,194.42989,183.4124,188.76799,177.7699,189.08539,211.49542236328125
163.25903,206.148,199.80267,186.05873,192.18564,179.44934,194.63254,211.59310913085935
167.2119,212.07153,201.73386,187.51945,194.52635,181.36832,196.07011,210.22547912597656
169.90773,217.206,201.31128,187.55031,194.5761,182.56477,197.63931,209.6393585205078
172.22981,220.94711,201.44899,187.49838,194.50352,182.77216,198.90498,210.3231658935547
173.65628,221.5681,202.31487,187.70001,195.30968,182.71446,197.88985,206.0248565673828
174.02776,222.22849,199.13306,186.2729,193.22856,182.90291,191.82556,204.65724182128903
173.71771,220.22012,198.0914,185.39107,192.04181,182.20828,191.32849,208.5647735595703
174.30574,218.25177,199.95148,186.16156,193.3581,181.07166,191.83913,213.7422637939453
175.25642,216.80048,203.83253,187.64565,196.7149,180.86258,192.77885,209.0532073974609
175.90196,217.97896,200.65015,186.80962,195.2317,182.35274,194.16045,218.4313201904297
177.71501,217.6868,205.59583,188.9525,198.20927,182.47165,194.89552,219.9943084716797
179.83865,220.47733,206.56358,190.15752,200.08022,183.79588,195.5226,218.4313201904297
181.3499,223.81541,205.517,190.00792,199.82144,185.54549,196.71346,216.67291259765625
183.10747,226.12494,204.971,189.87094,199.44736,185.9272,197.61674,212.2769470214844
183.90207,227.22151,201.1105,188.31987,196.81195,185.58575,195.23906,218.9197540283203
185.76614,225.33684,205.99419,190.03966,200.06029,184.28871,194.89398,223.2180328369141
187.45992,226.26785,208.29276,191.71617,202.70909,184.43153,196.9727,229.5677947998047
189.41505,229.84471,211.1837,193.60603,205.45253,187.09067,198.18164,228.8839569091797
191.70427,233.95645,211.70804,194.08797,206.27449,189.65663,197.42255,225.6602478027344
193.5932,238.28563,210.1541,193.42636,205.29428,190.5457,199.63734,231.0331115722656
196.1644,240.83609,213.5001,194.66995,207.38745,190.18579,202.67982,229.5677947998047
197.75276,243.27934,212.63007,194.71413,207.4775,190.72198,203.36423,243.0487823486328
200.34592,244.77408,218.45683,197.42456,211.2918,191.42276,214.35585,260.7303771972656
204.699,248.14188,227.08842,201.26988,218.57903,193.3818,217.26402,255.74827575683597
208.65544,256.5581,227.32317,202.05917,220.02998,196.91359,216.73904,253.9898681640625
211.97815,262.53757,227.18903,201.91193,219.71703,198.30244,219.29611,252.52456665039065
215.06282,266.82773,228.49982,202.40901,220.95085,198.67578,220.2452,259.5581359863281
217.80652,268.43277,230.63353,203.04996,222.69186,198.68903,223.24678,255.35752868652344
219.05325,271.06204,229.46176,202.97354,222.40533,199.28386,216.67078,253.69683837890625
219.40169,271.2015,228.40979,202.55893,221.48897,199.15594,214.75511,248.6170196533203
219.35612,271.3032,225.42053,201.51105,219.32332,198.65607,213.72972,256.0413513183594
219.84311,268.15894,228.00256,202.11086,220.83191,197.7628,214.79451,245.5886688232422
219.53969,267.19656,224.02364,200.8446,218.6658,197.14749,217.54263,253.01300048828125
220.37514,263.95047,227.11879,201.35606,220.62003,196.54259,216.37251,249.00778198242188
221.23863,262.96097,225.45035,201.26503,220.35788,195.98907,214.86668,234.1591339111328
220.54335,264.2088,217.52365,198.17628,214.42827,196.59622,212.69846,225.1717987060547
219.47383,258.1994,213.51517,195.49983,210.40974,194.44965,211.4769,232.4984436035156
219.9541,254.27605,215.03868,195.75026,211.69467,191.52379,208.91487,250.0823516845703
222.39705,249.43355,223.3106,200.04227,218.17854,189.43288,208.65779,242.16958618164065
223.26083,251.4138,220.42462,199.79861,217.68202,192.41484,206.74904,239.3366241455078
225.08443,256.33652,219.76785,199.36357,216.78517,194.81052,207.57805,248.1285858154297
228.97047,260.40625,224.05739,200.9207,219.6296,195.1164,204.53513,246.85862731933597
231.50868,266.81863,224.62079,201.62465,220.96579,195.97844,206.72601,246.17481994628903
232.911,273.65268,224.03674,201.40263,220.56041,197.48293,206.96098,239.3366241455078
233.4314,276.55658,220.88742,200.21648,218.12798,198.17322,206.00984,238.9458770751953
233.81306,276.8582,220.50883,199.55714,217.46596,197.88316,203.83237,237.67593383789065
233.0667,275.69354,220.19533,199.10085,217.2551,196.99704,204.29335,229.07933044433597
231.02216,273.91272,215.1666,196.53911,213.60065,196.77524,206.45457,230.54466247558597
230.28603,268.1333,216.69077,196.31421,214.29257,195.81581,204.21547,226.3440704345703
228.6242,264.43167,213.31412,194.83185,212.2466,194.45262,202.50414,232.98687744140625
228.3152,261.43173,216.08719,196.00636,213.65509,194.22989,202.91154,221.85040283203125
226.69165,258.46597,210.04128,193.4021,209.84361,193.98138,200.86688,213.05845642089844
225.41646,257.3796,206.1131,190.59988,205.93713,193.60693,198.46388,213.54689025878903
224.32712,254.40295,204.51602,189.62589,204.25398,192.01659,194.5028,218.13824462890625
224.04668,252.59343,206.74408,191.34431,205.83908,190.57162,193.4654,227.2232666015625
224.4643,250.1781,210.20935,193.47533,208.14928,189.81296,193.88097,220.8735198974609
224.59915,251.9227,208.70995,193.19862,207.86337,191.86162,192.72337,227.1255798339844
225.30121,254.37169,212.10812,194.6955,209.6144,192.88115,197.27542,222.24114990234372
225.79234,257.75238,210.45833,194.22212,208.79529,193.94011,192.78156,225.07411193847656
225.91364,261.6361,212.09511,194.74844,209.65431,194.3889,197.98106,237.57823181152344
227.78685,263.92133,220.14708,198.2252,214.96834,194.89758,202.73825,236.8944091796875
227.8547,268.4231,220.8531,199.22662,217.25414,197.0013,204.18663,247.54244995117188
229.38254,275.20782,226.39685,201.23479,220.93268,198.64056,208.17885,241.9742126464844
230.02664,279.45047,224.80684,201.12317,220.60118,200.67407,209.18161,232.98687744140625
229.62799,284.14435,220.97926,199.31465,217.51215,201.22054,208.20192,235.9175262451172
228.96785,282.7932,222.28029,199.15356,217.8035,200.83469,212.699,232.88919067382807
227.36458,280.7172,220.52908,198.3463,216.95624,199.91078,208.63867,221.94808959960935
224.37938,277.94766,213.36505,195.1402,211.49863,199.32516,206.57578,232.59613037109372
223.08972,269.2436,219.18239,197.11507,214.71976,197.83318,206.16994,224.7810516357422
220.98146,266.63635,213.40613,195.12819,211.563,196.44716,203.72069,219.89663696289065
219.48807,260.38315,212.49852,193.83101,210.11473,196.3199,201.97661,217.06365966796875
217.60422,256.7913,208.36867,191.96004,206.9816,195.11195,201.92549,217.8451690673828
217.49841,254.35721,209.6309,192.25098,207.87189,194.29799,200.10963,219.89663696289065
216.92397,251.04005,208.74905,192.14786,207.16371,192.8281,197.48149,211.49542236328125
215.8857,251.60716,203.70602,189.58333,203.43822,192.6801,196.66924,208.66246032714844
215.42044,248.43465,202.2248,188.56923,201.47366,192.36769,193.9319,202.31271362304688
214.57329,247.2276,197.62769,185.69267,197.78217,190.79613,189.7312,208.76014709472656
214.04097,244.21205,200.82837,187.58867,199.61632,189.74724,190.24234,212.96075439453125
214.57803,241.66945,203.48016,188.939,201.82722,188.12799,190.97916,198.3074951171875
213.42403,243.76398,196.39738,185.54558,196.93323,189.06322,187.18422,209.2485809326172
213.26125,241.32591,200.6155,187.79237,198.62083,189.22232,191.45781,212.17922973632807
213.53271,241.14035,202.52821,189.08072,200.59396,188.85498,192.87784,213.8399353027344
213.46829,246.01088,204.08415,190.10133,202.12563,189.76987,194.56227,212.2769470214844
213.3037,246.61342,204.38503,190.24187,202.4403,191.292,194.89342,213.05845642089844
213.07866,251.02075,205.67783,190.5031,203.18394,191.95493,196.22151,217.8451690673828
213.50444,253.36853,209.61555,192.38298,205.98624,192.56378,197.9353,220.48275756835935
213.43077,256.15115,211.25186,193.13942,207.9033,193.51292,200.07576,220.97120666503903
213.67075,260.32632,212.19533,193.705,208.88156,194.54486,201.86879,220.7758331298828
213.2667,261.65942,211.77452,193.53217,208.57817,195.21854,203.26955,223.3157196044922
212.96263,263.4269,215.01471,194.23326,210.96806,195.35617,206.41388,224.8787384033203
213.19382,264.062,215.9992,194.41422,212.0392,195.71715,208.29543,223.8041839599609
212.885,264.9226,215.52554,194.38611,212.02274,196.12549,209.70674,226.8325042724609
212.7363,265.56424,216.99063,195.21632,212.75388,196.16214,211.8216,231.61924743652344
213.3059,265.5237,219.57788,196.20958,214.7732,196.47984,213.66779,230.15391540527344
213.67033,265.8484,218.73616,196.1636,214.56866,197.18587,214.20714,238.6528167724609
214.94331,265.7819,222.66951,197.76915,216.93187,197.40077,216.55449,248.372802734375
216.90271,267.12772,226.926,199.99957,220.53194,198.36462,218.41986,248.8612518310547
218.91893,271.4748,228.40614,201.11713,222.388,199.93153,219.35068,262.2934265136719
222.21771,274.68018,233.86784,203.14203,225.9154,201.13913,221.84784,255.9436492919922
224.77007,280.07288,232.54855,203.37677,226.13815,202.90982,220.93486,254.7225646972656
226.34843,282.8123,232.44542,203.39275,225.5947,203.38104,223.26851,253.7456512451172
227.17015,283.9468,231.78082,203.1656,225.27989,203.16058,224.24107,254.4783477783203
227.63339,283.79785,231.54288,203.06963,224.97736,203.03418,223.6942,254.9667816162109
227.59373,282.87204,231.58453,203.12537,225.15034,202.5721,218.97032,249.10546875
226.22641,281.04868,228.36452,202.15094,222.90167,202.2655,216.16382,245.1979217529297
225.0557,277.87427,225.92567,200.97011,220.81108,201.63663,214.57298,254.7225646972656
225.48117,274.03824,230.00807,202.20432,223.59843,200.67752,215.09212,255.9436492919922
226.01468,273.09222,229.96193,202.60472,224.36842,200.22186,217.54688,253.01300048828125
226.626,273.72543,229.18658,202.2724,224.18246,200.98618,216.34158,245.4421539306641
226.1752,273.9588,224.19736,200.73328,220.59233,200.85892,215.2215,253.7456512451172
227.90706,271.61844,227.72652,201.73384,222.45555,200.02815,214.69093,248.1285858154297
228.3651,271.72272,224.46753,201.09581,221.09239,199.42624,214.7988,240.6065826416016
227.7373,270.53577,219.90755,199.24629,217.4475,199.37466,213.93948,243.24417114257807
228.26384,266.5274,221.01715,199.28131,217.61833,198.03946,211.153,235.7221527099609
228.21608,265.76132,216.67827,197.53876,214.96962,197.03676,208.24179,246.4190368652344
229.45079,262.27243,222.42735,199.78743,218.44632,196.27193,209.5694,247.3959197998047
230.65645,262.63727,223.26382,200.53397,220.11093,196.27322,209.62932,240.0204315185547
231.03137,267.87067,218.54587,198.8942,216.84138,197.99342,207.55952,239.6296844482422
231.62968,268.6156,218.06435,198.41818,215.71982,197.93898,204.01122,236.3082733154297
231.56084,270.24426,215.60413,197.35413,213.94258,197.31815,204.49333,239.3366241455078
232.07887,269.29422,217.26048,197.89482,214.75525,196.68839,203.89488,227.614013671875
230.6798,267.7185,212.03156,195.39821,211.14168,195.99707,201.72928,220.97120666503903
229.07501,265.45816,208.37357,192.701,207.71964,195.6881,198.59622,222.4365234375
228.0688,261.2859,207.97208,192.47522,206.96165,194.14067,195.38606,217.06365966796875
225.9529,258.40247,204.44032,190.39471,204.38164,192.53796,194.52019,223.70648193359372
225.37068,253.92735,207.79897,191.93118,206.34787,191.52805,193.1682,223.3157196044922
224.70122,252.22041,207.16005,192.10822,206.42773,190.98381,191.17665,230.93540954589844
225.29037,253.41406,212.07945,194.814,209.78491,191.74458,193.8303,224.7810516357422
225.18727,255.41908,208.6069,193.52927,207.72427,193.68661,190.08418,227.90708923339844
225.72252,259.33063,210.33218,194.18813,208.35141,194.34192,193.89203,233.67068481445312
227.01009,261.05292,214.36711,196.02353,211.22168,194.68565,199.66423,236.9921112060547
227.95485,265.46405,218.16168,197.56929,214.52754,195.67043,200.99602,237.28515625
228.22507,270.75134,219.62436,198.4154,215.99663,197.44942,202.92436,244.12335205078125
229.40192,275.75638,223.63669,199.97774,218.82379,198.74306,205.58353,240.9973297119141
229.57605,280.42075,223.18251,199.89604,219.264,200.08069,207.5104,245.1979217529297
230.04114,283.31714,225.71915,200.6314,220.71457,200.58205,211.13023,247.3959197998047
230.27373,284.37018,227.25105,201.23798,222.24988,201.12335,214.10712,244.0256805419922
230.10922,285.80258,225.88641,200.82278,221.53456,201.57121,214.93892,246.6632537841797
229.83899,285.0674,227.61282,201.05614,222.39377,201.62802,218.45224,244.9537048339844
229.56516,284.36423,226.81493,200.84299,222.2141,201.60603,218.47815,244.46527099609372
229.14587,283.2483,226.24324,200.40192,221.65659,201.6615,218.17236,244.46527099609372
228.62013,280.97256,226.28244,200.37555,221.62186,201.37823,216.02855,243.0487823486328
228.13377,279.63278,225.54866,200.09514,221.24773,201.13814,211.53458,245.1979217529297
228.08765,277.30618,226.1632,200.20578,221.63626,200.91026,211.78265,246.4190368652344
228.17757,276.62137,226.51111,200.49838,222.18675,200.77046,212.08449,253.9898681640625
229.63475,276.70062,229.90535,201.81699,224.44098,200.8788,220.99483,267.6662902832031
232.0582,278.37363,234.4708,204.3486,228.39989,201.8369,224.13702,265.7124938964844
234.42363,284.9975,234.8058,204.919,229.42279,203.67159,224.22485,266.4451599121094
237.17725,289.69556,235.71855,205.26157,229.93733,204.70421,225.81842,268.1547241210937
239.71143,293.8514,237.01991,205.75989,231.0985,205.10437,227.02048,274.9928894042969
242.2113,297.08896,239.64038,206.78212,233.18605,205.36356,228.71806,282.5637512207031
244.85806,300.44193,242.8213,207.83047,235.97386,206.10638,230.30234,284.2733154296875
247.10272,304.49548,243.94315,208.3421,237.2131,207.0829,231.49083,279.3888854980469
248.53383,308.37183,242.40852,208.11893,236.32953,207.71866,231.05283,280.1215209960937
249.3944,308.2611,242.61528,208.02283,236.1047,207.68413,232.97838,287.9366149902344
251.02032,308.10715,245.23378,208.60109,238.20862,207.5006,234.30948,283.5406494140625
251.5285,309.09326,243.66446,208.4155,237.51988,207.77452,232.26651,274.7486572265625
250.59956,308.05753,239.95047,207.52814,234.5725,207.6645,225.67906,275.96978759765625
250.19022,305.63522,239.6502,207.09167,233.90837,207.01343,224.43661,277.4350891113281
250.07536,302.92648,239.56306,207.16692,234.12135,206.1392,223.6504,275.96978759765625
249.39088,300.23157,237.96916,206.80333,233.31,205.70581,224.6607,272.0622253417969
248.93518,297.82416,236.22083,206.28491,231.98537,205.28833,223.91403,274.7486572265625
249.26689,294.8321,235.99786,206.31134,231.88974,204.78246,221.55222,272.794921875
249.53778,294.1302,234.11818,206.04903,230.94794,204.34698,220.246,278.4120178222656
251.29697,292.36557,237.24774,206.9254,233.1454,204.06476,222.0093,279.8773193359375
253.51021,293.66943,238.20924,207.37712,234.57835,204.4576,221.97325,278.90045166015625
255.59215,297.8256,237.69838,207.54214,234.39642,205.33821,220.51514,273.77178955078125
256.4044,300.91968,235.04854,206.8369,232.5925,205.622,220.01321,269.6200256347656
257.51154,302.397,232.85405,206.02107,230.6715,205.24585,218.77623,275.2370910644531
259.08945,301.49496,235.89754,206.79976,232.6692,204.6118,218.29842,271.32958984375
259.01736,300.87057,233.17316,206.28479,231.26067,204.28424,217.02916,264.2471618652344
258.15598,299.77972,230.38579,205.1214,228.68263,204.27486,215.82745,259.1185302734375
257.76138,297.1773,228.20193,203.92102,226.46118,203.78061,212.70787,254.9667816162109
256.80487,294.81302,225.31657,202.56345,223.98083,202.94302,211.0834,266.4451599121094
257.16513,291.89737,230.81416,204.76247,227.75787,201.78964,210.498,272.794921875
257.816,290.7662,233.67758,206.09166,230.3757,201.63922,211.08348,274.2602233886719
259.1803,294.92047,235.55731,207.18115,232.4791,203.38737,214.96693,269.131591796875
259.8102,300.39426,233.63013,206.51102,231.0685,204.93468,210.4873,265.7124938964844
260.17856,305.73718,232.30048,205.8587,229.82939,205.35146,210.05154,265.4682922363281
260.3311,308.07266,231.91313,205.54628,229.36362,205.23404,213.05661,264.0029296875
259.70435,307.8207,231.32515,205.22896,228.81436,204.76239,212.01785,262.2934265136719
258.34515,305.90686,230.20703,204.66924,228.01512,204.40111,210.52579,271.8180236816406
258.90085,302.89975,235.34227,206.07242,231.29224,204.10818,218.363,271.8180236816406
258.71527,301.88333,235.94102,206.36429,232.5929,204.68597,219.29875,278.90045166015625
260.118,304.70792,240.13776,207.49614,235.55748,205.52527,222.28207,284.5175170898437
261.8313,308.39575,242.39992,208.40256,237.79924,206.81293,223.2516,279.1446533203125
262.91788,315.7721,240.71353,208.32741,236.9439,207.91055,221.36441,278.6562194824219
263.32257,320.04736,240.42952,208.07455,236.5105,208.30687,223.55396,276.2140197753906
263.4264,320.70657,239.67528,207.82237,235.96396,208.25023,223.37851,290.86724853515625
265.22934,319.47058,245.78566,209.34651,239.95633,207.99736,227.64359,290.86724853515625
266.09,319.2049,246.15411,209.76546,241.26529,208.76733,229.19785,296.72857666015625
267.41003,323.31705,248.36899,210.25833,242.85014,209.43076,231.59238,290.1346130371094
268.284,326.12137,246.7338,210.13658,242.19366,210.16632,229.42566,293.06524658203125
269.51523,326.62802,247.57748,210.10426,242.5657,210.29657,232.51811,283.29638671875
268.84595,328.05035,243.52261,209.28224,239.41312,210.17262,226.81053,300.1476745605469
270.4509,324.38,250.10551,210.66177,244.025,209.86008,233.81856,302.8341064453125
271.67853,324.72067,250.822,211.25662,245.73184,209.9047,233.81012,301.2292262486049
272.75845,328.42242,250.16525,211.2194,245.25417,210.65471,231.13753,291.5999450683594
272.34973,330.5007,245.89828,210.37857,241.84169,210.97511,226.13818,290.1346130371094
272.60965,329.01846,245.45923,209.9068,241.19305,210.59837,225.5023,288.425048828125
272.19385,326.59485,244.49184,209.70853,240.71002,209.7364,226.71251,289.4019470214844
271.84756,323.91055,243.96552,209.5993,240.43591,209.16624,226.4096,295.5074768066406
272.10696,320.69177,245.9843,209.99355,241.75809,208.70044,225.46552,295.7516784667969
273.2743,320.77585,246.8938,210.5848,243.25452,208.9332,224.90273,302.5898742675781
275.3107,322.08987,250.06754,211.13136,245.61797,209.3717,226.20398,306.00897216796875
278.10257,326.55515,252.0458,211.57483,247.5515,210.17397,227.86507,309.6722717285156
280.81323,333.08295,252.88075,212.03978,248.52318,210.82022,231.79051,318.4642639160156
284.17557,339.38443,255.81454,212.88608,250.9752,211.38728,235.53722,318.4642639160156
287.07092,345.7713,256.5719,213.18439,251.98878,212.21222,236.48904,317.7315673828125
289.54416,351.48547,256.82428,213.34167,252.42508,212.75838,237.56932,317.4873352050781
291.1762,353.70868,256.85056,213.25146,252.48317,213.05104,238.8948,318.4642639160156
292.33987,354.56815,256.8824,213.15053,252.48634,213.06622,240.2454,322.37176513671875
293.44232,354.15033,258.1574,213.3162,253.44968,212.9868,241.34747,320.1737670898437
293.48914,353.9098,257.22888,213.16437,253.10083,213.06966,240.32274,317.7315673828125
293.2972,353.49338,256.18018,212.89088,252.26816,213.07492,235.57907,310.649169921875
292.2251,351.50482,253.36476,212.3145,249.96895,212.92216,232.67618,306.98583984375
290.5332,347.6449,250.56248,211.68527,247.69069,212.46053,232.0446,303.07830810546875
288.7142,342.03278,248.16197,211.0728,245.78624,211.64694,230.53545,298.4381103515625
287.0176,335.79092,245.57512,210.42046,243.71706,210.77399,228.10013,299.9034423828125
286.24652,329.00623,245.55838,210.36566,243.44884,209.79634,224.92085,316.02203369140625
288.24924,325.86826,252.17923,212.0625,248.3706,209.01399,224.54527,316.02203369140625
289.982,327.156,252.40189,212.61653,249.78609,210.10544,225.53249,315.0451354980469
292.44913,335.28937,252.6966,212.87527,250.07588,211.08363,225.06618,314.0682678222656
295.172,342.53925,252.76317,212.95375,250.26973,211.71132,224.42091,310.1607360839844
297.2367,348.87378,251.17863,212.74542,248.96487,211.93352,223.60149,310.8934020996094
297.97952,351.87042,251.47925,212.72462,249.22852,211.93233,224.24023,307.7185363769531
297.81598,351.5889,249.98639,212.4716,248.14409,211.72949,224.36986,304.7878723144531
297.11578,349.72824,248.43414,212.01422,246.82733,211.5607,222.7926,298.9265441894531
295.56287,345.56216,245.5755,211.21547,244.43839,211.22635,221.83199,298.9265441894531
294.2229,340.4344,244.82155,210.6708,243.57248,210.67851,222.33504,295.7516784667969
293.53458,335.99023,245.74908,210.46915,244.36697,210.02174,220.19989,304.7878723144531
294.08835,333.31985,248.19357,211.27524,246.05974,209.6206,219.67355,298.9265441894531
293.67767,332.68057,245.9432,211.06123,245.02223,209.8955,218.68706,305.0321044921875
294.7567,335.18713,248.28448,211.59032,246.1905,210.09584,217.5363,298.4381103515625
294.84058,336.9057,246.1021,211.31125,245.14911,210.4579,216.98087,295.5074768066406
295.05743,339.50677,244.54602,210.84995,243.71986,210.56184,215.61902,292.821044921875
294.2667,339.7396,242.58037,210.26562,241.91946,210.28842,214.59108,295.5074768066406
294.46457,337.7419,243.97577,210.62202,242.62364,209.92047,215.23222,297.9496765136719
294.10596,336.00555,245.42264,210.94861,243.84305,209.44563,214.73672,302.3456726074219
294.77814,335.7488,248.24156,211.68417,246.18646,209.7396,219.9427,304.54364013671875
295.22314,337.95612,250.09787,212.01633,247.6153,210.53355,222.2879,308.6954040527344
296.80875,342.7267,252.44933,212.48344,249.33904,211.29735,222.84091,308.6954040527344
297.16232,348.58362,252.45267,212.51239,249.60477,212.02963,223.59239,303.07830810546875
296.7597,354.6415,250.0164,212.12483,247.97534,212.44359,221.11584,298.6823425292969
295.4624,355.9114,247.8901,211.4435,246.14691,212.52283,219.17142,294.0421447753906
293.53595,352.63348,245.04237,210.58194,243.85887,212.2092,218.29231,298.6823425292969
292.3801,346.47766,247.2772,210.75717,245.08644,211.50262,220.22652,301.61297607421875
291.37704,340.5627,248.42845,211.00623,246.11667,210.84258,221.1222,288.9135131835937
289.11032,339.23825,243.08284,209.78471,242.3293,211.04242,219.58623,290.86724853515625
287.97003,334.10727,243.09834,209.33482,241.70961,210.9112,217.12114,296.2401123046875
288.31754,331.98923,245.43837,209.98967,243.37746,210.17894,216.57236,303.8109741210937
289.39084,333.11166,249.00496,211.05458,246.18341,209.92807,217.54117,300.8803405761719
289.55048,334.5836,247.9841,211.2093,245.96915,210.81288,219.8407,298.9265441894531
290.043,339.89755,247.31337,211.0649,245.31139,211.27182,221.12204,303.5667419433594
291.51154,342.25143,249.58835,211.51738,246.5973,211.42029,224.07144,297.7054443359375
291.08563,345.3233,247.04794,211.04251,245.14288,211.65523,221.28966,302.8341064453125
291.1914,345.7199,249.3931,211.35799,246.48624,211.71455,224.99004,300.1476745605469
291.2325,344.8992,248.78438,211.25049,246.25433,211.71518,224.57593,300.3918762207031
290.75293,345.93082,249.04492,211.07472,246.39082,211.77702,226.06342,302.1014404296875
290.33975,344.6998,249.69373,211.07208,246.64168,211.66788,227.61446,309.183837890625
290.99393,345.00717,251.95361,211.66199,248.37534,211.74141,228.93675,308.2069702148437
291.2259,346.98972,251.77718,211.74815,248.65651,212.29471,228.93367,302.5898742675781
290.68835,349.06567,249.87029,211.35094,247.39148,212.60329,226.76163,298.9265441894531
289.62503,348.33655,247.4822,210.71515,245.41049,212.56833,222.6889,297.9496765136719
288.5918,344.59592,244.9066,210.26381,243.38245,212.1576,221.49802,293.3094787597656
287.1987,339.59964,243.82993,209.74614,242.21811,211.4746,221.50735,294.53057861328125
286.32275,333.6401,244.03638,209.66557,242.35136,210.74437,220.23813,287.2039489746094
284.77316,330.84265,240.49515,208.72754,239.60976,210.07393,217.39066,286.71551513671875
283.72244,326.35526,239.66734,208.41957,238.58289,209.7001,214.8424,282.5637512207031
282.72327,324.09344,237.83765,207.68127,237.03972,208.91821,213.52371,290.623046875
283.2677,322.54605,241.13657,208.88495,239.27052,208.41919,212.28679,284.7617492675781
282.41522,321.64984,237.21387,208.17029,236.58224,208.30025,210.58902,270.596923828125
280.619,322.89816,230.47466,205.86914,229.92502,208.43307,208.24966,273.0391540527344
280.0422,320.48962,234.39958,206.91727,233.02272,208.01834,206.67352,291.1114807128906
281.41278,318.41254,240.16402,209.07802,237.04451,206.5768,212.91393,295.0190124511719
282.2575,320.17844,243.29924,210.2972,240.5284,207.60738,214.02057,294.7748107910156
283.62448,325.6113,245.26819,210.86922,242.32666,209.16632,214.82858,293.3094787597656
284.74042,332.81766,245.57065,210.861,242.49277,210.32408,215.79689,290.86724853515625
285.577,338.0351,244.80186,210.42557,241.83842,210.81421,216.32175,285.0059509277344
284.61993,342.4062,243.27954,209.77734,240.74187,210.89296,215.85657,281.8310852050781
282.89114,341.39505,241.19777,208.86601,238.83539,210.65987,214.46053,286.71551513671875
282.3005,338.33438,243.89345,209.503,240.82263,210.06206,217.60164,290.1346130371094
281.46936,334.59247,245.10915,209.55685,242.05743,209.58261,220.99507,292.821044921875
281.02982,333.22302,246.2628,209.77031,242.91885,209.93689,224.09132,290.86724853515625
280.95197,332.61826,246.80635,209.70496,243.7889,210.39502,222.11333,287.6923828125
280.92676,334.49625,245.4849,209.40445,242.74405,210.6349,219.3933,288.1808166503906
280.6116,335.21628,245.03647,209.22813,242.22362,210.61784,219.23686,282.0753173828125
279.60376,334.96094,241.83902,208.58284,239.99449,210.42172,217.51868,290.86724853515625
280.12827,330.80176,245.53983,209.35947,241.97237,210.06949,223.4717,295.26324462890625
280.96933,329.249,247.69093,210.18143,244.05025,209.8784,225.80641,293.5536804199219
281.282,331.96884,247.2598,210.14851,244.04265,210.418,225.66286,301.3687744140625
282.7464,333.71664,250.18755,210.93155,245.82162,210.82246,227.75908,295.7516784667969
283.29883,337.78265,247.9871,210.71664,244.8449,211.44623,225.53116,294.0421447753906
283.31235,340.78934,246.82045,210.34808,243.7015,211.62827,226.04156,289.890380859375
282.21844,341.0126,244.90443,209.9568,242.31592,211.44232,222.20248,287.4481811523437
281.01855,337.52475,242.83302,209.39694,240.47585,211.05722,220.45865,282.31951904296875
279.18744,333.19193,239.85565,208.46555,238.13263,210.41441,219.82698,277.4350891113281
276.9866,326.43005,237.7966,207.50905,236.1518,209.67497,218.25963,273.527587890625
275.1006,320.78693,236.13954,206.57709,234.73967,208.6113,214.85869,279.6330871582031
274.6794,315.23495,238.19905,207.29988,235.98651,207.59137,212.87938,285.494384765625
274.78192,312.85587,240.4744,208.16045,237.98233,206.97435,213.66006,279.6330871582031
274.8888,315.03564,238.14082,207.81891,236.75418,207.61624,211.97464,283.78485107421875
275.79004,316.7459,240.12485,208.42259,237.6783,207.95203,211.28304,284.7617492675781
277.11316,319.86176,240.31212,208.70308,238.00273,208.22362,211.60464,294.0421447753906
279.19165,323.73132,245.07687,210.09361,241.35745,208.44302,218.5639,292.5768127441406
280.04712,327.66394,244.69939,210.32925,241.68887,209.50511,219.07593,289.15771484375
280.87955,333.00543,244.79411,210.22737,241.58075,210.09953,220.04836,289.4019470214844
281.12213,336.09912,244.92067,210.06665,241.4563,210.38574,221.43881,284.5175170898437
280.0919,336.96356,242.51419,209.29182,239.85005,210.38098,220.61948,284.5175170898437
278.6948,335.44742,242.55109,208.98503,239.56593,210.2006,220.6407,285.494384765625
277.57706,331.41956,242.3508,208.8236,239.39807,209.65195,218.8295,278.4120178222656
275.07047,329.42477,238.28447,207.68129,236.54593,209.39287,216.07657,271.32958984375
272.6948,322.6446,235.22894,206.3867,233.51732,209.00821,214.65427,265.2240600585937
270.1964,317.08514,232.02675,204.9568,230.76508,208.08876,213.31155,262.5376281738281
268.37653,310.42685,230.3948,204.03423,229.35916,206.82498,210.15059,267.42205810546875
267.193,305.15317,231.05672,204.43677,229.60541,205.36594,208.13571,264.2471618652344
265.86783,302.40048,228.60655,203.96397,227.91774,204.51112,206.87437,264.49139404296875
265.25613,300.33118,228.18007,203.78194,227.21669,204.44733,204.42738,264.0029296875
265.08594,300.31015,228.27715,203.7681,227.07854,204.21474,202.67209,260.3396301269531
264.94296,301.66034,226.65459,203.34323,225.95576,204.18477,201.4156,258.6300964355469
265.02805,301.90604,225.82109,202.94612,225.0128,204.10637,199.87605,251.7919006347656
264.4145,301.723,223.00684,201.5782,222.61308,203.81313,198.42903,261.8049621582031
264.41534,300.09146,226.62779,203.21187,224.52885,203.39888,204.69902,263.02606201171875
263.6709,298.20444,227.92668,203.86418,226.10822,203.00873,205.01114,267.1778259277344
263.19186,301.27554,230.71643,204.88272,228.16039,203.76431,206.32713,261.8049621582031
262.5749,302.9737,229.27367,204.41585,227.43924,204.98857,205.18806,263.2702941894531
262.14102,306.6673,230.31529,204.48314,227.75545,205.42276,207.3576,268.39892578125
262.27875,308.26834,234.28802,205.54214,230.51703,205.6249,208.80824,261.56072998046875
260.70212,311.7163,230.20784,204.64539,228.1866,206.1965,207.0011,267.42205810546875
260.33026,312.1431,233.9875,205.40486,230.2503,206.40425,211.82878,269.6200256347656
259.92496,311.39328,234.88722,205.7231,231.2287,206.52411,214.0031,271.57379150390625
259.3835,314.81134,235.87828,206.03052,232.36908,206.94728,216.56558,271.0853576660156
258.70245,314.6996,236.17049,205.94159,232.52142,207.45128,218.0431,266.200927734375
257.71127,315.90564,233.44148,205.19081,230.5112,207.66498,217.00111,266.6893615722656
256.949,314.65958,233.67531,204.93271,230.29506,207.65373,218.49657,262.2934265136719
255.22903,311.84833,231.04445,204.01213,228.44553,207.10428,213.07185,265.95672607421875
254.33716,308.5721,232.28503,204.39362,229.09131,206.64243,213.54907,270.8411560058594
254.82045,305.13025,236.08711,205.36975,231.95975,206.01053,217.52953,276.2140197753906
255.89499,305.7327,239.23781,206.34799,234.7169,206.52528,222.60112,283.5406494140625
257.4954,308.0158,241.67923,207.47946,236.91183,207.50255,223.81491,281.3426513671875
258.86273,313.83328,241.40778,207.76828,237.13272,208.50781,223.46968,279.8773193359375
260.13824,317.9238,241.26816,207.79462,237.01039,208.98077,224.15958,277.1908874511719
260.76334,320.57184,240.00577,207.45288,235.93318,209.0704,223.9862,279.8773193359375
261.26285,319.52417,241.55469,207.7528,236.93924,208.93346,225.87244,283.0521850585937
261.9002,318.9226,242.48654,208.20105,237.71878,208.63162,226.95354,282.0753173828125
261.94946,319.32587,242.30402,208.13615,237.91713,208.85582,224.90233,272.5506591796875
260.6567,318.88052,237.62616,206.98917,234.40309,208.94434,218.28076,264.7356262207031
258.5833,314.55722,233.33328,205.42825,230.73738,208.67905,216.31381,273.2833557128906
258.30545,308.1642,236.62415,206.06358,232.60085,207.5477,217.23672,273.0391540527344
257.86682,304.3654,235.90668,206.14905,232.85365,206.35388,217.13351,289.4019470214844
259.8353,302.21167,243.43668,208.51344,237.9168,206.2486,222.78442,287.2039489746094
261.54926,305.1882,242.90701,208.93852,238.80487,207.73735,218.63428,285.7386169433594
263.87274,313.30768,243.22917,209.16496,238.98633,208.64305,218.45488,280.6099548339844
264.7879,319.37207,240.70396,208.42783,237.00984,209.15353,218.11252,278.4120178222656
265.65213,321.1792,239.47739,208.0099,235.86029,209.07677,218.12859,278.90045166015625
265.53363,320.86917,239.1418,207.88408,235.48463,208.49077,219.81766,280.3657531738281
265.35834,317.9301,239.99728,208.11476,236.27155,207.85706,219.23535,282.31951904296875
265.22858,316.86115,240.88324,208.28693,237.11208,207.6444,218.61633,286.71551513671875
266.16635,315.58084,242.84517,208.76906,238.6148,207.90982,222.2174,293.5536804199219
267.62338,317.07697,245.92633,209.5077,241.0329,208.42963,229.11504,293.5536804199219
269.18484,321.14133,246.55373,209.85498,242.25824,209.26541,229.15497,292.33258056640625
270.37927,325.88614,246.21744,209.85506,241.83302,209.79872,229.52513,294.286376953125
271.90686,328.9931,247.05676,210.0361,242.42679,210.02548,230.4272,291.5999450683594
272.5576,330.94412,246.11325,209.92448,242.02419,210.14099,229.8495,292.33258056640625
272.58975,329.98187,245.96236,209.73373,241.66226,210.09618,229.9577,288.6692810058594
272.14835,329.163,244.00424,209.36494,240.34367,209.89284,224.05309,290.86724853515625
271.99612,326.47778,244.7224,209.34692,240.53703,209.6789,223.30391,283.78485107421875
270.16397,324.1611,239.20088,208.47356,236.54662,209.30612,221.96112,282.8079528808594
268.91275,320.1175,239.0271,207.95566,236.02492,209.06401,222.00325,283.0521850585937
268.31186,315.45975,239.40408,207.84523,236.60378,208.22002,220.11057,279.3888854980469
267.53983,313.6689,237.00958,207.33844,235.01694,207.67238,218.32545,278.90045166015625
267.23962,309.58936,236.83768,207.06863,234.61104,207.18718,217.49478,281.5868835449219
268.0587,309.14636,238.1548,207.59077,235.66846,206.80318,215.9573,283.29638671875
268.889,308.5725,238.69553,207.94753,236.08603,206.70259,215.6678,284.0290832519531
269.85815,310.91122,238.80652,208.1739,236.25832,207.0327,213.99294,275.7255859375
269.58316,313.73737,234.5223,207.12927,233.15486,207.34363,213.41469,274.50445556640625
19.822104,25.205343,22.5409,23.222383,21.430992,23.831453,23.02657,19.66703414916992
19.389786,24.406263,21.21236,21.77172,20.247452,22.518164,22.13866,20.19412422180176
19.591576,22.91255,21.49682,22.541315,20.315046,22.010761,22.289387,19.89763641357422
19.329124,22.45957,21.127337,22.10309,20.02876,21.52,21.923101,20.75415802001953
19.483717,23.312,21.699554,22.867594,20.319935,22.170784,22.52762,20.918872833251957
19.459747,22.69486,21.76409,22.868599,20.275848,22.304737,22.580069,20.95181655883789
19.32082,23.934626,21.80127,22.798473,20.281235,22.585499,22.437017,21.116531372070312
19.364292,23.297237,21.852985,22.917847,20.309793,22.447083,22.42347,22.154239654541016
19.789364,23.784132,22.731878,23.988754,20.943892,22.36105,23.408985,22.368370056152344
20.031294,24.235086,23.45538,24.491837,21.591547,23.319105,23.535858,21.775394439697266
19.873386,24.393503,22.788383,23.78883,21.136055,23.675377,22.783123,21.00122833251953
19.632708,24.326183,22.31517,23.213726,20.796953,23.431017,22.22074,20.21059799194336
19.40258,24.062407,21.54542,22.372402,20.181767,22.662964,21.31273,19.617618560791016
18.950695,23.676975,20.821083,21.663818,19.539673,22.165361,20.725304,19.66703414916992
18.778612,22.850986,20.969048,21.804144,19.617556,21.439457,20.65827,19.798809051513672
18.622253,22.612219,21.011187,21.86653,19.64465,21.368898,20.706415,18.41519927978516
17.933231,22.554972,19.788935,20.25079,18.696108,21.426634,19.48023,18.019880294799805
17.606085,21.918745,19.359192,20.039984,18.253542,20.806963,19.260567,19.41996192932129
17.94063,21.26844,20.347723,21.514172,19.031815,19.850122,20.467869,18.56344413757324
17.50717,22.055525,19.60448,20.360264,18.509588,21.135283,19.485521,17.344547271728516
17.012627,21.509285,18.674934,19.133217,17.624601,20.82951,18.485449,16.199771881103516
16.4027,20.5393,17.436274,17.981056,16.525196,19.569931,17.548302,19.07405662536621
17.189936,19.426466,20.134596,21.436989,18.53903,18.67896,20.7673,18.92581558227539
17.108856,20.34422,20.181503,21.214472,18.567987,20.811037,20.357424,18.678741455078125
16.950243,21.3998,19.498777,20.556044,18.010517,21.514633,19.830303,18.72815704345703
16.820578,20.7022,19.45122,20.605173,17.974583,20.69526,19.722353,18.678741455078125
16.81566,21.863777,19.479929,20.613821,17.96804,20.172134,19.65665,18.76110076904297
16.793285,21.912575,19.647678,20.70073,18.041716,20.097437,19.66206,18.72815704345703
16.78392,21.326965,19.70254,20.568127,18.039724,19.856167,19.365301,18.316368103027344
16.403242,21.43898,19.177387,20.067154,17.76079,20.05153,18.813297,19.436433792114254
16.871555,21.109808,20.356388,21.389187,18.601295,19.634445,20.274517,19.172889709472656
16.513845,21.827225,20.295944,21.193087,18.724564,20.344511,20.470903,19.40349006652832
17.097532,21.45853,21.099699,21.41807,19.187151,20.734814,20.453516,19.551733016967773
17.445183,22.09852,20.858686,21.564756,19.282858,21.149609,20.491045,19.66703414916992
17.492064,23.148527,20.807306,21.641102,19.330986,21.77072,20.621176,21.16594886779785
18.165667,23.241648,22.15849,23.097624,20.23582,21.605783,22.185839,21.13300323486328
18.182117,23.927065,22.246283,22.990126,20.351059,22.621353,22.255518,23.241363525390625
19.330635,23.953308,24.069742,24.92153,21.507858,22.689278,24.347622,23.09312057495117
19.382154,24.9015,23.76884,24.791206,21.540024,23.944834,24.212559,23.43902015686035
19.77761,25.518242,24.21662,25.29301,21.88996,24.054705,24.643269,22.12129783630371
19.499762,25.660685,22.822054,23.89018,20.975351,24.016735,23.676313,21.676563262939453
19.332003,25.51357,22.643,23.653976,20.839233,23.433254,23.196527,21.775394439697266
19.117651,24.972628,22.615107,23.749744,20.742853,22.454817,23.163034,21.989526748657227
19.052116,25.177013,22.933191,23.965578,21.012999,23.001312,23.298014,21.05064582824707
18.383331,25.250412,21.913023,22.79058,20.239166,23.04664,22.519562,21.33066177368164
18.436836,24.888216,22.299694,23.071568,20.401693,22.22973,22.61205,20.65532875061035
17.9099,24.293633,21.605707,22.274693,19.983164,22.062262,22.164547,21.511850357055664
18.314453,24.029564,22.516016,23.187298,20.629871,22.287428,22.841362,22.549558639526367
18.73264,23.848835,23.155348,24.146877,21.314392,22.457798,23.828705,22.170713424682617
18.605995,24.782331,22.748407,23.541447,21.114052,23.643532,23.47402,22.10482406616211
18.627676,24.191599,23.003557,23.658833,21.271687,23.51957,23.425789,21.54479217529297
18.373003,24.330639,22.422056,23.037317,20.854319,22.940145,22.82119,22.582500457763672
19.123476,23.865843,23.247534,24.23453,21.511139,22.933556,24.026861,23.35666275024414
19.76139,23.979273,24.093264,25.195616,22.322014,23.514776,24.923546,22.944873809814453
19.732023,25.169394,23.689308,24.718493,22.164186,24.378336,24.639013,23.17547607421875
19.96073,24.963404,23.992622,24.998821,22.242702,24.396488,24.727575,23.38960647583008
20.311779,25.503935,24.394188,25.403908,22.605532,24.13715,24.952335,22.763687133789062
20.135622,25.789015,23.705717,24.654736,22.121534,24.495785,24.369793,22.5166130065918
20.014545,25.442873,23.536129,24.372606,21.925404,23.796015,23.915148,22.467199325561523
19.879776,25.000757,23.393293,24.349113,21.872047,23.44171,23.742083,22.91193199157715
20.113375,25.118649,23.763115,24.859804,22.169294,23.664213,24.168905,23.73550796508789
20.404182,25.25578,24.595812,25.745872,22.820248,23.855852,25.0162,24.954404830932617
20.858932,26.050468,25.64397,26.631443,23.534304,24.566433,25.952269,24.26259994506836
20.909649,26.597895,25.079708,25.838066,23.176685,25.72235,25.409939,24.23566436767578
21.023977,26.597172,25.183167,26.00016,23.349438,25.279955,25.320269,24.147016525268555
21.16146,26.624878,24.912893,25.909794,23.235966,24.948002,25.274014,24.678890228271484
21.367393,26.374533,25.352524,26.452597,23.613485,25.25054,25.810177,26.15040397644043
21.89753,26.57198,26.874926,27.847292,24.707808,25.490465,27.148554,24.94482421875
21.392641,27.620975,25.46239,26.354296,23.794128,26.832943,26.063368,24.98028564453125
21.35516,27.585289,25.680786,26.581327,23.888235,26.068775,25.991264,24.005184173583984
21.016184,27.19501,24.700586,25.534939,23.128683,25.2007,25.034317,24.02291488647461
20.853882,26.811363,24.736126,25.643957,23.11263,25.187605,25.12166,24.82072257995605
21.196009,25.89498,25.554935,26.4927,23.746014,24.537796,25.929907,24.271120071411133
20.852932,26.571228,25.019754,25.829308,23.486103,25.391958,25.343878,24.466142654418945
20.857697,26.53083,25.1183,26.044357,23.54706,25.48767,25.429932,24.25339126586914
20.513432,26.567331,24.811924,25.592005,23.251108,25.164888,25.027456,23.56195831298828
20.248978,26.178944,24.306387,24.896029,22.81318,25.03907,24.439749,22.604585647583008
20.003403,25.331057,23.845747,24.122913,22.416607,24.353775,23.757982,24.678890228271484
20.697227,24.493492,25.159208,26.442617,23.565245,23.912424,26.132772,25.1753044128418
21.09043,25.456398,25.703896,26.935816,24.176777,25.278215,26.623672,25.15757369995117
21.202936,26.5446,26.013033,26.914108,24.393654,26.974794,26.595196,27.657377243041992
22.245289,26.631657,28.15741,29.270563,25.80486,26.95581,28.968105,29.34164047241211
23.25783,28.294962,29.884943,30.738306,27.232986,28.409992,30.074938,26.41634178161621
22.452862,28.648096,26.35974,27.306608,24.723824,29.883877,28.014002,23.881080627441406
21.481144,28.128584,24.313576,25.145002,22.869305,27.89096,25.569298,23.31374931335449
20.975983,27.003147,24.484114,25.286755,22.860302,24.96693,24.598475,22.161359786987305
20.512434,25.817373,23.51472,24.197826,22.06458,24.415722,23.488224,21.36355209350586
19.879911,23.879898,22.658752,23.54565,21.388079,23.884638,22.989902,21.38128089904785
19.472008,23.555538,22.560575,23.500526,21.210278,22.909399,22.509033,20.920324325561523
19.079384,23.36246,21.976852,22.925858,20.704432,22.977043,21.807428,21.3458194732666
18.839396,23.070768,22.130407,23.258924,20.74023,22.925926,21.966871,21.789047241210938
18.982777,22.524792,22.73273,23.588264,21.089756,22.762928,22.08457,22.28546142578125
19.365778,22.932938,23.159718,23.974123,21.399431,23.451935,23.123907,24.501598358154297
20.051552,23.844307,25.00502,26.099682,22.874403,23.93777,25.403738,23.73924827575684
19.975151,25.65564,24.577097,25.32326,22.681664,25.81533,24.575722,24.05837059020996
20.370268,25.989859,24.958693,25.750101,22.977892,25.653818,24.759893,25.40578269958496
21.33755,26.52066,26.760353,27.58823,24.365183,25.424757,26.258617,26.13267517089844
22.21424,27.817568,27.33315,28.375927,25.118212,26.90478,26.915007,25.742637634277344
22.445168,28.26351,26.659718,27.853416,24.839346,27.666443,26.727137,26.57590103149414
22.896082,28.583864,27.753824,28.793966,25.371187,27.520847,27.561903,26.87729835510254
23.520885,29.531328,28.20772,29.05873,25.747826,27.71268,27.888187,26.59363174438477
23.721985,29.669985,27.874485,28.773273,25.667501,28.191456,27.72237,25.77809333801269
23.178581,30.002337,26.848944,27.886524,25.010977,27.769737,27.101955,25.52988624572754
23.209034,29.221416,27.007475,27.702272,24.932127,27.144884,26.60957,25.990842819213867
23.27083,29.309685,27.512337,28.324102,25.356775,27.043242,27.163464,27.178691864013672
23.730597,30.016623,28.538443,29.436642,26.244936,27.43997,28.273335,26.66454696655273
23.779995,30.543213,28.001616,28.69318,25.96818,28.632353,27.908447,26.07948875427246
23.53517,30.856531,27.290445,27.978662,25.410166,28.450005,27.325388,27.178691864013672
24.14048,30.254158,28.46888,29.349844,26.255716,27.625744,28.55778,26.68227767944336
23.958027,30.6989,28.011148,28.652235,26.099676,28.461966,28.121557,26.91275405883789
24.06609,30.467897,28.128662,28.90471,26.086239,28.657701,28.348358,28.01195907592773
24.542852,30.102034,29.44967,30.276987,27.309258,28.170168,29.396446,28.80976676940918
24.779799,30.856861,30.346933,31.050678,28.191288,29.571348,30.039495,28.40199851989746
24.774147,31.101524,29.581596,30.280437,27.64583,30.512371,29.643644,29.004789352416992
25.37352,31.343182,30.232431,31.098888,28.11828,30.00882,30.321024,30.015344619750977
25.95553,31.756819,31.175533,31.997637,28.856653,30.105484,31.351725,29.78486633300781
26.009153,31.931185,30.909073,31.646141,28.826115,31.195578,31.086966,29.34164047241211
25.998905,31.99326,30.516464,31.320414,28.586863,31.35382,30.785887,29.2175350189209
26.228619,32.12086,30.530762,31.243689,28.55513,30.685774,30.711048,29.377098083496094
26.292028,32.201447,30.672018,31.494053,28.720865,30.618486,30.946924,31.096818923950195
27.086056,32.394714,32.19672,33.247566,29.831724,30.70669,32.751602,33.18885040283203
27.717962,33.281837,33.921024,34.829018,31.153454,32.285076,34.396355,35.014949798583984
28.595917,34.003147,35.640923,36.348877,32.57745,34.007187,35.77995,34.12849426269531
28.913822,34.96121,34.99236,35.639107,32.539745,35.479473,35.231075,34.12849426269531
29.21921,35.822582,34.857903,35.80272,32.48133,34.870342,35.384583,31.71733856201172
28.69178,36.119595,32.771,33.409294,30.843575,34.79556,33.409683,33.18885040283203
28.846468,35.089993,34.039886,35.152077,31.548313,33.882572,34.48152,33.50797653198242
28.908728,35.14927,34.612595,35.545795,32.13457,33.17267,34.49361,32.56833267211914
28.35824,36.125103,33.58839,34.31634,31.557434,34.86758,33.70818,32.17829132080078
28.161486,35.699932,33.184143,33.963173,31.14977,33.889584,33.64469,33.66753387451172
28.74468,35.65341,34.772102,35.657604,32.224716,33.070316,34.91072,33.614349365234375
28.989399,36.053,34.68112,35.310375,32.461338,34.104687,34.956665,35.369529724121094
29.827623,36.41487,36.166294,37.175983,33.69558,34.817047,36.631046,37.90478515625
30.67427,37.202972,38.575546,39.5664,35.681705,36.066433,38.695198,38.91535186767578
31.485558,38.137848,39.350132,40.260216,36.46653,38.51468,39.55187,37.86933517456055
31.738556,38.45722,38.713173,39.45435,36.329998,39.53313,38.88415,40.40459060668945
33.040813,39.286064,40.910957,42.14629,37.8497,38.41888,41.506523,40.40459060668945
33.74141,40.21348,41.210392,42.34077,38.512527,40.011284,41.507217,41.66335678100586
34.463356,41.070053,42.39245,43.697247,39.60234,41.14485,42.638725,41.48606491088867
34.97193,42.11717,42.45575,43.74907,40.032185,41.950794,42.61936,42.74483108520508
35.683346,43.640633,43.588093,44.96036,40.84454,42.257095,43.824955,46.98208236694336
37.04283,44.53974,47.263035,48.61216,43.531616,43.127792,47.558514,48.31175994873047
37.972668,46.73538,49.47671,50.18627,45.601715,46.19265,48.09475,49.19821548461914
39.0563,47.866722,49.822067,50.940086,46.390274,48.01402,48.93923,49.50847625732422
40.22566,49.712162,50.2377,51.821995,47.34339,49.003586,49.684525,49.19821548461914
40.761963,50.896275,50.000553,51.87729,47.389606,49.767548,50.08021,47.64692306518555
40.970695,52.127018,48.84428,50.474606,46.597378,49.803375,49.122757,48.04582977294922
41.131172,52.70724,49.262028,51.079052,46.755985,48.95625,49.353497,44.8989143371582
40.536575,52.907753,46.605213,47.93469,44.690105,48.373272,48.276558,44.09224319458008
39.85368,51.91264,45.50255,47.12772,43.51823,47.502,48.406086,43.649017333984375
39.34592,50.37493,45.680275,46.719482,43.50244,45.526134,48.67115,43.87948989868164
39.34825,48.315914,46.716785,46.95835,44.257515,45.281254,48.585136,48.26744079589844
40.3223,47.34571,49.008404,50.97317,46.32169,45.147175,49.987038,47.11505126953125
40.476246,49.000034,48.628555,49.77135,46.73392,47.94808,49.579525,46.76047134399414
40.643642,49.861103,48.23941,49.39791,46.49337,49.099155,49.225777,45.563758850097656
40.94108,49.91192,47.326298,48.359344,45.726963,48.437298,48.27482,44.5000114440918
40.976074,48.718864,46.362694,47.293926,44.944675,47.416363,47.84543,45.07620620727539
40.9816,47.18218,46.597744,47.862423,45.044853,46.346085,47.488934,45.430789947509766
41.04369,46.385647,47.2256,48.465958,45.630146,46.023632,47.448795,46.00698471069336
41.338955,47.02083,47.520126,49.033913,46.01664,46.823875,47.83335,45.60807418823242
41.45198,47.814377,47.36865,48.731426,46.0833,47.792965,47.69213,46.45021438598633
41.684074,49.116882,48.009357,49.64204,46.526863,47.74651,48.69822,46.36156463623047
42.123394,49.561638,49.010044,49.60926,47.336155,48.12858,49.291233,44.54433441162109
41.606976,51.132084,46.76302,47.341152,45.8439,49.224586,47.81739,43.93268203735352
40.994938,49.320175,45.755146,46.501938,44.869873,48.12214,46.77526,43.57809448242188
40.739616,48.08773,45.86643,46.38333,44.70512,46.44235,46.08476,44.854591369628906
40.81825,46.530075,46.68884,47.79474,45.388027,46.269203,46.994007,44.32271957397461
40.653793,46.4452,46.172005,46.967186,45.257847,46.857613,46.648766,43.96813583374024
40.30446,47.72413,45.722828,46.430473,44.787163,47.330193,46.34585,44.36703872680664
40.540207,47.486214,46.174698,47.100834,45.04247,47.00575,46.70498,45.65240097045898
41.1039,48.709904,47.477146,49.070972,46.200817,47.08495,48.50287,46.09562683105469
41.51758,50.0323,47.857506,49.58853,46.647785,48.61643,49.67617,45.031883239746094
41.10711,51.054134,46.76795,48.000343,45.946423,49.7977,48.73051,45.696720123291016
41.299732,50.475136,47.7708,49.285408,46.509666,48.782608,49.42046,45.60807418823242
41.464928,50.4667,47.629898,49.298615,46.514,48.523815,49.283955,45.031883239746094
41.14994,50.50307,46.965122,48.285892,45.992702,49.336926,48.40945,45.29781723022461
41.29097,49.6605,47.447613,48.80599,46.24704,48.647247,48.627193,47.20369720458984
41.91208,49.87345,49.09082,51.313663,47.644524,48.498016,51.17638,47.868534088134766
42.326145,50.928493,49.889217,51.931404,48.563786,50.79493,51.813763,47.24802017211914
42.187016,51.649147,49.01703,50.911465,47.97413,52.125168,50.96183,45.82969284057617
41.839516,51.94771,47.82435,49.148594,46.788906,51.287804,49.299484,46.71614456176758
42.14148,51.131195,48.79102,50.537125,47.257046,49.54247,50.098785,45.74104690551758
41.719803,51.04285,47.80644,49.157837,46.73739,49.593803,48.780235,44.14542770385742
40.767853,50.613766,45.890972,46.41625,44.917606,50.05312,46.90494,45.209171295166016
40.899906,48.66207,47.33974,48.53043,45.881046,47.998314,47.18944,45.12052917480469
40.887024,48.613518,47.29462,48.183186,46.00877,47.75359,47.073463,44.32271957397461
40.29872,49.43228,46.47609,47.066013,45.43655,49.03015,46.761272,43.08168029785156
39.70987,48.72522,45.24981,45.430725,44.28619,48.74323,46.01807,42.8512077331543
39.754463,47.433285,45.30915,45.671497,44.23516,47.638966,45.726276,43.808570861816406
39.86524,47.149323,45.580486,46.759758,44.518723,46.70757,46.43897,42.00020599365234
39.12307,47.37857,43.799496,44.20382,43.074394,47.322346,45.4937,40.98965072631836
38.79884,45.973324,43.126118,43.66896,42.188335,47.199993,44.803158,39.55359649658203
38.474937,45.131817,41.82632,42.477337,40.992966,45.363216,43.875526,40.77690124511719
38.374462,44.678467,42.47117,44.031586,41.47466,44.986588,44.729553,44.056785583496094
39.18809,44.888435,45.6112,47.649593,43.78778,44.59503,48.453953,40.33367538452149
38.090687,47.12246,42.26988,42.902714,41.412277,47.936424,45.58335,42.3193359375
38.37789,45.24235,43.782703,45.832466,42.19136,46.861244,46.537647,43.54264068603516
39.02494,45.59036,45.215614,47.30735,43.44294,45.714375,47.364265,42.939849853515625
39.002163,49.14934,44.658623,46.330284,43.272842,48.326836,46.119705,41.66335678100586
38.58981,47.996983,43.678246,44.937466,42.385647,48.23368,44.351204,41.361961364746094
38.491837,48.467636,43.470154,44.894638,42.066914,46.282337,43.39879,42.19522476196289
39.1139,47.418198,44.3774,46.08503,42.873104,45.54514,43.969734,42.70937347412109
39.06734,47.500973,44.72011,46.39012,43.282448,46.132343,44.540524,44.4556884765625
39.752705,48.28759,46.603874,48.503284,44.835976,47.240345,46.69381,44.1276969909668
40.00256,48.320107,46.320595,47.78236,44.86404,49.032993,46.59707,43.205787658691406
39.538612,48.7817,45.99792,47.04182,44.730785,49.4142,45.890427,42.8512077331543
39.73796,49.273544,45.526123,46.57439,44.19809,48.380222,45.576714,42.372520446777344
39.697857,48.968052,45.075737,45.9381,43.860413,47.764015,45.057594,40.70598220825195
38.744007,48.23444,43.086452,43.46394,42.117588,47.33913,43.36466,41.13148880004883
38.430344,46.949192,43.54893,44.36277,42.275673,45.50376,43.32086,40.954193115234375
38.276188,46.613407,43.380836,44.023125,42.16097,44.460995,43.274887,41.947021484375
38.570896,46.91044,44.091316,45.14574,42.777676,45.24542,44.197712,42.0356674194336
38.401695,47.354034,44.12036,45.015343,42.958843,45.913254,44.609615,43.11714172363281
38.846992,48.20316,45.427006,46.49166,44.014492,46.579662,46.186386,43.47172164916992
39.226852,48.48968,45.610558,46.89188,44.372524,47.62088,46.92698,43.8263053894043
39.48572,49.16093,45.97482,47.37252,44.74759,48.31241,47.713566,44.54433441162109
39.82148,49.07822,46.794327,48.257687,45.321953,48.673817,48.623272,45.78536987304688
40.48032,49.246265,48.08291,49.663746,46.36368,49.108315,49.954796,48.53337860107422
41.2749,49.54518,50.8531,52.48702,48.665844,50.158657,52.357048,48.31175994873047
41.741226,51.154404,50.403465,52.00796,48.67984,52.332348,51.997578,48.09014892578125
42.08803,51.928707,50.151157,51.93034,48.707336,52.901333,51.93183,47.91285705566406
42.444916,52.865456,50.17655,51.98385,48.70461,52.18052,51.874092,50.04035186767578
43.137608,53.24818,52.61333,54.42225,50.509014,51.92457,54.05494,51.3257064819336
43.9149,54.727135,53.247112,55.211075,51.24003,53.754887,54.694958,51.81325912475586
44.501762,55.546688,53.5798,55.610893,51.864475,55.327625,54.854782,53.18726348876953
44.993187,56.755196,55.181313,56.960064,52.973675,55.48314,56.108307,52.655391693115234
45.49308,57.881977,54.460068,56.294235,52.65885,56.398014,55.647053,51.14842224121094
45.45988,58.321632,53.331257,55.084534,51.934048,56.248516,54.51876,50.04035186767578
45.192505,58.377743,52.475403,53.913357,51.04695,54.970016,53.663887,52.655391693115234
45.629574,57.77672,54.62542,56.696163,52.56774,53.995922,55.764374,52.212162017822266
45.795174,58.53007,54.665565,56.377617,53.021454,54.873398,55.187603,55.40339660644531
46.458065,58.956486,57.382526,59.504707,55.149574,56.151672,58.15589,55.004493713378906
46.77232,60.010986,57.085907,58.9261,55.36057,58.220577,57.442005,55.0488166809082
47.24426,60.660675,56.689247,58.866005,55.218956,58.629543,57.724083,53.71913146972656
47.167934,60.57496,55.636654,57.669357,54.414845,57.90255,57.297153,55.40339660644531
47.68399,60.18227,57.19833,59.559002,55.40895,57.228004,58.750076,55.181785583496094
47.821835,60.19237,57.21253,59.45291,55.733368,57.51829,58.37477,53.45320129394531
47.403107,60.680504,55.39878,57.23525,54.42695,58.539642,56.76671,51.14842224121094
46.565453,59.853043,53.244743,54.346607,52.29589,57.094143,55.53007,49.8187370300293
46.38672,56.99666,52.768105,53.422565,51.441525,54.82353,54.541897,49.419830322265625
45.87574,54.70311,51.872776,52.749096,50.83906,53.527668,54.501667,49.90738296508789
45.52707,52.97453,52.620102,53.20901,51.476517,53.086365,54.048496,51.724609375
45.728867,52.300728,53.537315,55.041153,52.3878,53.334255,54.534695,52.16783905029297
45.911285,53.67285,54.11025,55.52828,53.115868,54.81032,54.56046,50.08467102050781
45.31181,55.792084,52.039066,52.7796,51.36303,56.05606,53.768246,51.05977249145508
45.54023,55.00338,52.814987,54.130325,51.601433,54.79003,53.94234,50.88248062133789
45.95889,54.987556,52.873928,54.02745,51.769154,53.992077,54.368412,55.0488166809082
47.182213,55.9441,56.682,59.187828,54.787754,54.852303,59.990574,55.49204254150391
47.761086,57.01805,57.572662,59.703976,56.13602,58.466244,59.979015,56.555789947509766
48.464252,60.974686,58.481766,60.838802,57.106003,60.651016,60.867672,58.15140914916992
49.2377,61.313175,60.464016,62.613663,58.5883,61.336227,61.886986,60.10160827636719
50.470272,63.24831,62.301445,64.67211,60.114143,61.986176,63.343716,58.94921875
50.8733,64.04893,60.739227,63.47504,59.645905,63.847874,62.300087,56.51146697998047
50.39741,64.0368,58.66567,61.258736,57.916428,63.088665,59.737457,56.201210021972656
50.102844,63.820877,58.82559,61.2451,57.55896,61.397217,59.361362,55.80230331420898
50.352554,63.10876,58.9966,61.004112,57.57531,60.348034,58.959255,56.33417510986328
50.267025,63.40092,58.802044,61.029068,57.51066,60.725525,59.516026,55.314754486083984
50.03279,63.688408,58.20618,59.56117,57.089676,60.44357,58.820847,53.408878326416016
49.483906,63.64321,56.53052,57.72494,55.77842,60.441975,58.062252,55.226104736328125
49.4662,61.764774,57.876537,59.722794,56.571438,59.076042,58.876366,55.004493713378906
49.270905,61.74073,57.772568,58.936604,56.618755,58.87441,58.969284,55.97959899902344
49.138416,60.823013,58.264168,59.512554,57.04066,60.080845,59.199142,56.201210021972656
49.199905,60.762154,58.5364,59.937206,57.465363,59.999763,59.236988,56.37849807739258
49.349083,61.556396,58.8995,60.268772,57.822678,60.485928,59.52512,56.289852142333984
49.50236,62.04065,58.651997,60.13921,57.824173,61.327553,59.751728,57.39791870117188
50.206074,62.84766,60.037792,62.003178,59.0207,61.314724,61.47354,56.64443588256836
50.380775,63.560337,59.30491,61.015965,58.72152,62.393032,61.266777,57.57521057128906
50.925777,63.508286,60.75101,62.88693,59.865284,62.489147,62.962463,57.66386032104492
51.181274,64.069336,60.829647,62.898777,60.072357,62.97022,63.105625,56.73307800292969
51.29959,64.56686,59.786953,61.57,59.350864,63.91582,62.040943,56.999019622802734
51.315197,64.36159,60.04702,62.07707,59.39554,62.879074,62.126625,57.131980895996094
51.431374,64.36819,60.178253,62.132412,59.487144,62.27028,61.907024,58.37302017211914
51.84011,64.48161,61.111687,63.756706,60.413677,62.85418,63.66856,57.30927658081055
51.31599,64.87591,59.69778,61.923943,59.349648,63.899364,61.8449,56.77740859985352
51.041306,64.765076,59.511364,61.032402,58.725513,63.545105,60.72439,58.15140914916992
51.65578,64.18357,61.179737,63.32045,59.978302,61.585857,62.48677,58.41734313964844
51.90094,64.68344,61.11815,63.53258,60.482883,62.885433,62.89072,59.126502990722656
51.91531,65.155304,61.44533,63.955627,60.772568,64.50569,63.527702,60.278900146484375
52.43724,65.502464,62.914387,65.49039,61.799023,64.85229,65.21206,60.63348388671875
52.835575,66.31869,63.246933,65.752884,62.365166,65.7778,65.22208,58.46166610717773
52.14666,67.07576,60.891376,62.80726,60.36225,66.151855,62.449253,58.81624603271485
52.02272,65.835915,61.466217,63.451893,60.45838,64.35664,62.116207,57.61953353881836
51.695118,65.5042,60.28926,61.58048,59.510654,63.32422,60.86571,56.289852142333984
50.774334,64.320984,58.85588,59.576355,58.269333,63.504486,59.33947,55.44772338867188
50.05196,61.976646,58.165905,58.70269,57.41531,61.70084,58.57422,55.93526840209961
50.143154,60.774624,58.42522,59.296776,57.561905,60.46579,58.435165,54.82719802856445
49.513783,60.058212,57.237007,57.65576,56.736347,60.513634,58.117226,53.408878326416016
49.075428,59.419727,56.19321,56.542774,55.75599,60.893906,57.651173,53.00997161865234
48.957825,58.70559,55.598743,56.213615,55.091167,59.811947,57.475773,52.30080795288086
48.86629,58.354286,54.81601,55.414364,54.33959,59.043427,56.93768,55.0488166809082
49.333584,58.09502,56.610825,58.807625,55.726433,58.55694,59.040485,56.289852142333984
49.867283,58.96704,58.115177,59.970306,56.96035,59.993298,61.280655,55.84662628173828
50.060913,61.86668,58.63073,60.074932,57.587536,62.20959,61.27764,56.95469284057617
50.585033,62.608135,59.277397,61.272385,58.098724,62.761623,62.621624,56.068241119384766
51.066547,64.39851,58.69429,60.685314,57.91882,63.24821,61.915733,54.64991760253906
50.810585,65.70044,57.40164,59.066277,56.878162,63.371895,60.17972,53.98507308959961
50.400867,64.07324,56.874794,58.382725,56.113163,61.659145,58.595604,54.38397216796875
50.26896,63.466976,57.55383,59.112713,56.488323,60.283844,58.42675,56.555789947509766
50.855232,61.944485,59.274178,61.57673,57.995445,60.373856,61.014343,56.91036987304688
50.7744,62.576706,59.530132,61.77404,58.737274,62.593376,61.307316,60.23457336425781
51.751488,63.982346,62.75917,65.36218,61.09516,64.0055,65.46731,60.98806381225586
52.44631,65.25135,63.54585,65.981735,62.230713,66.54744,65.799416,61.12102127075195
52.92534,66.64961,63.885868,66.34391,62.660618,67.50127,65.92647,60.899410247802734
53.39819,67.49219,63.836105,66.38104,62.681057,67.13226,65.95952,60.899410247802734
53.59341,67.425766,63.579685,66.32344,62.60935,66.90218,65.751945,63.3814811706543
54.31941,67.75595,66.38489,69.32435,64.72369,67.0014,68.547134,63.49177551269531
54.666973,68.76557,66.67961,69.46396,65.49374,69.02498,68.151,64.69673919677734
55.20305,70.16508,67.74272,70.50542,66.402885,70.174904,69.10175,64.97480010986328
55.90953,71.275246,68.06468,70.92452,66.82037,70.738045,69.4707,64.5113525390625
56.187023,72.19818,67.347496,70.4216,66.622765,71.19466,69.191826,67.06029510498047
56.892857,72.65708,70.10161,73.089905,68.50899,70.74459,72.5834,68.86772918701172
57.672607,73.490616,72.00953,74.9036,70.429306,72.164154,73.706535,68.72869110107422
58.262688,74.83361,71.51203,74.71676,70.56923,74.60076,73.372444,68.78827667236328
58.839314,75.65067,71.63458,75.037865,70.73155,74.84475,73.73913,69.14579010009766
59.31234,76.58914,71.46694,75.34662,70.57647,74.388824,74.49881,65.43824005126953
58.820953,76.96432,68.17183,71.25,67.856476,74.66412,71.67269,68.40428161621094
59.096447,75.83952,71.42178,74.82434,69.67711,72.74466,73.3141,68.58966064453125
59.352154,75.64926,71.61556,74.88899,70.38218,71.80778,72.7747,72.94602966308594
60.2039,76.767204,74.54476,78.479126,72.799034,74.48513,77.06938,70.86053466796875
60.161102,77.49615,73.6094,76.87011,72.632835,77.21952,74.39134,73.87291717529297
61.30165,77.75464,76.4816,79.913536,74.50513,76.3547,76.78597,73.31678771972656
61.881466,78.487686,75.69926,79.499985,74.619896,77.45496,76.30656,74.93883514404297
62.636505,79.80472,77.07146,81.15507,75.82252,78.70009,78.18588,75.95841217041016
63.272728,80.44858,78.32313,82.278465,76.87709,79.35255,79.25914,76.42185974121094
64.0537,81.39783,78.52131,82.704185,77.31058,80.44793,79.19403,77.48777770996094
64.726105,82.19783,80.42795,84.10629,78.91615,80.81588,80.69997,78.73907470703125
65.81092,83.59592,81.39405,85.260574,80.1048,81.684456,82.2988,78.1365966796875
66.251976,84.622765,80.24945,84.687126,79.77599,83.472916,81.70175,80.50016021728516
67.133095,85.02579,83.04331,86.77329,81.5898,83.22556,85.12257,79.71231079101562
67.4822,86.2303,82.74216,86.46072,82.024635,84.12798,83.44003,82.72469329833984
68.46999,86.86138,85.45114,89.21081,84.06739,84.713135,86.85801,80.17575073242188
68.71764,88.21638,82.77529,87.085815,82.701546,86.614105,83.92403,79.8976821899414
68.754135,87.86705,82.2432,86.591896,81.9194,86.05821,83.23929,83.41986083984375
69.6098,87.79323,86.47857,90.365,84.707115,84.4473,86.78025,81.42704772949219
69.835304,88.587776,83.82692,88.14755,83.47605,86.68862,84.814224,82.3075942993164
70.10056,88.07287,84.47859,89.03369,83.968414,87.179344,85.28478,87.26644134521484
71.19086,88.54865,89.228096,93.39941,87.24361,86.4362,90.04577,88.84214782714844
72.23708,90.72457,90.56407,94.8894,89.23067,90.03477,90.367226,93.89368438720705
73.688095,92.15973,95.337585,99.20022,92.76636,92.71249,95.771194,93.3375473022461
74.98611,94.95909,94.78066,99.41386,93.4154,95.88592,94.65392,92.68872833251952
76.206406,96.12115,94.33051,99.403305,93.43381,96.46964,95.674934,91.99356842041016
76.79651,97.49665,94.252396,99.19188,93.40701,96.21216,95.33078,91.3910903930664
77.21005,97.68749,93.681816,98.70878,92.92101,96.06945,94.30053,92.87409973144533
77.93003,97.92838,95.20965,99.895615,93.91961,95.8338,95.47226,92.41065979003906
78.198845,98.21546,94.87151,99.759636,94.17008,96.27917,94.83844,95.09864044189452
78.88506,98.52293,97.08351,101.97829,95.87499,97.05053,97.720764,99.91845703125
80.226974,99.37285,102.24783,105.96417,99.85244,98.65925,102.571465,100.6599578857422
81.34024,102.23515,102.14919,106.91081,101.08611,102.443115,103.21002,96.67434692382812
81.79506,103.77879,99.63374,104.60799,99.63841,104.394295,101.34976,96.95240783691406
82.19003,103.494705,99.843956,104.91004,99.29377,102.106186,101.06264,95.19132232666016
82.26226,103.63293,98.36242,103.1678,98.077385,101.071236,99.85279,92.6423797607422
81.7426,101.623184,95.61975,100.057625,95.72083,101.352516,98.70502,91.2520523071289
80.8858,98.70513,93.81234,97.7771,93.798454,98.904816,97.77862,95.19132232666016
81.46659,95.905205,97.58388,101.72979,96.36965,96.65642,97.98631,95.46939086914062
81.71332,95.16318,97.71346,101.99275,97.44129,97.84134,99.08738,95.46939086914062
81.916504,97.490295,98.02552,102.3701,98.149765,100.451775,100.694885,97.23047637939452
82.75559,98.36237,100.79557,104.767975,100.1994,101.835495,101.4833,102.69911193847656
84.668915,101.75597,104.928246,109.9064,103.92306,103.209305,107.816605,103.6259994506836
85.67456,105.831825,105.55298,110.912476,105.46765,107.610405,108.53064,105.7578353881836
87.1043,110.59409,107.793335,113.0319,107.09568,109.7823,113.19228,104.83094787597656
88.2884,112.88261,107.57817,112.90485,107.232834,111.04837,112.82931,104.73826599121094
89.26252,114.8718,107.74662,113.16367,107.518486,110.68832,113.2747,108.16773986816406
90.35478,115.712105,111.248886,116.109116,110.10542,110.64415,116.029076,104.18213653564452
90.67113,117.14659,107.727585,113.24252,108.124275,113.06052,111.37009,102.6064224243164
90.4833,115.77439,106.19011,111.57246,106.52415,112.00889,107.087105,104.73826599121094
90.79895,113.84988,108.54909,113.341866,107.85921,109.98015,107.91293,110.1142120361328
91.90498,113.671425,113.18686,117.64003,111.65199,110.69119,114.375206,110.29959106445312
92.54759,114.26075,113.43045,118.11771,113.00857,114.69408,112.961334,113.45101165771484
93.573586,116.5452,115.902435,120.66092,114.92788,116.74329,115.69605,114.74864959716795
94.81373,118.69105,117.28911,121.95387,116.2692,118.52998,117.09567,113.72906494140624
95.746635,122.29629,116.475876,121.61439,116.10031,119.916306,116.82947,114.28520965576172
96.44316,122.96321,117.161354,122.18128,116.46557,119.59795,118.4547,122.71987915039062
98.32912,123.926186,124.55905,128.21977,121.69965,119.66312,127.402176,122.81256103515624
99.64809,126.34892,125.44627,129.33736,123.74453,124.25799,126.47774,123.18331909179688
101.06241,128.0168,126.45844,130.61906,125.02183,126.73318,127.10748,122.81256103515624
102.229546,130.69429,125.37941,130.26727,124.53634,127.477234,126.72758,120.49534606933594
103.01632,131.18483,124.47705,129.17664,123.81955,127.43957,124.49058,121.60761260986328
103.29293,130.6308,124.744026,129.52052,123.81852,126.81271,124.806404,119.47576904296876
103.39142,130.85487,123.54615,128.10583,123.0493,126.38024,123.07865,116.32435607910156
102.93304,129.62881,120.05573,125.0357,120.26875,126.40885,122.23025,117.52931213378906
102.60434,127.25542,120.278694,125.0848,119.77213,124.57426,122.57571,115.675537109375
102.04745,126.138245,118.540726,123.02357,118.39725,123.03119,123.854164,115.675537109375
101.84444,122.70106,120.28622,122.90671,119.60222,122.56835,123.25212,116.97317504882812
101.86998,122.33434,119.82094,123.62584,119.94337,121.94983,123.812874,109.9288330078125
100.95536,123.43379,113.979904,118.01387,115.75446,123.08405,122.46817,114.74864959716795
101.02587,120.03826,118.08562,122.09394,117.83473,121.42297,121.28159,119.1977081298828
101.95732,120.21962,122.56839,126.496735,121.650215,120.079636,123.066055,115.11940002441406
102.32278,124.01298,116.80486,122.315094,118.392944,125.40322,122.12388,111.1337890625
101.78463,123.81143,111.33315,118.19937,113.133965,125.862144,119.80062,108.72388458251952
101.99142,124.51348,115.24045,118.71249,115.13322,122.676636,119.024086,107.51892852783205
101.933784,122.71659,112.20924,116.34371,112.89058,120.153076,116.99422,105.7578353881836
101.454254,121.80457,109.708084,114.0002,111.30033,118.796234,115.7086,102.51373291015624
100.75754,119.83592,107.959305,111.54328,109.51987,118.69653,114.141594,104.55288696289062
100.40835,117.433655,108.32037,112.749596,109.497375,116.869156,111.701485,107.7042999267578
100.1619,116.39941,111.28454,115.26494,111.822,115.466606,111.86496,104.73826599121094
100.12112,118.48104,109.94813,113.14316,111.36214,118.29438,111.98851,105.66515350341795
100.111916,119.16245,109.841965,113.43506,111.19714,119.385185,111.286766,101.0307159423828
99.76966,120.335175,106.18082,109.564285,108.40581,119.0007,109.06691,103.53330993652344
99.70977,120.05999,107.48495,111.62991,108.82129,118.30154,111.080025,103.8113784790039
99.56321,119.23424,107.84895,111.84381,109.04465,116.58668,111.45195,104.18213653564452
99.22655,120.934265,107.93614,112.15569,109.24374,117.69981,111.56484,105.66515350341795
99.188324,120.18657,109.464645,113.91277,110.3068,118.588684,114.354645,101.0307159423828
98.096985,121.53769,105.53324,109.43486,107.45417,119.55045,109.49973,100.8453369140625
97.68695,120.84832,105.60767,109.579285,106.83043,118.4053,109.17009,103.8113784790039
97.9722,118.94519,108.74331,112.76049,109.08594,116.10358,115.49327,102.69911193847656
97.14633,120.68571,106.92766,111.45806,108.57244,117.716484,112.99645,104.08944702148438
96.794846,120.16583,108.80883,113.134094,109.82847,119.095245,114.42877,106.96279907226562
97.060936,120.414185,112.10619,116.6733,112.44884,119.33609,118.36242,105.3870849609375
97.09797,123.7515,110.10794,115.08744,111.76382,121.01856,116.54053,105.7578353881836
96.86698,125.00938,110.54312,115.59763,111.707535,121.66347,117.980576,105.20171356201172
96.68771,125.48598,110.906136,115.515625,111.95455,121.23073,117.102104,103.90406036376952
96.407074,126.05081,108.99293,113.90118,110.433426,120.84216,115.17633,100.10382843017578
94.88152,123.85114,105.576416,108.82873,107.21762,119.738884,109.484764,98.80618286132812
94.226746,119.54143,105.165474,108.289406,106.129486,117.52439,107.626976,98.4354248046875
93.58106,117.216125,104.595894,107.54206,105.794754,115.04199,106.50675,101.67953491210938
93.185005,114.4576,106.64894,110.721924,107.55853,114.83308,108.33841,102.88449096679688
93.13984,114.04401,108.16444,112.087845,109.18077,116.150314,109.76606,103.44062042236328
93.405945,117.076065,108.803314,112.83269,110.01293,118.27255,110.84349,104.73826599121094
93.99663,118.8932,110.1224,114.4782,111.121216,119.415184,113.671265,105.85052490234376
94.60772,122.48598,111.14776,115.73489,112.061165,119.93292,117.5721,107.9823760986328
95.46174,124.3975,113.61298,118.1212,114.099846,120.775696,121.39744,110.4849624633789
96.350235,126.1098,115.09685,119.89441,115.59253,122.06322,123.01726,111.78260803222656
97.08113,128.25887,117.47283,121.51213,117.68876,123.32316,123.806725,116.7877960205078
98.46532,129.10577,121.4528,125.19903,120.65139,124.41437,126.43491,117.62200164794922
99.60162,131.04642,122.463554,126.49682,122.422585,127.3403,127.28202,114.74864959716795
100.0031,132.66116,120.31191,124.98606,121.138695,128.78896,125.92548,114.00713348388672
100.0028,132.58907,119.00623,123.88093,119.65798,128.35239,124.8424,113.45101165771484
99.993546,132.39085,118.55464,123.02898,118.92355,127.36127,122.72389,112.80217742919922
99.81515,131.40773,118.463684,122.674904,118.627655,126.4326,120.23158,107.1481704711914
98.58683,129.83054,113.15753,117.7118,114.641655,125.231064,117.2161,103.8113784790039
97.09932,125.60345,110.0392,113.845535,111.07097,123.118126,115.375305,107.05548858642578
96.69107,120.762794,112.72006,116.14013,112.262764,119.520584,115.24648,105.47977447509766
95.94033,118.58252,110.64654,114.63685,111.60712,117.9802,116.34792,106.87010955810548
95.47539,116.97109,111.95783,115.455696,112.521255,118.957565,116.727,111.31916046142578
95.995,117.131805,115.20932,119.016426,115.01148,119.13803,116.584335,109.00194549560548
96.47105,119.93156,113.73863,117.82129,114.81848,121.70599,115.97923,110.67034912109376
97.28472,122.00057,115.26612,119.395935,115.66212,122.49042,116.65382,107.9823760986328
97.85309,123.76486,113.36602,117.34041,114.384895,122.7694,116.28125,108.90926361083984
98.61424,123.93819,113.131874,117.60375,113.950745,122.25476,118.166,108.3531265258789
98.75806,123.99016,113.76372,117.584305,114.48823,121.14313,118.04771,106.40666198730467
98.47017,124.98356,111.94423,115.8746,113.321396,121.593254,115.68819,102.79180145263672
97.96183,124.037384,108.94429,112.20199,110.592804,121.06136,112.8154,100.6599578857422
96.92697,121.3018,106.390724,109.62154,108.01384,118.91302,111.25725,103.53330993652344
96.758766,118.71038,108.800125,112.343185,109.36459,116.61462,112.18313,102.69911193847656
96.20891,116.948,107.672195,110.81529,109.01447,115.6905,111.2839,103.8113784790039
95.82841,116.597015,108.3803,112.1399,109.721405,117.105286,111.71269,103.06986236572266
95.711754,116.448784,107.23852,110.92207,108.64829,117.77672,110.3637,101.95760345458984
95.36893,118.22554,106.22758,109.7387,107.853165,117.87025,109.42447,100.56727600097656
95.0238,118.06977,104.778145,108.12705,106.19186,117.15604,108.74366,99.0842514038086
94.69717,117.45058,103.41267,106.929855,104.86159,115.70756,108.045105,97.8792953491211
94.303894,115.83159,102.38397,105.75404,103.78727,114.631645,106.8919,93.15217590332033
93.323235,114.0079,98.568954,101.93037,100.63869,113.68967,104.652824,90.60323333740234
92.15039,112.1712,96.150764,99.62528,98.307434,112.30566,103.31223,94.3571319580078
91.978676,109.55072,99.15207,103.08993,99.9246,109.73079,104.16712,97.50853729248048
91.86452,108.95635,101.61173,105.84731,102.28878,108.50235,106.80898,101.77222442626952
92.36309,110.857475,105.49355,110.11872,105.65983,111.79318,112.90846,103.6259994506836
92.98399,113.56348,107.72417,112.57035,108.18192,116.42863,113.871284,103.6259994506836
93.57681,118.52502,107.62541,112.888855,108.584595,118.81075,113.78796,105.20171356201172
94.408455,121.81029,109.75298,114.62356,109.904305,118.89814,114.611145,105.47977447509766
94.94432,124.550804,110.45437,115.45486,110.83689,118.983086,114.995155,104.73826599121094
95.10482,125.40007,109.841866,115.21368,110.618164,119.20908,114.68574,105.47977447509766
94.890236,125.38364,111.18495,115.90364,111.56404,119.17639,115.72167,102.69911193847656
94.23126,125.364235,108.794395,113.62497,109.96814,119.28288,113.12265,101.0307159423828
93.541695,123.726585,107.703125,112.08856,108.76548,118.704285,110.10286,106.31397247314452
93.92002,121.74699,112.37539,116.40825,111.80915,117.04396,117.3282,110.7630386352539
94.69003,121.68204,115.83752,119.57356,115.280525,118.357994,120.49271,111.50454711914062
95.24944,123.7016,116.384026,120.59691,116.7323,122.119,120.8525,111.6899185180664
95.86849,124.997604,116.805466,121.151566,117.12603,123.93415,121.51948,111.31916046142578
96.59605,126.77277,116.95358,121.29737,117.190506,124.143295,121.70913,112.98756408691406
97.27289,127.92337,118.05448,122.3929,117.9727,123.99141,124.390236,111.6899185180664
97.552864,128.43607,116.907036,121.494354,117.421745,124.50955,122.04628,111.96798706054688
97.776825,128.67332,116.92393,121.43784,117.23099,124.47959,121.1723,115.58283996582033
98.42138,128.00282,121.055336,124.56845,120.1997,123.67338,124.93641,114.74864959716795
98.83774,129.51987,120.22477,124.27561,120.53658,125.42687,122.568115,115.3047866821289
99.2699,129.46448,120.780945,124.59976,121.05508,126.4362,122.87818,119.1977081298828
100.32453,130.13873,125.227036,128.0715,124.35765,126.52536,127.33961,122.34912109375
101.476524,131.78699,125.9812,129.81245,125.65137,128.68864,130.57722,119.47576904296876
101.95094,133.54395,123.52709,128.18689,124.3665,131.13487,127.25213,116.7877960205078
101.88874,133.78046,121.58666,125.886246,122.05969,130.04144,123.15011,116.60242462158205
101.97995,132.39563,121.76049,125.52371,121.60107,127.88935,121.92681,118.4561996459961
102.31246,131.14217,122.916016,126.547806,122.46561,126.95701,123.385925,118.4561996459961
102.5389,130.61783,122.855194,126.84358,122.97074,127.09298,123.702126,120.9587860107422
103.056435,130.70384,125.30901,128.9222,124.837456,127.89333,124.99523,119.0123291015625
103.090805,131.72087,121.654755,127.457115,122.67123,129.7101,123.50569,115.58283996582033
102.55257,132.28114,119.56943,124.06548,120.27038,129.44238,123.02916,116.23167419433594
102.31996,130.38744,121.30942,124.2206,120.80963,127.03625,123.76264,116.23167419433594
102.178444,129.48026,120.28839,123.40659,120.529816,125.80549,122.95277,117.2512435913086
102.34859,127.48898,120.90685,124.262184,121.30419,126.14685,122.28779,123.55408477783205
103.780334,126.947,128.11894,131.16035,126.89286,126.302795,130.6549,121.42223358154295
104.2494,130.7251,124.21772,128.96667,125.386635,131.1231,125.92659,120.49534606933594
104.52576,133.07552,123.46902,127.99786,124.197464,132.5424,124.09342,116.97317504882812
104.37709,134.74602,120.7722,124.73954,121.46726,130.11197,123.22984,115.3047866821289
16.03507,20.454216,18.70566,19.339338,17.44436,19.064222,17.920532,19.107664108276367
16.478907,19.992193,19.67157,20.810875,18.15539,18.617905,19.441492,19.484214782714844
16.46536,20.504667,20.049662,21.098827,18.616814,19.49685,19.735983,19.80283737182617
16.591291,20.945713,20.414131,21.293774,18.833908,20.551052,20.21284,19.74490737915039
16.626617,20.609613,20.199677,21.24786,18.424393,20.903444,20.383204,19.59042358398437
16.568459,21.643429,20.156357,21.08948,18.51302,21.089973,20.457287,19.484214782714844
16.640182,21.488178,20.137104,21.000582,18.578115,20.692013,20.38855,19.793182373046875
17.033504,20.992603,20.40156,21.328194,18.731194,20.271727,20.750969,19.175249099731445
16.778475,21.187777,19.886417,20.651323,18.421474,20.388298,19.9412,18.87593650817871
16.524773,21.102156,19.722076,20.383417,18.272335,20.080692,19.590384,18.673179626464844
16.40125,20.93119,19.561127,20.269802,18.106457,19.488323,19.538836,18.837316513061523
16.66968,20.857618,19.916653,20.473948,18.455103,19.512726,19.547356,18.87593650817871
16.85637,20.838034,19.783716,20.446457,18.38751,19.899435,19.614866,18.904903411865234
16.783724,21.201841,19.821188,20.513327,18.480986,20.018423,19.731266,18.39317512512207
16.484642,21.162321,19.223251,19.789713,17.954582,20.03485,19.13808,17.53386116027832
15.898595,20.81441,18.422544,18.726358,17.232887,19.691532,18.142271,18.1035213470459
16.24811,19.62552,18.812723,19.554445,17.383532,18.68492,19.021097,18.95317649841309
16.764668,19.628792,19.567728,20.506525,18.16679,18.951923,20.052656,19.33938789367676
17.063353,20.34304,19.995752,20.881496,18.594835,19.947088,20.447279,18.14214324951172
16.408306,21.071123,18.8724,19.439264,17.626654,20.538622,19.239967,17.205585479736328
15.667389,20.453846,17.912767,18.261873,16.769398,19.549026,17.886917,19.94766616821289
17.1027,19.969063,21.023691,21.760838,18.979155,18.075188,21.53637,21.48284339904785
17.57097,21.024084,21.80474,22.987421,19.564724,20.6027,22.335182,21.791810989379883
17.875826,21.656734,21.806496,23.014328,19.600431,22.528738,22.282991,23.80975151062012
18.445286,22.129997,23.8861,24.951797,20.863924,22.662355,23.813442,24.07044219970703
18.851685,23.949423,24.520731,25.40135,21.502707,23.651062,24.011536,21.965606689453125
18.390417,24.945005,22.180876,23.28546,20.073093,23.908405,22.339582,21.42491340637207
18.03898,24.513796,21.868582,22.955774,19.879454,22.308718,21.333094,21.357328414916992
17.914091,23.650476,21.875265,23.032768,19.789331,21.873272,21.154835,21.26077461242676
17.600336,23.75709,21.804285,22.910336,19.796766,21.91181,21.409649,21.28973960876465
17.16572,23.181675,22.016176,23.001953,19.925846,21.669617,22.20088,21.926982879638672
17.354963,24.001429,22.820213,23.4937,20.359589,21.571047,22.449549,21.07732391357422
17.335566,23.611143,21.95273,22.599852,20.00285,22.377424,21.713474,21.231809616088867
17.244114,23.568478,21.819412,22.679316,19.914932,22.559069,22.10257,21.4345703125
17.423363,23.381914,22.029148,22.75005,19.88755,22.107738,22.295467,21.395946502685547
17.484112,23.207443,22.058546,22.710009,20.107103,22.866943,22.171982,20.76835823059082
17.336887,23.059637,21.864637,22.214277,20.105259,22.584728,21.683958,20.749046325683597
17.339874,23.023474,21.543726,22.257288,19.793787,22.087275,21.762402,19.677318572998047
17.00556,23.060795,20.267197,20.960001,18.826342,22.043423,20.858109,19.27179908752441
16.84662,22.296545,20.08668,20.747007,18.786331,21.477451,20.562668,19.136627197265625
16.77254,21.841366,20.044369,20.697433,18.70663,20.519472,20.439604,18.624902725219727
16.709023,21.407701,19.65277,20.180918,18.384027,20.337809,19.893,19.175249099731445
16.945963,20.847958,20.024744,20.815474,18.68224,20.0992,20.45645,18.34490203857422
16.609188,21.164032,19.15874,19.760363,17.92284,20.383762,19.636818,17.871795654296875
16.425655,20.728825,18.67678,19.275011,17.412094,19.979727,19.178923,17.871795654296875
16.298592,19.784016,18.658384,19.299269,17.456078,19.095295,18.916185,17.910415649414062
16.169384,19.689707,18.534012,19.25772,17.272436,19.24909,18.840729,17.910415649414062
16.157537,19.417746,18.471077,19.183844,17.082802,19.117455,18.772327,17.910415649414062
16.086565,19.197355,18.545332,19.18386,17.137424,18.89423,18.666815,18.04559135437012
16.113626,19.42854,18.684443,19.313293,17.239645,18.825214,18.68656,17.282827377319336
15.854491,19.52506,18.003922,18.449297,16.718828,18.913935,17.771975,17.53386116027832
15.883794,19.064293,18.058554,18.780195,16.630346,18.557728,18.151411,17.340757369995117
15.684252,18.621992,18.016943,18.570574,16.711334,18.45633,17.73714,17.089723587036133
15.412317,18.72562,17.82765,18.295393,16.533789,18.71342,17.368742,17.04144859313965
15.480183,18.463514,17.73227,18.32367,16.417728,18.269688,17.46717,17.36006736755371
15.519412,18.747753,17.922295,18.673105,16.637913,18.25033,17.823769,17.09937858581543
15.224593,18.96388,17.705362,18.326979,16.473686,18.35944,17.48091,16.819377899169922
15.023504,19.000078,17.546461,18.004416,16.405073,18.330578,17.05477,16.82903289794922
14.939103,18.71297,17.432753,17.985977,16.197285,17.961695,17.083004,17.321447372436523
15.320484,18.553469,17.844883,18.607573,16.5128,17.922495,17.794859,17.47593116760254
15.345584,18.890547,18.09577,18.84499,16.77063,18.295633,18.188185,17.50489616394043
15.568554,19.53896,18.178349,18.858784,16.825565,18.655327,18.30625,17.524208068847656
15.564876,19.508156,18.228321,18.897352,16.889095,18.718287,18.328577,17.23455047607422
15.326739,19.687538,17.999166,18.550297,16.741018,18.664263,17.957253,16.96420669555664
15.081507,19.31387,17.731617,18.205282,16.474379,18.395199,17.57013,16.751792907714844
14.870074,18.825464,17.487583,17.898403,16.225937,18.013958,17.176025,16.819377899169922
14.987589,18.37689,17.538355,18.027708,16.273905,17.744831,17.283712,16.635929107666016
14.6062,18.260023,17.30752,17.727293,16.164503,17.662802,16.998022,16.47178840637207
14.467,18.18269,17.13668,17.548708,15.9218645,17.5532,16.907585,16.491100311279297
14.485337,17.905193,17.130226,17.616634,15.799847,17.286865,17.025534,15.882822036743164
14.207383,18.205744,16.65942,16.984129,15.524949,17.585155,16.43187,15.747648239135742
14.04031,18.037687,16.498312,16.85637,15.407506,17.325436,16.345543,15.99868392944336
14.253124,17.570215,16.671118,17.21114,15.424913,16.90005,16.80368,15.564201354980469
13.923207,17.86679,16.252932,16.652925,15.146821,17.097113,16.34553,15.110404014587402
13.795652,17.345243,15.817844,16.195482,14.693994,16.90014,16.096584,14.926956176757812
13.496461,17.025925,15.539421,15.990023,14.450204,16.32756,15.898571,14.463505744934082
13.295901,16.760902,15.229091,15.532404,14.123393,16.18313,15.435637,14.782129287719728
13.452713,16.341368,15.432654,15.919783,14.205746,15.542282,15.8797455,14.52143669128418
13.238845,16.319155,15.13939,15.5442,13.958929,15.664637,15.537267,14.202815055847168
13.1648445,16.00057,14.856726,15.161467,13.653357,15.70876,15.101872,15.013853073120115
13.487853,15.670277,15.464119,16.12094,13.981919,15.085518,16.227495,14.869024276733398
13.264001,16.38839,15.3679695,15.920341,14.087484,15.8078575,15.830622,14.627644538879396
13.347823,16.405945,15.0626335,15.575962,13.743525,16.217327,15.5360365,15.776615142822266
13.909892,16.119303,16.312933,16.986881,14.7383375,15.843779,16.729153,15.766959190368652
13.99472,17.560204,16.37372,17.013403,14.950572,16.633093,16.722034,15.013853073120115
13.508564,18.287848,15.625049,16.128132,14.308419,17.039005,15.969892,15.052473068237305
13.424021,17.264091,15.738306,16.29933,14.304378,15.941522,15.985051,14.965577125549316
13.513339,17.427444,15.589967,16.20775,14.241153,15.712406,15.80201,14.955921173095703
13.377185,17.119186,15.508805,16.177317,14.17913,16.101936,15.748419,14.984888076782228
13.229053,16.85076,15.582391,16.21085,14.244777,15.612569,15.850246,15.42902660369873
13.761102,17.015707,16.10819,16.693174,14.554829,15.628375,16.208473,16.191789627075195
14.2392845,17.663454,16.865576,17.506113,15.13945,16.047476,16.982975,16.500755310058594
14.378977,18.251143,17.127028,17.759048,15.418459,17.049444,17.296978,15.950408935546877
14.347105,18.178852,16.629856,17.093075,15.009164,17.405546,16.773628,16.085580825805664
14.4516325,17.985222,16.89393,17.34541,15.250499,16.848045,16.823568,16.491100311279297
14.709783,18.215097,17.421913,17.93069,15.664921,16.855133,17.266335,16.944894790649414
15.0397415,18.788055,17.789982,18.394571,15.975151,17.336016,17.684958,16.944894790649414
15.023738,18.965246,17.724674,18.324678,15.929609,17.759771,17.652124,17.64006996154785
15.404702,19.426258,18.58055,19.13915,16.510292,17.75014,18.399935,17.620759963989258
15.441491,19.858187,18.428314,19.107096,16.559092,18.37437,18.374168,17.92972755432129
15.72481,20.38252,18.71951,19.440174,16.749743,18.467117,18.654152,18.31593513488769
16.088097,20.582863,19.133432,19.825441,17.039652,18.707354,18.991316,18.05524635314941
16.193491,20.788395,18.78284,19.50805,16.885775,19.038319,18.752878,17.524208068847656
15.812793,20.87385,18.371752,19.00613,16.65564,18.911058,18.23824,17.669034957885742
15.712635,20.518543,18.458162,19.146465,16.661076,18.431738,18.306183,17.775243759155273
15.8092785,20.609463,18.569115,19.244976,16.738577,18.362694,18.397474,17.26351547241211
15.527974,20.542639,17.990295,18.538214,16.369747,18.786238,17.819193,16.89661979675293
15.093159,20.30809,17.600277,18.09047,16.06127,18.139952,17.38259,16.462133407592773
14.660577,19.641644,17.321941,17.595787,15.815767,17.642607,16.703482,17.11868667602539
14.928789,19.014833,17.810917,18.39488,16.159294,17.417093,17.508303,17.418001174926758
15.092759,19.008556,18.1139,18.755539,16.526443,17.815979,17.897308,17.78489875793457
15.3667345,19.642612,18.380299,19.062647,16.738207,18.497364,18.45408,17.72696876525879
15.34942,19.608877,18.315702,18.944376,16.78186,18.759758,18.412706,18.68283462524414
16.189365,19.844149,19.30555,20.10427,17.369383,18.756016,19.589766,18.422142028808597
16.268517,20.949797,19.016542,19.787542,17.369682,19.449286,19.47113,18.68283462524414
16.722849,20.850529,19.272146,20.086794,17.428923,19.519949,19.737259,18.538005828857425
16.764025,20.433928,19.186396,20.04433,17.41773,19.436035,19.599762,18.827661514282227
17.185669,20.369432,19.597595,20.469576,17.66147,19.422348,19.874989,19.02076530456543
17.34005,20.48342,19.921494,20.736006,17.996773,19.337065,20.001167,19.00145530700684
17.551285,20.978762,19.848303,20.688297,17.953243,19.607922,19.786304,18.7117977142334
17.397842,21.234768,19.44723,20.324972,17.7203,19.70662,19.303999,18.721454620361328
17.35739,21.236944,19.464231,20.364565,17.658615,19.392488,19.177757,18.64421272277832
17.143528,21.311003,19.438894,20.29063,17.705885,19.296864,19.078426,18.731109619140625
17.346727,21.29907,19.602793,20.357944,17.726873,19.38841,19.070963,18.04559135437012
16.647207,21.356575,18.740057,19.348068,17.14267,19.56097,18.02747,18.190418243408203
16.52326,20.810295,18.90913,19.545658,17.182203,18.805744,18.02091,18.190418243408203
16.33759,20.49034,18.875404,19.53781,17.193844,18.610107,17.968138,17.95869255065918
16.146013,20.454185,18.618498,19.143953,17.072872,19.133244,17.579458,18.325590133666992
16.596237,20.006464,18.856056,19.707668,17.029861,18.76915,18.463873,17.89110565185547
15.964593,20.379902,18.479641,19.088423,17.04296,18.999552,17.695965,18.2000732421875
16.177565,20.497717,18.889591,19.57059,17.32399,19.061676,18.157387,18.3062801361084
16.175657,20.459024,18.932215,19.71774,17.430803,19.096296,18.443596,18.566970825195312
16.619736,20.964203,19.18654,20.061384,17.62492,19.441849,19.084234,20.1311149597168
17.602043,20.466286,20.425114,21.63771,18.279245,19.637531,21.215916,19.677318572998047
17.303621,21.533112,20.15621,21.050467,18.365118,21.180052,20.759768,19.76421546936035
17.630625,21.532715,20.431221,21.19249,18.447382,21.184458,20.68181,19.50352668762207
17.34389,21.20952,20.182756,20.95607,18.361155,20.532217,20.25795,19.860769271850582
17.61288,21.32028,20.4922,21.420723,18.564432,20.373547,20.615005,19.783527374267575
17.745613,21.366585,20.433756,21.309603,18.643188,20.377773,20.298746,19.783527374267575
17.754112,21.558706,20.420612,21.330265,18.551802,20.424994,20.2275,20.1214599609375
18.150171,21.705141,20.691292,21.722912,18.575943,20.454449,20.513351,19.281455993652344
17.441448,22.014072,19.877632,20.739002,18.149563,20.790703,19.591013,19.8124942779541
17.505623,21.90437,20.621002,21.416077,18.573181,20.114515,20.116354,20.546289443969727
18.258451,21.91326,21.42434,22.230747,19.030952,20.073748,20.99897,20.06352996826172
17.913029,22.423923,20.76676,21.583597,18.994757,21.386126,20.460718,20.111804962158203
17.956757,22.705263,20.869307,21.679703,18.98347,20.972477,20.419773,20.642841339111328
18.253748,22.823263,21.347881,22.340761,19.22269,20.933044,21.087526,20.22766876220703
18.067265,23.202536,20.845804,21.772963,18.973408,21.433018,20.671566,21.72422409057617
18.770933,22.782322,22.269537,23.298845,19.760042,21.125168,22.406576,21.521467208862305
18.689396,23.479895,22.079111,23.003542,20.01366,21.904238,22.117191,21.53112030029297
18.977741,23.563038,22.182978,23.016006,20.004925,22.450716,22.056946,20.575254440307617
18.190247,23.438461,21.305962,22.052649,19.406517,22.125896,20.99725,21.154565811157227
18.4814,23.189804,21.97095,22.810219,19.887733,21.390057,21.536947,21.14491271972656
18.655886,23.187,21.900135,22.798677,19.994059,21.287668,21.422737,20.8359432220459
18.342922,23.4012,21.59955,22.409285,19.861279,22.044825,20.960798,20.76835823059082
18.191252,23.004658,21.593555,22.368296,19.778492,21.903694,20.891052,21.27042961120605
18.384819,23.11339,21.976309,22.822487,19.989145,21.567612,21.396053,21.28973960876465
18.38992,23.262814,22.01677,22.833296,20.13718,21.91718,21.576586,22.206987380981445
19.399502,23.365656,23.04072,23.846918,20.766645,22.155079,22.84197,22.429054260253903
19.549276,23.97184,23.06416,24.021887,21.021746,22.90408,23.216438,23.317333221435547
20.172121,24.222301,23.92538,24.847937,21.53336,23.459032,24.234446,22.93112564086914
20.08445,24.7221,23.832382,24.506159,21.757925,24.129702,23.831598,22.361469268798828
19.996538,25.050573,23.182758,23.897945,21.206766,23.804586,23.162558,22.013879776000977
19.802288,24.548422,22.784927,23.577047,20.8822,23.237679,22.560923,21.202842712402344
19.151913,24.193537,22.035942,22.678679,20.295092,22.802597,21.439955,21.25111961364746
19.01429,23.347517,22.1296,22.800783,20.319454,22.158552,21.368746,21.241464614868164
18.861174,23.19191,22.076519,22.807343,20.291191,21.789536,21.231808,20.391807556152344
18.313286,23.385248,21.216526,21.676342,19.70686,22.258308,20.310162,20.43042755126953
18.228764,22.705448,21.276848,21.843239,19.639738,21.548912,20.320782,19.793182373046875
17.843063,22.713266,20.616728,21.191526,19.157837,21.269295,19.867908,20.150426864624023
18.262693,22.560663,20.767864,21.664284,19.169538,21.216629,20.48742,20.893875122070312
18.553333,22.165787,21.366995,22.474207,19.680851,21.071001,21.614428,22.361469268798828
19.273363,23.244625,22.770231,23.9345,20.604465,22.12542,23.59031,21.56974220275879
18.983404,23.571594,22.057568,22.922287,20.356144,23.218586,22.81445,21.4345703125
18.860022,23.918571,22.1091,22.89118,20.277836,22.967264,22.479183,21.540775299072266
19.08961,23.370888,22.293953,23.125313,20.411652,22.43683,22.60639,21.49250030517578
19.331867,23.403046,22.196352,23.145733,20.369116,22.78559,22.541994,21.618017196655277
19.46079,23.21169,22.344227,23.34651,20.463942,22.58588,22.675642,21.589052200317383
19.46649,23.356129,22.231152,23.312382,20.319538,22.565935,22.509693,21.058013916015625
19.15691,23.559383,21.87464,22.72561,20.087027,22.685133,21.764688,21.366979598999023
19.239012,23.328714,22.222523,23.111155,20.278582,22.078863,22.005648,21.69525718688965
19.383043,23.65748,22.498478,23.426653,20.558924,22.087666,22.31137,20.893875122070312
19.197739,23.749392,21.822105,22.423626,20.141071,22.63401,21.306883,21.762847900390625
19.599934,23.488995,22.726816,23.614983,20.76162,22.176086,22.46532,21.299394607543945
19.163477,24.326128,22.192015,22.94337,20.50928,22.619474,21.652159,20.951807022094727
18.799883,24.168556,21.755215,22.395996,19.992651,22.892944,20.896322,20.4207706451416
18.280066,23.39105,21.233347,21.766401,19.625874,21.995918,20.140038,19.677318572998047
18.089466,23.004002,20.741203,21.221428,19.20346,21.628569,19.61763,20.32421875
18.450508,22.175837,21.114033,22.103956,19.543022,21.060272,20.568415,19.60007667541504
17.839357,22.598574,20.261314,21.040417,18.992064,21.25285,19.762527,19.059385299682617
17.670258,22.482565,19.897808,20.600508,18.48969,21.245028,19.363028,18.36421203613281
17.517574,21.749182,19.346155,20.06589,17.990524,20.218239,18.809032,18.673179626464844
17.444445,21.88672,19.495745,20.532267,18.100336,20.20639,19.251259,20.179391860961918
18.228745,21.333048,20.77109,22.0369,18.879116,20.04998,21.448742,18.39317512512207
17.279116,22.114826,19.025688,19.74388,17.669659,21.365309,19.557102,18.9145565032959
17.483559,21.21561,19.542578,20.53197,17.87628,20.435823,19.933893,18.566970825195312
16.995321,21.189472,19.178476,20.122198,17.657555,19.61813,19.201183,18.538005828857425
16.967344,21.040297,19.198362,20.134378,17.61904,20.643631,19.030691,18.277315139770508
16.908957,20.421204,19.040785,19.801134,17.473003,19.992615,18.54815,17.968347549438477
16.719519,20.439808,18.76524,19.60154,17.22727,19.713892,18.257399,18.04559135437012
16.723745,20.23999,18.801146,19.730352,17.29429,19.541239,18.272665,18.05524635314941
16.499323,20.563507,18.78752,19.69579,17.249603,19.474148,18.261738,18.3062801361084
16.627378,20.818596,19.085178,19.951653,17.44366,19.457869,18.548191,18.286970138549805
16.859903,20.54588,19.109636,19.829378,17.450172,19.436941,18.497425,18.132488250732425
16.59509,20.608686,19.259695,19.879963,17.651176,19.748016,18.389431,18.113176345825195
16.70469,20.66361,19.11887,19.834946,17.559885,19.720398,18.246775,18.47041893005371
16.999577,20.880943,19.416492,20.325304,17.837215,19.809597,18.81071,17.95869255065918
16.755314,21.099253,18.896317,19.601868,17.487232,19.931711,18.21599,18.422142028808597
17.24896,20.804634,19.43537,20.381193,17.859219,19.592365,19.145655,18.480073928833008
17.442282,20.984556,19.495106,20.535831,18.01717,19.742435,19.48306,18.489728927612305
17.686283,21.916239,19.480955,20.45332,17.98895,20.399334,19.486616,18.480073928833008
17.777882,21.955149,19.537489,20.462479,17.906809,20.301645,19.554493,19.11731719970703
18.293736,22.050888,20.180918,21.24043,18.301548,20.103117,20.341427,19.841459274291992
18.651667,22.175217,20.717766,21.886486,18.766937,20.437605,21.075022,19.667665481567383
18.530935,22.450687,20.658285,21.544834,18.798203,21.180717,20.873936,18.99180030822754
18.080244,22.452179,19.921558,20.656576,18.174797,20.94569,19.862162,19.53249168395996
18.405512,21.578232,20.580837,21.446978,18.557611,19.924908,20.512781,19.928356170654297
18.604462,21.970196,21.005974,21.945839,19.064127,20.231224,20.933552,19.8221492767334
18.648458,22.759544,20.764904,21.668354,18.901072,21.064816,20.5906,19.899391174316406
18.727665,22.959776,20.902534,21.773893,18.93184,21.027699,20.611105,19.77387046813965
18.48189,23.14604,20.800508,21.629953,18.92488,20.978731,20.401457,19.60007667541504
18.360464,23.40641,20.693256,21.46588,18.847708,20.852743,20.165438,19.320077896118164
17.947006,23.37875,20.30787,21.002022,18.518929,20.634949,19.616539,19.310422897338867
18.119663,22.772606,20.343735,21.01997,18.48649,20.292389,19.587425,18.731109619140625
17.496603,22.212095,19.620108,20.195078,17.997248,20.288305,18.683344,19.26214599609375
17.54292,21.789757,20.240877,20.964537,18.471027,19.896103,19.508165,18.99180030822754
17.303495,21.697449,19.918997,20.482756,18.326132,20.043205,18.991838,18.58628273010254
16.991873,22.019693,19.426102,19.873049,17.902159,20.382227,18.418201,18.538005828857425
16.861343,21.407104,19.376503,19.918821,17.826561,19.726812,18.432938,18.22903823852539
16.673603,21.62838,19.05042,19.588745,17.607922,19.70828,18.160795,18.9145565032959
17.222889,21.116558,19.601374,20.50591,18.028292,19.587004,19.406837,20.22766876220703
18.233395,21.5406,20.830196,21.96477,18.960823,19.906698,21.518267,20.179391860961918
18.241425,22.976858,20.720924,21.688662,19.048584,21.358467,21.502153,20.884220123291016
18.763027,23.007599,21.571438,22.397972,19.336088,21.933462,22.087097,20.314565658569336
18.417732,23.456985,21.056347,21.75524,19.186445,22.026037,21.388044,20.816635131835938
19.052229,23.073275,21.622522,22.407234,19.498507,21.504719,21.90369,20.27594375610352
18.672346,22.775042,21.02001,21.821585,19.190226,21.447863,21.117146,19.60973358154297
18.184898,22.73689,20.362837,21.03975,18.652504,21.334799,20.046413,19.58076858520508
18.15503,21.87842,20.45768,21.159054,18.613594,20.349083,19.843704,19.85111427307129
18.049322,21.896946,20.728334,21.50312,18.825571,20.176405,20.250834,20.0249080657959
18.170809,22.204576,20.900047,21.62213,19.047266,20.546255,20.314697,19.793182373046875
18.073313,22.66205,20.748892,21.282143,18.937538,20.888853,19.957455,20.40146255493164
18.46726,22.804049,21.233805,22.040953,19.263565,20.974846,20.8661,19.94766616821289
18.289307,23.527496,20.70672,21.379917,19.00103,21.354734,20.326277,20.43042755126953
18.493586,23.507254,21.222326,21.992477,19.276632,21.295393,20.991625,20.575254440307617
18.777742,23.334797,21.430204,22.132086,19.48877,21.147715,21.306828,20.92284202575684
19.29698,23.419489,21.848654,22.627678,19.83955,21.749626,21.87715,20.71042823791504
19.124502,23.688885,21.608068,22.352299,19.74748,21.98631,21.592253,21.7435359954834
19.71723,23.975204,22.521341,23.430868,20.175518,21.804678,22.766468,21.193187713623047
19.562365,24.50358,21.96573,22.726313,20.01717,22.471582,22.078484,21.14491271972656
19.590527,24.397264,22.01009,22.702187,20.077728,22.379515,21.789888,21.27042961120605
19.547115,23.761454,22.202301,22.946274,20.2588,21.90694,21.893349,21.38629150390625
19.753931,24.072132,22.222858,23.022469,20.27088,22.207762,21.999971,20.97111701965332
19.350958,24.204367,21.67753,22.419252,19.928577,22.292074,21.289305,20.526979446411133
18.942493,24.065077,21.355593,21.913479,19.540482,21.737806,20.521492,20.353185653686523
18.637133,23.515795,21.256144,21.757551,19.472471,21.12798,20.128288,20.295255661010746
18.503082,22.959314,21.10812,21.68278,19.378168,21.154797,20.038244,20.440082550048828
18.40873,22.689516,21.226412,21.879583,19.509384,21.246162,20.392561,20.45939445495605
18.444757,22.740736,21.24471,21.771507,19.459238,21.313389,20.430838,20.67180633544922
18.623095,22.829046,21.521692,22.131193,19.806973,21.634127,20.784851,20.90353202819824
18.783772,23.389412,21.675076,22.392271,19.96462,21.885386,21.242765,21.106290817260746
19.069086,23.882557,21.882061,22.650341,20.191628,22.1482,21.754908,20.92284202575684
19.080263,23.762487,21.742477,22.406242,20.089224,22.414848,21.721542,20.826290130615234
19.183538,23.41376,21.682224,22.38414,19.996939,22.348972,21.73835,21.106290817260746
19.585566,23.113653,22.057383,22.876406,20.255259,22.207066,22.263124,20.980772018432617
19.605333,23.437881,21.876545,22.720724,20.166744,22.264883,22.091026,21.00973892211914
19.876345,23.422647,22.062704,22.869205,20.319035,22.356682,22.146843,21.33801651000977
20.284077,23.672668,22.328545,23.305405,20.430481,22.296303,22.58937,21.7338809967041
20.49338,24.183847,22.632286,23.670088,20.697287,22.658596,22.957106,21.955949783325195
20.778042,24.653036,22.96414,23.847984,20.9274,23.087973,23.117083,22.38078117370605
21.093521,24.826159,23.378906,24.249134,21.273079,23.245073,23.513836,22.40009117126465
21.137325,25.094885,23.348783,24.19137,21.302301,23.43955,23.438858,22.264917373657227
20.922983,25.269938,22.970175,24.005795,20.883373,23.568197,23.130817,22.496641159057617
21.0646,25.370232,23.473274,24.305025,21.340582,23.43753,23.208843,22.72836685180664
21.419199,25.481377,23.741196,24.636057,21.626638,23.525547,23.423046,23.713197708129883
21.664837,25.980844,24.30646,25.49757,21.773891,23.749054,24.443558,23.32699012756348
21.336548,26.681448,24.16346,24.963957,22.014767,24.890982,23.775276,23.954578399658203
21.795607,26.751017,24.825586,25.663017,22.45936,24.943066,24.400652,23.48147392272949
21.682634,27.09484,24.050758,25.164576,21.77874,24.882654,23.902185,23.25940322875977
21.391205,27.422338,24.056675,24.887497,22.007479,24.908735,23.521088,22.4483642578125
20.86307,26.874334,23.148054,23.8517,21.237257,24.524805,22.47959,22.004226684570312
20.03758,26.112265,22.704096,23.302404,20.819204,23.50994,21.708479,22.670433044433597
20.344479,25.329235,23.213346,24.138288,20.91771,22.607698,22.559753,22.641468048095703
20.058249,25.08298,22.924234,24.062967,20.51333,23.072329,22.647844,21.975261688232425
19.323353,25.003706,22.61582,23.164164,20.693668,24.040007,21.803177,22.17802047729492
19.344416,24.536642,23.018616,23.445833,21.028412,23.154684,21.795084,22.21664047241211
19.247131,24.797157,22.79436,23.452492,20.908499,23.017511,21.927187,21.917329788208008
18.891798,25.355616,22.54205,22.985548,20.890043,23.303392,21.609207,21.376636505126957
18.792677,23.898071,22.137928,22.552147,20.488146,22.897867,21.34963,22.0428466796875
19.129045,23.898544,22.60615,23.414206,20.862762,22.583652,22.29985,22.158710479736328
19.19858,23.687777,22.700216,23.464212,20.975248,22.84669,22.506874,22.100778579711918
19.101372,23.83065,22.76896,23.41576,20.999508,23.343958,22.584595,21.859397888183597
19.333761,23.591791,22.664974,23.196348,20.816273,23.332607,22.560923,21.46353530883789
19.317085,23.804537,22.170135,22.675167,20.483328,23.135582,22.012068,21.40560340881348
19.202063,23.312933,22.19592,22.718935,20.500362,22.714846,21.897282,21.4345703125
19.289097,23.07353,22.279064,22.771141,20.56626,22.43106,21.878738,21.28008460998535
19.28124,23.156744,21.987509,22.47046,20.327377,22.631235,21.583563,21.366979598999023
19.252785,22.824156,22.02912,22.586164,20.38768,22.411356,21.56629,21.135255813598636
18.906807,22.973324,21.86736,22.302103,20.272303,22.365313,21.229097,21.164220809936523
19.08169,22.91929,21.967901,22.389177,20.229233,22.349615,21.224094,20.90353202819824
19.021389,23.037086,21.797392,22.16421,20.218933,22.220343,20.985075,20.739391326904297
18.986654,23.216486,21.53821,22.013357,19.987005,22.303509,20.888111,20.333873748779297
18.984797,22.930813,21.19734,21.74889,19.656805,22.204168,20.703085,20.18904685974121
18.756323,23.00382,21.099117,21.63714,19.65969,21.988106,20.511301,20.333873748779297
18.89289,22.675322,21.192308,21.816048,19.63674,21.608706,20.73575,20.43042755126953
18.963602,22.999249,21.230368,21.878645,19.61865,21.518095,20.891674,19.938011169433597
18.63348,22.870102,20.669613,21.163939,19.15012,21.692242,20.307901,18.77938842773437
18.272858,22.364002,19.683224,20.137506,18.222097,21.303923,19.466845,18.480073928833008
18.0104,21.610119,19.385754,20.070301,17.958693,20.440939,19.245377,19.030418395996094
18.356348,21.16458,19.706785,20.774288,18.119928,19.851175,19.965746,19.97663116455078
18.764078,21.366459,20.592772,21.75768,18.779034,19.939327,21.208935,20.246976852416992
18.902304,21.958134,20.920456,21.85878,19.12847,21.175867,21.40974,20.246976852416992
18.790876,22.6358,20.984415,21.744951,19.269953,21.751535,21.187021,19.94766616821289
18.501888,22.681839,20.48364,21.377022,18.725126,21.68332,20.80307,19.801063537597656
18.45095,22.735586,20.41917,21.256023,18.62773,21.328537,20.526571,19.60559463500977
18.42942,21.96598,20.397655,21.171455,18.609455,20.883928,20.242449,19.76197052001953
18.59515,21.461012,20.567467,21.458937,18.757252,20.658895,20.47286,20.14313697814941
18.89411,21.585083,21.065744,22.010275,19.150084,20.683006,21.111029,20.31905937194824
19.062773,22.45831,21.409534,22.25674,19.49101,21.196943,21.332603,20.37769889831543
19.234116,23.331053,21.49774,22.257727,19.562326,21.660442,21.253208,20.328832626342773
19.468826,23.83699,21.495564,22.197327,19.523155,21.625267,21.064121,20.915239334106445
19.84031,23.82216,21.924286,22.870796,19.796741,21.716318,21.738451,21.44300842285156
20.085672,24.147785,22.465574,23.345222,20.317184,22.154715,22.296694,21.04229736328125
20.004244,24.283033,22.003254,22.772346,20.053856,22.569946,21.7553,21.80462646484375
20.450064,24.35602,22.839777,23.676878,20.48361,22.179176,22.64063,21.5896110534668
20.357428,24.90831,22.605341,23.365395,20.501812,22.547787,22.290836,21.482101440429688
20.334833,25.143267,22.484892,23.2369,20.444223,22.887323,22.012426,22.215112686157227
20.816807,24.99575,23.152895,24.058575,20.777145,22.569012,22.89782,22.09783172607422
20.65019,25.63703,23.07888,23.846083,21.01749,23.033726,22.690294,22.23466110229492
20.86239,25.77521,23.252235,24.008472,21.07601,23.399206,22.767178,22.889482498168945
20.87329,25.816456,23.861053,24.696537,21.399475,23.222015,23.454046,22.635372161865234
20.887022,26.388453,23.582813,24.287596,21.395271,23.935091,23.104805,22.73310661315918
21.076311,26.302475,23.706821,24.399473,21.492058,23.823967,23.190552,21.95122718811035
20.339369,26.260736,22.811064,23.46434,20.888266,23.640474,22.282824,22.283525466918945
20.56656,25.722967,23.283335,23.921455,21.144981,23.124453,22.625074,22.89925765991211
20.921028,25.38389,23.816599,24.63239,21.561293,22.96312,23.418858,23.436798095703125
21.1326,26.210085,24.284292,25.117527,22.013256,23.931383,24.004005,23.42702293395996
21.378944,26.383434,24.1086,25.027668,21.681293,24.475435,24.031218,23.612720489501957
21.424068,26.657173,24.647741,25.289612,22.376675,24.87167,24.206316,23.7104549407959
21.740955,26.936134,24.70863,25.407133,22.51398,24.922497,24.412624,24.15026092529297
22.194887,27.230469,25.076641,25.864992,22.80504,25.01144,25.007948,24.03297996520996
22.099339,27.383495,24.81767,25.697222,22.710564,25.135616,24.810434,24.15026092529297
22.206606,27.363728,25.004658,25.829174,22.75593,25.099009,24.881998,23.739776611328125
21.837841,27.205353,24.724453,25.384235,22.679354,25.026867,24.343327,23.91569709777832
22.14783,27.13447,24.877111,25.625841,22.717728,24.735733,24.473974,23.42702293395996
21.786201,27.002493,24.341976,25.026484,22.335375,24.723454,23.839155,24.238222122192383
22.257385,26.868595,25.196043,26.059994,22.899626,24.629185,24.819876,24.0232048034668
22.252645,26.97159,24.860567,25.726513,22.83294,24.944405,24.556107,23.78864288330078
22.033875,27.437124,24.606573,25.310356,22.557392,25.489887,24.068895,23.72022819519043
21.86634,26.880728,24.63941,25.194511,22.61184,24.822447,23.676521,23.42702293395996
21.441114,26.919518,24.313448,24.640108,22.385717,24.7813,23.016016,22.69401359558105
20.888248,26.048147,23.528801,23.729128,21.792852,24.430395,22.171263,22.586505889892575
20.649496,25.419218,23.379477,23.763147,21.642857,23.61124,22.054773,23.35860824584961
21.134113,24.789764,24.046055,24.824905,22.189846,23.352514,23.221514,24.15026092529297
21.728197,25.443375,24.848608,25.769598,22.943317,24.135372,24.629648,25.21556854248047
22.271915,26.58701,25.761024,26.797575,23.559948,25.39672,25.98199,26.31508445739746
22.784237,27.86748,26.903912,27.683117,24.417303,26.781462,27.252913,25.6798095703125
22.78361,28.463678,26.348381,26.917639,24.117046,27.64093,26.671185,26.046314239501957
23.301632,28.063694,26.750277,27.525879,24.293827,26.943449,27.087353,25.65537643432617
23.435223,27.868177,26.424767,27.194496,24.229641,26.852379,26.585754,25.435474395751957
23.500196,27.831556,26.245874,27.072111,24.00536,26.689524,26.071558,25.89971351623535
23.991552,27.559128,26.923237,27.776215,24.441265,26.16377,26.528828,26.021881103515625
24.032087,28.34685,27.052717,27.914675,24.650248,26.647928,26.586195,25.28887176513672
23.63697,28.5704,26.29727,27.020187,24.121014,27.1299,25.666868,25.068967819213867
23.41344,28.951963,26.188702,26.823631,24.013548,26.458364,25.257793,26.82819366455078
24.35189,28.544277,27.769571,28.720276,24.9609,26.112482,27.334188,26.852628707885746
24.565834,29.467335,27.666922,28.535269,25.172075,27.456545,27.41384,26.87706184387207
24.477423,29.806074,27.75578,28.54343,25.36071,28.20722,27.317024,26.73045921325684
24.577473,29.894981,27.716711,28.414364,25.306564,28.133194,27.148119,26.681591033935547
24.513115,29.91198,27.61124,28.353052,25.267199,27.86091,27.050707,26.87706184387207
24.70496,29.870697,27.831179,28.660168,25.437737,27.771154,27.33672,26.950363159179688
24.8155,29.838573,27.938002,28.749226,25.654934,27.892895,27.46344,26.999229431152344
24.926195,29.919392,27.945086,28.766844,25.761106,28.1196,27.528223,27.8055419921875
25.368555,29.740952,28.747894,29.71826,26.303928,28.23636,28.514978,27.707807540893555
25.227533,30.732428,28.53279,29.51453,26.29052,28.907873,28.404366,27.316869735717773
25.347858,30.886015,28.525808,29.083612,26.208069,29.136723,27.931004,28.123180389404297
26.081972,30.72671,28.94109,30.167475,26.078848,28.568167,28.922132,29.0272274017334
26.400007,31.325647,29.820173,30.98456,27.06164,29.27066,29.785288,28.51411819458008
26.176277,31.437984,29.528666,30.283342,27.249949,30.439285,29.007072,28.172046661376957
25.806162,31.52988,28.966307,29.75968,26.806524,30.035471,28.1869,27.683374404907227
25.554869,31.140875,28.464628,29.171495,26.295155,29.24089,27.403198,27.487903594970703
25.168913,30.837877,28.437292,28.994326,26.28949,28.672855,27.014137,27.170265197753903
24.781385,30.494942,27.942013,28.469858,25.911303,28.535934,26.633976,27.316869735717773
24.94091,30.18056,28.073595,28.677664,26.001785,28.359444,26.817524,27.39016914367676
24.705336,29.645708,28.123087,28.650768,26.140373,28.261278,26.818737,27.976577758789062
24.78935,29.870258,28.669144,29.485552,26.563692,28.525797,27.824581,26.9014949798584
23.9991,30.46469,27.247986,27.686295,25.495909,29.356749,26.794346,24.48255920410156
23.264027,29.82469,24.560434,25.32308,23.07687,28.785635,25.465311,24.14048767089844
22.86894,28.193537,25.148418,25.869448,23.530985,26.705969,25.127586,24.62916374206543
22.814436,27.123964,25.27943,26.350588,23.417772,25.815212,25.546679,25.508773803710938
22.97514,27.22415,26.021614,27.088274,24.066402,25.511875,26.400873,24.726896286010746
22.589012,27.507744,25.478413,26.010866,23.697979,26.618334,25.497032,24.101394653320312
22.121706,27.400063,24.789143,25.396433,22.991379,26.356102,24.630049,24.14048767089844
21.987146,26.994648,24.765167,25.562881,22.855219,25.60017,24.460953,24.062301635742188
22.011097,26.600332,24.742006,25.460949,22.881525,25.55512,24.305004,24.365278244018555
22.250484,26.180391,24.91197,25.682058,22.917385,25.448225,24.946432,23.759323120117188
21.94473,26.328255,24.391146,24.996086,22.507832,25.585138,24.071684,24.081846237182617
21.974937,25.782671,25.03229,25.626562,22.999613,25.329874,24.399939,23.945018768310547
21.882807,26.493687,24.818977,25.413965,22.932829,25.21631,24.074589,23.90592384338379
21.935703,27.16426,24.676998,25.303059,22.802065,25.635117,23.934221,24.14048767089844
22.244406,26.57451,25.032396,25.71497,23.06125,25.45042,24.445887,23.573625564575195
21.728882,26.787333,24.431358,24.900202,22.68125,25.797401,23.625477,22.869935989379883
21.595562,26.46672,23.927862,24.386318,22.202301,25.614859,23.049543,23.16314125061035
21.640717,26.115402,24.105505,24.850191,22.296297,24.727617,23.453306,23.2413272857666
21.607082,26.442137,24.090126,24.847818,22.388655,24.797075,23.494522,23.622493743896484
21.816715,26.24409,24.484093,25.354635,22.594522,24.998993,24.079287,24.09162139892578
22.05124,26.339426,24.981377,26.03283,23.195688,25.259218,24.949228,23.681133270263672
21.893074,27.2315,24.476765,25.314714,22.841883,25.822987,24.378355,23.29019546508789
21.46872,27.08951,24.060835,24.742731,22.312937,25.701542,23.698929,23.47589111328125
21.666471,26.548647,24.49318,25.233883,22.547749,24.839956,24.010687,23.10449981689453
21.400331,26.28243,23.913816,24.60868,22.231054,25.074295,23.443687,22.83084297180176
21.044075,25.566376,23.63117,24.198183,21.94376,24.816727,22.919525,22.73310661315918
20.84142,25.321163,23.628056,24.209095,21.829159,24.081451,22.874939,23.16314125061035
21.586702,25.379261,24.319262,25.112024,22.40639,24.226274,23.902563,22.869935989379883
21.355185,26.679607,23.819092,24.634632,22.256166,24.776947,23.57703,23.18268585205078
21.571358,27.22929,24.185682,25.058577,22.44186,25.13664,24.047117,23.270647048950195
21.804207,27.006786,24.313719,25.185091,22.445778,25.117434,24.465948,23.60294532775879
22.096174,27.18369,24.705065,25.644817,22.798637,25.49691,25.049223,23.573625564575195
22.057827,27.281553,24.66296,25.576117,22.806442,25.523119,25.060507,24.15026092529297
22.577124,27.015865,25.413834,26.391817,23.302097,25.421883,25.977724,24.287090301513672
22.781548,27.530373,25.397348,26.39207,23.340698,25.900011,26.054712,24.11116600036621
22.740238,27.590242,25.390902,26.161495,23.326563,26.130953,25.685278,24.995668411254883
23.557463,27.444052,26.335175,27.270027,23.934294,25.855227,26.807495,25.11783599853516
23.989666,28.130127,26.272243,27.2206,24.045223,26.42716,26.708939,25.02010154724121
23.908638,28.462097,26.232002,27.083906,24.037834,26.79788,26.352148,25.70424461364746
24.3723,28.573912,26.887392,27.85891,24.465025,26.513384,27.105022,26.14405059814453
24.608343,29.20236,27.246775,28.185793,24.85693,27.106735,27.364426,25.75311088562012
24.420288,29.659918,26.604221,27.544085,24.424881,27.54444,26.657192,24.995668411254883
23.837545,29.760342,25.907877,26.701714,23.86236,27.236013,25.504454,24.433691024780277
23.258074,28.863094,25.449999,26.083267,23.34135,26.228401,24.590635,24.506994247436523
23.085655,28.149454,25.515589,26.19378,23.302141,25.499731,24.527157,24.26754379272461
22.549938,27.761665,25.175394,25.874641,23.193983,25.502113,24.248009,23.28042221069336
21.743597,27.702267,24.098,24.46943,22.235256,25.649893,23.181875,23.2413272857666
21.284384,26.659025,24.136576,24.621214,22.269154,24.69818,23.012564,23.212007522583008
21.074087,26.68575,23.99978,24.589426,22.145235,24.278961,23.024252,23.90592384338379
21.335245,26.867064,24.674791,25.44925,22.594147,24.613005,23.949394,23.593172073364254
21.176142,26.938337,24.296064,24.827158,22.44334,25.06068,23.81535,23.671361923217773
21.179296,27.06175,24.249613,24.884197,22.409967,25.420546,24.025854,24.1600341796875
21.351528,26.585848,24.82726,25.54497,22.848072,25.145142,24.815472,23.95479202270508
21.27805,27.147507,24.646366,25.238945,22.76294,25.566307,24.60372,23.48566436767578
21.227783,26.601374,24.288692,24.715414,22.43938,25.596565,24.146202,23.22178268432617
21.01371,26.00572,24.039074,24.45065,22.233192,24.894117,23.752247,23.22178268432617
21.156647,25.574604,24.135057,24.667624,22.224545,24.567814,23.887669,22.576732635498047
20.96499,25.448145,23.492691,24.032719,21.765081,24.489609,23.255445,22.791748046875
21.000433,25.578432,23.733442,24.387306,22.014412,24.340143,23.510614,23.16314125061035
21.468937,25.513445,24.099205,24.864847,22.255486,24.15,24.128992,23.38792991638184
21.59684,26.53953,24.275532,25.094006,22.547777,24.72987,24.395044,23.378156661987305
21.569738,26.873682,24.113998,24.989204,22.320694,25.139305,24.36705,23.260873794555664
21.537622,26.983223,23.971193,24.811096,22.108595,25.192839,24.21268,23.42702293395996
21.790821,26.442335,24.316687,25.140642,22.376019,24.873579,24.49267,22.9383487701416
21.340126,26.284885,23.76334,24.377811,22.033756,24.80207,23.56805,23.33906364440918
21.617594,25.56291,24.251009,25.052067,22.317665,24.269829,24.15411,23.827735900878903
22.315271,25.838575,24.786882,25.729584,22.69573,24.387707,25.07786,24.199129104614254
22.807701,26.757563,25.39017,26.260014,23.388958,25.266405,25.635126,24.97123146057129
23.241302,27.63009,25.988308,26.902704,23.778578,25.953192,26.433966,24.897933959960938
23.329493,28.45221,25.970205,26.691422,23.775745,26.672867,26.11118,24.580293655395508
23.347904,28.343145,25.684332,26.32025,23.545721,26.493462,25.560131,24.458126068115234
23.197546,28.251781,25.505129,26.23369,23.356329,25.944456,25.201672,24.97123146057129
23.655386,27.687666,26.18063,26.980337,23.943188,25.790312,25.853725,24.580293655395508
23.5652,28.086433,25.558578,26.339687,23.620876,26.211355,25.088835,24.678028106689453
23.46624,28.09927,25.783989,26.533447,23.615067,26.059546,25.191774,24.208904266357425
23.028006,28.385416,25.31592,25.923574,23.280926,25.778334,24.387123,23.446571350097656
22.350262,28.28965,24.45566,24.85762,22.566235,25.685778,23.241161,24.335956573486328
22.756338,27.39135,25.422253,26.181383,23.17396,24.631447,24.570272,24.48255920410156
22.966492,27.624952,25.511984,26.234861,23.429361,25.226511,24.88911,24.77576446533203
23.028614,28.195309,25.832806,26.561981,23.775581,26.230318,25.3886,24.48255920410156
22.526056,28.366552,25.472553,26.016064,23.54099,26.657282,24.844616,24.14048767089844
22.290152,28.342245,25.22641,25.610516,23.239927,26.086918,24.23926,24.648706436157227
22.807047,27.968128,25.806042,26.398617,23.59614,25.409296,25.157034,25.19602394104004
23.39781,28.058926,26.278906,27.154575,24.124466,25.94162,26.258465,25.45013427734375
23.611715,28.511118,26.411476,27.271616,24.370068,26.697807,26.644686,25.411039352416992
23.664152,28.5427,26.55939,27.2249,24.412336,27.208788,26.513355,25.508773803710938
24.036024,28.667088,26.900566,27.488558,24.626293,27.023626,26.6732,25.33285140991211
24.271141,29.47632,26.718594,27.252712,24.57385,27.084759,26.293594,25.33285140991211
24.34548,29.438437,26.624868,27.299158,24.520811,26.966944,26.145683,26.38838768005371
24.790134,29.219212,27.263672,28.418705,24.651358,26.79064,27.55429,25.56741523742676
24.258722,29.82152,26.61986,27.175766,24.494785,28.09934,26.047415,25.46968078613281
24.000244,29.218863,26.58978,27.044983,24.435976,27.444654,25.470442,25.72378921508789
24.167946,28.98592,26.844606,27.431564,24.636042,26.522589,25.676666,25.95835304260254
24.349876,29.310186,26.886766,27.567186,24.770939,26.986614,26.020645,25.46968078613281
23.891766,29.529478,26.34595,26.888092,24.479593,27.392483,25.371395,25.56741523742676
23.722118,29.37081,26.416777,27.05884,24.372093,26.965315,25.563034,25.19602394104004
23.15679,29.135078,25.547834,26.387188,23.747381,26.748518,25.032072,24.726896286010746
22.30986,28.574965,25.296251,25.7027,23.415022,26.672058,24.281244,24.53142738342285
21.935236,27.624796,25.49262,25.6691,23.47448,25.43353,24.233103,24.39459800720215
22.172848,27.218225,25.512886,25.598108,23.577353,25.450748,24.141127,24.29686546325684
22.124178,27.135683,25.316557,25.558142,23.550894,25.780115,24.16115,24.492332458496094
22.11702,27.551605,25.42363,25.853357,23.725344,25.83267,24.467735,24.21867561340332
22.08795,27.922083,25.078928,25.396097,23.33523,26.048443,24.209024,24.37505149841309
22.188118,27.834833,25.18278,25.63262,23.392414,26.050322,24.52378,24.04275321960449
21.86199,27.552464,24.803236,25.13009,23.134848,25.895172,24.225191,23.8472843170166
53.42949,68.70952,64.06304,64.996925,64.635284,66.72916,66.70005,57.92529678344727
52.542507,67.780426,61.818043,61.716114,62.55714,67.25137,65.43063,58.67031097412109
52.685772,65.58773,62.732094,63.43979,62.947052,66.03605,65.088974,57.31996154785156
52.2578,65.29505,61.036594,61.359863,61.66114,64.69391,64.460884,59.6947135925293
52.339046,64.448395,62.11712,64.03255,62.578617,65.277054,65.37198,61.324440002441406
52.777317,64.13371,63.96128,65.86212,64.04261,65.2844,67.16546,62.581668853759766
53.261875,67.65934,65.13144,67.175606,65.20368,66.78708,68.96647,63.00072860717773
53.68031,68.82562,65.74268,67.776855,65.92181,68.50197,69.41761,63.00072860717773
54.161377,72.079506,65.870674,67.93977,66.13444,68.96847,69.7408,63.83888244628906
54.883488,73.04686,67.045555,69.42714,67.11162,69.07132,71.14118,63.74575805664063
55.174767,73.83728,66.734604,69.207664,67.115425,69.880844,71.09031,63.5129280090332
55.164352,73.839806,67.26811,69.30308,67.61575,69.99507,70.61122,62.34884262084961
55.09339,73.279305,66.13392,67.99096,66.73299,69.77638,69.03758,62.16259002685547
54.92294,73.01406,65.767235,67.57943,66.318436,69.55634,68.49417,59.74127960205078
54.26456,72.27726,63.716686,64.672424,64.49611,68.85019,66.540886,57.97185134887695
53.240746,70.66013,61.86944,62.17089,62.546455,67.90526,64.951,55.45741653442383
52.23999,67.73396,59.9173,59.45958,60.516582,65.663666,63.413788,56.62150192260742
52.087112,64.503296,60.224075,61.454857,60.697144,63.853073,63.367676,59.13594818115234
52.23348,63.14208,62.049194,64.18816,62.39942,62.481106,64.62393,59.83440780639648
52.227978,64.9827,62.5341,64.17444,62.851334,64.74737,65.04938,55.8764877319336
51.43341,65.92642,59.348625,59.72729,60.13824,66.354034,63.21868,54.61927032470703
50.844727,64.8528,57.545773,58.458317,58.192833,64.445915,61.643566,61.46413803100586
52.209156,64.253815,64.33694,67.4301,63.27841,61.709835,67.450745,62.44197463989258
52.88651,65.58097,65.824326,68.246284,65.07149,66.095474,68.72426,63.00072860717773
53.108437,68.89275,65.14848,68.07209,65.148186,69.71875,68.82044,62.67479705810547
53.554604,69.75748,65.17156,68.331764,65.17274,70.207825,68.362465,62.53510284423828
54.259502,71.90861,65.583626,68.51768,65.29259,69.01614,68.200066,61.46413803100586
54.19248,72.88349,64.723404,67.3446,64.58034,68.71103,66.94876,62.20915603637695
54.26879,72.03591,65.19861,67.932526,64.893,68.408394,67.14859,61.557254791259766
54.11104,72.04835,64.38062,67.08415,64.40609,68.220215,66.2173,62.95418167114258
54.330402,70.5329,66.16667,68.66503,65.73298,68.239395,67.71424,63.46638107299805
54.505375,71.35513,66.89895,69.33916,66.59368,68.613495,68.80059,64.81671142578125
55.27986,71.05139,69.75604,70.79364,69.011,69.49389,70.29936,66.02738189697266
55.845867,72.39724,69.38055,71.69913,69.66889,71.15413,71.3106,63.74575805664063
55.621883,73.47841,67.12706,69.401726,68.22035,72.283966,69.749535,65.18922424316406
55.86974,73.72593,68.759766,71.130455,68.940506,71.579666,71.076256,64.49077606201172
55.80143,73.75025,68.357216,70.21522,68.611984,71.00165,70.21337,64.95640563964844
55.99063,73.91338,68.48232,70.491295,68.73655,71.342,70.52086,65.09611511230469
56.126553,73.832596,68.37179,70.82772,68.817825,71.000656,70.70554,65.93424987792969
56.551613,74.12993,69.16138,71.91214,69.47361,70.97452,71.854675,67.19148254394531
56.845726,74.47875,70.31757,73.012375,70.436226,71.791695,73.012474,64.16484069824219
56.33219,74.77688,67.68495,69.21414,68.37556,72.756775,70.825935,63.88545608520508
55.901123,74.54579,67.21264,68.80311,67.471436,72.08857,70.07692,67.51742553710938
56.90509,73.31137,70.808945,73.57065,70.35539,70.158195,73.60963,67.65711212158203
57.020947,73.765175,70.67803,73.30327,70.994415,71.96965,73.15232,66.86553192138672
56.945827,74.43609,70.069145,72.11481,70.43384,74.08752,72.24572,65.32891845703125
56.731094,74.883354,68.94052,70.31714,69.29378,73.33455,70.659225,65.42205047607422
56.820293,74.446594,68.651825,70.43988,68.96414,71.9301,70.35869,65.70143127441406
56.660583,73.806,68.72335,70.67597,69.11194,71.06418,70.6898,66.02738189697266
56.711983,72.96788,69.085945,71.000854,69.50751,71.2213,71.172745,65.65487670898438
56.652332,72.79158,68.83238,70.29526,69.30149,71.69227,70.69661,66.4930191040039
56.87745,72.63022,69.97926,71.75707,70.31467,71.813065,71.31713,68.4021224975586
57.621788,73.563156,71.659164,74.153465,71.93363,72.371574,73.67778,68.44869232177734
58.146645,75.23274,72.16688,74.163185,72.787094,74.41512,74.95339,69.24028015136719
58.575035,76.387596,72.51669,75.192,73.35152,74.88317,76.66086,69.24028015136719
58.89928,77.4757,72.73066,75.287766,73.56452,75.305016,76.79262,72.17378997802734
59.839653,78.04115,75.47105,78.53349,75.6615,75.45283,79.94464,71.38220977783203
60.187145,79.01885,74.88162,77.552345,75.54915,77.48447,78.5669,72.87224578857422
60.99566,79.37502,76.12522,79.16749,76.484474,77.93695,79.9991,72.03410339355469
61.309967,80.02725,75.234406,78.33757,76.118385,78.52798,78.87863,74.36228942871094
62.11717,80.259605,77.320244,80.745674,77.632,78.50541,81.37757,74.45541381835938
62.48783,81.37296,77.57949,80.700165,78.01565,79.59522,80.74143,75.06074523925781
63.13833,82.006355,78.259796,81.373,78.69222,80.299835,81.0222,75.57294464111328
63.56367,82.64161,78.78059,82.022125,79.276146,80.62154,81.53436,77.10955810546875
64.191086,83.381836,79.95102,83.34965,80.347755,81.14,83.013756,75.47982025146484
64.0938,84.15031,78.232346,81.54614,79.2102,82.344864,81.25695,75.43324279785156
64.25165,84.43283,78.74447,81.62103,79.32111,82.21142,81.061775,75.57294464111328
64.330925,84.53727,78.91789,81.884575,79.53114,81.41396,81.12428,73.80352783203125
63.965954,84.71339,76.8454,79.59065,78.02237,81.51802,79.90445,72.63944244384766
63.221333,83.61692,75.73333,77.88828,76.73278,81.13494,79.195274,70.91658020019531
62.240036,81.6619,74.13491,74.87627,74.784676,79.16136,77.770065,71.52191925048828
62.121773,78.22024,74.89698,76.26657,75.263664,77.48042,77.715096,73.71040344238281
62.459877,76.71755,76.77549,78.976654,77.27569,76.899704,78.791405,72.73255157470703
62.20636,77.70732,75.788,77.40904,76.976395,79.18027,79.01137,71.56847381591797
61.816982,78.12893,74.81304,76.04535,76.002396,80.41465,78.007965,72.82567596435547
62.286114,78.669815,75.96265,77.841896,76.66207,78.79408,78.24619,72.5928726196289
62.506847,79.825325,75.987236,77.96099,77.01757,78.90061,78.42001,73.10507202148438
62.575256,80.67598,76.52383,78.38466,77.48996,79.657585,79.14477,75.52638244628906
63.512085,80.74793,79.17748,82.00639,79.828255,79.99126,82.88693,77.06298828125
64.47471,82.66956,79.99073,83.296814,80.960815,82.23307,84.98821,73.85009002685547
64.26943,85.394165,77.67868,80.10898,79.41066,83.65145,81.815445,81.20716094970703
65.76957,85.204796,83.77599,87.608185,83.14493,82.73712,88.95995,82.55751037597656
67.107635,87.29598,86.73688,89.48373,86.09846,85.98491,89.12201,74.31571960449219
66.10698,88.96839,76.24006,79.03101,78.3275,88.961624,84.04314,70.73030853271484
65.10987,85.08171,73.82367,76.314476,75.103775,84.87991,79.362404,68.30899810791016
64.552444,82.22781,74.17349,75.409195,74.57758,79.50115,77.102745,65.98081970214844
63.39093,77.82492,71.817215,72.53532,72.59207,77.321594,75.653404,63.74575805664063
62.20902,73.26793,68.7907,69.96857,70.195786,75.81232,74.13061,62.581668853759766
61.23306,72.21373,66.98095,68.4498,68.4317,74.53991,72.58688,62.11603164672852
60.278564,69.64539,66.09544,67.676094,67.26615,72.60841,71.15638,61.92976760864258
59.415005,69.64357,65.64522,67.234215,66.57862,71.18194,70.84645,62.62823486328125
59.25736,68.96226,66.89856,67.52946,67.216255,70.63073,70.35672,63.88545608520508
59.47018,69.65286,67.41071,68.7352,67.811516,71.28386,69.90439,65.46862030029297
59.789993,71.37195,69.115326,70.47655,69.44624,72.70753,70.77164,65.65487670898438
60.43722,73.88981,69.108116,70.465195,69.56248,74.32301,71.43077,66.95865631103516
61.073128,75.94409,70.363464,71.92338,70.62417,75.355385,72.8429,67.93649291992188
62.08289,77.90489,72.49093,74.215515,72.55781,76.047264,74.29352,71.75473022460938
63.22793,80.12659,75.949,78.78718,75.86859,77.520744,77.342606,72.2203598022461
63.81751,83.816154,76.21561,79.176,76.98307,80.896935,77.79597,74.82792663574219
64.53121,85.87952,78.944305,82.049904,79.10486,81.438,79.85331,75.10730743408203
65.19152,87.68154,79.38838,82.64345,79.68837,82.84219,80.698845,76.17827606201172
65.56822,88.10758,80.1516,83.742714,80.63309,84.00155,82.126785,76.64391326904297
65.767334,87.68932,81.1513,84.56467,81.56456,84.61289,82.874466,77.06298828125
66.16791,87.54259,81.26976,84.66008,81.62359,85.249565,83.598145,75.97891998291016
66.24678,87.55502,80.36082,83.7045,81.151825,85.61455,82.92668,79.27825927734375
66.98981,87.51239,83.35729,86.79269,83.23852,85.40759,86.69978,83.37885284423828
67.9602,88.42969,87.2757,90.06948,86.35203,86.62203,89.555145,82.43618774414062
68.74238,89.847534,86.84429,89.64556,86.94511,89.51811,88.80133,78.24131774902344
68.47357,91.03135,82.0733,85.688,83.61031,90.43131,85.89035,74.89485168457031
67.75706,91.43354,80.16665,82.66486,81.1381,88.90438,83.992325,78.38272094726562
67.78459,89.65411,83.25112,85.913536,82.73282,85.86377,85.2067,79.18399047851562
67.83032,88.47714,83.90184,86.495285,83.82835,84.577034,85.283325,81.06932830810547
67.97017,87.92238,84.750984,87.84224,84.88137,86.84496,85.80157,80.36231231689453
68.04796,87.72356,84.03794,87.00909,84.504524,88.72771,85.499794,84.3215103149414
69.337296,88.5456,88.40758,91.549835,87.76183,88.039955,88.69747,83.1431884765625
69.83527,89.96969,87.20214,90.41899,87.63244,90.49515,89.071724,85.1227798461914
70.68122,91.338394,89.03956,92.42798,89.068634,91.386765,91.60379,86.34825134277344
71.43963,91.98612,90.01125,93.74949,90.12426,92.10045,93.94282,85.40558624267578
72.02919,94.41685,89.83548,93.20851,90.32692,93.29005,92.662766,87.38518524169922
72.82843,94.76109,92.32339,95.582634,92.284966,93.28346,94.98743,87.52659606933594
73.78586,96.22586,92.27194,95.59327,92.78844,94.415215,94.10321,87.90365600585938
74.28152,97.44284,91.82709,95.57816,92.74957,95.59039,94.213844,86.7253189086914
74.509636,97.61135,91.1016,94.681595,92.17068,95.43415,93.146484,87.10240173339844
74.78976,97.57708,91.732544,95.16639,92.508545,94.8418,93.728035,91.72145080566406
75.78785,97.1681,95.80858,99.056725,95.45333,94.453545,98.81527,93.98385620117188
76.724236,98.320656,97.63678,100.92553,97.58251,97.49501,99.42045,94.21952056884766
77.471855,99.87045,97.38442,101.159615,97.8666,100.35556,99.55229,95.0207977294922
78.52112,101.01728,98.59375,102.474144,98.95033,100.69709,101.3195,95.68065643310548
79.43652,102.45104,99.263115,103.3212,99.78783,101.150276,102.73657,93.46539306640624
79.67668,103.733826,97.38689,101.50388,98.58379,102.14042,100.771255,91.5329132080078
79.32095,103.03525,95.51217,99.239044,96.646484,101.11268,97.92184,95.91633605957033
80.191154,101.50715,100.233315,103.746574,99.718864,99.336205,101.53839,96.15199279785156
80.70196,101.85991,99.78839,103.96687,100.53126,100.794136,101.072205,102.37358856201172
81.72668,102.61855,104.697495,108.61028,104.13012,103.144844,107.016975,101.8551254272461
82.72654,104.56882,105.4302,108.936554,105.256195,106.897896,105.48706,101.2423858642578
83.73082,106.69811,104.262054,108.59445,104.91995,107.72884,105.0327,103.7875747680664
84.703224,108.5625,106.535614,110.97223,106.42969,107.17395,109.06484,107.60538482666016
86.10902,110.05569,110.966064,114.44824,109.78427,108.570595,112.20371,108.7837142944336
87.46004,112.00299,111.58279,115.68622,111.08739,111.95493,113.44898,107.32257080078124
88.49657,113.3732,111.12835,115.42174,111.348946,113.73206,111.01927,108.97225189208984
89.55088,114.532074,112.56772,116.830055,112.39308,113.06288,113.52054,119.86005401611328
91.94547,115.73739,121.28954,124.147644,118.395676,113.93726,122.111946,125.70458221435548
94.469925,118.8647,127.46438,129.37068,124.26378,120.07659,124.83156,128.53257751464844
97.17887,122.8625,130.19818,132.38634,127.76571,125.633286,127.425446,128.4383087158203
99.67399,127.06078,130.70474,133.8939,129.17368,128.91713,129.2279,122.2166976928711
100.97986,131.11389,125.89585,130.81589,125.85463,129.79184,127.764,120.66130065917967
101.59581,131.34991,125.30992,129.53502,124.32692,127.50757,124.754166,119.01166534423828
101.67229,130.51204,124.06762,128.04858,123.10142,125.65119,123.20736,110.76331329345705
100.56496,128.47751,116.830894,121.41731,117.541954,124.76449,122.49302,118.87025451660156
100.54959,123.2135,123.1784,126.50814,120.997665,121.3246,123.54659,118.3046417236328
100.59944,122.221924,122.93544,126.2691,121.91983,119.19287,124.96001,114.53397369384766
100.28521,121.27029,120.08603,122.96501,120.41861,122.58601,125.651436,113.1671142578125
99.923355,119.92532,118.83861,121.68652,119.246635,121.70219,125.70492,121.13265991210938
101.25196,120.552055,124.5022,127.110176,123.30122,120.42175,126.9109,120.66130065917967
102.03769,122.04112,124.71324,127.772316,124.80921,122.87902,126.39235,121.17977142333984
102.610214,125.2993,124.37533,127.85709,124.941536,125.67357,126.72327,118.87025451660156
103.404816,126.53862,122.77958,126.298706,123.65651,126.62636,125.52382,122.1695785522461
104.8123,128.63211,125.69011,128.90793,125.503296,125.75525,124.91348,123.67784881591795
105.78528,129.62054,128.84056,131.329,128.54045,126.28815,127.98939,124.52626037597656
106.917885,132.48524,128.86862,131.8732,129.57298,129.19695,132.17947,121.98104095458984
107.41474,134.31049,126.17408,130.21681,128.0745,131.25609,129.88896,128.67401123046875
108.60337,135.61626,133.02545,135.43607,132.13371,130.47282,138.65202,127.25997161865234
109.271965,138.0103,131.70485,134.86766,132.31511,132.52747,136.36636,127.25997161865234
109.769226,139.37244,132.1349,134.9138,132.88643,134.07645,137.19412,127.49566650390624
110.30566,140.06866,131.6193,134.91663,132.5028,134.08873,136.76814,127.25997161865234
110.64458,140.91243,131.90018,134.9598,132.69499,134.23486,135.58792,129.0981903076172
110.93674,141.18997,133.53288,136.03223,133.8393,134.49883,137.61972,127.25997161865234
110.77753,141.24748,132.0034,134.7012,132.97635,135.1749,132.36014,126.31732177734376
110.72747,140.4624,130.50046,133.2277,131.58138,134.8282,130.68257,130.1351318359375
111.5236,139.04153,134.75873,136.61778,134.39098,133.70464,133.28381,127.25997161865234
111.24769,139.50417,131.21823,134.41742,132.84204,135.43625,133.1966,129.94659423828125
111.4469,138.11485,133.70961,136.0684,134.20631,136.12169,134.23492,128.86251831054688
111.86724,139.01219,133.1561,135.69557,134.22461,136.17363,133.38011,130.88926696777344
112.729416,140.28528,134.64163,137.2359,135.31154,136.95026,134.6774,129.80516052246094
112.802605,141.50243,133.39935,136.53366,134.65187,137.9636,134.52452,127.25997161865234
112.29005,142.25429,130.64565,133.69803,132.24734,137.92601,134.58981,127.25997161865234
112.956024,140.20467,130.9913,133.3774,131.91135,136.46736,133.34746,129.4752655029297
113.38249,139.44023,133.11324,135.71677,133.63164,135.39732,134.51256,137.39366149902344
114.72059,139.49089,139.30852,141.95493,138.6013,136.4744,147.23868,134.09429931640625
114.937256,142.10039,136.37291,140.32663,137.73256,141.7667,144.07245,136.63949584960938
115.96881,145.39989,139.69751,142.49594,139.38109,142.56473,145.82265,138.71337890625
117.958855,147.71739,142.28314,144.50328,141.6004,142.60959,148.4754,146.11329650878906
119.28854,152.11365,147.04062,148.72801,145.501,144.32278,151.93073,147.52731323242188
120.55759,154.56238,149.18958,150.53165,147.67076,147.77147,152.24745,150.82664489746094
122.66138,157.34186,152.9827,153.47032,150.85281,149.71448,154.42404,151.10946655273438
124.609764,160.79317,153.35637,154.22273,151.89757,151.8568,155.48843,150.82664489746094
125.63533,162.15251,153.74843,154.53241,152.2734,152.9695,156.34778,150.82664489746094
126.52872,163.79562,153.46317,154.5951,152.099,153.24332,157.02133,150.6852569580078
127.53115,163.41818,154.3922,154.5091,152.81566,153.40747,156.02911,147.52731323242188
127.53206,164.09409,151.53159,152.71481,151.04544,153.68112,151.0863,140.45730590820312
126.486595,162.86642,145.26907,147.94409,146.02107,152.68217,148.86243,138.5248565673828
125.26669,159.41846,143.25,145.45772,143.34717,150.26465,148.52702,134.23570251464844
123.616936,154.8383,140.08456,141.16911,140.52357,147.23352,147.35866,136.8751678466797
122.724464,148.99553,141.39087,142.45477,141.39641,144.14154,147.35013,142.1069793701172
122.748375,146.60765,145.00723,145.68086,144.43202,141.70477,147.8123,133.57586669921875
122.11573,147.69586,137.85912,140.10368,140.09872,145.04628,146.28444,130.88926696777344
121.75974,145.43431,135.92696,137.80576,137.5889,144.77583,144.59378,130.60647583007812
122.474236,145.66936,135.18996,136.90247,136.51988,141.46346,143.11479,131.40771484375
122.82107,145.53181,134.79102,136.86612,136.38803,140.69707,141.78755,128.20263671875
122.63811,144.54395,132.7437,134.65518,134.83618,140.31764,139.16179,130.04083251953125
122.844315,143.9943,133.64421,135.67514,135.15755,140.04147,137.3467,136.45098876953125
124.52384,143.46591,139.04483,140.77982,139.14622,139.65771,137.02448,134.80133056640625
125.095894,146.9646,137.9593,140.1073,139.36043,143.45912,136.35823,137.15798950195312
126.03038,150.31387,140.81732,142.6208,141.43336,145.92958,139.69778,139.63247680664062
127.63433,152.40552,143.6033,144.98141,143.82639,147.06326,148.42451,144.46363830566406
129.00887,157.31519,148.70058,149.08026,148.3511,148.67587,150.07405,144.22796630859375
129.57585,161.8991,147.73149,149.2465,148.58678,151.29147,150.74866,138.45416259765625
129.01247,165.22102,143.57805,146.03427,145.53117,152.17894,148.16707,133.858642578125
128.07838,165.19443,139.9013,142.24156,141.7574,151.3451,143.47188,135.2726593017578
127.157455,161.32697,141.31175,142.6401,142.02014,149.18974,142.94472,136.8044891357422
126.08187,158.9589,142.16205,143.46461,142.95662,146.74947,142.95306,142.1069793701172
125.98731,156.18022,146.403,146.94162,146.32661,146.78484,147.23508,145.28846740722656
126.392166,156.41254,148.97096,149.4193,149.06328,149.66827,151.0857,143.40313720703125
126.75393,159.84273,148.1577,149.1155,149.06631,151.86653,148.26152,147.6451416015625
127.99708,161.70224,151.74281,151.65254,151.1346,152.22742,154.92532,145.87762451171875
128.82121,164.61162,150.26344,150.83102,150.7632,153.59258,154.13228,145.87762451171875
129.28186,165.57462,150.52205,151.08423,150.77905,153.65945,156.75189,149.177001953125
129.93158,165.63873,153.94012,153.23888,153.12369,153.31265,158.8444,151.0623016357422
130.6512,166.85046,155.6512,154.72014,155.13521,154.40282,159.65216,148.5878448486328
130.74033,168.14758,153.13506,153.4499,153.84967,155.88261,156.3499,147.05596923828125
130.57324,167.85632,152.32141,152.40236,152.7682,155.95628,152.82869,145.170654296875
130.46826,167.23438,151.34685,151.04388,151.76337,155.605,150.79274,143.9923095703125
130.15448,165.33594,150.58064,150.13745,151.21466,154.9946,150.37726,145.05279541015625
129.72533,163.36095,150.20105,149.99704,150.88939,153.98216,151.11076,145.52413940429688
129.77242,162.3858,150.4916,149.9267,151.18675,153.29185,150.28133,147.52731323242188
130.09323,161.73604,151.80057,151.23119,152.11899,153.33487,150.21751,152.47630310058594
131.61516,162.3149,156.51866,154.97772,155.66858,154.01462,155.70366,151.65147399902344
132.66797,164.74791,155.35666,154.80956,156.03471,156.55145,155.87024,149.05914306640625
133.01141,168.00285,153.27248,153.32503,154.37936,157.26534,155.11662,146.34898376464844
133.21828,168.40062,151.40965,151.11316,152.3018,156.92514,153.4297,142.3426513671875
132.89665,167.21452,147.4596,147.2683,148.93512,156.04358,151.34575,147.6451416015625
133.32094,163.157,152.24922,151.39844,151.80446,153.19748,152.11887,151.0623016357422
133.98369,161.12985,155.08023,154.29959,154.94029,152.41484,153.67844,149.8839874267578
133.8048,164.10147,153.31708,153.65147,154.59903,156.14488,151.73169,143.8744659423828
133.1126,165.86119,148.05199,148.83018,150.0184,157.61015,149.40196,144.70750427246094
133.53654,164.65408,149.31487,149.07176,149.67412,155.39493,150.14445,147.20655822753906
134.30437,164.68289,151.18774,150.55219,151.24762,153.12473,151.096,147.3255615234375
134.1637,164.68965,150.55162,150.86209,151.67947,153.64172,152.17561,143.27947998046875
133.13449,164.00992,146.93672,147.45653,148.85109,154.96548,149.28392,144.5885009765625
133.6845,162.60342,148.59853,148.43008,149.12897,153.89551,147.47743,145.65953063964844
134.0282,161.90257,149.71738,149.3573,150.35512,152.71573,147.9956,146.37353515625
134.15788,163.82692,150.53445,150.23607,151.46524,153.45317,149.95256,143.1604766845703
133.67397,163.65181,147.94576,147.77292,149.6718,154.51465,149.41025,143.27947998046875
134.04329,163.67528,147.69543,147.5683,149.00421,154.30127,147.7283,139.11436462402344
133.50024,163.25592,144.6362,144.44478,146.59488,153.23967,146.09814,143.9934844970703
133.91566,161.24382,148.01585,148.01688,148.63068,152.1452,149.45013,146.25453186035156
134.29297,160.3793,149.99141,149.89389,150.78732,151.79547,152.68541,151.84767150878906
135.91049,163.60796,155.24902,154.59857,155.04997,153.75133,160.70586,152.08566284179688
136.59767,166.533,155.47026,155.27779,156.1588,157.38,160.64323,151.4906768798828
137.42757,172.4708,155.20248,155.05115,155.82277,158.69693,160.6491,156.2507781982422
138.68617,175.01743,159.9033,158.27574,158.86139,158.61736,163.24983,159.4638671875
139.7926,178.2504,161.9922,160.28702,160.91081,159.91988,164.7502,161.12989807128906
140.35667,180.31305,163.80458,161.80374,162.72514,161.60776,166.42122,159.4638671875
140.72374,180.72241,162.55191,161.16515,162.00832,162.74353,166.19421,158.63084411621094
140.64577,181.54176,162.2911,160.52307,161.60237,162.81184,166.674,158.86883544921875
140.61745,180.6326,163.2227,160.73662,162.18857,162.57712,166.9023,159.4638671875
140.14815,179.94753,163.2238,160.70483,162.3892,162.45845,166.03873,164.4619903564453
140.7496,179.32095,167.14334,163.0881,165.14484,162.52112,169.52007,171.8401641845703
141.95555,179.8966,172.59433,167.16808,169.6053,163.8542,172.87512,175.05325317382812
143.39003,182.78334,174.62401,169.02594,171.79343,166.73952,174.3777,173.38719177246094
144.92244,185.87422,174.42618,169.24188,172.06873,168.99634,174.52008,176.24325561523438
146.84706,187.7676,176.66664,170.53497,173.4388,169.50087,177.40303,177.07627868652344
148.36795,190.00948,177.39388,171.36876,174.40097,170.25964,178.64839,176.12423706054688
149.09566,191.20395,176.82672,171.21022,174.18228,170.83691,178.21295,181.3603973388672
150.39394,191.78743,180.61024,173.34415,176.52885,170.95697,180.41277,178.0283203125
151.13055,193.88667,178.71227,172.74672,175.9196,172.25241,174.34644,175.291259765625
151.23625,192.91457,176.63364,171.4008,174.21945,172.5123,170.92549,179.0993194580078
151.90894,192.09277,179.09564,172.44818,175.55869,172.07114,173.13885,180.1703643798828
152.7579,191.72185,179.95164,173.03769,176.82088,171.90273,173.6401,178.0283203125
153.13434,191.80734,178.63054,172.51486,176.31812,172.56596,173.40771,183.8594665527344
154.38376,191.97658,182.45251,174.69571,178.61832,172.50063,175.35164,188.7385711669922
156.4995,194.10573,185.4168,176.89864,181.41039,173.74161,177.8789,186.9535217285156
157.68546,197.41885,184.09619,176.86525,181.09615,175.61844,176.81102,180.88438415527344
158.1716,199.05345,179.78854,174.478,177.69203,175.85913,177.99742,181.3603973388672
159.4262,197.76295,180.27936,173.975,177.3485,174.5531,176.52528,190.04757690429688
161.46913,197.04031,186.72899,177.83058,182.0489,173.26318,182.79668,185.76348876953125
161.46156,198.23553,182.63268,176.67531,180.78616,174.98924,179.04675,185.64450073242188
161.91548,198.81987,182.87689,176.45825,180.28288,175.95244,177.89497,188.26254272460935
163.5832,200.31737,184.88187,177.45226,181.51927,175.555,177.36066,191.47561645507807
165.17987,202.2367,187.15912,178.97215,183.56763,176.26233,179.92955,187.90554809570312
165.39839,204.60374,184.58263,177.7513,182.31787,177.80037,180.96559,188.0245513916016
165.92175,205.38184,184.46623,177.35631,181.82558,177.57553,180.48846,188.0245513916016
166.80717,205.85193,184.77945,177.52275,182.03273,176.9935,178.42957,183.2644500732422
166.27196,205.80748,180.5998,175.02008,179.33842,177.13055,177.75053,181.2413787841797
165.40121,202.54926,177.89326,172.84894,176.71335,175.74432,179.22696,184.8114776611328
166.1962,199.30974,182.48608,174.95525,179.68274,173.4934,177.506,181.3603973388672
165.76399,198.05804,178.27856,172.92744,177.81038,173.16087,175.83765,177.5522918701172
165.34178,196.3898,176.44255,171.15836,175.92694,173.76965,175.47108,177.07627868652344
165.63074,195.2531,176.28314,170.56917,175.41515,172.51192,176.10966,177.19528198242188
166.30008,194.99908,175.97264,170.47206,175.51,171.7484,173.92557,183.2644500732422
167.38235,195.47981,179.87971,173.64981,178.21623,171.60236,174.37619,184.93048095703125
168.58545,197.28831,181.57425,175.26373,180.15773,173.30455,175.54596,186.0015106201172
170.14224,201.4777,183.22838,176.59851,181.57567,176.18355,179.22424,189.80958557128903
172.09784,205.7417,186.13115,178.16359,183.63985,177.75154,185.95285,183.8594665527344
172.43686,210.4616,182.05453,176.18019,181.37344,178.83789,181.43826,185.16848754882807
172.9322,212.7029,183.12268,176.36626,181.33221,178.57303,185.5354,180.1703643798828
172.13235,212.51265,179.71861,174.12648,179.00465,177.81903,179.67976,180.2893524169922
171.30368,210.50578,179.39908,173.53201,178.29167,177.38216,176.97949,183.97845458984372
171.0923,207.17636,182.41042,175.1129,180.25728,175.92406,178.95891,182.07440185546875
170.11674,206.62523,180.43207,174.28323,179.68504,176.37953,175.39078,182.7884063720703
169.82799,205.45879,181.80606,174.61066,180.34004,176.7938,174.21335,176.3622589111328
168.88008,205.1725,177.15514,171.51619,177.16512,176.9913,172.80212,169.46011352539062
167.58685,203.02612,172.03862,167.2227,172.69485,176.35884,172.816,164.93798828125
166.71501,198.90074,169.0581,164.32025,169.76025,173.6882,169.45476,166.36602783203125
165.53224,194.47098,168.27019,164.3627,169.04451,170.84283,168.91916,167.3180389404297
164.72693,190.83728,167.74332,164.38345,168.63087,168.74591,165.83464,171.8401641845703
164.80107,189.3995,171.14745,167.06804,170.84721,168.65718,164.75073,172.55416870117188
165.157,190.14946,172.2023,167.90405,171.9755,170.2001,165.0708,173.6251983642578
166.08478,193.8285,173.31781,168.84813,172.9608,171.99124,164.43663,176.48126220703125
167.30862,196.92685,175.73364,170.54367,174.71872,173.14758,167.78278,180.88438415527344
169.25235,201.12712,179.35225,173.36624,177.55159,174.07597,176.8806,192.7846527099609
171.58618,205.11412,187.78041,178.77832,183.73912,175.81386,179.01189,191.47561645507807
173.082,211.28424,188.65388,179.97557,185.9144,179.564,179.92035,191.47561645507807
174.26997,217.23589,188.95457,180.23743,186.237,181.42635,182.79016,186.9535217285156
174.42532,220.74423,186.18916,178.92395,183.88576,182.0122,183.264,186.5965118408203
173.77812,221.13638,185.94028,178.14105,183.20012,181.79218,185.78903,184.57345581054688
172.67368,219.41942,185.32764,177.42796,182.69458,180.93556,182.56943,175.05325317382812
169.769,216.0968,178.16847,173.11508,177.53465,180.10686,176.23166,176.83827209472656
167.75429,210.04907,178.51678,172.57338,176.58492,178.73375,174.71855,176.12423706054688
165.87523,204.92651,178.23006,172.04712,176.60988,176.34143,174.03848,175.1722412109375
164.27739,200.5626,176.44328,170.79846,175.45409,175.5207,173.71483,177.4333038330078
163.94196,196.60379,177.97192,171.08597,176.47536,174.68506,172.65344,183.97845458984372
165.0706,196.40833,182.41585,174.50467,179.8383,174.48387,173.82945,184.57345581054688
166.30756,198.22885,182.60776,175.27634,180.97295,176.13797,173.53755,184.2164306640625
167.66403,203.09705,183.09041,175.69168,181.32826,177.58572,174.73254,192.1896514892578
170.72939,206.04745,189.50294,179.35402,185.63632,178.30963,185.28442,198.6157989501953
173.85205,210.52397,193.3696,182.28577,189.4415,180.3585,188.29991,198.7348175048828
175.59058,217.18967,195.10197,183.42633,191.52956,182.70181,189.54813,199.4488220214844
177.5297,221.35324,196.12715,184.19151,192.2966,184.08261,191.39345,199.92483520507807
179.14725,225.4882,196.99422,184.70296,193.06558,184.86676,193.00531,202.30490112304688
180.09198,227.07361,198.51549,185.45377,194.2275,185.15634,195.27301,202.18588256835935
180.22371,227.54839,198.26292,185.45955,194.22269,185.57086,196.59712,202.7808990478516
180.36781,227.73817,198.92487,185.70709,194.61534,185.75233,197.10092,216.94224548339844
181.93462,227.2498,205.99902,189.34637,199.20555,185.9467,200.80534,223.3684234619141
183.93228,229.94637,210.38719,191.71687,203.46246,188.20946,202.60776,222.17837524414065
185.91655,233.31067,210.61017,192.28746,204.31902,190.37465,203.65425,231.69859313964844
188.99214,235.9961,215.77461,194.49115,207.79376,191.3325,206.46492,231.9366149902344
191.81656,240.8364,216.58725,195.36926,209.178,192.87894,207.8112,231.9366149902344
193.89525,244.23703,217.55984,195.98116,210.00209,193.82236,209.41235,230.86557006835935
195.21529,246.70697,216.96297,195.96559,209.70067,194.26477,210.04633,230.6275787353516
196.33252,247.57799,216.91464,196.00758,209.64575,194.38777,209.58017,222.53536987304688
195.60954,247.49025,212.0891,194.19746,206.34367,194.35312,202.57428,227.0574951171875
195.27284,244.72424,214.14189,194.54956,207.13963,193.59468,201.95642,229.3185577392578
195.9219,242.421,215.8074,195.13136,209.09514,192.4032,202.34303,227.0574951171875
195.93973,241.70697,213.65091,194.65358,208.1129,192.85571,202.70435,225.9864501953125
196.21652,240.70589,212.50255,194.11052,207.11864,192.6331,203.87149,228.48553466796875
197.70465,240.98929,215.68283,195.08748,209.51862,192.27406,204.38043,236.4586944580078
200.19136,241.96307,218.56267,196.76497,212.10582,192.47295,205.711,234.1976776123047
202.17064,245.67407,217.18518,196.65169,211.81975,194.17857,206.52357,239.9097900390625
204.79654,248.07016,220.43977,198.14296,214.14247,194.53131,207.67719,238.2437896728516
207.51736,251.7396,220.0219,198.39447,214.56508,195.48466,205.4305,234.9117126464844
209.27312,254.5246,218.31097,197.6857,213.54417,195.99521,207.47841,231.34158325195312
210.07376,255.63594,215.84946,196.67522,211.79877,195.59523,207.71556,237.29173278808597
211.85309,254.416,219.5533,197.99535,214.15614,194.75645,206.68114,232.53160095214844
212.16008,254.91833,216.14633,197.04579,212.52597,194.75336,205.32558,250.38204956054688
215.1952,253.88678,225.90257,201.12964,219.22168,194.97171,212.0995,263.2344055175781
218.93669,257.4657,230.72212,203.34825,223.6832,197.21922,220.30148,271.0885925292969
223.91867,266.76483,235.00871,205.32501,227.70164,200.48277,222.6246,273.2305908203125
228.47829,275.59506,237.33537,206.312,229.73227,202.52309,224.09744,266.8044738769531
232.4042,285.863,236.19366,206.1911,229.05025,203.83554,223.67078,271.5645446777344
235.71004,289.81732,238.09653,206.54129,230.10098,203.8112,226.82735,266.32843017578125
237.09767,292.931,236.46931,206.25874,229.35526,203.95723,225.91092,266.32843017578125
237.28835,292.54562,236.1379,205.9714,228.9396,203.79115,224.6313,259.42626953125
236.49454,290.94376,233.0947,205.01643,226.70923,203.37497,219.9448,263.7103881835937
235.61014,286.90103,234.03883,204.86852,227.22694,202.59686,219.5888,263.9483642578125
235.0899,283.81778,234.60765,204.82349,228.19803,201.8451,219.26115,261.80633544921875
234.69301,281.94788,233.43849,204.34209,227.68037,202.05338,219.917,259.6642761230469
234.82172,280.79764,232.33713,203.97577,226.98207,201.88263,219.74673,263.4723815917969
235.79315,280.72882,232.51318,204.19325,227.13643,201.56367,218.05508,265.8524169921875
237.20985,280.5738,233.608,204.77634,228.27557,201.41335,219.58438,263.7103881835937
238.52274,282.052,231.92467,204.5557,227.43393,201.99768,218.41759,258.4742736816406
239.3883,281.90323,229.2751,203.79065,225.47058,202.07896,218.07245,271.3265686035156
242.8092,280.60376,235.80426,205.72421,229.82065,201.3233,216.63333,275.3727111816406
245.75166,282.46536,238.72993,206.90988,233.1598,202.14421,219.81693,278.7047424316406
248.07487,289.2892,239.18036,207.69824,234.32372,204.43608,222.58057,284.6752624511719
251.32993,295.9077,242.115,208.64194,236.46107,205.61159,228.11565,291.3623046875
255.2669,303.40344,244.70831,209.68637,238.84802,206.59998,229.23796,293.5116882324219
258.3841,312.04556,246.42282,210.23117,240.4493,207.76938,230.42905,293.9893493652344
260.95044,317.4031,247.40057,210.44174,241.33673,208.57431,231.9909,293.7505187988281
263.0474,321.16266,247.50638,210.49525,241.484,208.98305,233.61392,298.2881164550781
264.9608,322.10532,248.82077,210.8584,242.50255,209.07626,235.41666,292.79522705078125
265.39267,323.23093,247.19359,210.33052,241.51337,209.3904,234.50562,292.5563659667969
265.67484,321.57596,247.28636,209.99786,241.50836,209.20749,232.6213,286.10821533203125
264.9208,320.36487,244.62022,209.34392,239.57082,208.98048,228.07137,293.9893493652344
264.90747,316.412,246.84967,209.68706,240.91994,208.55046,228.12436,298.7657470703125
265.61972,314.43472,248.91983,210.26173,243.02713,208.1855,228.8408,292.31756591796875
265.67688,315.8314,246.27292,210.01118,241.54645,208.92986,228.30466,280.8540954589844
264.43036,315.12112,239.70671,208.61018,236.3469,208.73213,225.55583,266.2860412597656
262.42615,311.33405,231.38844,205.93779,228.44586,207.93085,222.28276,269.8683776855469
261.62128,304.77518,233.78009,206.1019,230.34523,205.83751,221.00334,266.5248107910156
260.3059,297.78717,231.04422,205.39693,228.73712,203.21391,217.90857,260.5542907714844
258.72955,292.13483,227.69673,203.99783,226.26723,202.50394,214.46748,269.6295166015625
259.88492,287.67905,232.13951,205.49342,229.29372,201.93036,210.58994,268.6742858886719
260.84616,287.8998,232.39284,205.99171,230.2533,201.7425,208.54298,272.4953918457031
262.4936,291.36252,233.76158,206.3686,231.3354,202.97595,207.51126,271.30126953125
264.53738,295.59308,234.26103,206.70226,231.95413,203.94586,206.16054,273.2118530273437
267.20947,300.3625,235.24966,207.14505,232.62059,204.5966,205.8733,265.5695495605469
268.82397,304.71542,233.37091,206.60402,231.41457,205.11334,204.26697,273.92828369140625
270.48,307.26218,237.25046,207.54813,233.954,205.14372,207.86882,268.4354248046875
270.98578,308.90884,234.7269,207.05315,232.59549,205.49068,207.95663,265.5695495605469
270.44965,310.75925,233.35124,206.39546,231.21979,205.6905,207.50032,268.4354248046875
269.70944,309.94217,235.41727,206.62755,232.35141,205.52223,212.77472,260.79315185546875
268.12216,308.8491,230.967,205.22552,229.58513,205.44272,208.1262,257.6884765625
266.17468,306.6849,229.79741,204.30753,227.97316,205.27396,206.93518,264.6142883300781
265.58304,302.763,233.59901,205.22441,230.3712,204.51863,208.81328,264.3754577636719
264.68695,302.3499,233.21185,205.61017,230.97064,204.39528,207.40173,257.92724609375
263.17682,302.33102,229.71364,204.40356,228.49002,204.83202,205.4754,268.6742858886719
263.2327,301.4365,234.94553,205.97446,231.36865,204.84079,212.2247,268.1966247558594
263.6941,302.50592,234.87344,206.28554,232.1514,205.41295,212.31268,266.2860412597656
263.42502,307.30896,234.0156,206.08223,231.4288,206.06898,212.43227,261.50958251953125
262.2298,308.79193,232.09041,205.30034,229.92511,206.3634,209.15276,261.50958251953125
262.12115,308.24203,231.68561,205.10257,229.25923,206.26991,211.47365,261.9872131347656
261.28528,307.7623,232.42203,205.01556,229.79034,205.78459,212.23236,267.4801330566406
261.2878,305.88412,236.20071,205.98022,232.36046,205.49483,216.83833,268.6742858886719
261.10773,305.81726,236.80913,206.35336,233.42918,206.10089,217.63475,266.2860412597656
260.86783,307.99326,235.99443,206.08833,232.89752,206.75334,216.43822,271.0624694824219
261.2229,308.6524,239.17207,206.68959,234.93611,206.97249,219.53352,271.30126953125
261.81543,310.45978,239.61696,206.99606,235.87022,207.2913,219.86526,285.3917541503906
263.19598,313.54785,243.72572,208.7488,238.7908,207.59491,221.87335,293.9893493652344
265.83835,316.8244,248.01918,210.1003,242.41356,208.85365,223.68657,291.1234436035156
268.06842,322.80774,248.5294,210.41545,243.42307,210.20009,225.11029,272.2565612792969
267.6521,327.93066,241.75249,208.89961,238.16531,210.85988,222.70941,279.4212341308594
267.88895,324.25403,243.54219,208.6907,238.51248,210.64276,223.32083,277.27178955078125
267.49966,322.84418,242.70763,208.5457,238.40034,209.57452,220.8233,267.7189636230469
265.099,319.06412,237.99603,207.24232,234.81207,209.09969,220.27042,257.2108154296875
261.7799,312.69974,232.808,205.3057,230.39226,208.28629,217.5314,237.8662567138672
257.94235,305.49808,224.60857,201.30582,223.07408,206.92322,211.95264,237.0303649902344
253.74599,293.72104,220.43633,198.91724,219.16524,204.72562,206.38882,230.94044494628903
249.82355,284.70483,216.4769,196.61473,216.02864,201.3244,201.84416,224.4384613037109
246.55388,275.4354,211.96144,193.98334,212.40137,198.78339,195.6973,229.9771881103516
244.93289,267.74307,211.3977,194.29398,211.33655,196.46367,190.39246,231.6628875732422
244.18095,264.59628,212.46469,194.95242,212.23087,194.86276,186.69032,222.75277709960935
244.38867,264.5816,207.98122,192.68668,208.75839,194.81905,182.1376,232.8669586181641
245.85837,265.6064,212.15367,195.22057,210.99562,194.9691,179.79167,233.58938598632807
247.50356,265.8858,212.90674,195.88513,211.8376,195.06775,178.67044,223.5956115722656
248.05502,270.94577,208.81381,193.93947,208.7326,196.1316,177.14638,224.4384613037109
247.45374,271.5602,209.9594,193.91632,208.93054,196.51532,178.4619,225.5221099853516
247.05716,271.61224,209.81917,193.8849,208.66006,196.02495,180.28123,225.2812957763672
245.55116,272.714,210.04361,194.07816,208.75473,195.72528,180.97896,227.32823181152344
242.98253,271.1514,211.0802,194.33374,209.44675,196.08379,183.23528,226.48538208007807
241.05228,271.65616,211.46204,194.30771,209.78944,196.62064,184.93132,222.03033447265625
238.53314,271.89508,208.58777,193.01999,207.772,197.19904,184.40108,214.6855010986328
235.17578,270.93484,205.23692,190.76993,204.86394,197.21692,182.9965,221.7895050048828
233.43138,268.5257,209.28477,192.16823,207.30255,196.52016,188.37466,217.45486450195312
230.69398,266.1879,205.44206,190.95181,205.42424,195.71245,185.08401,229.0139312744141
229.50053,264.5349,213.66716,194.44136,210.41382,195.72998,191.37946,228.89352416992188
228.40953,265.00528,213.65176,195.02614,211.4272,197.12776,192.93542,227.689453125
227.78534,270.17706,213.2193,195.01462,211.19205,198.41458,194.5238,234.3118133544922
228.13713,271.77643,218.55766,196.88751,214.21422,198.87065,196.68762,224.6792755126953
226.97998,275.49884,212.63809,195.26765,210.90303,199.91566,194.38477,223.9568328857422
225.53186,275.84033,212.48898,194.6549,209.95174,200.0735,194.34375,222.75277709960935
223.98354,273.4598,211.01537,193.68405,208.6514,198.98299,194.56769,221.54869079589844
222.37065,271.42828,210.78877,193.38548,208.54605,198.31981,193.87015,237.20159912109372
223.34921,266.59256,220.73294,197.31436,215.04732,197.3445,204.40025,235.15467834472656
223.1268,267.7746,219.69865,197.7444,216.1679,199.05554,204.9045,237.68321228027344
223.90216,272.03522,221.88654,198.40517,217.42293,200.30908,207.01398,236.4791717529297
224.49287,274.44385,221.757,198.50488,217.4831,200.99281,207.19107,226.8465881347656
223.43127,277.57706,215.86932,196.2596,213.2392,201.11182,202.35509,227.08740234375
222.5364,275.5454,215.86601,195.77483,212.44966,200.73796,199.57986,228.89352416992188
221.6726,271.3975,216.66573,195.9845,213.06474,199.21605,199.27689,224.4384613037109
220.16078,269.6074,212.91399,194.71478,210.5524,198.32715,197.8163,221.42828369140625
218.3148,263.21353,210.5724,193.3225,208.38731,197.87677,197.15697,220.3446350097656
216.80656,260.75882,209.00768,192.39906,206.92154,196.99873,196.46509,213.84266662597656
215.69492,256.5063,206.89122,190.50424,205.4468,195.90092,193.704,219.7425842285156
215.37381,252.49522,208.47003,191.64743,206.13733,194.68007,193.96939,225.5221099853516
216.17479,251.16544,211.79704,193.52599,208.78575,193.8059,194.53189,230.33839416503903
217.78468,252.95798,215.27124,195.56302,211.70451,194.68848,201.29713,228.41189575195312
218.53432,256.9368,214.5332,195.44727,211.68501,196.56943,200.27351,230.33839416503903
220.13158,262.16855,215.92079,196.05827,212.34631,197.22934,203.59077,234.07101440429688
221.7564,265.28906,218.20702,197.10129,213.96405,197.58357,205.1914,228.0506591796875
221.76265,269.23947,215.76608,196.1862,212.53372,198.212,203.97844,234.67306518554688
222.31898,270.06494,219.78616,197.45912,214.76205,198.27815,207.23363,241.7770538330078
223.331,270.2985,222.91519,199.30496,217.70554,198.47513,209.42429,243.94436645507807
223.85027,274.11557,224.65102,200.07318,219.48055,199.56033,211.63603,246.11170959472656
224.74692,275.7462,226.3111,200.57745,220.72835,200.65248,213.46133,248.0382232666016
225.72917,278.09155,227.476,201.05992,221.77654,201.36797,214.97928,253.33612060546875
226.96861,279.97876,229.68227,201.97742,223.36256,201.8066,216.7773,253.33612060546875
227.68382,281.1271,230.01936,202.24974,223.88118,202.47362,218.12126,259.1156616210937
229.1448,283.0816,233.09358,203.44556,226.24837,202.85329,220.22678,258.1523742675781
230.46762,285.3592,232.57635,203.5588,226.20724,203.60083,220.80269,254.78097534179688
230.81079,285.67612,231.2098,202.97134,225.15512,203.91199,220.8578,247.074951171875
229.93538,285.1257,227.41388,201.70683,222.20805,203.6597,214.13203,249.72390747070312
229.42548,281.6347,228.08356,201.59593,222.24419,203.01408,212.42479,246.08360290527344
228.07625,278.53183,224.1574,200.88072,219.50659,201.91689,211.71152,243.65675354003903
226.52885,275.03738,222.92885,199.99307,218.41489,201.40007,211.05322,240.1378173828125
224.87242,270.7094,220.16922,198.7793,216.57326,200.59114,209.09656,238.3176727294922
224.14223,266.95496,218.67499,197.89734,215.28438,199.51453,207.19968,237.22560119628903
223.96722,263.2521,217.70177,197.36908,214.61815,198.37897,206.70984,248.02511596679688
225.84528,261.13,223.89035,200.25278,219.17091,197.60663,206.92014,251.42271423339844
227.9027,261.2592,225.24463,201.37747,221.01723,198.59203,207.39388,253.3642120361328
230.47066,267.39594,226.14479,202.09254,221.91844,200.10446,206.43434,254.3349456787109
233.10684,273.1203,227.97974,202.85175,223.36348,201.20482,207.87267,256.51910400390625
