Linear Regression,SVR,Random Forest,XGBoost,LightGBM,CatBoost,Actual
19.858692532129812,28.660070948688514,19.77622619628906,19.242432,19.659115162991494,20.01878232836345,19.98628616333008
47.02279991930268,52.77655177690639,47.67738105773923,47.40328,44.95582762161528,46.70162448211346,46.633888244628906
139.0312051685187,135.2467567940348,137.13305007934582,127.98724,129.83077564445824,120.1109978935821,139.0106201171875
15.692884178504908,26.411144053344426,16.349066257476814,16.28047,16.295529324073474,16.183469417880122,16.25826644897461
24.28043656618048,35.13460931062782,24.267672500610345,24.4423,24.232508939381532,24.411309537080335,24.954404830932617
63.52239116791914,63.85387183989011,63.03078544616698,62.97207,61.91145167302398,59.8095069389731,63.55950546264648
139.32005331886307,135.49228320153566,137.37726837158212,128.69475,130.89637612749556,121.91963790599904,137.64297485351562
24.894762527485614,36.153085290594795,24.765097808837883,25.147747,24.528521502631957,24.909488465424907,24.74027633666992
47.13160526993515,52.768475239014755,47.974996185302714,47.310642,44.649566416840266,46.60391582295904,48.78834915161133
63.65986548877375,64.4331482413372,64.31926979064939,62.84292,62.85651644932946,59.370515930763204,63.74575805664063
20.12343717086822,29.91378540855146,20.155269126892094,19.71334,20.02883265633913,20.079366626095727,19.918699264526367
16.154466914606914,27.167410289532345,16.59073766708374,16.375547,16.510405257033266,16.391012681872503,16.10993766784668
24.62405547937262,35.54754738055497,24.72775939941405,24.714575,24.33505628858356,24.41157404503067,25.21794891357422
48.503252304481435,54.08747536916529,48.492740249633776,48.395184,46.59218406302167,46.860048424041295,49.239501953125
20.014128486471943,29.570846813426982,20.068796234130858,19.534529,19.979214133296292,20.053495292985893,20.652494430541992
138.32812398673255,134.06772500802114,136.20696395874037,128.39076,129.83077564445824,120.1109978935821,143.40660095214844
63.66225570931008,64.45683038526487,63.14078811645507,62.78031,62.77461186624979,59.370515930763204,64.86328887939453
15.856324294539906,26.497671638752006,16.711265144348147,16.325285,16.289422980792846,16.391012681872503,16.497238159179688
49.06447966858272,54.65319444333461,48.26747360229491,48.06903,46.330577692774305,46.83769699943369,48.29117584228516
20.68047982306355,32.29660154840656,20.45284595489502,20.470304,20.57959135395266,20.86259727076981,20.391807556152344
140.95580849123357,137.82620256920694,137.20924575805668,131.56598,130.97812647362787,124.23716414617346,143.9927215576172
16.446744325871837,27.62617010612344,16.535352993011475,16.197397,16.2670816648742,16.815462541328277,16.134660720825195
25.28135283970251,36.70923125223774,25.15457340240478,24.955193,24.18316438131608,24.692615374026527,24.5590877532959
64.4154456864468,65.65777222777298,63.356196823120115,62.38938,63.0287276805312,59.7996416348612,65.18922424316406
64.97869532087499,65.70023254034383,63.71971786499023,62.237785,62.32614944476566,60.09977214213016,63.60606384277344
48.84963053041541,53.81714198238435,48.14380668640135,47.63044,45.46390887019103,47.521605224694014,47.18632125854492
142.85636086262372,138.10770349453162,136.37498489379882,128.55458,128.91335292833145,122.9516011299249,141.15975952148438
20.47911354685294,31.399981748637334,20.484964485168454,20.828411,20.988198154160216,21.31469540917619,20.720081329345703
16.134658010902626,26.482380766401796,15.705600032806396,16.112713,15.80890359640218,16.120691782812628,16.19234275817871
24.86510991738634,35.519195475655664,25.013210830688465,24.083122,24.409665002512114,24.195194814041237,24.70733070373535
20.955064551853724,32.86353719120413,20.75689567565918,21.172491,21.22924518609668,21.66808221732493,20.150426864624023
48.17331795009025,52.6230600030398,48.11450759887694,46.717587,44.26202890016592,47.21054756857273,45.99860763549805
16.36198471407861,25.935392845581635,15.349641609191899,15.939932,15.778163178643672,16.2856037557839,15.714400291442873
64.54719402324264,64.31501899067442,63.520107345581046,60.4352,62.02619832658428,58.62798363815054,61.23131561279297
142.5723497849995,136.78020302729917,135.46843811035166,128.78955,129.83077564445824,122.5373452497118,138.5221710205078
25.09551390132421,35.06756892149512,24.916178588867187,24.201674,24.451927255687334,24.26908636681323,23.8178653717041
20.51494736009744,29.528594546110224,20.302360000610353,20.168478,20.319166060838207,21.068538656498646,20.102148056030277
63.07621565283959,60.986885188418015,61.986760025024395,59.56619,59.756566479051315,56.60743805075502,60.25347137451172
141.17528024326833,134.69580649247513,135.169513244629,126.5034,129.83077564445824,120.24170151221192,139.2060089111328
47.03750301052813,51.201608691221836,47.898028793334944,46.23107,43.76365079884205,45.96497112922567,46.79962921142578
15.92380397172407,24.113406508965372,15.151721515655515,15.599271,15.096172689291482,15.958670625359368,15.40950870513916
24.370883981431586,32.61113978452154,24.11709465026855,23.79335,23.615030248118387,23.95658313818346,23.241363525390625
140.57730100906923,135.7002467272966,135.71070373535161,114.48526,122.71148831037463,109.44039432027915,135.2007598876953
47.06269140579566,51.643489135638816,48.31364227294922,46.41338,44.77712955178074,45.78128404537786,46.10909652709961
15.706409975333647,24.500948643743776,15.479210872650151,15.554955,15.629093464077469,15.95715131911955,14.67611312866211
23.851731424712437,33.177301894406945,24.258781509399416,23.566568,23.364552873201603,23.594717028446034,22.00599670410156
61.872756849298206,60.61760392545688,61.99394805908201,59.62397,59.76178023248792,58.531671498395426,60.90538024902344
20.499386952132035,30.1218821560732,20.30210186004639,20.362324,20.412331954058796,20.8501386080284,19.22352600097656
61.48654315497441,60.691385550841474,62.0927276611328,59.952133,60.54524578505071,59.29848514502911,60.53286361694336
137.9102778290918,132.94716098932355,134.71623870849623,116.228806,122.9901332496392,111.09056048514023,128.16720581054688
46.38948436192995,50.608351754471876,47.82810791015625,46.287605,43.880963151749164,45.70739249260588,43.76129150390625
22.720675574809487,31.006582830945295,22.932946395874026,22.120176,22.34843562421258,23.40102723723626,21.231834411621094
15.000844389051823,22.67531037444863,15.170291881561278,14.689888,14.908722640661026,15.684381623682473,14.033364295959473
19.687248279458828,28.022750779573727,19.729129295349114,19.431765,19.404464775512263,20.59889391046082,18.277315139770508
132.81807687084384,127.5487996427217,134.5794747924806,116.1138,124.09845445595033,109.55426201301502,122.4035873413086
14.37847000650571,21.4433962396084,14.462910804748537,13.750935,14.319159987834453,15.649316469995489,13.267009735107422
60.85469852041683,60.094638095695544,61.93330566406247,59.640022,60.54524578505071,58.65998068008911,57.92529678344727
21.893186473465395,29.788469787550632,23.287571144104,21.973999,22.338922166381014,23.419272340139585,19.66703414916992
44.64649001884983,47.63987225504009,47.68713188171387,44.909,43.79411690757982,45.59905417977022,43.54951858520508
18.760862638122312,25.606376912910726,19.296381912231446,18.382679,18.647532152145814,20.61526751805978,17.78489875793457
43.94954998623702,46.58155559820085,47.558552474975585,45.40514,44.25299625748722,45.56527400924044,47.33363723754883
13.548197392153094,20.112817336770778,13.811812114715577,13.297615,13.952774989133559,15.374293597417342,13.72022819519043
18.180233044119234,24.605155651305697,19.44323490142822,18.112385,18.52553702162259,20.61526751805978,19.107664108276367
127.1697719751044,123.52516296525467,134.47006439208994,107.37746,115.53095340162291,107.74555271255238,132.66087341308594
20.324755932589955,27.66623333794406,25.55715988159179,20.539394,22.168648327399985,22.45476821548104,20.19412422180176
59.13923581044691,57.43374782100256,61.30335083007812,58.595657,59.22442407045082,58.38164625512516,58.67031097412109
129.37405392555272,126.61218098012206,135.28087600708017,105.44408,116.78093760635332,107.4758836076062,131.5863037109375
20.512313699672923,28.45946240462338,25.57897239685058,23.332647,24.112118692833608,23.621851495960527,19.89763641357422
13.94931484894065,21.453842182526998,14.071636734008786,13.842409,14.045626230589015,14.9709102075785,13.637825965881348
45.76453348494078,50.27065501562877,48.01412239074708,46.90984,45.18869836704804,45.92128068452354,46.97455596923828
19.032666401949303,27.183108431703623,20.150171318054195,19.263481,19.953843942052355,20.697244983148753,19.484214782714844
59.08360255990828,57.97288603791623,61.1003833770752,58.662045,59.781540034685754,58.38164625512516,57.31996154785156
19.876650006722226,27.689957178199386,25.611579666137693,23.336704,24.067794987035064,23.68365509180001,20.75415802001953
13.56012171474518,21.3342757544599,14.324154052734373,13.180245,14.004709845004266,14.752925133433607,14.231135368347168
46.031035333853005,50.4797512812064,47.506695327758784,46.209175,44.75133342715909,45.997662372272245,49.74589157104492
19.024711540573144,28.567442719754467,19.981858711242673,19.957232,19.74304900068879,20.7872347288457,19.80283737182617
129.4960363800443,125.86964161193622,134.82369384765636,109.817856,115.80170693139524,108.54701679116464,141.06207275390625
58.08992951472529,56.08521052297465,61.17710021972657,58.29152,59.69944925574917,58.38164625512516,59.6947135925293
20.495525367605662,28.49061011757165,25.631977195739736,24.523762,24.25938803727367,23.68365509180001,20.918872833251957
48.4409089533663,54.0738994478096,48.38653701782227,48.228252,46.914319366767174,47.48290974471649,52.44357299804688
135.555432732093,131.06550189182448,135.37074905395517,108.44909,116.88680184751595,108.96985933237004,143.9927215576172
19.48915838616263,29.733753507737287,19.78097431182861,20.060455,19.797719428817928,20.816726099226255,19.74490737915039
14.13294783703585,22.316695050817476,14.324006805419922,14.15523,14.396242437999472,14.752925133433607,14.437142372131348
59.38125114624549,57.592426430704656,61.241949844360335,59.27942,60.239430085437725,58.67822578299244,61.324440002441406
20.573301828530216,28.367247040296107,25.629437751770023,24.484001,24.4736258087585,22.466124652350647,20.95181655883789
60.818011454753936,59.00704050627068,62.173484497070305,60.271538,60.76796356819893,59.39088642742925,62.581668853759766
19.647952227293153,28.91025664230136,19.80345886230469,19.98752,19.672333108416186,20.816726099226255,19.59042358398437
51.042322956716475,56.367733572513764,48.89616104125976,49.762848,50.107160805095376,50.09810201055349,53.95354080200195
14.236346120621704,22.689198759928505,14.932062053680415,13.983248,14.356466910927754,14.955737913904912,14.305296897888184
140.5534361229602,133.7482027064458,135.63059936523442,108.61056,116.90043668100213,109.33533716326627,145.6534423828125
53.2058849097463,57.95723403984182,48.808202209472654,50.894245,49.512359582302295,50.717549394486184,53.77859115600586
19.74424420302659,28.86137402180938,19.72269485473633,19.865084,19.52042915105738,20.78536410144303,19.484214782714844
14.281973997308993,22.37634637305798,14.801472167968749,13.971489,14.465745041357904,14.955737913904912,14.494824409484863
20.898033793196113,28.46691817314697,25.711285743713375,21.517988,22.332254382026044,21.161328247134715,21.116531372070312
62.32172219860107,60.536848690522774,62.56710105895994,61.029076,61.72547728159053,60.14887114054506,63.00072860717773
144.84870273593907,136.0290790628231,135.82988403320311,107.24973,115.70271711939303,110.89214694320924,151.02630615234375
63.362391193338794,61.51729665649885,62.75047897338866,62.125923,61.792761220046714,60.22276269331705,63.00072860717773
150.42438769092144,139.6615549968643,135.18904998779297,114.9825,118.66521176097288,115.60493156586922,149.36558532714844
14.630497137872016,22.88741462228658,14.932039108276367,14.08016,14.616704133946465,14.87021666791609,15.417747497558594
54.2078013997642,58.50266808490012,48.54801986694336,51.174732,48.74312217975321,51.09598616408224,54.84661483764648
19.76133930266702,28.759246772622337,19.691185455322266,19.833422,19.496624548565443,20.731957947771193,19.793182373046875
21.27324717264344,28.624699298086856,25.2341947555542,21.795424,22.3641229418459,20.668600785978203,22.154239654541016
22.25990714195612,29.976849992262494,24.268276824951165,22.719236,23.72893729895496,20.77295872577469,22.368370056152344
15.506407266185436,24.542510521250495,15.192814483642577,14.690261,14.854232545248392,15.292318110128571,15.30238151550293
63.96849231111632,61.897757379484126,63.23188575744627,62.091694,61.75112909446145,60.862658999523504,63.83888244628906
20.062384664884235,29.342105925713206,19.865718421936037,19.930416,19.6762732015884,20.906715844923205,19.175249099731445
55.50038464231035,59.475890072843654,49.94572517395021,52.936337,50.14851364608536,52.49932649453265,56.1171989440918
152.44688693617607,140.42450910885796,135.0640090942383,116.920586,117.46060685688627,116.14449978608661,147.70489501953125
56.66062928150836,60.31783580432714,52.944292678833015,58.200504,55.8545312539096,54.166643918307244,57.27729034423828
19.469342248098222,28.2493403024069,19.24448524475097,19.454836,19.009737478099673,20.7872347288457,18.87593650817871
22.58060850388874,31.033357005199036,24.1405471420288,22.71714,23.230038852445166,21.25869482526576,21.775394439697266
64.8576060009863,63.25347008475252,62.90909759521483,62.150635,62.00329064604857,61.965198960374515,63.74575805664063
152.53058452380722,140.95623573989204,135.7185209655762,117.18969,118.0819621873962,114.22784844816941,146.23956298828125
15.340897129683862,24.81105606976405,15.466894645690912,14.580434,14.825886070584914,15.319835812957587,15.088133811950684
19.173041802496094,27.697477719685555,19.293042869567866,19.572762,19.066647085716152,20.733000092170926,18.673179626464844
65.08708618274635,63.54268963320484,62.937572860717765,62.10911,61.966494088108064,62.076595756522934,63.5129280090332
151.12524502824112,140.80629526855336,135.7634562683106,119.832085,118.0947950263503,113.9399425927841,148.29103088378906
15.308976618159518,24.9908341170653,15.510113735198969,14.701259,14.862610301376174,14.868662380459241,14.618431091308594
57.597127718426634,61.85296161965436,54.191716842651374,62.181767,56.92280751003521,57.02841145442549,57.72843933105469
22.38072202508199,30.624888617967276,23.713119583129878,22.192831,23.05885267350299,21.1141857989519,21.00122833251953
65.04892917991319,64.20056597872586,62.89932899475098,61.83746,61.81252495748076,62.076595756522934,62.34884262084961
14.925068783893538,24.381446079075953,15.385689353942867,14.485376,14.821458612348795,14.461963455953837,14.049843788146973
58.13138946838252,62.80896265066719,55.46628356933594,64.331795,59.845123676578204,59.40292091189163,56.64199066162109
21.88074905727701,30.328541837533987,23.66886486053466,22.105734,22.799431157602005,20.999366864544847,20.21059799194336
18.801224078557237,27.35970935163843,19.2998713684082,19.506342,18.944899548803832,20.733000092170926,18.837316513061523
150.74410301850455,142.61896440519985,136.0858280944824,118.021614,118.63208689837673,113.67930755853786,146.72799682617188
21.181625180094215,28.98142423197047,23.189822959899892,21.711079,21.87494138414943,21.012726007502454,19.617618560791016
14.456710773545563,22.77932256952256,14.964013175964348,14.247908,14.576561816035396,14.347144521546786,13.72022819519043
64.27481582107134,63.26260388199628,62.239265136718736,60.395683,60.909226520571046,60.844413896620175,62.16259002685547
18.918868350920963,28.218929530669335,19.286277008056636,19.423763,19.204824779604948,20.707128759061096,18.87593650817871
149.4433968219042,142.07702251159657,135.82402328491216,117.12868,118.0947950263503,112.15096761123176,146.33724975585938
57.772171411572195,62.52137881556358,58.3123021697998,61.840733,60.10832229783562,61.947910952777065,58.437381744384766
18.86370060105123,28.492930723893124,19.19436553955078,19.423763,19.188526137610932,20.617139013364145,18.904903411865234
20.43391025266512,27.76846578034912,22.83580104827881,21.59191,21.569788649412654,20.748129537064585,19.66703414916992
14.064392361214427,21.90230018385281,14.219561901092526,14.215657,14.306790906414147,14.347144521546786,14.033364295959473
148.0226441862996,142.06124837285878,136.22845138549812,116.00854,117.81615008708573,111.85072374638203,141.4528350830078
63.60769191571181,62.99033445018766,62.46030708312986,60.597702,60.46547056565637,60.844413896620175,59.74127960205078
58.523216541097476,63.974363010710626,59.70806953430174,66.34129,62.80142628627161,62.18434824274702,55.63842391967773
20.215663302954034,27.596143263135783,22.572794151306148,21.697683,21.899497844778697,20.632488823011254,19.798809051513672
14.25450849737044,22.485291192604752,14.781348648071292,14.395916,14.569377853256267,14.072566726512127,13.99216079711914
18.90256867134771,28.808967902274933,19.205227355957028,19.490023,19.142849307170895,20.65185197798659,18.39317512512207
61.70728255679827,60.48558207073179,61.710822525024405,59.722786,60.09290396586108,59.26301121321328,57.97185134887695
56.852339749509255,62.249448028048555,59.64086402893066,60.576694,60.43302533707076,62.556011842914515,54.45071029663086
144.58797541247458,139.62276938457634,136.08387222290048,119.58024,117.27268636937394,110.6648074026922,134.4192657470703
20.036741731707245,27.587448646963683,22.323371734619144,21.779358,21.59688694085555,20.62015633309633,18.41519927978516
13.997102409855263,22.26138926411912,14.742873153686524,14.342381,14.516494293713066,14.067075253409545,12.813788414001465
55.81274340516466,61.16425528448653,59.228328552246076,60.318195,59.938285708376206,61.703026345484204,51.80827713012695
18.51186579957516,27.309294190698903,19.06980644226074,19.008633,18.671492232862615,20.61526751805978,17.53386116027832
139.10176032785256,135.16078172398863,135.7458711242677,108.98923,115.92875791681647,109.48327123393035,127.77645111083984
59.846836550592286,57.96817590524895,61.117401962280255,59.08054,59.2123462636329,58.38353563274659,55.45741653442383
132.7997645402092,129.40167614762152,135.76736251831065,108.976845,117.28757547548985,107.44560709931162,131.48861694335938
18.778013663894946,25.57742886307034,21.27126407623291,20.574968,20.929356418420557,20.75786945783277,18.019880294799805
12.81158000499498,19.18893524189867,13.165796756744383,13.29515,13.399017600755126,14.034192905128027,12.41001033782959
57.47961755677374,55.11126380010834,60.33446723937988,57.94759,58.98707046797755,58.38164625512516,56.62150192260742
17.85020018931204,24.874426414497243,18.54578161239624,17.512753,17.97020678174765,20.61526751805978,18.1035213470459
53.62036666828721,58.348948774889635,58.7254441833496,55.488956,58.99699819072349,59.723667327529874,50.79550552368164
57.15421105565214,55.85779126199614,60.9453313446045,58.750294,59.85441365621426,58.38164625512516,59.13594818115234
51.965505143617634,57.0869701954343,58.90847503662107,55.111477,58.59595064260849,58.147788781894256,55.15045166015625
12.633698308415973,18.618895721102252,12.906842193603515,12.53803,12.706167930634868,13.94867165913921,13.604865074157717
18.324833822190666,26.095528442289165,18.549074192047115,18.281757,18.64208479859443,20.61526751805978,18.95317649841309
18.49151336698224,25.51353769796138,21.21902763366699,20.393038,20.814929939482287,20.74451031487516,19.41996192932129
131.2394806108674,129.43904360673713,136.42968978881842,105.04051,115.2480222679722,105.26963101869438,139.40138244628906
18.834843404684747,28.327138420539757,18.988688831329345,19.365726,19.414519980237436,20.31134741341852,19.33938789367676
58.14052721262864,57.38003396587101,61.40318794250487,59.43059,60.87691693547808,58.67822578299244,59.83440780639648
53.61720037377102,59.58440005611575,59.90655738830566,57.432175,59.677854974601885,60.53749303630074,53.2998275756836
13.736026041753991,21.00608163783657,14.132410831451416,13.818748,13.947225830519747,13.871110559519614,13.34941291809082
19.474697239816113,27.209346631492917,21.609919242858886,21.82218,22.22761709619754,20.64309281416254,18.56344413757324
134.1756608499362,132.0194713509179,136.5762217712403,107.75396,115.90876763186405,106.27887119099846,136.6660919189453
18.637841458279727,26.231626734377993,20.106689987182616,19.388935,19.393370258342888,20.668784447035073,17.344547271728516
13.103361556087648,21.193007458770925,13.547253360748291,13.404369,13.595730730490574,13.896802192392146,12.11335563659668
59.03893138948605,58.27498852053679,62.52372291564939,59.798412,60.791959096692416,58.77545008057494,55.8764877319336
52.84651471645207,58.45438824944222,60.397212448120094,54.156857,56.97194607518558,58.287532577402345,48.12544631958008
134.62157390401882,131.79444253196462,135.99790695190438,110.38119,115.76147340377221,105.16859744382693,124.25965881347656
19.08354418937107,30.24428162447629,19.23648427963257,19.30679,19.1315477409771,20.627278261397333,18.14214324951172
57.51994599225935,55.56498940201304,61.57988075256344,58.463146,59.739013263455774,58.38164625512516,54.61927032470703
17.963637241659324,24.75403237840987,19.369123306274407,18.1892,18.775261319730756,20.668784447035073,16.199771881103516
12.16797688292037,18.653818641055995,12.290013561248777,11.544997,11.891745517516878,13.871110559519614,11.28931713104248
18.26771902667203,27.570432894997968,18.865184917449955,18.649527,18.599121221382052,20.167037976532608,17.205585479736328
50.19923473045957,54.4732957969215,59.68237556457518,51.3128,55.60470636443938,56.6987365580261,44.88454818725586
129.44366350978538,126.88586997604692,135.96469314575202,107.8748,114.2845395587781,104.77479361837713,112.34168243408205
17.207450099867017,23.246479593993076,17.813837451934823,16.743744,17.693329815933204,20.552047281477023,19.07405662536621
11.756073396911141,17.446815193433004,12.031116867065432,11.324822,11.753633582280676,13.265462662751311,13.324691772460938
121.71340503190194,120.89411311155725,136.00376846313486,108.74756,117.59949148976548,105.34283513161638,136.6660919189453
56.81784778428791,53.62591453313617,61.391429595947244,58.27739,59.883256973187876,58.225763668372906,61.46413803100586
47.806329782911725,51.56387272643747,59.486557388305634,50.51393,56.38099448500693,56.394361506620996,52.93154525756836
17.752796867150373,25.153021146035435,18.33001163482666,17.6017,17.94678263248536,20.190858114100774,19.94766616821289
19.469894801655823,26.27398390169066,18.503895492553706,19.156881,19.53448307405058,20.1044911148105,18.92581558227539
51.541096252437505,56.328582625034926,60.33334426879881,68.81003,62.75632002345243,73.8767940649674,58.04147720336914
19.97759499973941,31.173308305875192,20.020753650665277,19.489843,19.916620014196486,20.746763388583144,21.48284339904785
13.75614545700263,20.369808971337612,12.748461437225341,12.599726,13.326344003524262,13.333236142620992,13.267009735107422
60.42806807377011,58.61770959468923,62.454123611450164,61.04407,61.69713151136077,60.095985762097285,62.44197463989258
130.571640268859,129.47524145294992,136.3554466247559,112.060524,118.87541468751401,107.21212125524346,136.7637939453125
18.815576533921565,26.394748832864817,18.201862106323237,18.261292,18.942047800106128,20.060969604952692,18.678741455078125
62.062305725764766,60.55215467446257,62.2671238708496,60.73661,62.982735096434325,61.700083489109176,63.00072860717773
20.86699868072951,31.65251900166881,21.13885347366333,20.598215,21.495026725793913,21.903879180304784,21.791810989379883
55.28571866008295,60.3729304168281,61.486317749023435,65.45312,62.88960799368152,73.53301659822233,57.45222854614258
12.964946846688278,20.058101568864434,13.003283500671387,12.347259,13.19925872968002,13.387472312567347,13.17636489868164
134.47975342838015,131.93395283147066,136.533238067627,111.272606,117.73806172704369,107.19978876532853,138.0337371826172
18.973017139712272,26.615330598340773,18.07329662322998,18.254183,18.947801832619405,20.02438514502589,18.72815704345703
21.51375119222737,32.89762113294273,21.242409877777096,21.053942,21.588793880333235,21.921511590296518,23.80975151062012
56.938936622333166,61.41685886459083,61.192431564331045,68.06917,61.764277183002534,73.41874982805614,56.74327087402344
13.166269863718467,20.541306008458843,13.063053646087647,12.174817,12.816297565736104,13.354589964285829,13.17636489868164
138.40673235261872,133.56083845103817,136.61138931274417,112.929085,117.73806172704369,108.44180380830055,138.0337371826172
63.58347997826707,62.26932375587813,62.834205627441385,60.712505,63.33519093109863,62.084085309333155,62.67479705810547
19.240638605980116,27.005757884070754,17.95770858764648,18.348494,18.98154829452799,20.02438514502589,18.678741455078125
58.00619345723066,61.56926586635435,61.22562210083005,54.614338,57.57767866729286,59.22540100169038,55.61080551147461
140.29181001317798,133.49715752421739,136.74033859252933,112.929085,117.46999705165798,108.79985530383063,134.3215789794922
23.63108991986496,34.166192488357744,22.32924987792968,22.051504,22.605863916838132,23.088056502312078,24.07044219970703
64.12291446501352,62.681382704138166,63.82307739257811,60.802113,63.249730435687376,62.084085309333155,62.53510284423828
13.350168502847191,20.974557141462974,13.023365116119386,12.2785225,12.956509369121392,13.354589964285829,13.102200508117676
64.13360150077322,62.93481904873471,64.12598442077635,61.35224,63.53875583450385,62.52307631754305,61.46413803100586
57.86798331736347,60.822672426032206,61.12915145874021,54.22962,57.22178815626829,59.12769234253596,54.045597076416016
13.233332854959896,21.200762921416352,13.109040241241457,12.485469,13.123998945300281,13.61500939532749,13.234046936035156
24.217984604945705,34.11942110773789,21.886520423889152,22.205008,22.0966296523209,23.28423791119728,21.965606689453125
139.12642627230574,131.96548570927936,136.28706436157233,110.8136,117.31075654360703,107.68134123693476,133.2469940185547
19.155106642420648,27.205775317630536,18.6053708076477,18.586063,18.98154636090686,20.519940666461558,18.76110076904297
23.17421066335552,31.919831485137944,20.534259185791008,20.34733,21.087266449426714,21.839280530958252,21.42491340637207
137.8588418283944,130.64599329523202,136.76378250122073,109.38364,114.77108823513883,105.25899277099502,133.4423828125
19.197987038782323,27.447371538342598,18.647938632965083,18.636993,19.050897633033795,20.554653631083998,18.72815704345703
56.741483807455126,59.42049976843634,60.75554092407222,54.04023,57.22084614417118,58.00690727878162,53.99957656860352
13.335549456586836,21.631059840623298,13.342496929168703,12.553733,13.432506392232977,13.61500939532749,13.275249481201172
63.44097437249892,62.210199186608506,63.359897232055644,60.624687,61.65867645509794,62.065840206429826,62.20915603637695
13.455036422448863,21.871205777665324,13.439716453552249,12.643449,13.154029200091083,13.579093678301877,13.151644706726074
56.3595722309036,58.835108630965166,60.605802764892545,54.402885,58.25306849693871,57.78895269952112,55.205692291259766
137.38250286053042,129.3676319708165,136.75206039428713,109.406136,115.51042594459744,105.8503582422126,131.87936401367188
22.975624683143064,31.351423028605033,21.012821083068843,22.166239,20.642906776666173,21.09012985774426,21.357328414916992
19.25849353803558,27.552759589332098,18.509530487060545,18.89915,18.763427054526915,20.295294880510053,18.316368103027344
63.52640115708051,62.50745846943078,63.523399124145485,60.954964,63.08637121357534,61.44813286271707,61.557254791259766
136.10897620194416,127.48085858800755,136.1639772033692,108.7638,115.54432328828815,105.8503582422126,140.08518981933594
13.266704945060596,21.93475513830639,13.21975946426392,12.686604,13.129809382798088,13.670578812676844,14.272334098815918
56.45942877780875,59.18444615355552,61.00852096557616,54.751415,58.184709772777055,58.36592197233468,55.242523193359375
22.58830324421685,30.760783175324324,22.844210739135736,22.474539,21.809678172413637,21.877067013901833,21.26077461242676
62.880324568092846,61.84892709199974,63.171180191040015,60.919624,61.8708994139021,61.42345714154525,62.95418167114258
18.79823363963967,27.063569631274,18.792094612121577,18.657812,18.452477163333853,20.440530340319818,19.436433792114254
63.2294410077003,63.32577433571639,63.089165496826155,63.073303,63.3729254722111,62.076595756522934,63.46638107299805
14.201033893954092,24.90503109760793,13.965191326141355,14.294972,14.187221619380514,14.113974636693705,14.420661926269531
55.957336689116964,59.53252324995194,61.32346946716307,54.402885,57.10415588180382,58.36592197233468,54.60723114013672
139.39985039982543,131.52123243658616,136.38280075073243,111.62311,115.65133523578776,107.5876166621521,140.28057861328125
21.97202474630684,30.66339391402524,23.35045833587646,22.015875,21.912958778076444,22.521156733547034,21.28973960876465
19.563046414447975,29.316122032305273,19.710696125030513,20.359238,20.07585913816492,20.78955247249767,19.172889709472656
21.547121519639607,30.639808488441908,23.32998874664306,22.117826,21.849928935864533,22.518887451298035,21.926982879638672
13.994443647360786,25.604938722030674,14.361238956451416,14.50666,14.888493380925665,14.865395317459866,14.511307716369627
140.23640028631013,133.14372698376374,136.3710762023926,116.39267,112.7966288976483,109.8549260534313,144.0904083251953
63.35830692097114,63.942517944546495,64.32847244262693,62.34861,63.11771739973317,62.242976725075096,64.81671142578125
19.04030891445781,29.474381029249606,19.691198616027833,19.61606,19.3259523705817,21.31160530313203,19.40349006652832
55.22031877474314,59.48372222116914,61.31884979248046,57.046944,56.3532559273899,58.83025954306667,55.224117279052734
64.6239265289947,65.86826019339337,64.37494384765624,63.38585,63.38219172956815,63.480476609568704,66.02738189697266
14.571050384851718,26.8675241514926,14.136017894744871,14.563607,14.339408646075286,14.682700606055512,14.618431091308594
19.693408236930775,30.877552175767374,19.578414669036864,20.053883,19.328126459082775,21.459787776142658,19.551733016967773
22.010470426139626,31.42549361485401,23.509171943664548,22.93421,21.908577897091906,22.345443896654153,21.07732391357422
55.58790154419062,60.10054533840978,61.15412834167479,56.16942,57.76395795533987,58.498488523123704,55.48191452026367
143.81678273294258,136.5243317655481,137.07834243774414,113.50753,114.08505844921528,109.2411796769235,138.71754455566406
65.71733019757455,66.88722002155068,63.53212615966797,63.926487,63.650948008071396,63.878315775992085,63.74575805664063
14.761417892515372,27.020421727467568,14.500264339447021,15.071595,14.631548051671269,14.682700606055512,14.346498489379885
21.31112250043792,30.625613287419707,23.370211524963374,21.974495,21.412016578953796,21.745568207334596,21.231809616088867
19.83755989105371,31.202163397754177,19.80100358963013,19.780254,19.543503590110753,21.51506542511885,19.66703414916992
55.841636326462094,60.46880599301608,61.449135971069325,55.879726,58.02771320891107,58.95231456836752,56.20927047729492
142.52795718391386,135.18582410978476,135.5075138854981,112.27819,113.10686823660325,110.89822152796515,135.49383544921875
14.56548673297245,26.25192322445051,14.785260601043701,14.871657,14.387544781415775,14.66504644719142,15.45071029663086
56.510392833371874,61.013590493081956,61.79442291259766,56.23659,58.645714626521084,59.042304314064474,57.30490493774414
21.504435230403338,30.70891448736658,23.24173095703124,22.497168,21.731733905619482,21.561881123486792,21.4345703125
65.11004631035158,65.68981011258602,63.51149971008301,62.991302,62.45754555145571,63.07718543462229,65.18922424316406
140.78755525966588,133.94488607765774,135.50165267944342,110.33918,113.21049363229842,108.24344677802615,139.10829162597656
19.994114931361775,31.515389941224413,19.894125366210943,20.334093,20.012586834418364,21.48937379224632,21.16594886779785
141.44931391087732,133.41583345077265,136.50393386840824,111.94166,114.31406263436217,110.13628340277762,137.7406768798828
21.744937154712282,29.973975041952176,22.83082530975341,22.174953,21.970390959478376,21.547580982105075,21.395946502685547
57.36450567791231,61.36394073783575,61.942294921875,55.986374,59.04770650281808,59.11619586683646,59.46857070922852
65.83993747606087,66.45815958692103,63.021943588256825,64.28808,63.69366264797952,62.979476775467866,64.49077606201172
15.602921635949377,27.44323576777067,15.866350460052491,15.809195,15.46833513294059,14.887480324953144,15.343583106994627
21.215399316949362,33.56874567366256,21.658213043212886,21.905598,21.94707287108318,21.654897904863827,21.13300323486328
21.804809639116655,29.564003366805977,22.277778205871584,21.748962,21.44695807777479,21.547580982105075,20.76835823059082
65.59395989289614,65.40189378164082,64.44745460510252,62.365467,63.016225960656755,62.037408047216395,64.95640563964844
15.290468149286648,26.3892696277103,15.698618755340576,15.59583,15.36706600580031,14.791322837327227,16.423072814941406
140.70265636988188,132.27023757786753,135.53681991577156,110.64604,113.32212952069452,109.69729239456774,136.86148071289062
21.202552603376027,32.9252008894862,21.093076019287103,21.671114,21.43815936301618,21.668257047821427,23.241363525390625
59.03556250985388,63.363190368883195,62.02415306091307,57.018,59.99890683944722,60.48847808533721,59.29363632202149
21.340705483205195,29.049596754093784,22.2744123840332,21.454481,21.12124231918151,21.4101949054288,20.749046325683597
139.58032770021262,131.23486709017854,135.50555816650396,110.36776,114.12383356612811,106.92247237941567,137.25222778320312
65.72600107291215,65.85779620383617,64.03190155029294,62.275856,63.16405077491435,62.51581004608615,65.09611511230469
23.084554277786197,35.270708823505565,22.165610389709467,23.061253,22.976602087748322,22.949989733933783,23.09312057495117
16.433475829969556,27.784098655458525,16.311069564819338,16.333553,16.50077064028001,15.213592068756741,16.324190139770508
59.495668112981456,63.57194157692214,62.194737472534186,56.553658,59.40824718787469,60.586186744491634,58.833282470703125
65.71668206565008,65.8125928184695,64.31814056396483,62.275856,63.52386724580838,62.40441324993774,65.93424987792969
138.85867715148308,130.61308749777126,135.7673635864258,110.45228,114.12383356612811,108.15561606998273,135.49383544921875
23.123232470087263,34.455440038919505,21.68910228729247,22.633108,22.667108708597997,23.006497713775993,23.43902015686035
16.260548408264416,27.26166466902759,16.276130943298345,16.577522,17.02488131655535,15.861874505549391,16.08521842956543
21.32367043556778,28.322702247966415,22.40020729064941,21.74712,21.337584102010258,21.320676788790013,19.677318572998047
59.509697559599694,63.115065034710305,62.58030044555663,56.50892,59.25041911366488,60.286056237222674,57.9028205871582
137.25101178868664,128.69147157837358,135.30822845458988,109.91358,111.32335506830849,105.81015936368485,132.66087341308594
16.202316275863783,27.098699059270352,16.533366050720215,16.992191,17.313165235908297,16.025729498051096,15.40950870513916
59.09553515774461,61.86064214436926,62.46685539245605,55.598827,57.589108731737845,59.1507056267639,56.891849517822266
23.759171356861685,35.24054496813827,22.971949920654296,24.700075,24.05014279765699,23.363334799129905,22.12129783630371
66.09069490991465,66.85394550117908,63.683596572875985,66.79312,65.56153932655896,64.60955808196074,67.19148254394531
20.294638210211584,26.588668001856636,22.054213790893545,21.020258,20.725715539352088,20.58172188213855,19.27179908752441
58.36261613773363,60.54901919515268,62.033604354858376,57.101234,57.77570334890463,58.6343853987838,55.02849197387695
67.14695433470766,67.7022265800675,64.00947349548342,66.790855,64.2253535775165,68.40699237836424,64.16484069824219
135.63164280401432,126.40506605062116,135.22812408447274,108.44629,111.07447862919275,105.29280501103867,129.2417755126953
19.86055200250029,26.26938054856533,22.07510253906249,20.98679,20.744529637341355,20.599966985041874,19.136627197265625
15.831583296191416,25.90650734536828,16.346483402252197,16.425537,15.712595201321081,15.399961901497651,15.285900115966797
23.063335574351612,33.383380169375435,22.68721382141113,23.206236,22.92800622757736,22.232301723782534,21.676563262939453
19.598470126705323,25.764831515663094,20.896566848754876,20.489347,20.640557841532054,20.614973299091623,18.624902725219727
65.91927075558006,65.47614003566852,62.7804295349121,64.55571,63.34758898919938,66.81783399183708,63.88545608520508
56.91664106776134,58.47912227143576,61.31020805358883,57.965073,57.65780914461357,59.05771190510758,56.18814086914063
133.3302240211898,123.93100656813515,135.24570800781257,107.67024,110.85520187465325,104.89711180796745,127.87413787841795
22.817059952494542,33.00778151552349,22.553014068603513,23.149551,22.491635842146884,22.45650635519909,21.775394439697266
15.80578994928995,25.719248591642277,16.14143077850342,16.33237,15.722392203795584,15.399961901497651,15.327104568481444
19.12724765811495,25.320570850345188,19.659129638671867,18.123714,18.86973361208633,20.614973299091623,19.175249099731445
56.88957083660707,59.23009649463104,61.602892913818344,58.30913,58.74743169876602,59.67314825196189,57.010780334472656
131.33290237567311,121.9463456370934,135.14411239624033,108.31878,110.85520187465325,104.89711180796745,129.1440887451172
22.586289737363234,32.73218494135325,23.382073440551753,23.166147,22.578896722982066,22.45650635519909,21.989526748657227
65.43110242472662,64.57501872883714,62.820488891601556,64.46936,63.65736354049438,65.42882294422083,67.51742553710938
15.67275027756346,25.342497401076205,16.125711879730225,16.219252,15.695326073394407,15.803345291336493,15.557833671569824
22.397512860367875,32.94928758036508,23.671633644104,23.079258,22.842268088326183,22.457493356482406,21.05064582824707
67.14825348012167,67.84761752586773,63.627122879028335,66.98475,65.19237203995793,67.88250871245491,67.65711212158203
130.67675605741042,121.09995228165047,135.7751780700684,108.20113,113.51334765216941,104.928218471964,123.57585144042967
56.840465751310646,59.69960819837418,61.81062324523924,58.072044,58.43561237534256,59.70425491595845,55.03839874267578
19.466149828067987,26.230876973994565,19.952471923828117,18.877487,19.161152017416292,20.517928270310467,18.34490203857422
15.695119905637295,25.933307038550055,16.20448635101318,16.05549,15.715483608248466,15.64026637177319,15.005727767944336
67.65379254689749,67.98154974427725,63.42544204711916,66.3819,64.28113359378696,67.99546507494686,66.86553192138672
21.484849387033208,31.063277317372073,23.27601001739502,22.307367,21.412022502442483,22.328458235948343,21.33066177368164
127.37604098760599,118.2580226169839,134.69670043945322,107.47393,110.63937214413508,104.89711180796745,123.18509674072266
55.626511035796916,57.10780277764369,61.504769897460925,57.773018,56.86222117134794,58.98193097471416,52.85788345336914
18.69746528945508,24.595521526218455,19.497275924682608,18.341627,18.970359750531838,20.360706669854004,17.871795654296875
15.038536864777084,24.204030522327034,15.313297843933107,15.537574,15.154101190273638,15.312308464185953,14.95628547668457
18.41648461720771,23.98226907041385,18.926846580505366,17.772995,18.11898332200825,20.360706669854004,17.871795654296875
125.77777334557184,116.56928634759403,134.66543807983405,107.949554,110.31732868898901,104.89711180796745,121.03594970703124
21.740134976710713,31.32459328068841,23.471957130432124,22.693039,21.84628745662036,22.017677355142254,20.65532875061035
54.057431890907054,54.82627833928604,61.07186836242675,56.641888,56.22822929489867,58.497421990259724,52.63982772827149
15.189517394054217,24.038288959457567,14.852207317352295,15.542424,15.138277854778874,15.056722273831896,14.494824409484863
67.78643663690896,67.64486415299797,63.60243553161622,65.141075,64.63618538606575,67.06326165080729,65.32891845703125
20.986297627665422,29.899778715027683,22.908501091003416,21.867174,21.380430183937346,21.436358167359497,21.511850357055664
14.685538650152512,22.61150793059546,14.94946632385254,15.094779,14.98324470507095,15.097888469023156,14.774998664855955
18.345794896924414,23.920331235431743,18.993922863006585,18.118559,18.22027721543363,20.36753687495085,17.910415649414062
53.402845337426655,53.92513778797037,60.580326690673814,56.46958,57.191852366209105,58.364605418869495,54.36441802978516
123.62520418862819,114.24262293938281,134.05586471557626,108.35507,113.00821257939592,104.93067620512939,124.94348907470705
66.98601304090491,65.85192369261487,62.930475006103514,65.04379,63.35875493846014,66.15398623786751,65.42205047607422
53.96952419934911,54.919171210734646,60.90331039428709,57.745552,58.07530264887285,58.462956491557435,54.186012268066406
66.69724428373247,65.40755894911509,63.690075683593726,64.966736,63.60581724779817,65.53627889415476,65.70143127441406
15.107127544269176,23.37231108484878,14.907286224365233,15.023535,15.165637782239056,14.749782728160506,15.088133811950684
18.279700980887387,23.74879168327642,18.42010627746582,17.775778,17.898398543640113,20.36753687495085,17.910415649414062
21.822888563129958,31.33907032128834,23.013019905090324,22.45576,22.201198999654267,21.399774575334384,22.549558639526367
124.82340555576555,114.91457885656054,135.49383621215827,109.8516,113.80548456629722,104.77479361837713,126.40880584716795
18.319591023778454,23.427417671864102,18.049568481445316,18.119135,17.901584500371126,20.040142648806004,17.910415649414062
126.43284228145188,115.19918022173376,135.8181617736817,109.86625,114.61547900620428,104.77479361837713,125.43192291259766
22.54369014332182,32.691764522716944,23.475106887817375,22.97281,22.698679761631464,21.76455427752116,22.170713424682617
54.01197780026248,54.54775019012603,60.841180877685524,57.545494,58.004708095183396,55.29298665506266,52.90743255615234
15.291544910359935,23.407507151645206,15.031483745574947,15.099764,15.131806630451848,14.749782728160506,14.832679748535156
66.53038885498428,65.21471686697781,64.1342575073242,64.966736,64.29411814728124,65.53627889415476,66.02738189697266
18.275867743711935,23.530833592279915,17.99441520690918,18.157364,18.194918841859273,20.040142648806004,18.04559135437012
53.470721728017594,53.16548313872784,60.17484504699705,56.885468,55.342305115378586,55.21288068527805,51.92619705200195
66.63648069353037,65.39105237884463,64.0542965698242,64.966736,64.39046702501203,66.15398623786751,65.65487670898438
15.061941276745017,22.810654426342275,14.91436098098755,14.343336,14.732543568851849,14.698689017510622,15.121092796325684
127.12651756251135,114.66082795413334,135.624739227295,110.27194,113.86839429130328,104.77479361837713,122.4035873413086
22.47778091781549,31.94733994350609,23.184050903320305,22.11848,21.656989492460312,21.887555752470785,22.10482406616211
15.397392476780446,23.644838354103733,14.932065696716311,14.764823,15.019272556020077,14.790550258511932,14.651392936706545
125.83644730705413,112.78331083382672,135.00930404663097,109.44932,113.86839429130328,104.77479361837713,116.63997650146484
66.4948735385432,64.84824539310523,63.787308349609354,64.87965,64.33980674290406,65.46238734138277,66.4930191040039
52.738260153058654,51.69172521663042,59.946201782226545,55.137295,55.407414225123816,55.21288068527805,50.786376953125
18.37571980997467,23.86170977274382,17.79818994522095,18.35558,18.160219308035995,20.040142648806004,17.282827377319336
22.65640873628383,32.10959173736596,23.43489791870117,23.257374,22.366840095973586,22.053308546244086,21.54479217529297
51.65923672849514,50.51340989583158,60.199777679443336,55.137295,55.92667848122125,55.21288068527805,53.175052642822266
17.76884548170595,22.92035790905057,17.27709157943726,17.326797,17.333554233234814,20.076254611772953,17.53386116027832
14.884433068602936,22.117235662041168,14.572714996337885,14.493974,14.52535391577207,14.610569899216348,15.368306159973145
66.84173342347003,66.12019988649148,63.11571586608887,64.96338,64.03413557784481,66.15398623786751,68.4021224975586
122.15292310722202,109.64436168545811,135.00930404663097,109.13105,113.38961841420772,104.77479361837713,121.7197723388672
22.2695703152124,30.896053478303624,22.816087303161623,21.980629,21.528458010319188,21.62934894107213,22.582500457763672
122.67476527853812,111.33126139467515,135.82011520385748,110.633255,113.90762520332557,105.4114087056957,119.08218383789062
52.730839789624646,52.45756965546745,60.51215065002439,56.17607,57.591563693296266,55.29298665506266,53.42283248901367
18.008609919690645,23.434973387275924,17.466762104034427,18.04954,17.824180271741554,20.040142648806004,17.340757369995117
15.623124381174456,24.005829546935495,15.014913291931153,15.150424,15.10483293858217,14.816421591621763,15.168481826782228
67.94130242501275,68.28791167667853,63.38893165588379,66.90853,64.30975841571149,67.48768480175775,68.44869232177734
23.05442483205021,32.77237132498306,23.401809806823728,22.881222,22.40453877651954,23.113831537955743,23.35666275024414
15.308912183479377,24.007516227455998,14.90004678726196,15.07632,14.89242319966741,14.790550258511932,15.386472702026367
17.78954191386136,23.34588087211324,17.074839000701907,17.792542,17.54759251339081,20.040142648806004,17.089723587036133
23.55400717979339,35.06469659432799,24.30894985198975,23.467125,23.0078025883157,23.976724048976006,22.944873809814453
121.31901299537508,109.61632609170005,135.06987075805674,109.660164,113.84969092588285,104.77479361837713,115.76077270507812
68.56130926548036,68.96835207676298,65.95454391479493,66.36458,64.62212836026609,67.91249192881368,69.24028015136719
53.104245914834394,53.185410231289126,60.920874328613245,56.45719,57.6674743686283,55.29298665506266,52.540714263916016
23.307294382291566,34.97810268832711,24.210403900146485,22.561459,22.557843276800572,23.55146311082443,23.17547607421875
17.564075147012648,23.027798440912257,17.03974321365357,17.494267,17.24177242894109,20.038616193166295,17.04144859313965
119.11016044693748,107.2121902024584,134.7943898010255,109.20232,113.84969092588285,104.77479361837713,118.0076141357422
52.960239542949516,52.62140355882074,60.84216217041015,56.624928,56.23363525742007,55.29485815036702,55.94034194946289
69.49991392229705,70.17573502930638,65.92182762145995,66.93036,65.71905518365824,69.45917943539604,69.24028015136719
15.613234138480973,25.702795534319016,15.72351028442382,15.272789,15.324018274996302,14.895232245403456,15.459135055541992
119.16996179076108,108.15966366262771,135.48015945434577,110.9094,113.90762520332557,105.4114087056957,125.1388702392578
17.463805745538192,23.547801194390015,17.35465738296509,17.521418,17.24177242894109,20.040487688470655,17.36006736755371
55.09568277735994,56.28074015404002,61.3463310241699,59.271084,58.03515870729433,56.70585769341464,56.926536560058594
69.99602351082592,70.42020107847881,65.1969486999512,66.8228,65.85498317530819,69.60324246188455,72.17378997802734
15.66206981083425,26.306118914438862,15.81148162841796,15.231266,15.324018274996302,14.895232245403456,15.767953872680664
23.667557298393923,35.66368516834619,24.184903335571285,22.769926,22.996134383515965,23.604719411704203,23.38960647583008
15.929104163755282,28.04442829378422,16.123708953857417,15.867998,16.000876959325392,15.160932002034928,15.313807487487791
17.6492929775091,24.50606248957477,17.71614694595337,17.790655,17.748497288515075,20.131972822845622,17.09937858581543
122.77659694603739,112.67278578848351,135.464529876709,112.75074,113.91226738634889,105.42578524795229,122.4035873413086
72.00427606181235,72.75369743041755,65.8586959838867,71.55965,68.99118937052164,69.81234791718738,71.38220977783203
23.795019411661475,36.31388459562507,24.605533256530762,22.820858,23.672092881537424,23.90484991897317,22.763687133789062
56.2217149592103,58.258233371638745,61.4049126434326,59.27634,59.237371009405614,61.13343117982863,55.12264251708984
15.480648079499623,26.303658928633592,15.892568111419683,15.615908,15.599997631839228,15.016139881839093,15.123064994812012
23.327068364530753,34.989770301680316,23.890993652343745,22.318007,23.03389979032694,23.520277471129035,22.5166130065918
123.4513158477308,112.47191231126406,134.4094967651368,109.72663,113.28118753392965,107.13172285978499,124.25965881347656
72.25352124455489,71.89871120328402,68.17911987304687,70.78832,67.21371750676661,69.71463925803296,72.87224578857422
17.35041580321898,24.121969914974283,17.437397747039796,17.637068,17.302322146658064,20.131972822845622,16.819377899169922
56.00987230124992,57.58505182254103,57.97766090393065,57.3703,57.67849084783941,60.630353459787045,53.839115142822266
17.164500284394915,24.1097972545753,17.205414810180667,16.889946,16.8868651111547,19.18400393060816,16.82903289794922
15.429408471049374,25.452598751174587,15.343000488281254,15.580176,15.112990991871705,14.932536960365214,15.28656005859375
125.37472865940936,114.50253640501433,134.712328491211,112.51755,113.9927790302786,107.77568787845385,124.45504760742188
73.40278422766808,73.29546662186333,76.34576553344728,71.29892,69.41653452380898,70.25133892539728,72.03410339355469
23.224006565883755,34.347766735513396,23.625313568115228,23.308174,22.89386747390235,23.23581145621478,22.467199325561523
55.414082547809905,56.354080085451294,57.741365127563455,57.100807,57.518634784689866,59.02122268989356,53.24938201904297
73.23259298858429,72.63700237378124,77.8089398956299,70.34124,67.23118510717016,69.71463925803296,74.36228942871094
23.016203621706072,33.918861750761735,23.32837951660156,23.26028,22.89386747390235,23.309703008986773,22.91193199157715
17.205425949861674,23.788292377786743,17.2841960144043,16.43778,16.82856695965281,19.158312297735627,17.321447372436523
54.70604565381275,55.29046808056171,57.821670455932605,57.221035,57.47798312710726,58.72782296053467,54.67167282104492
126.46719715539686,115.1508053036909,134.5657962036133,112.05013,113.7115754480932,108.21467888666375,130.41403198242188
15.521713350778256,25.918198612798975,15.812666893005373,15.675232,15.737667128865722,14.96202746284408,15.686209678649902
15.845389835658523,27.596350578859713,15.934938068389899,16.048399,16.08092331936116,15.21690046585529,16.213016510009766
55.057896559894104,56.33899849660164,57.68024269104002,57.38021,57.66186642930821,56.173289470894204,54.32477569580078
130.48144495247013,119.25414614760176,135.29650650024413,113.359566,113.90458404377685,108.7093340655195,129.92559814453125
17.606447972518886,25.409998650160574,17.689137344360347,17.140514,17.238286399081108,19.160183793039987,17.47593116760254
23.237427027235142,34.678228901887124,23.517854118347167,23.715837,23.040546183144997,23.454495129182607,23.73550796508789
74.50290260586664,74.40351408489794,78.2868633270264,71.35994,68.96137876004944,70.25133892539728,74.45541381835938
16.218214200440656,28.839769123110308,16.451624622344973,16.381264,16.553573857513516,15.738595742348846,16.612667083740234
23.739849637015823,36.32683435907942,24.364597854614253,24.22934,23.657540170111204,23.879756067334185,24.954404830932617
75.00528232630865,74.44425403854068,78.65041793823247,70.64541,69.2713171312912,72.047715735945,75.06074523925781
131.94382254623787,120.28491137588632,135.132389831543,111.33811,112.49374498729021,108.90288786491213,130.31634521484375
17.630818465194817,26.37464952862655,17.803691482543947,17.107374,17.323483672505947,19.37654017841564,17.50489616394043
54.68969401678186,56.12313642297996,57.46423019409176,57.302074,57.42017521246012,55.5578531240399,54.186012268066406
16.657144229568676,29.212018043028593,16.56863838195801,16.445251,16.496943049598286,15.962634877779598,16.213016510009766
24.78976542141054,36.96351161465493,25.026052551269526,24.915167,24.11912004922584,24.417216209040927,24.26259994506836
17.73613237487795,27.096098814573168,17.908741188049316,17.230967,17.207205529203787,19.039319408307325,17.524208068847656
54.59594405135469,55.8962394974848,56.94299446105955,57.254177,57.442541574492026,55.5578531240399,53.90849304199219
75.70905273756179,75.10655937702312,79.4347930145264,70.64541,69.22844393439956,72.047715735945,75.57294464111328
133.4328120975861,121.12409758507215,134.76703552246096,111.44005,112.49374498729021,108.90288786491213,133.9308319091797
76.17333471341429,75.62230730376488,80.88921203613283,71.59935,69.79959944536209,72.07239145711681,77.10955810546875
17.787393724813565,27.572435078310953,18.180678825378422,17.281898,17.207205529203787,19.065190741417158,17.23455047607422
54.315464921709385,55.41893145931374,56.938020782470694,57.302074,57.305316353359096,55.5578531240399,53.075931549072266
135.847410951357,123.61676198679328,134.4505256652832,112.51521,113.3445504896235,108.90288786491213,131.29322814941406
24.56763930997618,35.86637493048469,24.857217559814448,24.060036,23.824320600534136,24.38089679851488,24.23566436767578
16.351430131645134,28.03286308962869,16.168022689819338,16.167572,16.31114280289082,15.733157503518433,15.958694458007812
17.529232314667055,26.99260017304077,18.156645126342774,17.215939,17.146894974331452,19.065190741417158,16.96420669555664
53.64300231631317,54.38340178168719,56.86901367187499,57.04733,56.81551502823213,55.5578531240399,51.72301483154297
16.31980446745816,27.047837638221136,15.94964847564697,15.914396,15.90948003791062,15.557179743627206,16.240266799926758
24.84671122454539,35.82507919140361,24.730424613952636,23.82034,24.041718212813084,25.05817890789335,24.147016525268555
135.27542465700836,123.3285509595941,134.40949645996096,111.21345,112.94152187924928,109.21650395575168,132.56317138671875
77.18226695031727,76.50967907780816,80.62594810485841,79.41605,71.49920697606616,72.07239145711681,75.47982025146484
17.3105480355251,25.995472283050137,17.835426063537604,17.005154,17.05280756391017,19.00460644368488,16.751792907714844
76.59405325429185,75.53352454740208,80.76364456176759,78.43771,69.12075458428683,71.56152631890407,75.43324279785156
135.67310358138099,124.29681399981385,135.44694641113284,111.41548,113.29028224337,110.64678348418826,133.05162048339844
24.85747225640061,35.54058590345298,24.565609474182118,24.655756,23.954076213565028,24.61325628042855,24.678890228271484
16.595527191256082,27.62653679572205,16.516504344940174,16.25777,16.460114881079125,15.70197186382304,16.322011947631836
52.8849784122653,52.73592824332824,57.049986801147476,56.229626,55.541861306124396,55.21477006289948,50.95983123779297
17.09919863765332,24.7433318387208,17.159581222534186,16.729774,16.691744049615895,18.88343105829254,16.819377899169922
16.603448454994986,27.8560913196648,16.483450565338135,16.273472,16.48903915729815,15.755228164702814,16.785240173339844
76.51189745436773,75.39268719470708,80.50585128784181,78.51028,68.241542802216,68.29384782325488,75.57294464111328
52.215780239601294,51.10194402772597,57.1300936126709,55.616486,55.52717753608301,55.21477006289948,52.278053283691406
136.02252159369723,124.93877106866614,135.58371063232426,111.49957,113.98832527687537,111.37215073979962,131.5863037109375
25.29057711098262,36.26467421330661,24.81589752197265,25.028738,24.36949064370136,25.05817890789335,26.15040397644043
26.32758253582446,37.8685249053992,25.325709609985356,26.11053,25.184694550961062,25.250513468119035,24.94482421875
17.043529906688736,24.882158932962575,17.10863573074341,16.61324,16.93303654701835,18.97342080398949,16.635929107666016
76.22887894251173,75.36363940653122,80.29216094970705,71.42914,66.72922636249102,68.71283010320111,73.80352783203125
134.90458584745886,124.57993588684992,134.81392669677737,112.62381,113.99715750579449,111.59891306240466,130.90248107910156
16.970651203985714,28.58178819828801,16.577732219696045,16.50748,16.79755279846407,16.125913586948183,16.076772689819336
52.500450650090414,51.88340766076518,57.17481353759765,56.380985,56.675323741020556,55.21477006289948,51.27204132080078
16.730154119051576,24.046838131583616,16.854001216888427,16.640059,16.68440442485451,18.93333009491559,16.47178840637207
133.7443051273094,123.7573235379649,134.32939086914064,112.22367,113.85761217052979,111.59891306240466,133.14930725097656
16.240106060774064,26.496391646955836,16.14169933319092,16.065239,16.009757920714733,15.677836108931713,16.058609008789062
25.46569153106651,36.00358129963825,24.795960044860838,24.957506,24.578802217980552,24.680040052790524,24.98028564453125
75.07567296040116,73.8287234309683,79.91109603881837,68.06729,66.68060752233438,65.93812724225229,72.63944244384766
51.84607687860298,50.59669428594129,57.15044265747069,55.96909,55.602619490847694,55.21664155820384,51.029205322265625
25.640426502525084,35.978466706209815,24.79867107391357,24.80573,24.996807948449497,24.476826494259868,24.005184173583984
51.57296653644821,50.290135175924256,57.00263236999512,56.38659,56.43338084780104,55.21664155820384,49.95381164550781
134.12620118408086,124.59092929243893,134.66153137207036,113.014465,114.48632152987727,111.59891306240466,130.60940551757812
16.54530860874416,23.590422218944568,16.58910024642944,16.22681,16.522305451163625,18.90763846204306,16.491100311279297
16.359143794319223,26.056394592343764,16.08210357666016,16.13205,16.009757920714733,15.664476965974105,15.66804027557373
73.90023243024464,71.97729345384056,78.98972328186038,67.92701,65.28785072126698,62.51037208414849,70.91658020019531
24.785415685996888,34.05202850972981,23.956094970703116,24.03889,24.037268817274974,24.30415152050021,24.02291488647461
132.91150093333786,123.03255276324614,133.46777908325203,112.12358,114.08625583905193,111.09583534236309,126.99493408203124
50.7632525116444,49.31185516416511,56.95846771240234,55.339783,55.0543165552456,54.907310270961,48.1499252319336
72.29801591569704,68.97797012305364,78.89710784912111,67.62499,63.73803475223234,61.729165061203815,71.52191925048828
16.557645332308738,23.429353276205116,16.623881530761718,16.156595,16.411625254469246,18.81764871634611,15.882822036743164
15.904583998952026,24.45021584652536,15.775653972625731,15.943799,15.747283267688566,15.399640900040277,15.313807487487791
15.592581212125681,23.134523385569906,15.410950908660894,15.7410965,15.348542110731282,15.273066694416524,15.440969467163086
49.37644934913912,48.28540617340936,56.894935073852544,54.901592,55.20615333557324,55.21288068527805,48.04585266113281
130.32538944120876,120.56967486531687,133.97185165405284,109.740974,113.28413371276083,109.45340239561322,127.77645111083984
24.69680672705801,33.88438414604752,23.938556404113758,24.27209,24.132698084257584,24.120464436652405,24.82072257995605
15.93369114112526,22.697130767596747,16.533046112060543,15.366986,16.195002010565688,18.81577722104175,15.747648239135742
71.76262518410965,69.52119719530076,78.46139129638674,68.04333,64.91154122981854,65.72737104656413,73.71040344238281
25.126057850141578,34.942076771482675,23.98264671325683,24.668709,24.61718130706268,24.217927477813294,24.271120071411133
129.38980651888645,119.7275390367108,134.49741378784188,110.09956,113.28413371276083,108.35771494201576,124.8458023071289
72.60685535703173,71.08265503596732,78.59007141113284,68.20929,65.93497334437916,65.91458508984358,72.73255157470703
48.82704107311376,47.47753786821038,57.38357658386231,55.257675,57.64754176904883,55.21288068527805,45.999141693115234
15.673194694940156,23.03854142828992,15.631659450531009,15.417988,15.461433111078543,15.273066694416524,14.57809066772461
15.880553082464287,22.48968796744971,15.873463325500484,15.3122635,15.489413148926031,18.81577722104175,15.99868392944336
127.39541735659499,117.50254717813884,133.38767471313486,108.91282,113.63308110756307,105.5369597705655,123.38047790527344
24.531316246512702,34.07799066949186,24.42298866271972,24.391653,24.517970222986026,23.892814470651466,24.466142654418945
47.294648120340064,46.36133845055216,57.35148284912109,54.631687,56.54012565183885,52.816339381939876,45.34002685546875
14.725943961066438,21.444057268837746,15.047651920318604,14.720771,15.153073415251463,15.211205827535242,14.232940673828123
72.43967877027784,70.56281476028718,78.45240898132325,67.86228,65.56702165274284,65.82459534414663,71.56847381591797
16.060079347668648,22.990970343092204,15.757423362731931,15.401195,15.706733757562448,18.028840064884175,15.564201354980469
46.421158608349806,45.24941329794305,56.892325820922856,55.214058,57.23451566421438,52.816339381939876,47.87240219116211
15.580959422103328,22.29802514219262,15.644757156372064,14.87185,15.3225103137015,17.223355118329057,15.110404014587402
72.1349516492853,69.40869271423276,78.41417228698731,67.75467,65.24678216313568,64.33125658590274,72.82567596435547
24.68005915940703,34.24270110669326,24.469517860412594,24.361464,24.536242702393036,24.088834044414195,24.25339126586914
14.46352646483695,20.803480613212322,14.870877056121827,14.272666,14.86414542894043,15.211205827535242,14.09669589996338
125.67320328091927,115.64224870505342,133.28803237915048,109.597565,112.83714980565135,104.93067620512939,126.21343231201172
14.255041437316109,20.69263993829096,14.485836448669437,14.239925,14.437512702904305,15.702626726585798,14.114861488342283
24.417455756184168,32.84512964939857,24.056026382446287,24.227139,24.058661172915727,23.90514696056639,23.56195831298828
126.26706575267418,117.02852947871321,135.60324645996099,110.46023,113.905175322325,105.86387082031524,124.74810791015624
72.79603050758438,70.58960039232,78.40973640441896,67.64534,66.2340914849813,65.58330802007562,72.5928726196289
15.279691742615897,22.061204376963783,15.477499961853026,14.639941,15.164948912069239,16.802521512778572,14.926956176757812
47.27629545739322,47.090688835973715,56.63224266052245,55.161335,55.658091681392186,50.44182992447373,46.31135559082031
72.8921958485542,70.52063391533329,78.21735099792483,67.72765,65.37002597383662,65.68053231765812,73.10507202148438
46.331185603117966,45.93755933322384,55.63999969482422,54.882553,54.07498261448713,50.44182992447373,45.02781677246094
23.90925549459309,31.66369379201976,23.657101974487308,23.994434,23.477333975488644,23.519607044569092,22.604585647583008
125.62659009806471,115.58657753880614,133.88588607788097,109.75874,112.83714980565135,104.93067620512939,122.59896087646484
15.14111520312658,21.505232857768664,15.273628463745117,14.753712,15.085811794184908,16.802521512778572,14.463505744934082
14.150250567245552,20.613745072249106,14.407789039611819,14.19677,14.414977064320563,15.119308651137727,13.842373847961426
124.48316116697598,113.95548127833075,133.94645278930673,108.92029,113.61238687366982,104.93067620512939,129.730224609375
23.296514125144192,30.366464062588054,23.265799522399913,22.864014,22.506903168744117,23.40291661485768,24.678890228271484
14.693439578091178,20.952283847695686,14.775421943664554,14.157174,14.555677677275675,16.767456359091586,14.782129287719728
73.38893854662813,70.86057538375236,78.41504203796389,67.72765,65.78732887267704,65.68053231765812,75.52638244628906
45.750668042494084,44.874612031860984,54.79493705749512,54.773373,55.095259463776976,50.44182992447373,46.31135559082031
13.913550513589042,20.07809738863601,14.113193969726554,13.366036,13.882035698919644,15.01297924908433,14.977740287780762
127.89965082373075,118.61022897234524,135.99009262084965,111.22988,114.34714714127283,106.69790109054927,125.82269287109376
74.91458598124214,73.69759536577989,79.31237617492677,70.42632,67.03193805272858,69.23434427649663,77.06298828125
24.65855137120407,33.749612984355046,23.79101295471191,25.079973,24.632457332347013,23.664874439242237,25.1753044128418
46.412563399459586,45.65415881204357,54.17576385498046,55.750927,56.24171247183112,50.44182992447373,45.2359504699707
14.950600005039927,22.190618042477713,14.701051177978519,14.7743025,15.148917258583792,15.067393585996406,15.177562713623049
15.011065210097488,21.553044086504606,14.9221763420105,14.290453,15.066521403652128,16.767456359091586,14.52143669128418
14.974387235006565,22.621974907756968,14.777463512420653,14.927207,14.998806145949628,15.15738419959504,15.268392562866213
127.62310259191258,116.84376081755698,135.07182342529305,109.19583,112.90417214734688,105.3263694082006,123.8689193725586
14.659935962507493,20.895276758365508,14.552166614532467,14.565774,14.885032975150782,16.379978635435226,14.202815055847168
76.54143268354872,75.8269048681506,80.40678306579589,70.7658,68.64137056775854,70.50842675900341,73.85009002685547
45.899411955753315,44.47970687029256,52.15640678405761,55.394306,54.81671135997285,50.31649849877775,45.09719467163086
24.917824246746445,35.168740147919095,24.585402450561517,24.78851,25.14268578239716,23.92625194546837,25.15757369995117
75.488652929926,73.88688072247967,79.51935150146485,68.489685,65.66695172622369,66.49350083994011,81.20716094970703
15.246795206321439,23.31981845326655,14.882636737823482,15.0385895,14.935318588492807,15.249245440596349,16.794322967529297
45.849972325668034,44.089469019001605,51.36161796569824,51.69857,49.09933698935616,47.02169691559857,49.606910705566406
126.88463121257365,115.23888613993155,134.3352542114259,109.67842,113.48871553151686,105.22725573299667,133.14930725097656
14.484205450570366,20.376734169823955,14.072579956054685,14.561883,14.373949104972583,16.117932336265483,15.013853073120115
25.14132452543407,35.92092300190255,24.617168960571284,24.922144,25.098109116250342,24.02381770834374,27.657377243041992
131.62549801672236,121.88623491371432,136.09168807983397,112.3655,113.89632596882998,107.5983722122452,129.53485107421875
15.23778939953701,21.87846864220596,14.648926029205327,14.811372,15.336068202573509,15.794976518860025,14.869024276733398
27.17578539081517,39.32920530166487,26.15900981903076,26.938456,26.166945330593133,24.917573154671235,29.34164047241211
79.59676334354512,78.8216737974769,77.90874603271487,72.01208,70.45984617493927,71.53317286277468,82.55751037597656
48.51427997175492,48.73251779580018,51.329891357421864,50.8988,49.481837936684556,51.69421847515863,49.260009765625
16.6977706756654,27.184099127278767,15.829129009246826,15.875939,16.03683845891233,15.584099817013293,17.520957946777344
82.0691101194535,79.91453099236134,79.70936973571783,85.689644,75.16673242738455,85.9645849038968,74.31571960449219
14.95578484468395,22.04952654276301,14.602486324310302,14.617018,14.87426307594149,15.794976518860025,14.627644538879396
17.34117043000906,27.8246713547809,16.814061698913573,16.288305,16.89746490578977,15.933389675965156,15.777036666870115
132.0387616204784,121.27458082258559,135.20663269042973,110.167274,113.23134877272003,107.71300183591639,121.5243911743164
49.1817085105179,49.83069478599727,51.66638236999511,50.640614,48.89370242704115,52.008513831899826,44.54215240478516
28.735313862570926,40.36212101234044,27.330212059021,29.532204,28.678328471426134,26.529009691744847,26.41634178161621
14.982751736302236,22.656449658670386,14.573424873352053,14.522399,14.578776325066011,15.794976518860025,15.776615142822266
46.97397609756228,46.14874570678814,50.94327484130858,46.80228,47.439359110582075,50.3804063834706,46.207275390625
128.3676575704868,117.8811559592862,134.54821380615243,108.65025,112.51343107327475,105.65917041576633,132.758544921875
27.258693279997207,37.19356244834359,25.691807861328122,26.693916,26.943817686746986,25.832856116693492,23.881080627441406
78.81572081260916,75.93140317890528,79.8176078796387,82.64645,71.87359690541983,80.86675247349788,70.73030853271484
16.00725889098618,25.385549941477212,15.388092823028565,15.758129,15.419462016035153,15.581768844633505,14.323770523071287
47.5303702327124,47.137631532269694,51.04412139892576,48.010876,49.46960100097126,51.433915891854554,47.24798583984375
16.062707820009187,25.81000721318516,15.160328121185302,15.709838,15.585641102734177,16.263047537660533,15.766959190368652
132.45568593882638,124.56718689059394,136.119041595459,111.24557,113.84658222177218,107.56294094098027,133.9308319091797
25.7603908408285,33.59286999480573,25.38603836059571,24.739061,25.737034277193256,25.064752079145812,23.31374931335449
15.09502931863855,21.422173901988202,14.690298709869383,14.181353,14.398960422665327,15.113617955040212,14.151193618774414
75.35319594183518,73.33509713533094,79.45762840270999,81.59178,71.22267939269499,79.97348850095734,68.30899810791016
15.875392249425236,26.78222426913082,15.535604553222658,15.858424,15.580716580204637,16.394386966188353,15.013853073120115
134.55363170930147,126.12198066322856,135.732197265625,110.33782,113.00932727425435,109.01144365667848,129.53485107421875
24.93609107021758,32.21914323091491,25.29336120605469,25.182295,25.713529347646976,24.814450308532276,22.161359786987305
47.901325064429805,47.804821558606825,50.99783576965331,48.082096,49.65692884326548,51.80995963052524,45.47878646850586
71.93581366914984,70.44289311136392,79.0976343536377,81.389015,71.96764749569668,78.78810273753652,65.98081970214844
14.890232895357151,20.920583846506997,14.638587417602539,14.647559,14.593916906463424,15.097959546527457,13.606218338012695
133.68832653663674,125.11848257121521,135.1441119384766,108.97923,112.81701725540445,110.16540778767855,132.36781311035156
13.937760881346948,19.466478265371048,14.252250919342043,14.439235,14.489981106976797,14.906271741858466,13.115739822387695
15.419851263037708,25.455993910395268,15.30985750198364,15.412424,15.172104885190137,15.700214234895174,15.052473068237305
68.52383896675389,67.65036333383544,79.15748397827151,80.538536,71.25360864906338,76.38474663252178,63.74575805664063
23.260441620135857,30.117989879917896,25.175439491271973,23.722454,24.82760907808257,24.608445909724637,21.36355209350586
46.896849587960325,46.41815245800339,50.97286941528319,47.359386,48.569322317851906,50.743001153243114,44.40339279174805
13.198479314503166,18.90465872272162,14.086028938293452,13.470134,14.094611192211943,14.798070844500709,13.079408645629885
15.58809374431994,25.821285383781216,15.38736576080322,15.475319,15.328092039867164,15.764769891061023,14.965577125549316
134.79328262221912,126.81941199667915,135.55244873046877,112.19841,113.79695282487758,110.86466691660532,131.29322814941406
65.3906050315498,65.116957899582,79.93410675048831,80.9666,73.09722821162069,76.38474663252178,62.581668853759766
21.928352238718396,29.051451169348113,25.149173431396484,23.59199,24.39758695364388,24.378603567119754,21.38128089904785
45.97034570163606,45.341921616955666,50.95970405578611,47.364704,48.745577526014905,50.36636347285804,45.51347732543945
63.27779858272396,62.67502320775475,79.73670166015626,82.86675,73.43645672084708,75.76263459849126,62.11603164672852
15.425200106782878,25.69502788438482,15.285471229553218,15.513049,15.23762068113098,15.764769891061023,14.955921173095703
134.7237993063056,125.93104462053311,135.36293334960942,111.40113,113.76504291259835,110.86466691660532,129.730224609375
21.53273515627237,28.462699402310875,25.188489036560057,23.49186,24.22666928601901,24.414715530086703,20.920324325561523
46.25797234864905,45.960815687042434,50.854791793823225,47.664818,48.31332753427465,50.43214581480448,44.680912017822266
13.092504237601098,18.482315143073095,13.568708229064937,13.957307,14.047877561383597,14.83418280746766,12.670677185058594
133.62991968170854,124.8452563462641,135.08354522705085,110.03383,113.63274812180698,109.92259818835385,131.00018310546875
45.4737036170568,45.16437570682313,50.58414184570311,46.331417,46.0392348841976,48.370974984592976,44.334014892578125
62.11873287306399,60.61186275346202,79.26236206054689,84.20052,75.0079686910745,77.03034924538065,61.92976760864258
12.519494731651324,17.796949576444355,13.173483142852783,13.041687,13.216394409822222,14.834288127838356,12.988579750061035
15.315477726236074,25.719568181868272,15.526421680450431,15.310799,15.224183970310884,15.633430462533202,14.984888076782228
20.83266810410554,27.424785684251603,25.2250936126709,23.34324,24.025754406553226,24.414715530086703,21.3458194732666
61.52541209310291,59.023138476860346,78.94780532836917,84.065895,75.0079686910745,77.69381209974647,62.62823486328125
45.04597037168493,44.54156491779163,50.55419799804687,46.255894,46.08549427715447,45.20100514809821,45.58285140991211
133.47996594876625,125.1155096849293,135.6540451049805,111.274666,113.04931023487087,110.42567590839542,139.0106201171875
21.05047020684394,27.360995424046344,24.998237800598147,24.527384,24.280869619966406,24.414715530086703,21.789047241210938
15.20395985279812,26.00640200351576,15.638168067932126,15.941973,15.810725024418774,15.765451497459132,15.42902660369873
12.836177149462161,18.086170305461213,13.256726226806641,13.321723,13.562923337229552,14.834288127838356,13.1793212890625
21.59790052224536,27.71490394987866,24.965140953063965,24.550596,24.357713780184703,23.606093992180416,22.28546142578125
13.126532543304114,18.62585576893255,13.132025623321535,12.997395,13.235809973196409,14.273251648981459,13.524473190307615
62.26131744027642,58.43647212821052,76.74845649719241,86.19061,75.16772499010854,77.77137319936607,63.88545608520508
45.96929811742134,45.82611883981364,50.88429466247557,47.89798,46.26606286172398,45.283672988358326,47.31736373901367
138.11891306135848,129.60626244412163,135.5426811218262,111.07727,113.42326095895362,111.51621376628813,142.62509155273438
15.65741287218831,27.332690206177986,15.77644598007202,16.407642,16.131607744591605,16.15989576877993,16.191789627075195
142.21640733091488,132.40659981757034,135.1695114135742,112.37421,113.41395937164756,113.64596815730279,143.6019744873047
13.64194708366772,19.18539279432042,13.172113189697267,13.172676,13.094917145539343,14.011061750789912,14.868744850158691
16.26745965718667,28.803617936273955,16.119747333526615,16.95202,16.65059156849496,16.287047547758963,16.500755310058594
47.30846626497312,47.9710899648176,50.879391403198234,47.653614,46.64451667753484,46.35318711881812,48.21931076049805
63.729335972548384,58.45796536402331,76.35606201171876,69.211296,65.91402945682258,63.2056517664485,65.46862030029297
22.392003837332304,28.217501197414034,25.078585662841803,24.629232,24.357713780184703,22.468669522515658,24.501598358154297
48.33101849253013,50.06954188692105,50.83762680053711,48.846684,46.73427288838479,46.75561699241451,46.48480224609375
24.294875046181897,30.77293986363293,25.349016189575195,25.928295,25.57829171680212,23.87320575337782,23.73924827575684
144.850254362878,134.5507458320498,134.67130172729495,118.18435,114.94185738614975,115.90632421133891,140.4759521484375
65.41695554676448,59.37464927739132,77.31392944335938,69.630516,65.98311697483322,63.2056517664485,65.65487670898438
14.903270639620699,21.50072399296868,13.472328968048096,13.703219,14.136128441275675,14.181158334173153,14.351018905639648
16.469594576577663,29.798628413885098,16.627616271972663,17.256361,17.125001950801582,16.710590489929785,15.950408935546877
145.2440928086558,134.58358447230154,134.9331060791016,117.155396,115.25694645632302,113.33726629800766,143.6019744873047
48.014685960983286,48.93290580257103,50.41088928222654,48.02892,44.801586420439286,46.62846521343548,46.9357795715332
16.279663001734278,28.641966731686647,15.995056972503662,16.770977,15.960184579360785,16.690430937597803,16.085580825805664
66.61766986936662,59.54541854865982,77.51443954467774,69.90022,66.18397072835491,58.73668153614295,66.95865631103516
24.001267831941163,30.618262054760418,25.80797718048095,25.261387,25.43311563610201,22.850789287421897,24.05837059020996
14.340433022960504,21.132787244558273,13.37069789886475,13.259845,13.976704478073263,14.428011937767065,14.841495513916016
15.200960765589047,22.678870280753788,13.98643705368042,14.326725,14.405091539788003,14.331551106460251,15.940529823303224
16.635503225206016,29.084351827940985,15.972396278381352,16.736456,16.139600558029933,16.690430937597803,16.491100311279297
24.76673047632583,31.428270987410713,26.00061344146728,25.808706,25.60510184859488,23.115385757859762,25.40578269958496
146.98501512175878,136.48044895670725,136.0330772399902,120.77694,116.0473759322891,115.57503201452259,146.6303253173828
68.12860731345098,60.47361308242449,77.52306350708008,70.49915,66.41429885199639,59.857090194608254,67.93649291992188
48.387268494772016,49.3597279796381,50.67197151184081,48.50595,46.42785968719531,46.55457366066349,48.32337951660156
49.02258931754737,52.34078936431913,51.122645874023426,49.863655,47.06106805568545,47.65530209314201,50.71699905395508
25.889766523316787,34.159077094989954,26.598350601196287,26.92299,26.404130644995504,24.95324255598754,26.13267517089844
16.899235594593275,29.978824520651255,16.45019943237305,16.822397,16.59928244043713,16.690430937597803,16.944894790649414
148.88346229351288,138.4723638289965,135.65013763427737,120.79913,115.69499904770282,116.84911449702939,160.69744873046875
69.25808979099037,62.60650690302246,78.48013916015626,70.93612,66.800601759422,60.24439347573282,71.75473022460938
16.129437633940032,26.03806147103142,15.679357185363772,15.418294,15.49361592414383,15.185229090546775,16.503671646118164
72.03017737188922,67.17452731296889,79.12805908203124,73.25958,71.02485331201065,66.67240225262678,72.2203598022461
16.59362635537994,27.186291490521462,15.957112941741942,15.912902,15.94659626350976,15.748415511841833,16.385595321655273
26.562748920022685,36.54392642437194,27.286650276184076,27.640827,26.734730537832952,26.565286568710594,25.742637634277344
50.80968763899088,54.52863815849847,51.181693420410156,51.31652,48.33852993606372,48.78643346086813,50.85576248168945
158.026723588461,145.62357312947623,133.97966888427732,130.58116,126.4971968047435,127.48301152018955,161.57662963867188
17.261716125092253,30.62588150921276,17.056829109191888,17.242756,17.336240661095164,17.14392796071383,16.944894790649414
16.64964334847582,27.61703985986513,15.93577640533447,15.882867,16.53773779296653,15.829139397914211,16.703495025634766
26.52812390201138,36.81366380296306,26.97188945770264,27.821524,26.69855472803534,27.251248140559547,26.57590103149414
51.58343200826475,55.5094046260646,50.9413558959961,51.61028,50.58971991593413,50.78182194913319,53.73503875732422
162.65993233813074,148.98601255628552,135.702891998291,134.57378,128.7025362560523,128.9345719449834,168.5125274658203
17.258430816841223,30.12519340231578,17.20514965057373,17.07977,16.967446353203847,17.601198090678583,17.64006996154785
73.20159189973673,68.89860452767599,79.39011077880858,72.96085,71.52026104496413,67.89872963235771,74.82792663574219
169.194759292087,154.35948705336634,135.88068588256832,136.13866,131.7944104396517,128.9345719449834,167.63333129882812
75.44521557457753,71.72470038008842,80.42404701232908,76.07608,70.89594201195742,69.8217122595815,75.10730743408203
27.28237517939235,37.83166203902692,27.233177909851072,28.775433,26.857496224242226,27.983816575721104,26.87729835510254
53.9325113030241,57.74756567043581,51.52873306274414,52.741783,50.732250794412955,53.43725565157882,53.87379837036133
17.08648983571732,28.067649379528312,16.586760540008544,16.691648,17.407980098897564,16.156384881880694,16.939651489257812
17.936813477597607,31.173937154682218,17.884740715026858,17.729492,17.78533693961358,17.752295394881195,17.620759963989258
17.281261249082075,28.799128757066875,17.32752891540527,17.285679,17.64794675850814,16.3581862528271,16.767074584960938
54.72956445483685,58.71565161568253,53.58914276123047,53.585052,50.209135808499255,54.245385715325355,53.76972961425781
76.4391028864442,73.13872685990829,82.65979530334472,75.00672,71.36828230030544,70.537932653892,76.17827606201172
17.871690601743797,31.424224515329037,17.946329841613775,17.682955,17.674361444328714,17.732135842549212,17.92972755432129
171.7270405864128,156.94639220462287,136.3613128662109,136.96538,135.36713233093255,128.9345719449834,172.81080627441406
27.491573542078417,38.37362429363892,27.034631385803223,28.497702,26.888486668067486,28.42133315966634,26.59363174438477
77.28527385077476,74.66680701947519,82.85266113281251,75.13892,71.27356899121193,72.70376336056232,76.64391326904297
18.27759953155791,31.942421254273302,18.646797752380373,17.91163,18.249085822383957,17.707921986516126,18.31593513488769
175.93521794047476,160.9212857361962,137.07443817138667,137.25096,136.8039784604132,128.4729963036647,179.06288146972656
17.02394192869961,28.741153616626637,17.21621698379516,17.037306,17.55202796420421,16.76156964266594,16.42192268371582
27.237066993537045,38.32233087234532,26.98772342681885,28.118032,26.92101336571408,27.859994010503808,25.77809333801269
55.12825565727877,59.04268773862421,55.65821266174315,57.365265,57.011075653825166,55.37404440082573,53.56159210205078
55.19792442822334,59.00041132475775,56.49723106384277,57.192085,56.321007799402764,54.08838228472525,51.34142303466797
16.63703616427188,28.238740850116844,17.140263767242434,17.210331,17.431232076125614,16.54710026838531,16.376510620117188
180.93930697742815,165.47457742498267,136.86147827148434,138.32942,137.10004584603004,129.5317969973082,173.6900177001953
77.59577890154526,75.49691797443505,82.68812522888186,72.75588,69.17306940448985,71.90312413212101,77.06298828125
18.716691354178224,31.89757742447283,18.592718963623046,18.355293,18.400465297064105,18.326481195524067,18.05524635314941
26.456344367955065,37.52325509623495,26.793574485778805,27.236423,26.43072249874045,27.370117707745887,25.52988624572754
18.55395496852246,31.37775610619507,18.73723182678223,18.08622,18.015511415347273,18.23032370789815,17.524208068847656
26.230185430253368,37.27724930692507,26.869673423767082,27.34658,26.83468903449891,27.24638842168254,25.990842819213867
180.36138484853635,166.38919789056047,137.5863256835937,136.70117,135.74863963744818,128.9345719449834,178.672119140625
53.87919181908666,57.35351302421018,56.57058410644532,56.522057,58.20874704515094,57.598857440680455,49.95381164550781
16.665091583379493,28.038994713767096,17.012684154510506,17.426884,16.844670055137474,16.43048284949725,16.685331344604492
77.9125428086227,76.34504784363057,82.69691734313966,72.75588,71.11996716138736,71.42744886357553,75.97891998291016
16.727044440907957,28.5330171101429,17.183020954132083,17.425484,16.98506921113729,16.483739150377023,17.466459274291992
18.093747035610846,30.365523463071643,18.488330574035647,18.119028,17.59208437357264,17.841877976087,17.669034957885742
181.8852873642069,169.32364349939883,138.0864895629882,140.46118,137.72140117653998,128.4729963036647,178.76980590820312
52.295946788951206,56.02175686339081,56.321674270629885,55.415607,58.44688795547353,56.38438538089264,51.61894607543945
77.22041409226023,76.2489363627091,82.82463500976563,73.37033,68.94585596752339,70.17096698460887,79.27825927734375
26.23011345406982,37.671691506165594,27.484949874877923,27.29643,26.860821826483267,27.204034386849045,27.178691864013672
17.227428434084544,29.675037440102656,17.306547698974608,17.86806,17.326063311713206,17.070681430374925,17.15764045715332
78.68577764657846,78.58283622702244,83.56701766967774,74.40006,71.07097841213951,72.01903758793851,83.37885284423828
26.811207724087865,39.12574792174245,27.774138107299798,28.400057,27.41974913502742,27.87260855084233,26.66454696655273
52.29212729003705,56.435706256109285,56.718681945800775,55.914375,59.924588514453724,56.03462575002041,50.68230819702149
181.71825972604756,170.31402833016918,137.94972534179678,142.22311,135.98848766144246,129.16133426758844,176.52297973632812
18.147511730978692,30.261774909778467,18.377847862243655,18.098328,17.71376174875989,18.48454356004984,17.775243759155273
81.53858538777867,80.96636143010754,83.24862037658691,95.85059,79.20538838571632,89.9374220610718,82.43618774414062
26.558271646151745,38.43163481799769,27.383803787231443,27.165188,26.92582546975614,27.59951549934003,26.07948875427246
17.005738630781725,29.046876866454753,16.963199996948244,17.150454,16.891878847109265,16.935302086735394,16.812490463256836
180.17788248215095,170.58835945349875,137.4749597167968,137.79709,135.74863963744818,128.9522837635101,169.97784423828125
51.33089774772738,55.267697443750215,56.571416473388666,55.08375,58.459844167438185,55.846379275574776,49.88444137573242
18.093424194075133,30.134343699940594,18.364837036132812,18.098328,17.655738796879092,18.48454356004984,17.26351547241211
17.582223256567108,28.884924446054786,18.075270977020267,17.485249,17.28846149081976,17.879153048670496,16.89661979675293
50.687019567165684,54.291887559533606,56.44478874206544,55.344624,57.246055698433196,54.72810037842413,50.64761734008789
82.4533797393647,81.63409995013194,83.02317489624025,81.7511,74.08891457108942,73.61686308439326,78.24131774902344
16.942730588569628,28.35965045925776,16.946471328735353,17.17727,16.993492456498856,16.720832712454765,17.293886184692383
26.37469377843185,37.38478102176423,27.118615379333495,26.941715,26.660224858735393,27.202459398621258,27.178691864013672
176.0600825054765,168.8014569556757,138.5886050415039,135.98938,136.73673638418933,127.53567646026093,167.4379425048828
17.25446471333398,27.82172233380412,17.859363136291503,17.264448,17.222924366132858,17.466426213090152,16.462133407592773
27.159725414157244,39.111737419224774,27.52682907104492,27.843967,27.222237640808913,27.55716146450654,26.68227767944336
50.82295685592872,54.55165646570436,56.39539550781251,55.33374,58.49585913910607,54.6623180364777,50.1966438293457
172.03223385504958,166.2164881586182,138.8640850830078,134.72523,136.73673638418933,124.91760524502875,165.4841766357422
80.8690717956116,79.93737660401699,82.99173301696777,98.25989,79.87703416726673,87.30619264494082,74.89485168457031
17.412440768061433,29.376720019184493,17.148044624328616,17.605158,17.449491144958483,16.83914459910948,17.53912353515625
17.553210706689047,30.117488873421596,17.30919666290283,17.613892,17.539783367791063,17.83758820284787,17.430130004882812
50.666968778453416,53.87138844271488,56.75448944091797,54.793713,58.06157983048937,54.355139319390375,52.1392936706543
168.63693551619156,163.90276629186545,138.75467437744143,135.1199,136.73673638418933,121.51641028687102,176.13223266601562
78.41482202655443,77.63100172808932,82.61349678039551,89.468285,76.71011492786886,86.59479830519459,78.38272094726562
16.87082508670445,26.321666912469,17.175682182312013,16.670162,16.890045921294522,16.976752246418773,17.11868667602539
26.874794876478635,37.96175853549006,27.455076255798335,26.834171,26.926042707734464,27.244917952815936,26.91275405883789
78.96789216028628,78.97805687007599,81.46157852172853,90.5833,76.595531661716,86.24503867432236,79.18399047851562
17.556486669325217,29.085296560042718,17.282048091888427,17.052418,17.347818271161223,17.280148742376493,17.97510528564453
52.000601272702646,55.40145708836056,56.557342453002946,55.30125,57.934265676348,54.572328290780746,53.24938201904297
172.2761864713672,167.82848476060013,138.77421295166013,134.513,137.53494001252605,126.83492217196859,180.4304962158203
17.36061272505807,27.316024846434665,17.64342042922973,17.566359,17.353407862380735,17.06896654438631,17.418001174926758
27.252569657512918,38.51004876359764,27.68250839233398,26.990005,27.1045413418256,27.11163240324006,28.01195907592773
18.08456660251095,30.551788635377587,17.776681632995608,17.978971,17.96425412934302,17.679750165697907,18.54732894897461
53.148941497724195,56.9505088083001,56.550400009155275,55.922146,58.37560291476671,56.00214258296476,54.8104362487793
17.45266695375,28.32834641746505,17.94801689147949,17.617674,17.499573706925176,17.06896654438631,17.78489875793457
176.40997171415194,170.5775299675756,139.07509307861324,138.52104,137.23095488618063,127.36714099650015,186.5848693847656
28.067220246339268,40.57299815465401,27.891816520690927,28.259483,27.973593374149825,27.81302489011529,28.80976676940918
79.12512908724256,79.39986722295927,82.02052345275881,89.74497,76.51375882334192,85.58157581995657,81.06932830810547
80.32651243616314,80.6862672761952,82.07985794067385,90.574875,76.79290905507554,86.81390975136512,80.36231231689453
18.505614258148277,31.661985174505165,18.15191318511963,18.254532,18.342847853423418,17.67950290802818,18.34750366210937
182.57868567780184,174.0482216602092,139.28805541992185,137.931,136.94390255503728,127.5290042190016,189.2224578857422
28.694101309157773,41.69573183973653,29.234264984130867,29.87123,28.442598576266015,29.917180007578875,28.40199851989746
54.8267104518838,59.14216213080683,56.529096374511724,57.070747,60.281088342494634,57.149769501182114,55.01858139038086
17.849429036031164,29.54627191388714,18.32282150268555,17.774567,17.637979077597652,17.252653628234114,17.72696876525879
80.441861456984,80.2723664805155,83.17153182983402,70.543434,66.50883859408523,69.38652694993233,84.3215103149414
18.326881383922807,31.537685082783053,17.857611694335933,18.874306,18.210862094757307,18.311799430964502,18.80165100097656
28.54632740072501,41.206535360472394,28.809774093627944,28.877869,28.33063794072835,29.90646782895084,29.004789352416992
17.863203335310505,29.836280533632213,18.255387268066414,17.653206,17.45532325640514,18.15527216296117,18.68283462524414
55.54826962831875,60.07805795286673,57.03023445129396,56.685284,60.23570997872304,57.261166297330526,58.97325134277344
187.20347047877377,176.74305209611035,138.07281249999997,135.31006,135.14205174336755,127.21319473936668,205.63412475585935
18.821533851806105,32.15249746630105,19.37714389801026,18.489914,18.955475421043847,18.61092643780519,18.422142028808597
29.19189268976983,42.11640853645245,29.519828338623054,29.368196,29.061297168468638,29.942787239476893,30.015344619750977
199.5472105928851,185.13779746856676,136.66414733886714,136.77548,135.77542056747296,128.43258275410008,203.2895965576172
18.87325090769898,32.50792311270639,18.454104652404784,19.395634,18.941490739384825,18.257112906216086,19.164966583251957
82.9243623279867,83.6595563996393,84.34723594665527,80.676796,73.53659672265763,73.7932164027041,83.1431884765625
58.547026783630194,62.762642206886184,57.72604560852053,58.66028,59.41456198507785,59.51111263895774,58.27945709228516
18.644031536718302,32.05222277821555,19.1838257598877,18.340584,18.225881042982795,18.585702844477158,18.68283462524414
204.99357389625138,187.85066637902275,136.13272247314447,134.69244,134.04250705237547,127.83535770177527,211.49542236328125
59.30259969820811,62.85121272462342,58.56273025512696,58.44175,58.70159726805779,59.86285015727053,58.73042297363281
83.44983610302069,83.38938077265507,86.07407585144044,79.698235,69.78203166473924,72.51913392019733,85.1227798461914
30.10350809456822,42.80993567171221,29.78653491973877,30.65596,29.88582271252993,29.942787239476893,29.78486633300781
19.25941781374197,32.731461364805064,18.620213775634763,19.248146,19.179470592442616,18.27727245854807,18.946977615356445
19.090884031043174,32.928511147345354,19.44332675933838,18.411297,18.514379645374813,19.422890494311197,18.538005828857425
60.281212536446674,63.95135378498906,58.83077926635743,58.987167,59.75216192468856,59.86285015727053,61.08935928344727
85.43725185140701,85.46721999999525,86.58558952331543,78.96466,74.74113996560804,74.1691303748755,86.34825134277344
213.0307477375582,194.29021270457915,136.59967285156245,135.28833,135.48121135720956,128.26394579958637,211.59310913085935
19.096454303573353,32.38989149226299,18.63396499633789,18.942589,18.61594364260474,18.27727245854807,18.583660125732425
30.053206899141692,42.69025142501329,30.11720798492432,29.849916,29.617802286767425,30.022149485397122,29.34164047241211
216.4343035618642,196.98992456640187,136.7891885375976,135.97433,134.28235507636975,128.9345719449834,210.22547912597656
18.982517269496093,32.57848086810341,19.457405967712404,18.8237,18.594739225745254,19.331884559036727,18.827661514282227
86.96206399411531,86.29870155943584,86.55117233276368,77.985504,74.10347192797454,74.1691303748755,85.40558624267578
18.84053525244153,31.460479106704575,18.386736717224125,18.225142,18.325633878971892,17.96289341241096,18.402000427246094
29.859957542682785,42.03921335644713,30.01291095733643,29.28806,29.17384180152749,29.91881106020773,29.2175350189209
62.036147288709955,65.6105499656511,62.124539566040035,61.77393,60.63962692190774,61.108365096044345,62.99731063842773
29.819999714360602,41.77291385650855,29.9021018218994,28.98753,29.01990387314543,29.859269420119816,29.377098083496094
18.70724096377051,30.772083084097755,18.462673778533937,18.700918,18.76509886166249,17.663617465648265,18.619991302490234
19.266089214927522,33.322967573368636,19.699891662597658,18.75692,18.719394717824716,19.422890494311197,19.02076530456543
87.09921488303982,86.50134313113428,90.10650451660158,77.852325,72.38689491470188,74.14445465370366,87.38518524169922
63.72836817627934,67.13076552926697,62.175595855712885,65.31058,61.01643505199915,61.367210906546426,62.8238639831543
216.96051481005708,198.2475607501784,137.5023132324218,136.9704,135.14398286155156,130.15365765712667,209.6393585205078
18.777041491070836,31.014543573482072,18.717205333709718,18.61479,18.93564931449342,18.59534674200167,19.873435974121094
88.0352379365777,88.09809025193036,90.40946273803713,79.00421,74.0074256026465,74.53726447812569,87.52659606933594
29.70119871330284,41.807708964635935,29.79929683685302,29.152876,29.6804215837127,29.99581709458654,31.096818923950195
19.31957079151679,33.66857800268888,19.709602355957035,18.616385,18.932368092893682,19.422890494311197,19.00145530700684
64.2225939928889,67.39618275388246,62.58286331176757,64.74456,60.31855105985858,62.03067376091223,62.89324188232422
215.81976816369243,198.8761313349115,138.1411950683593,141.73257,135.98848766144246,130.9922081455819,210.3231658935547
30.72327876021779,43.64489707275115,31.610270614624028,31.126823,31.418877553004403,30.65466323024593,33.18885040283203
88.35723727106856,88.11071766108002,91.1535265350342,77.48918,73.22120535254722,74.26683903402991,87.90365600585938
19.33639230200231,33.57382093706357,19.521210708618167,19.081017,19.413581085968822,19.44305004664318,18.7117977142334
64.52955576154652,67.73622040598867,63.14687118530272,66.86229,63.44852023761821,63.30651281275924,62.85855102539063
19.641826428966322,32.39337250183711,19.781052036285395,19.610075,20.356154809522156,18.487173029899374,20.98155212402344
214.96537799686683,199.28106881386663,138.9363775634765,138.14285,136.14123645153364,131.75755888249603,206.0248565673828
211.452028516816,197.62970315559087,138.69410980224603,137.4044,136.68650493323454,130.86739514336625,204.65724182128903
64.41867216584903,67.75348104320899,63.43956008911133,65.08336,65.23922195049823,62.75912581316957,61.78315734863281
20.49582860750807,33.33030937956771,21.30232065200805,21.330826,22.19755068236389,19.758441534905305,22.19866371154785
32.323999477963724,44.88863688153066,32.71290321350099,32.959576,33.0421931915233,31.746367144096148,35.014949798583984
19.095198967080083,32.76737720279874,19.336992263793945,18.756487,18.859103722785072,19.228824789338496,18.721454620361328
88.5934113114862,88.52022541552233,92.37051582336429,77.476,73.22120535254722,80.34120375829313,86.7253189086914
34.153904296761205,46.439742915575096,33.296469001770035,33.817165,33.50554201453518,32.97600001046256,34.12849426269531
63.62775457691736,67.11786287574465,63.558540420532225,63.497192,63.88383898229235,61.794663276662384,61.47094345092773
88.09027990244677,87.7818053531044,92.34598876953126,77.13012,69.8339419784378,79.95896919485206,87.10240173339844
21.687276430060283,34.75332421522566,21.84891817092895,22.193836,22.336564578375576,19.986201895486445,22.489316940307617
208.30426373123896,196.13203645522378,138.9754510498046,137.85397,136.9754154397314,129.42477719709868,208.5647735595703
19.107249656001283,32.61240991456012,19.00113775253296,18.702694,18.84103811210659,19.163042447392066,18.64421272277832
62.87125433681042,66.76370018795195,63.69203956604004,63.313793,64.33058486820877,61.51013737237574,62.51164245605469
22.211733184825537,35.10102569860176,21.967771186828607,22.778902,21.917846707802685,20.39317055777874,22.99795913696289
87.9794407637848,87.78402318044607,92.20581680297855,76.978065,68.98415546116256,79.84757239870365,91.72145080566406
34.306757848658755,46.08995063935907,33.36532138824464,32.7924,32.35866762100578,33.82858897632106,34.12849426269531
18.92048205064885,32.361594984971795,19.101392307281493,18.67559,18.988296360617994,19.313012976954642,18.731109619140625
208.0462326055495,196.49726855218807,139.06337127685538,137.57487,137.56800406018988,130.07288496039732,213.7422637939453
19.05933032755691,32.1905743613049,19.233488903045654,18.578608,19.033464656273996,19.613143484223603,18.04559135437012
34.950033023193505,46.27229188614258,33.56533424377442,35.100243,32.762995970532316,34.54179896402269,31.71733856201172
211.25705155153724,198.47608406340265,139.84878601074212,139.77786,135.7184375494691,130.07288496039732,209.0532073974609
90.70136053411913,90.36255346447294,92.60665321350099,77.86413,73.27183707917764,80.03084332485489,93.98385620117188
23.078801506971867,35.629637250089615,22.424894866943347,23.155544,22.351483361607794,20.39317055777874,21.363035202026367
63.22171088403752,67.47269000927729,63.52717544555664,63.537758,63.59738319880743,61.51013737237574,60.01395797729492
33.55408826232437,43.52466186173912,32.57420227050781,31.490877,31.030637253034968,32.64815074214268,33.18885040283203
92.98742632712572,91.78654681228423,92.52677726745608,80.36969,72.31154241534172,80.41307788829594,94.21952056884766
18.377333789652127,29.44780964285684,18.571599483489987,18.199259,18.263812323409272,18.288428522934712,18.190418243408203
22.126433071506796,32.908975391368614,20.452302894592275,20.320242,21.223751380268222,19.92553958155616,22.725475311279297
61.570481108076976,65.31221897982732,63.37562088012697,61.61019,61.12307941662349,58.8051296384299,62.0606803894043
210.3834592917568,197.3722053634374,139.1337069702148,137.00777,135.93363240717702,130.07288496039732,218.4313201904297
62.18877458179588,66.67983396901955,62.90818832397462,63.315357,63.61352303148427,60.97165172558489,63.13606643676758
34.18772778244058,44.86279938202911,32.504898452758795,34.26141,34.461223688700215,33.55764426612178,33.50797653198242
215.39431769581043,201.3047456037912,139.66903961181634,138.2552,136.112892538908,129.32524604200992,219.9943084716797
18.513469014557234,29.398968642879773,18.514764385223383,18.335142,18.55113046537123,18.288428522934712,18.190418243408203
23.246350899577678,34.85452466315456,21.850236663818354,21.862398,22.29332552955363,20.315085805955754,22.4348201751709
94.29660195827253,92.70948713030901,93.37916664123539,79.2306,73.13867260542936,80.41307788829594,95.0207977294922
22.691720492429937,34.115882519529166,21.416215133666988,21.568264,21.982843830179036,20.397848614090922,21.76268196105957
18.345471191098056,28.724453188971832,18.202489261627193,18.229261,18.526033928587776,18.288428522934712,17.95869255065918
95.48530360666074,93.67269137829138,92.52141754150392,79.2306,73.13867260542936,84.3191192634847,95.68065643310548
218.68444464486663,202.41931331161103,139.68662353515617,135.89627,134.36363102242262,129.32524604200992,218.4313201904297
62.738122356610305,67.33309274264417,63.42406173706053,63.18367,62.37428836874564,60.30818887121909,63.4135971069336
33.922409937378966,45.093412115804945,33.554739494323734,33.776047,34.307793011418745,33.70243638631761,32.56833267211914
22.09720265515572,33.556674402472545,20.749197349548343,20.755384,21.037269839512703,21.29863572998237,22.52564811706543
220.10633662109063,202.48345423004417,139.4756158447265,136.96608,134.90889950412355,128.66178318764412,216.67291259765625
96.37881757363981,94.54282930824644,92.45611480712894,89.7011,79.66769225082518,92.843589622603,93.46539306640624
18.12548863462807,27.79594762786836,17.921263370513916,18.180267,18.228296744056973,18.14316112826157,18.325590133666992
33.121364752586565,44.17339732228711,32.80774196624757,31.58284,33.68836961107303,32.704874120346666,32.17829132080078
63.41380173451445,67.98846634614537,63.82238510131837,65.84131,62.35775168903673,63.088856383417344,63.72579956054688
220.20676870585157,202.36285276918994,139.61628692626948,134.25587,132.1145188202089,127.07630501742945,212.2769470214844
64.07403233209574,68.49916553781472,64.02756767272952,67.55971,64.15049947764147,63.02353210057298,64.83588409423828
32.664440544278904,43.48272446193519,32.65620170593262,31.820234,33.24193463179099,32.23963645328172,33.66753387451172
22.526542666551073,34.52618686286291,22.457832298278802,22.977877,22.196905262352086,21.48492330017027,22.616477966308597
95.80854703015393,93.75592646542901,93.93141860961916,78.601944,84.81121367563398,95.2718388901109,91.5329132080078
18.506616158224364,28.48473844921966,18.42016969680786,18.408077,18.86443228296578,18.198438777237765,17.89110565185547
33.499318876734065,44.99202810929059,33.59104278564455,33.69749,34.50454204168063,33.148229637433765,33.614349365234375
22.484124713595303,34.63669732638586,23.58313728332519,22.714619,23.101671470683396,21.270019463939352,22.707305908203125
217.82194252088493,199.49802660936376,139.16887298583984,129.77553,130.48494773176319,124.43909886355809,218.9197540283203
94.49235589593803,92.14358421425216,93.58619178771973,87.43281,84.77388862661736,93.22217638407359,95.91633605957033
65.12494151837106,69.58838600951583,63.950630416870105,67.54183,63.96511190311084,63.03586459048791,64.73181915283203
18.05248125265792,27.154214545416963,17.768302021026603,18.04935,18.10642002858696,18.10657666833477,18.2000732421875
96.14300993938116,95.00357697845729,93.79311866760257,106.29075,94.66871564936044,109.37962544947979,96.15199279785156
219.42632901777384,202.5185597416921,139.47170959472652,134.84398,131.23970174684735,126.41632624095868,223.2180328369141
33.58236062955813,45.156194013581306,33.929939384460454,33.74435,34.64962640266318,35.01528772820602,35.369529724121094
18.380890094573356,28.479856504377032,18.11172378540039,18.302198,18.470948138642008,18.16372581261532,18.3062801361084
65.5747779490552,69.81934188454952,64.00383773803712,65.374176,63.7104748090892,63.01118886931609,66.98667907714844
22.638697764566032,35.14593880838139,23.487631988525383,22.76854,22.924922684795135,21.204237121992925,24.015249252319336
67.14392252923302,71.70961036277616,64.15242210388183,66.00893,63.26944969325279,63.605578785529275,68.61711120605469
18.423219062638985,28.923017952037984,18.303373184204098,17.726934,18.083963229729523,18.288428522934712,18.566970825195312
96.54292351898584,95.27666671063238,93.82926307678224,88.98311,85.79264854605587,95.08856796395963,102.37358856201172
23.766058393921334,36.54249773843504,24.097458763122557,23.352034,24.23542407897127,21.666832498286812,25.940826416015625
35.11995972673329,47.2886027637797,35.2398737716675,34.416412,35.352637501480075,35.196399258927904,37.90478515625
221.93715397047512,205.01131353908303,139.21576583862299,132.56538,130.0937678051649,126.18956391835364,229.5677947998047
25.26656514293843,37.788073993687554,24.382611808776847,25.611683,25.38465315205544,22.061525550153757,25.377687454223636
100.45697863956917,98.69599982438199,93.76233779907227,116.962715,99.02058966707422,118.37415327879226,101.8551254272461
226.80377968213784,208.55827750539166,138.81329071044917,133.84518,129.64839754354534,126.38311771774626,228.8839569091797
37.17879422055295,49.086841064405526,35.01891033172609,35.254494,36.36725450429089,35.69536223957318,38.91535186767578
18.68161281759239,30.203462547670828,18.594293670654295,17.962666,18.23947950124002,18.288428522934712,20.1311149597168
68.60257819575847,72.86985141427844,64.21403442382812,66.40286,64.18726516895462,63.87818380960484,71.73922729492188
25.33215992764615,37.11893220447068,24.544086341857906,25.169178,25.047381361307202,22.061525550153757,24.578388214111328
101.92061551444564,99.03815728333149,95.14425086975098,115.29074,98.91724724042243,118.10372783469649,101.2423858642578
228.95804617411525,209.15925381351556,138.33657180786125,131.55576,128.34712895583232,126.38311771774626,225.6602478027344
38.65324025451903,50.03819474435645,35.16737728118898,39.27196,37.02565452717764,36.05075483983026,37.86933517456055
71.18030546608892,74.70474348729671,65.03832771301269,71.30187,72.17550317406914,72.4483054292882,70.2822494506836
20.076343871883676,32.953499446023244,20.439166107177726,19.850407,20.718302556903996,19.188536435993097,19.677318572998047
38.64205076567586,49.82125315651641,36.22082202911378,39.038235,37.345408535231606,37.060309654075624,40.40459060668945
25.105317446313595,36.33715613668375,24.763845405578618,24.976547,24.781419260371205,22.533875474527928,25.4685173034668
71.34121743337813,74.51813334550566,65.32479972839356,75.52742,69.875629228463,72.71873087338398,70.629150390625
19.669438540607654,32.618694533372285,20.30939872741699,19.472952,19.873925534559795,19.285504417634918,19.76421546936035
228.33170715225884,208.20134293395068,138.60228347778317,132.64087,129.18130794403004,126.18956391835364,231.0331115722656
102.72880550746193,99.21410148180242,95.92133148193359,115.29074,98.91724724042243,117.91017403530385,103.7875747680664
71.9149923296797,74.923601786203,65.59024803161621,75.6747,70.12551912026518,69.180626933639,69.03340148925781
230.8093630130813,210.59547707635664,139.00671356201164,134.18832,130.19366602524624,126.18956391835364,229.5677947998047
40.69181506730174,51.96849775390161,39.779592437744135,40.561565,38.70130479910771,39.16477229515252,40.40459060668945
104.5998189948517,101.02149319218934,96.67961112976074,116.889206,100.65016075551992,117.91017403530385,107.60538482666016
25.974708237526052,37.40300709456399,25.665072631835944,25.742405,24.87809964647677,22.678667594723766,24.778215408325195
20.07289347746585,33.235689174043664,20.018669509887697,19.47608,20.17371970234021,19.73560545446646,19.50352668762207
71.01768957432006,73.84231892440607,65.80255401611328,74.96561,69.91783288619797,72.06607086584714,71.94737243652344
19.910850670274346,32.57945733365565,19.707385520935052,19.247536,19.105491708153902,19.80791894872318,19.860769271850582
25.340690265955637,36.64656851406799,26.195004730224607,24.62621,24.49324609905563,24.42710670469853,25.704669952392575
41.09666018161124,52.05736525139623,39.75797775268554,40.813404,39.5837768609985,42.23511095239175,41.66335678100586
107.67984399673792,103.41431598467061,96.89300254821778,120.91196,106.09726740487247,120.86545408631451,108.7837142944336
230.9847358497062,210.0978995393173,139.0242964172363,132.40431,129.7278225166589,126.18956391835364,243.0487823486328
20.181390798718123,33.411994153368084,20.448935852050774,20.3337,20.403842520991816,21.18795726436238,19.783527374267575
25.907505210596653,38.26418690151676,26.828926544189457,25.573462,25.07924600842665,24.521270748374132,25.541179656982425
109.72506125828559,105.19892456595358,96.81637504577637,118.84831,106.48296383574868,120.86545408631451,107.32257080078124
42.153844643258076,53.74616897989476,40.04260345458982,46.533787,40.5613704741984,42.33710044047795,41.48606491088867
72.15304809183033,75.885035352748,66.43906028747557,75.796486,71.8461544077408,72.06607086584714,72.22489166259766
238.20406385565644,216.2650089638376,138.43035186767574,131.93883,131.58096049132638,127.38505157905378,260.7303771972656
251.2733999374045,226.04883496659946,138.48701141357418,135.76161,133.2105315797721,129.43013680521727,255.74827575683597
109.88910366171042,105.62914882874267,97.05276077270508,118.30777,106.48296383574868,120.86545408631451,108.97225189208984
42.19903222211207,54.10479659436861,40.12208892822265,46.518948,40.02082136903331,42.44511176597822,42.74483108520508
25.67798990256235,38.24612795068731,26.478376884460445,25.083809,24.600595170757963,25.543922698998518,25.5775089263916
72.3288782232943,76.05173620139738,65.79492919921876,75.32163,71.62401898719557,72.06607086584714,70.629150390625
20.016081080432294,33.41784237290946,20.228288230895995,20.002073,19.888162020893784,21.025077199085075,19.783527374267575
255.810441070123,229.7138918688613,137.23269378662104,134.47163,131.4776180646746,129.75632792842399,253.9898681640625
71.48943922458557,74.9558323630339,65.83387535095217,75.25566,69.80792087252888,71.88279993969589,74.2369155883789
25.693466081559706,38.42671383160634,26.80725795745849,24.938896,24.735460994176627,25.478140357052087,28.1207275390625
43.160375737712,55.08609253114526,41.69670646667479,49.903652,44.38663035255464,45.25026044997458,46.98208236694336
19.933462405617405,33.38614043425947,20.31425563812256,19.95418,20.312432960005278,21.025077199085075,20.1214599609375
110.52467082194978,106.97115809283976,97.14125984191894,119.01057,107.72195638528322,122.35496524255359,119.86005401611328
257.93760711025396,232.36888917335347,137.9145578002929,133.91597,134.69667913968044,129.6138031076816,252.52456665039065
73.19935499941299,77.41460760800447,66.41680946350098,75.776306,73.0969431982118,71.88279993969589,72.71056365966797
27.420733493013177,40.57065296772797,26.707462844848635,29.02617,28.256009238298436,27.68904320747275,27.848241806030277
116.97819776481242,112.57774134090863,95.83528549194335,125.38323,108.99148639817533,124.68576738448695,125.70458221435548
20.177382857862668,33.74420189427297,20.544283676147455,20.376156,21.169010798379198,21.116083134359542,19.281455993652344
45.84754892581066,57.55836284485356,42.55334014892578,51.887695,45.540998865572455,47.92745090879647,48.31175994873047
258.0636031750909,234.17330517179823,138.83282623291012,134.0911,134.69667913968044,129.6138031076816,259.5581359863281
27.526072739643293,39.30231846115012,27.763461799621584,28.344477,27.64333751921666,27.481553168270622,28.048065185546875
123.37274294687333,117.34036108253365,101.18738609313965,126.1232,109.81283020416515,124.04326980267625,128.53257751464844
72.90034997318853,76.5406225059141,65.70038146972658,75.25566,69.68774863798888,71.88279993969589,77.01213836669922
19.396384939085877,31.804029565339242,19.755905380249022,19.609402,19.779844647589815,20.263053709943534,19.8124942779541
47.571834023972244,58.37204417977661,44.92438453674315,52.21152,46.7343613842295,51.09742074529126,49.19821548461914
49.23052922451455,59.80141070013603,44.85360107421874,55.140194,47.609770087836274,52.10627761947131,49.50847625732422
28.24234521651503,40.009851986848176,27.342979316711418,27.826473,27.352765558916524,27.481553168270622,27.43042755126953
128.50348197631484,121.50796950588668,111.05880134582524,126.3861,109.81283020416515,124.1041960746061,128.4383087158203
261.12446838678477,237.4740543861093,139.33103851318356,137.16672,136.42959265477793,129.6138031076816,255.35752868652344
75.61762300892003,79.79359261210165,66.3034352874756,76.44733,75.4802214024104,72.42262533550364,79.78734588623047
19.878238710877618,33.16468126758785,20.46389015197753,20.259455,20.098734297536815,20.437336332618234,20.546289443969727
50.272716795424145,60.74092035647079,45.44568481445312,56.3541,49.66715030807913,53.79810343100932,49.19821548461914
78.37818401451618,81.40285483952482,67.77452590942383,81.96852,76.32952761190705,73.6226742752065,79.37105560302734
131.0671570665558,123.97397977738156,114.68401863098143,123.92886,108.07991668906764,124.1041960746061,122.2166976928711
27.985275879132864,39.57817757893261,27.29555644989013,27.473763,26.683965231704825,27.41705480472123,27.57575416564941
20.500081547040008,33.920109999539626,20.70874946594238,20.570215,20.686866386978664,20.782545425411236,20.06352996826172
259.9463081764685,237.39182565187406,138.64917327880855,135.89789,135.86330295189128,129.84056543028666,253.69683837890625
28.10826163568431,39.74142532568114,27.42918651580811,27.207281,26.807249808922283,27.125139761570136,27.048946380615234
79.54153081478208,82.28754901595426,67.5644125366211,81.152794,75.4416750149625,74.7647874403888,82.7013168334961
20.056072984275094,33.58703311300866,20.236099205017084,20.002699,19.781789181718928,20.57472240929451,20.111804962158203
257.73332492335,237.2935215621923,138.95005218505852,136.11343,136.1522134583881,129.21840246787806,248.6170196533203
50.471333251372684,61.4611202274391,45.24625770568847,55.621567,50.591547853537875,53.79810343100932,47.64692306518555
128.8806095034575,123.42399274123015,114.82134101867675,122.87965,108.46142399558327,124.85183499299349,120.66130065917967
27.659942311677394,38.619962577932476,26.58273277282715,26.731297,26.359152404664847,26.97012604228604,27.39409446716309
82.44371067227911,84.58031129852077,67.81734786987305,93.29339,82.41463689363874,85.23709792674434,85.3377685546875
253.10995264902434,234.31398773526567,138.63354095458985,134.49294,136.1522134583881,127.26889504476934,256.0413513183594
126.54392569817539,122.75078686985113,116.57680244445802,123.237976,109.00669247728419,123.44994860517008,119.01166534423828
20.255346540160964,33.663307918740806,20.312210731506347,19.8949,19.921452999238547,20.266278551985188,20.642841339111328
49.62595381803846,60.47576903831771,45.489371566772455,52.661644,49.65671650067785,53.625046302077045,48.04582977294922
253.60281310080438,235.98758829228206,139.3251763916015,139.14023,137.8851269734856,129.0460552473177,245.5886688232422
27.67244386758081,38.858998890504594,26.91730976104737,27.889778,27.374169403256765,26.97012604228604,26.03165626525879
84.9238400348507,86.93569939495157,68.68435111999511,95.87546,83.35979933821609,85.67708331687189,88.11298370361328
49.36513128193061,60.508675037333695,48.61882751464845,53.122562,48.55814040495465,53.34052039779041,44.8989143371582
123.78589120409755,120.91566348558678,117.42455993652345,121.15134,109.29560298378102,122.32470792271992,110.76331329345705
20.672841913268616,34.57728959668381,20.530514564514156,20.466452,20.423378884104185,20.61966536013393,20.22766876220703
117.25911474646755,116.64197733280876,117.463557510376,118.5173,109.44952074232442,117.03019265731305,118.87025451660156
20.35562029712119,33.305956217863006,20.22843139648438,19.934912,20.02305125368052,20.12148643178935,21.72422409057617
47.05852446276421,58.369766039567736,48.19755706787109,50.63483,49.009268081255236,52.74730704820687,44.09224319458008
26.59819475338558,37.01297549958324,26.68311363220215,26.8787,26.63674424038279,26.305934252048075,25.741003036499023
248.67419417114343,232.87581281718408,138.99889495849607,131.24045,133.22284002652003,121.83796628832934,253.01300048828125
88.20179345561995,88.99888150634428,70.04573471069337,108.24906,89.96968575649248,100.43685240902361,96.9242706298828
117.8396475704666,119.27118803401895,119.78025558471678,121.42796,111.02851649887852,121.10907852757755,118.3046417236328
250.50523015554418,234.44369235059006,139.86832214355468,136.8611,134.80183578307413,126.39358800614023,249.00778198242188
45.61279420721546,57.35483609891494,47.970850143432614,49.18432,47.350064558479,51.78429949824486,43.649017333984375
26.201605361901464,36.0243103610684,26.676623115539552,27.131237,26.474333022313367,26.25825892628645,24.9780387878418
94.70368115625246,94.46558895879932,83.97346229553226,110.386604,97.06379555393346,100.43685240902361,96.4386215209961
21.651077965597427,35.59347361984291,21.48241203308105,21.416079,22.58318921238653,21.684998353608172,21.521467208862305
44.36825703641648,55.847763542476706,47.981084136962885,50.305862,47.585734086749504,52.61053713554766,43.87948989868164
21.444500430953763,35.65636730320559,21.078145675659172,21.992558,22.124927159188548,22.02866595230051,21.53112030029297
116.93604865859393,118.58448701902849,120.20226959228515,118.52235,108.90300616969556,120.24903257625456,114.53397369384766
25.327803938022367,34.871507099735894,26.283696823120113,26.454693,26.34522055366887,24.57599580984242,25.123363494873047
249.4173609432804,232.85925235822313,139.1083059692383,132.43729,130.48494773176319,123.74273431528067,234.1591339111328
97.53996546723107,96.40772447847185,88.08834724426269,107.907715,94.06386173216957,100.3699825437241,89.84748840332031
115.26145107912339,116.41201310566822,119.752565612793,118.09999,108.28109635984225,114.37234086169171,113.1671142578125
95.79526872672416,95.2608325838796,87.96567420959474,106.63531,94.62888791281435,99.75482164029175,88.11298370361328
21.758557253743728,35.62485449060042,21.236989669799794,21.625664,21.366784218435786,22.301499273311563,20.575254440307617
241.75401185463107,226.77385913206354,138.95786590576174,129.18187,131.20067212398885,118.86530363977657,225.1717987060547
44.09349517072795,55.769584461469535,47.928443145751956,49.94032,47.77356891753239,52.29616768968453,48.26744079589844
25.434342118190784,35.07774043054241,26.338132629394526,25.168257,25.732345609191718,24.67065380356047,27.630250930786133
46.55749973665127,58.53694082212696,48.07166091918945,53.050743,48.78835538262434,54.47984878452772,47.11505126953125
233.24474207789655,221.57185653748547,138.55343505859378,126.94775,130.93909685076937,118.47149981432678,232.4984436035156
114.09102440127373,114.50277564544335,119.04806373596193,117.64268,108.28109635984225,113.07226292000735,121.13265991210938
27.00028008780099,37.25714192801916,26.795990676879885,26.767399,26.97768340737138,27.133753195945484,27.19426918029785
21.037287501595387,33.5650128481437,20.569439315795893,20.28445,20.396684256331064,21.17559138797655,21.154565811157227
93.77505419791882,94.82789232657777,88.31246788024903,106.64424,95.21386580492803,99.89235258555914,92.62271118164062
46.591627258304435,57.98200419330915,47.83120544433594,50.889503,48.74899828595263,53.17421068179543,46.76047134399414
94.50088265446368,96.64939905662384,88.39995086669924,113.90627,95.98038333214201,100.63126659999449,101.85028076171876
21.560115472432702,34.53282512096001,21.098667793273915,20.879055,20.986607883812848,21.19255584938876,21.14491271972656
26.771091762016464,37.26457359736278,26.587480010986326,26.479834,26.361798252984652,26.9292094044488,27.067108154296875
231.75853882473905,219.61448721612913,137.61367370605467,130.4994,132.51809260732347,118.76807934219406,250.0823516845703
117.94238013622038,117.38036895394656,119.57663650512693,117.346664,109.86009211639634,116.78778193155804,120.66130065917967
119.73189701865475,117.4160605668801,118.37311553955078,114.47811,106.16248641386854,115.92773598023504,121.17977142333984
21.374307621497813,34.404753979693005,20.901520462036128,20.616621,21.112699253363065,21.19255584938876,20.8359432220459
239.82118324320035,225.8018015827672,137.5296614074707,132.99097,132.51809260732347,120.91048971454019,242.16958618164065
27.095287594885814,37.492164934210166,26.570302200317386,26.36592,26.417067147618223,27.046236605912416,27.43042755126953
47.1471444406083,57.84413425154097,47.85989021301268,49.756527,47.516314773681145,51.67393464695867,45.563758850097656
99.12690844316117,101.77269495532687,87.9501888275147,115.01621,97.63850787881489,101.07240814402024,98.65877532958984
21.04775213948692,33.982008351938276,20.656933021545402,20.532568,20.421892399288016,21.10980904603012,20.76835823059082
46.83881363126367,56.680545671692194,47.75043029785155,44.625473,46.36437309567243,50.921831831362795,44.5000114440918
241.10163738943118,224.3696834768727,136.8458421325684,127.74505,130.93909685076937,120.27323766070168,239.3366241455078
99.31233013569023,102.19508971859138,88.90558097839359,125.8573,108.56960371381756,114.0267025727799,97.89559936523438
27.598274937193576,37.95199641798624,26.653094406127934,26.687212,27.08467178004876,27.099492906792186,26.14065170288086
121.43223136564798,117.84991354552217,118.63496810913085,114.67098,106.16248641386854,116.0087382003917,118.87025451660156
26.73139940328802,36.59403794393947,26.2764527130127,25.827072,25.587903705629838,26.772559776367657,26.685625076293945
241.1537347429136,222.71286812792235,136.83998092651373,118.115875,124.09845445595033,111.20011727263767,248.1285858154297
99.51813681161612,102.57004422993384,90.03485923767093,122.64721,108.32238583492665,115.64351840686734,99.00569152832033
46.04352264205519,55.22907643215998,47.70683692932128,44.701077,46.4996125565695,48.92156875117765,45.07620620727539
121.03080221673976,116.22250179534832,118.09664291381839,114.23856,104.53291532542283,113.15326514016401,122.1695785522461
20.951456220277866,33.64739182717507,20.566831893920895,20.437866,20.460001663176396,21.10980904603012,21.27042961120605
21.30086473587927,33.96735103192713,21.80423271179199,22.40142,21.925034185886748,21.19255584938876,21.28973960876465
27.187817986325037,37.18382047602693,26.490163269042974,26.288069,26.156412463849442,26.78225576541817,27.44859313964844
46.092928625624154,54.924469614645304,47.55496864318847,45.084694,46.777488980897886,48.92156875117765,45.430789947509766
246.26378381116487,225.73807893565956,137.29520965576174,132.44505,132.51809260732347,120.31742224880166,246.85862731933597
122.65932100426735,117.39873072203586,118.55479240417479,115.05038,105.89786260786528,116.18742893480018,123.67784881591795
99.95798289665485,102.91115747283042,91.40445045471195,122.59246,108.32430440661714,115.37309296277155,100.53205108642578
27.504767714949175,38.8275165617108,27.563374748229972,26.864756,27.014391279132408,27.214117024712667,28.66570472717285
21.192118039197716,34.120287386517376,22.206474456787113,22.243973,21.969312687684095,21.19255584938876,22.206987380981445
247.94743781066612,225.73462192071813,136.49416290283207,120.28605,124.09845445595033,111.15601410956165,246.17481994628903
45.957105593729736,55.124321249090364,47.6866226196289,45.019733,47.47090549747645,49.032635020202534,46.00698471069336
100.79595105039998,104.00210116791428,91.98276512145995,122.161644,108.37642366312632,114.75093000036298,101.85028076171876
123.66138261399591,119.03177002903834,118.21720314025879,115.165115,104.58836971564833,116.69050665484176,124.52626037597656
22.11385266490955,36.48537587468308,22.487286262512207,23.174686,22.921732993957196,22.41579281397408,22.429054260253903
102.01592700005261,105.02031792019143,91.83995155334473,122.87101,109.09167293925536,116.68154678849547,99.90762329101562
46.15524582181022,55.92261907336401,47.63888259887695,44.885147,46.11710632970272,48.65813853086014,45.60807418823242
125.01029144768417,120.26766824248428,119.4539119720459,115.38045,104.13018640446869,116.030527878371,121.98104095458984
248.61499525580209,224.8862330333538,136.50588562011723,120.387985,124.09845445595033,111.74737958077922,239.3366241455078
28.329470276986676,40.9665925548488,27.868454551696775,28.382116,28.608196816634248,28.970826908690103,28.52037811279297
124.40042168835623,119.13638941762645,118.89316665649419,115.147995,104.26595628906304,113.79276216185607,128.67401123046875
101.65559410616895,104.46139768180598,92.25657791137697,121.76684,109.44952074232442,116.99735626813039,100.46267700195312
28.335836898537508,40.84945821475237,28.115596199035647,28.38955,28.572294692938204,29.042701038692943,29.62849235534668
45.97491580907811,55.65863966339476,47.43852157592773,43.931427,44.460487936375536,46.66275004259509,46.45021438598633
22.34453359008346,36.57464680205057,22.39051826477051,23.238653,22.826187650890958,22.481575155920506,23.317333221435547
245.67402274671292,221.4050476473452,136.14248565673833,117.895744,124.09845445595033,111.10289297505516,238.9458770751953
127.47335275974486,122.70731081028417,119.67458656311034,117.8885,105.70918216102278,117.06504333027304,127.25997161865234
23.238089442674504,37.966838374075216,22.688001823425292,24.167772,23.66715590464344,23.014642204309187,22.93112564086914
29.237796015806826,42.30767354499897,29.187071952819835,29.385796,29.36241891513767,29.567623419164036,29.337839126586918
101.34034755775126,104.52051007264642,92.33280570983887,122.87445,109.29560298378102,122.00733065890252,99.76888275146484
46.399680285354826,56.31119154828051,47.662583312988275,44.77636,44.678950918866555,47.1465622714415,46.36156463623047
242.96776829933276,219.0222406586742,136.4316424560547,118.396095,124.09845445595033,109.89609115698329,237.67593383789065
240.03186275096004,216.89191835296606,136.099501953125,110.547386,115.74467997916346,109.89609115698329,229.07933044433597
100.50907865739448,103.95267941082226,93.24130760192868,122.7841,109.29560298378102,122.00733065890252,97.27117919921876
23.042634688585366,37.89352849331769,22.36085224151611,23.425924,22.88901152565409,22.916933545154773,22.361469268798828
46.727766762088194,56.57330766041869,47.57973487854003,43.81305,44.186002252183165,46.55355526887458,44.54433441162109
29.3903644039907,41.87413351219992,29.281013450622567,29.413404,29.335733478290823,29.28819080053427,27.81191062927246
127.68198710636807,122.4691377918896,119.39530067443852,114.56077,103.97626864592529,115.79096084776626,127.25997161865234
45.7771212624651,54.43127594521288,47.53783470153808,43.149956,43.614418868330596,46.454459475987726,43.93268203735352
233.73520343578184,212.29572513040821,135.97446136474613,109.36777,115.6062212401825,108.48449003548282,230.54466247558597
98.66424646836835,102.2988598924803,93.29106246948241,120.206345,108.7620886455755,120.87827821965277,98.79755401611328
22.86195043384475,36.424054750203716,22.2398801803589,22.373085,22.353945106360907,23.741634867733485,22.013879776000977
128.13694549802207,122.5160135697215,119.32496330261232,114.2222,103.02186519815756,115.98451464715889,127.49566650390624
28.53873924139184,39.70362066061375,28.657900543212893,27.701134,27.795544040007425,28.44315747786667,26.90361976623535
27.800850453134586,37.66605337313566,27.839200439453137,27.57915,27.550297501569453,28.185578841246873,26.46763801574707
22.584113992288994,35.301549055144186,22.036971206665044,22.231411,21.762546491686635,23.132399600536175,21.202842712402344
45.1606833897091,52.64940543585856,47.62578308105468,43.494587,44.053557224273455,46.25511880052301,43.57809448242188
128.14544905517764,122.28219362954147,119.53899917602543,114.2222,103.02186519815756,115.79096084776626,127.25997161865234
98.79528658878016,102.80433449983151,95.9184893798828,120.85406,108.71936792230169,120.8958265633097,97.8262176513672
231.60932820183834,210.65583327197822,136.33590820312503,109.1829,114.49790003387137,107.39850469989278,226.3440704345703
128.01930776230543,121.86755154550166,119.40809646606448,115.045105,103.02186519815756,115.79096084776626,129.0981903076172
27.146367805376894,36.10686607606165,26.9698886871338,27.40815,26.837882054401465,28.040311446573728,26.15881729125977
44.497052902381114,51.69575503518248,47.39674537658691,45.33296,44.71041202244421,48.46318260123888,44.854591369628906
21.78012826804084,33.03858701847065,21.188543624877934,21.731045,21.414085305527824,22.733395040602357,21.25111961364746
227.99435429420723,206.60840824579125,135.98813812255867,108.57535,114.69216878478989,105.46105528122402,232.98687744140625
98.13058721001661,102.02021377492927,97.63041702270507,118.53116,105.53515749329067,118.91693206521875,100.2545394897461
21.63405945595171,32.77477655230938,21.120178642272954,21.903345,21.64528977063978,22.698682075979917,21.241464614868164
99.34178106073485,103.31961195426297,98.16141632080081,119.38243,104.83888875990293,119.40451799423431,98.17313385009766
26.412770281660084,34.8177543104099,26.632802772521977,27.475533,26.796514900152335,27.891650971374144,25.831832885742188
229.91206452274974,208.01512300803924,136.7989524841309,110.32474,113.98161763231944,105.95386056601218,221.85040283203125
44.77692457518235,52.69718224995343,47.753558273315434,46.014866,45.14630553548811,48.682341548684015,44.32271957397461
128.83564420923153,122.99215869158387,119.53779113769534,115.75872,103.34427862474284,117.2918056528781,127.25997161865234
98.79094134173828,100.7584203890324,98.31279754638669,114.01843,103.29894111664785,115.79590963161279,96.09170532226562
25.79700704394077,33.79628343381641,26.594116668701176,26.805792,26.62466989500158,27.588494218607504,25.92266273498535
44.275227402027056,52.17898037242313,47.327593002319325,45.73807,44.13038166360267,45.43848015941726,43.96813583374024
128.40171324857758,121.38715155122455,118.51707435607915,113.56182,103.02186519815756,115.25650324762438,126.31732177734376
225.71666102580386,202.94050543864276,135.98813812255867,108.03319,112.63624595727877,104.93067620512939,213.05845642089844
21.397805936801202,32.07414039956275,21.037670745849613,21.850227,21.54856565054058,22.52211741115409,20.391807556152344
44.08070516266813,51.449869600249635,47.249099655151355,45.662533,44.257635364686706,45.07789528865809,44.36703872680664
20.568836171288275,30.14551903627891,21.033292427062996,21.014599,21.13024319537859,22.262031082073896,20.43042755126953
219.38068723249572,198.20328422987345,135.98813812255867,107.94844,112.65028070474911,104.93067620512939,213.54689025878903
25.633733220135287,33.46294173116743,26.532447357177734,26.511814,26.487453902216377,27.58662272330314,26.322309494018555
97.59075332958977,98.12737474596774,98.54733932495115,112.725266,103.21054564500005,113.21915798121931,100.53205108642578
127.68414065552491,120.01330693435084,119.02076652526857,102.51445,97.72253476390269,104.60150516974846,130.1351318359375
25.861269081633363,33.96558785662573,26.672967567443845,26.321117,26.18898835402503,27.58662272330314,26.88545036315918
44.34330542119972,51.729387291117135,47.45032913208007,45.70492,44.645540033268624,45.13317293763429,45.65240097045898
215.89281738051065,194.47726571712178,136.33590820312503,108.669235,112.9895092139755,104.93067620512939,218.13824462890625
99.33749666749146,100.81693626446167,99.58809310913085,117.10127,104.35789647416968,116.09417575157275,98.03436279296876
20.606477740158667,30.10261164842747,20.963587837219244,20.99758,21.145947151634562,22.260159586769536,19.793182373046875
129.2201932662976,122.21388482912984,119.79874664306642,104.327354,98.45538570332536,108.23148997281376,127.25997161865234
216.186433134507,193.83520285433718,136.34372314453128,109.850174,113.90762520332557,104.93067620512939,227.2232666015625
19.96616502673868,28.816818913418235,21.03443588256836,20.173841,20.55407795283496,22.27840468967286,20.150426864624023
128.10085660975096,120.65238028673342,118.8005515289307,101.59535,92.15223108981542,104.17237946565048,129.94659423828125
98.50150585050243,98.70299894777811,98.65675003051754,102.694244,97.9905994392884,104.23602733885222,102.54408264160156
26.342508119365146,34.83400778331376,26.83596656799316,26.595444,26.796985437429036,27.74101404748327,28.338720321655277
45.29890175484262,53.80701523830003,47.55512405395507,46.204597,44.92540487460832,45.38194604377081,46.09562683105469
46.06741016160979,54.91033995369743,47.577816848754885,46.12567,44.937256341088315,45.48076742011342,45.031883239746094
221.54507339437183,197.3539796170552,136.44336654663087,110.396385,114.29059201090557,105.86387082031524,220.8735198974609
129.50288088690374,121.90696241987472,119.41360649108888,102.16736,92.81376762798361,106.45432977026539,128.86251831054688
20.320687848577066,29.603144601502358,21.109654693603517,20.32747,20.926557664752544,21.662970417829655,20.893875122070312
101.17801076959958,102.72992150790142,98.60980590820311,106.06371,99.95635231345364,106.95740749030696,106.91504669189452
27.72307359070413,37.078834292846,27.61321922302246,27.748167,27.662747319204517,27.956063129114305,27.975400924682617
222.12758514826365,195.89872796184437,135.970553894043,108.904625,113.16020015825694,104.77479361837713,227.1255798339844
104.9032933361586,105.58140953467007,98.72209388732907,117.66613,105.08782683051285,116.95632214408603,115.17130279541016
20.832923265604414,30.91808870006999,21.30775764465332,21.72053,21.621612553416778,21.74307638761426,22.361469268798828
45.74952003268629,53.697045015631666,47.17597106933594,45.673492,44.03514884339101,45.23228661283822,45.696720123291016
27.81942002239349,37.185247223130986,27.4377666091919,27.027563,27.48927431154218,27.926572626635437,29.26517868041992
129.38934484998018,121.35121348057874,119.33545616149905,101.82754,92.33743644285492,104.60150516974846,130.88926696777344
22.0235154437098,33.737213408999864,22.404319381713865,22.676073,22.773211952998242,22.41004580238848,21.56974220275879
29.089782092047074,39.60882513018066,28.059821472167975,28.146425,28.43755088255547,28.755509432604086,28.77470016479492
46.158220181334336,54.663688255585136,47.72644309997559,46.630024,45.047593466121896,45.39616791130716,45.60807418823242
111.54901942635186,110.92916776060385,96.90497436523434,116.818306,104.41177381425409,118.66528703725535,117.73837280273438
130.38438394374123,122.60413222026185,119.97708129882815,103.997314,92.90915280760208,106.95740749030696,129.80516052246094
226.09095400377157,197.99895694202502,136.73252395629885,110.95352,114.29059201090557,105.79797797925993,222.24114990234372
46.051836741444816,54.53441548422251,47.44630172729491,46.14355,44.54883097865346,45.57985499515496,45.031883239746094
130.3182254847774,121.83197711272278,119.4078163146973,101.71388,92.4328216224734,104.60150516974846,127.25997161865234
116.41274434676349,113.11429575656967,96.87444160461423,118.527374,104.46769631642677,119.59354129352566,113.5755386352539
225.7026775193344,196.9763085500877,135.94906219482428,109.569496,113.43095368802928,105.86387082031524,225.07411193847656
21.5771784116049,33.15012747310904,22.040584793090815,21.989328,21.517769730510924,21.90668313931088,21.4345703125
28.95469887252283,39.18394421810993,28.24391399383546,27.606253,27.87114424141303,28.467904966401782,28.66570472717285
45.6003013813405,53.56821878134472,47.27739196777343,46.077785,44.36454267416907,45.39616791130716,45.29781723022461
227.1905973003859,197.90285073815167,136.38475219726564,110.60287,113.8338813245386,106.0510848635947,237.57823181152344
116.9922840961111,113.03455399536571,97.3257624053955,115.923615,105.19853287797271,118.53233699771243,113.78369903564452
128.9285479510747,119.29180706229842,118.9357225799561,101.737434,92.47320632744928,103.55467212193771,127.25997161865234
29.051933469232335,39.26101919434987,28.233933486938476,27.88819,27.993612325013196,28.354298485901342,29.101686477661133
21.789580971021188,33.29406934183814,21.946600494384764,22.173107,21.886948479396438,21.98057469208287,21.540775299072266
117.55572604981685,113.41947052017753,97.42482940673828,116.393364,105.19853287797271,118.53233699771243,121.46166229248048
235.18046216414294,205.2039148480785,136.39843002319338,108.98818,114.11744102544417,108.04074869110325,236.8944091796875
45.679943333345996,53.82920006649688,47.383789749145514,45.944138,44.79703053667546,45.229786942755,47.20369720458984
128.2425836323335,117.97501991903363,119.1174214935303,101.72134,92.47320632744928,104.23602733885222,129.4752655029297
21.96633695299764,33.529739592243935,22.15080673217773,22.125214,21.905220958803447,21.98057469208287,21.49250030517578
29.372593702965307,40.27569146100345,28.8309020614624,28.280363,28.509871692389968,28.552346906976954,30.39146041870117
21.931269148598428,33.691745476530045,22.27103187561035,22.197165,22.18917423358794,22.01006519456174,21.618017196655277
121.45716602945195,117.94065191423998,100.83473014831543,123.827965,108.45572537484047,121.96466832952262,120.16301727294922
128.79894132331705,119.19279606551726,119.26701141357425,101.60733,92.94953751257796,104.17237946565048,137.39366149902344
30.229665404214536,41.61320733587223,29.981338272094728,30.098612,29.923971870200226,29.714631394329686,31.317916870117188
238.54880907283703,207.84290798149064,136.20891387939454,111.12948,113.29346864604602,108.93609638812455,247.54244995117188
46.79581241761577,56.31679637759305,47.976778869628916,47.177715,46.564394365096625,46.558736527027826,47.868534088134766
30.94223774704122,42.696599153151794,31.40866119384765,30.692884,30.680346662603867,29.92426148152896,30.79111099243164
121.87565878938447,118.61520454014969,107.31496208190919,121.86834,107.26808034144389,122.62813118388841,118.40602111816406
245.73582508953703,214.9628112445165,135.46257843017577,112.33545,113.82599867553002,109.03044844411723,241.9742126464844
21.96827036857075,34.04674208657522,22.279614868164064,22.257057,22.20744671299495,22.01006519456174,21.589052200317383
133.29765081680705,125.22792578141653,120.34176712036133,104.04268,93.76488355760574,107.99192294220902,134.09429931640625
47.40259696577788,57.47752500861458,48.01563583374023,48.088367,46.99725060032621,47.283354861698086,47.24802017211914
30.800827311208224,42.289088280453136,31.64833305358887,30.874037,31.267606237795057,30.417549624489986,30.373292922973636
133.96514729516196,124.68579377538673,119.19801490783696,102.412865,93.22357197218487,106.21476273966064,136.63949584960938
121.19209571115843,118.21833455076225,110.9489720916748,121.82988,107.93849815445634,122.02610470738114,112.90587615966795
246.27415406024716,215.96645663010122,135.13825225830078,111.12593,112.92341002633509,111.37215073979962,232.98687744140625
47.33308757242748,56.97918434749055,47.69859794616699,46.62464,45.035087217438736,46.554098650331134,45.82969284057617
21.881397752199177,33.75865301621189,22.296183319091792,22.257057,22.20744671299495,22.62549946640495,21.058013916015625
117.46660513649336,115.97493893480325,114.10611717224124,118.398994,107.93849815445634,117.26319018162484,115.42678833007812
46.64029119119665,54.92787642161239,47.67523445129393,45.704483,44.22155364987437,45.79517247124098,46.71614456176758
30.67112294015367,41.73212798472588,32.02286998748781,30.559547,30.92297509584104,29.96852615455382,31.0635986328125
241.98273813500793,214.21672785290068,135.40200897216798,110.57714,112.92279029895025,111.09583534236309,235.9175262451172
21.34239410155914,32.76178764549144,21.870954246520988,22.036524,21.58988647619142,22.540731314949888,21.366979598999023
136.18157241320102,127.06983075283127,119.78176322937013,102.94261,93.83114175148685,109.12818740570292,138.71337890625
116.56692583588128,116.41153804932974,116.08281532287602,122.06551,109.67141166955385,119.038978834511,112.82948303222656
46.92030830419375,55.69179924075329,48.02144073486328,46.642258,45.38975842413181,45.824662973719846,45.74104690551758
240.7399160962286,214.87098280110408,136.48439514160157,113.016594,113.69878394576556,111.09583534236309,232.88919067382807
138.23926659683852,128.83380961390873,120.09519691467285,103.056885,93.39949682410237,109.23958420185134,146.11329650878906
21.48201679607188,33.39906436003658,22.222910652160643,22.2701,21.83145459371478,22.643744569308275,21.69525718688965
31.155182615569355,42.58522430994283,32.61819316864013,31.772816,32.15565868181434,30.668037779601693,30.5731201171875
21.61727915894818,34.23360389088095,22.35498447418213,22.329992,22.238792756630783,22.770291586600784,20.893875122070312
46.0384228733646,54.26729125398553,47.65116371154784,45.87056,44.26099619245012,45.57985499515496,44.14542770385742
114.06328926296435,114.34374768461406,116.72074386596681,118.47272,108.09241591299974,116.94624316125312,112.98226165771484
237.3634582584146,212.92902487435862,135.78299255371095,111.33714,113.22245276063688,110.4803989955088,221.94808959960935
30.640122894955624,42.012381946195624,32.531644477844246,30.981228,31.826371166934198,30.577031844327227,29.3015079498291
143.40537901508998,132.95263547172212,120.11549385070799,115.06296,99.18134523828219,119.92030078807655,147.52731323242188
113.3289036594942,113.83385463839019,118.26851860046385,118.55692,108.28109635984225,115.32237655871165,112.75310516357422
146.90519199741524,135.65794857872075,119.78823844909667,115.47912,97.84102853727015,120.75885127653177,150.82664489746094
230.19537952096897,207.87262984915384,136.00376800537114,109.5764,112.63341861757456,106.7379190343352,232.59613037109372
44.843682453578204,51.30562831958653,47.46648544311523,45.476097,43.82053153750063,44.91340369772736,45.209171295166016
29.8017915215034,40.069795395108976,31.307064208984386,29.87814,30.394343763764184,29.25244562673077,30.100805282592773
21.092606175259053,32.9238966344873,21.83694995880127,21.554506,21.500340047699723,22.393223624079912,21.762847900390625
45.0368368988548,52.10798538306432,47.753227386474606,46.53142,44.66756303302598,44.795047326689755,45.12052917480469
112.6283749929027,112.67516745532365,118.04783210754394,118.55692,108.28109635984225,114.56892395864891,110.30857849121094
30.1157240967303,40.660593106173756,31.51812259674073,30.43708,31.464447406884148,29.275894662122006,30.264301300048828
230.91504608115798,210.24836794074108,136.39452255249023,111.20385,114.0536220912289,107.06580398972476,224.7810516357422
21.822708750525702,34.76806573272385,22.450281562805184,22.338184,22.614519600517184,22.972223773351914,21.299394607543945
150.61745659872906,138.54208488225697,120.21806663513183,118.24847,99.6298645545403,120.8886683342803,151.10946655273438
110.98236693420945,110.2345951837676,117.91969207763673,116.38838,108.28109635984225,113.70887800732592,112.44752502441406
226.7838357685845,206.0621018888729,135.87872711181646,109.24348,113.16711275745288,106.05297424121612,219.89663696289065
21.360610466130126,33.329144550576075,21.92043727874756,21.892294,21.59517645420839,22.72404959790522,20.951807022094727
44.667602934564776,51.76119177380839,47.42342475891113,45.99988,44.006354725254575,44.868938879461744,44.32271957397461
29.975382471294697,40.25099635486698,31.448739967346196,30.331675,31.31308189424852,29.186663284784338,29.90098190307617
152.2158547549412,139.77331944194387,121.49973777770997,117.66454,104.89825673775637,120.49703178369293,150.82664489746094
21.20969102216824,31.550974941165492,21.44345542907715,21.56668,21.496117466246258,22.395095119384273,20.4207706451416
111.38251860740002,109.54575192026098,118.26665367126463,106.349976,103.96912626664374,104.72574736495883,111.9127960205078
44.11379786988061,51.01007274593832,47.40571716308592,45.444717,44.0241684536977,45.003393443424315,43.08168029785156
222.7330807872253,204.541639299875,135.97446136474613,109.07979,113.1084170113953,104.93067620512939,217.06365966796875
29.729661842422708,39.64770156704421,31.323074150085453,30.209194,31.121199265957937,29.443718376610644,28.702037811279297
152.73790686447236,141.2147901253761,121.54174385070802,117.875175,104.89825673775637,120.49703178369293,150.82664489746094
20.717032940411315,29.96277428514316,21.441361541748055,21.655476,21.137192605338463,22.28027618497722,19.677318572998047
43.324183238411855,49.20248148248768,47.63213066101074,43.972755,44.58154729369954,44.8477819579203,42.8512077331543
219.06694011598498,200.37563134635994,135.91389465332037,109.4864,113.0585700695626,104.93067620512939,217.8451690673828
111.46320128879422,108.4750883245113,117.73344879150392,103.7471,99.36458812878232,103.35353991908445,107.32933044433594
28.964990453674776,36.96023636496647,30.29279777526856,29.260967,29.430349884032864,28.78194575818705,28.73836708068848
152.50401967525596,141.6009803354976,122.23679527282717,119.81521,105.5196120682663,122.0156400886081,150.6852569580078
20.1016087220617,28.75187859409953,21.410247993469238,20.917143,20.74861046998358,21.662970417829655,20.32421875
218.53116883823162,198.29153181384766,136.37498352050784,109.54981,113.0585700695626,104.93067620512939,219.89663696289065
43.02124229126239,48.74265596566432,47.613883438110335,44.35974,44.187547700015614,44.542211543603244,43.808570861816406
28.993482248600596,36.9757973853362,28.76899703979492,28.990414,28.918452745347608,28.60169343578802,29.26517868041992
152.2093725265897,141.76987359090435,122.3056384277344,120.247025,106.52990080792887,121.97197696711737,147.52731323242188
109.34377768509688,105.85989969070435,116.23967399597174,103.33125,97.20933464800382,102.73810357223017,110.30857849121094
20.516982189115073,30.31559022240056,21.615959854125983,21.7982,21.31947147399712,21.662970417829655,19.60007667541504
219.73941248661697,197.11725479908043,136.37498352050784,109.48514,112.93517129085438,104.93067620512939,211.49542236328125
110.06423690596813,106.80056358581602,116.35682556152346,101.788666,93.60702530065309,103.25631562150194,107.86406707763672
149.75102765102125,140.80341558045225,121.79690689086921,120.02545,107.36407979612662,121.34981400470879,140.45730590820312
43.398479238805734,49.41749689848063,47.744938583374015,44.84356,44.33152881416649,44.622317513387856,42.00020599365234
29.161648009876,37.487094641469284,29.22298385620116,29.122137,28.81928321977904,28.65884258006857,28.42954635620117
144.53967911099457,137.0132532401415,120.57059471130373,115.73947,106.50770881500743,114.28888607582091,138.5248565673828
108.73718689421256,105.01991463144667,116.01186698913578,94.70957,88.42778511956477,103.43337694871848,101.90557098388672
28.533019975603313,36.02504948818811,28.185404472351077,28.153172,27.942379376036445,28.134446774974045,28.08439826965332
216.24500917000483,193.1602665031214,136.02721343994145,108.08512,112.59849755788747,104.93067620512939,208.66246032714844
19.70340915490787,28.655080902642425,21.18111644744873,20.856937,20.7490450686025,21.662970417829655,19.059385299682617
42.26684799525897,47.46889375404624,47.27829483032226,44.00278,43.655241740528886,44.542211543603244,40.98965072631836
140.51628343999965,133.6689905318664,120.28828529357912,116.01654,106.117796307269,114.84753448204873,134.23570251464844
213.25767783759576,189.76597611093612,136.04675109863288,108.8587,112.9895092139755,104.93067620512939,202.31271362304688
105.22266634175261,101.7030837642687,114.68868988037113,93.59939,89.46139883108482,100.70380552298492,98.77355194091795
41.54510848455778,46.48653296295267,47.026097335815415,43.93054,43.295477381106984,44.542211543603244,39.55359649658203
19.37431373799697,27.869634977998214,21.149040069580078,20.414646,20.55858307010582,20.471131611252822,18.36421203613281
28.379537713337765,35.4868141642724,27.69281082153321,28.097317,27.630747854031288,28.134446774974045,27.176105499267575
136.20105048399557,129.87421358236023,120.19158187866215,104.77124,99.78952889524624,104.79573977282871,136.8751678466797
101.69527122474693,98.30981518396881,112.18422142028811,93.345146,89.58844981650606,100.40385990974416,103.35701751708984
40.31099366718817,45.192919710213765,47.10189323425291,43.733753,43.12020808986262,44.542211543603244,40.77690124511719
208.26847356908632,185.273799281733,136.46681137084965,108.06813,112.65028070474911,104.77479361837713,208.76014709472656
27.647576121187253,34.31720311103761,27.045967292785654,26.905119,26.932633653438906,28.09638816334387,27.70291519165039
18.801033950923138,27.061417186085094,20.380634231567374,19.968525,18.839741250833946,20.33464895685322,18.673179626464844
40.6075038115057,45.89346336255949,47.08833702087403,44.669044,44.14797564258126,44.386328956850996,44.056785583496094
102.10728549674631,98.90126438631442,112.17878776550293,93.832375,90.74825222741784,99.05484243308884,104.65565490722656
27.81106844051396,34.88897299467161,27.24134620666504,27.179379,27.721497487824035,28.084055673428942,28.756532669067383
208.57766789699508,184.99595687080978,137.2444114685059,110.60518,113.78678120087682,104.77479361837713,212.96075439453125
18.878640115803925,27.515908547246642,19.896850509643546,18.832975,19.00318027578487,20.33464895685322,20.179391860961918
135.31703994632772,128.9114989441581,120.38426666259767,104.48608,99.87326326628946,102.73810357223017,142.1069793701172
211.76283460645004,185.77585430533782,136.74619918823245,111.09101,114.17837873309789,104.77479361837713,198.3074951171875
102.62185782462002,98.77993034781288,108.1117943572998,94.54999,87.80221482921104,98.01729346676203,98.16242218017578
28.491549133356376,36.515655937739965,28.046435241699218,28.42209,28.016543599445512,27.94195391916338,26.88545036315918
19.979513426188788,30.075384918934507,20.904907341003423,20.478258,20.630303940954597,20.414754926637823,18.39317512512207
138.0118783669376,130.5737936371774,120.47661529541017,103.53853,96.56053205693449,103.35353991908445,133.57586669921875
42.642396755730275,49.530627664244655,47.14375289916992,46.74739,44.95058689009028,45.87641447983565,40.33367538452149
206.7942404497138,182.25707678242674,136.36521499633795,108.02825,114.39031260232392,104.77479361837713,209.2485809326172
135.5430014677064,127.00553644949355,119.90242462158206,95.87128,90.411120542304,102.64087927464766,130.88926696777344
27.323112681397337,33.75065237888471,27.31443393707276,26.44338,27.18413931851772,27.8028094274768,27.975400924682617
99.88144658958082,95.7750456182747,102.81590141296387,93.80041,88.35659430215956,97.72071393889475,103.81535339355467
18.469586416666715,26.93293548280865,19.44404342651366,19.034698,19.00294239830464,20.25708785723362,18.9145565032959
41.0321276006311,46.38627795551056,47.04660469055177,42.78174,43.34891160733152,44.69189937116805,42.3193359375
102.22947238350079,98.04668058853608,101.63470687866213,94.49846,89.92137817636241,98.01729346676203,105.87791442871094
209.6419794973977,184.6258707465911,136.6406971740723,109.903046,115.8079498215436,105.4114087056957,212.17922973632807
42.52731284199379,48.466695388986594,47.14921524047852,44.635925,44.285897999392894,44.80669005740918,43.54264068603516
133.3609425046111,124.22938248980952,119.87275085449222,94.689644,90.12236457340128,100.54792293623267,130.60647583007812
28.2161873135789,35.376027572267816,27.430180358886723,27.845242,28.104909237413445,27.88480477488283,28.08439826965332
19.25010521583007,27.963477770456613,19.73106815338134,19.684307,19.184777637032596,20.25708785723362,18.566970825195312
132.20037699309046,122.02502554180914,120.07452415466311,93.81256,90.12236457340128,100.40385990974416,131.40771484375
18.802603660641307,27.10733017388892,19.3630906677246,18.854412,18.382024481995895,20.25708785723362,18.538005828857425
43.35357658850446,49.84607061520482,47.50358924865722,45.705914,44.01516743250109,45.224637169689416,42.939849853515625
28.138772160499993,35.64768164593291,27.665379104614246,28.35314,28.007520677472606,27.97666601588414,27.44859313964844
212.5848560656485,185.8844858424589,136.72861587524417,111.30324,115.8577967633763,105.79797797925993,213.8399353027344
103.87071386938374,98.99466326999513,101.42477821350099,94.10164,88.56326087377535,98.01729346676203,108.01685333251952
106.09870158009532,101.11411994762406,101.3522100830078,95.16641,88.23895245049273,99.63524967862283,108.3988037109375
27.773074367564476,34.92710748840921,27.54050441741944,27.88099,27.75766560404999,27.88667627018719,26.758289337158203
215.02885045081038,186.89739288919318,136.64655746459962,110.71856,113.35755013940991,106.01790908752915,212.2769470214844
131.9145818370192,120.28893421591151,120.09990257263185,94.147896,90.12236457340128,98.75826290522156,128.20263671875
43.36951976161563,49.90088975076813,47.25532569885253,44.64606,43.85291737212947,45.080128143375546,41.66335678100586
18.754343585509794,26.97655494936073,19.313635520935048,19.087366,18.782655429606805,20.25708785723362,18.277315139770508
216.27626026973616,187.02483771902496,136.1835140991211,110.34828,113.35755013940991,107.04173311408805,213.05845642089844
42.894199151213414,48.75215256178245,47.03085777282715,43.826546,43.41029107933939,44.854087701011096,41.361961364746094
130.45076945026688,117.75812098610471,119.74546104431155,94.10867,88.17269939092958,97.72071393889475,130.04083251953125
18.57757935789757,26.427424670885326,18.70777109146118,18.424397,18.077149515597103,20.33464895685322,17.968347549438477
108.0119138383342,102.07472901204491,100.9044857788086,94.88062,87.30591057899706,99.65662611906659,110.76693725585938
27.36671943746314,33.670595593286016,27.18190029144287,26.40463,26.42758050055944,27.80469880509822,26.9399471282959
110.54186867294328,104.14363044224105,103.20624328613282,97.13646,88.4965701674398,99.97271380442612,112.67671966552734
130.6632146381404,117.302900630359,120.17219215393068,94.512886,90.34338423127674,97.72071393889475,136.45098876953125
42.53417336645147,48.552358209676484,46.82499221801758,44.68653,43.68026058830315,44.86397147692344,42.19522476196289
18.300651637756506,26.479962386849216,18.192184162139892,18.24854,18.039862122234684,19.884547920021674,18.04559135437012
27.342548790925036,34.499495078837306,27.032167663574207,26.613129,26.706153444928024,27.526651234043285,27.26693344116211
217.43636818184294,188.70544957906108,136.37302917480469,110.595726,113.24729019023893,106.59125494149775,217.8451690673828
27.377178706974448,35.24110496507811,27.250170326232908,27.351559,27.258804316798003,27.608628699132254,27.24876976013184
220.36284507537673,192.13063336808338,136.09754913330082,110.19221,114.01972474753819,107.59494137205724,220.48275756835935
134.25988539018607,120.05723660183801,120.27686683654785,95.733284,90.37845489082764,99.35933464663184,134.80133056640625
18.304862431982098,26.71481352041505,18.365613651275638,18.531801,18.560548999042886,19.884547920021674,18.05524635314941
112.46100462556255,106.31981246720673,103.68893386840821,97.47866,88.72679135922394,103.37228261615539,114.28092193603516
42.69800824609766,49.565570179119575,45.94620605468749,45.15626,44.219506711881046,45.11519329706253,42.70937347412109
222.5591259810648,195.0425961611174,136.18546936035156,112.864334,113.59461790560485,108.93609638812455,220.97120666503903
18.139299806748607,26.937931834468344,18.57643751144409,18.692575,18.521057371875997,19.976409161022985,18.3062801361084
42.805852628049074,50.37082785312613,46.121662979125965,45.822678,44.01606632038095,45.210466141487835,44.4556884765625
27.256363387719645,35.38589819999115,27.264336051940926,27.443058,27.397821206092217,27.692404027816586,27.75741195678711
134.9699329461796,119.92856411148504,119.86450119018556,95.66667,89.7927301394807,98.06254308286303,137.15798950195312
114.21875658445438,108.24440339789221,106.04032478332519,97.51221,88.54580424704088,103.92267042051371,117.03099060058594
18.336574836327745,27.6463109158744,18.751965656280518,18.894062,18.705279884869455,19.976409161022985,18.286970138549805
44.036662540935424,53.05687991059527,46.661295623779296,46.34,45.491173393941445,46.29842908647905,44.1276969909668
116.72646967643553,110.27528668095803,108.76537719726564,97.69497,87.98762886824099,106.89345360271331,113.82256317138672
27.703862541692033,36.38681350240501,27.598518562316887,27.571678,27.652037314334763,27.88309343814131,27.466758728027344
137.1647211338568,121.60040174339602,120.19504676818848,95.39386,90.54429043024179,98.77520372729983,139.63247680664062
224.36323542624697,196.02945543904633,135.6716299438476,112.40508,113.11828672047618,108.93609638812455,220.7758331298828
225.1177680612253,196.17727164234995,135.71852020263668,112.40508,113.289937394398,108.93609638812455,223.3157196044922
139.80800335991748,123.98569224279163,121.10115699768068,97.52551,89.27073450584379,100.81968261557891,144.46363830566406
116.22583025689686,109.53627471497433,109.70732513427737,96.65522,87.98940037001792,104.46213408680575,114.8156509399414
18.45154744972388,27.88561151887026,18.30637975692749,18.548647,18.462176643058374,19.821657470231933,18.132488250732425
44.37796165309314,53.21711286990303,46.13756744384765,46.96277,45.13365188186108,46.44525715389239,43.205787658691406
27.636147253982124,35.96308827930174,27.25942798614502,27.490952,27.430499618964742,27.634320332004783,27.067108154296875
27.365401021411273,35.641232292356825,27.352675514221197,27.338192,27.347061160241743,27.71809566068912,26.667463302612305
116.24380123493434,110.42282026548936,113.48116027832032,96.7448,87.6514952890886,104.98399757467841,115.04483795166016
143.74080651185955,128.0197408909778,120.67762397766116,98.65635,89.12237225615385,103.55325072041417,144.22796630859375
18.314918787496225,28.217815730125754,18.64222978591919,18.609375,18.384477497680074,19.913518711233248,18.113176345825195
226.1320963509215,198.1257901415079,135.4879765319824,111.62236,113.55013682697559,108.90288786491213,224.8787384033203
43.988248428393504,52.925406553017474,46.23444625854491,46.504997,44.0117226473528,46.27858270876778,42.8512077331543
18.39158062422027,28.20499492303853,18.234513854980467,17.74816,17.979907083575753,19.85859411922328,18.47041893005371
145.3976181953408,129.65616707247267,120.22168853759769,97.09031,88.54969219329439,104.37647184578353,138.45416259765625
227.68647778252344,199.81046280266582,134.6244104003906,111.587746,113.0738056418469,108.90288786491213,223.8041839599609
27.122725521583874,34.68187623392488,26.985347099304203,26.668541,27.15116112378518,27.528522729347646,26.322309494018555
43.82268045124467,52.179073106891614,45.98394615173339,46.43383,45.41467603852051,45.59181790487839,42.372520446777344
116.122703338679,110.7198245351376,114.41698402404788,96.90187,88.70592206872047,104.71357213058262,114.43370056152344
115.44733505275681,110.38700187559878,116.57394447326664,97.63621,88.60516665058411,104.09140916817405,112.29475402832033
43.453926070506526,51.03407317172265,45.95722900390625,45.998264,44.50474044987542,45.18286543531048,40.70598220825195
227.92302410912413,199.68156768013193,134.6595777893066,111.48581,113.0177763453589,108.90288786491213,226.8325042724609
143.25505743162847,127.915186411486,119.16679100036625,95.411125,87.72793061148354,102.36289434854947,133.858642578125
26.8309707595767,33.786251186258305,27.015618133544926,26.481934,26.75148510338096,27.540010377000893,25.43218421936035
18.683540506517527,29.116358841987484,18.93569416046143,18.131462,18.380307930092652,19.983296829542674,17.95869255065918
42.11421403462312,48.143528822497615,45.779470443725586,45.25029,43.419464656388236,44.84967133554173,41.13148880004883
229.72294608245443,201.44661910239427,134.9760884094238,110.672714,113.32329368625241,110.64678348418826,231.61924743652344
18.203435503253424,27.97632118434281,18.25241249084473,17.280958,17.857334719669993,18.851739935730667,18.422142028808597
139.39538293277184,124.8907152277506,118.66125930786137,94.80229,87.6105693492322,100.25498876348799,135.2726593017578
25.99652782603013,32.03348078996421,26.860898246765135,25.91713,26.287678265810285,27.55234286691582,25.940826416015625
113.87587153771807,108.9414160201866,115.75683815002448,97.63425,88.4892563564008,103.65241815996416,116.26707458496094
137.40119808139605,124.1742460122596,119.13795730590822,94.89332,87.54543409074687,98.82470923505139,136.8044891357422
26.146338793580554,33.21222319270392,26.99946796417236,26.448364,27.019984287711406,27.528522729347646,25.97715950012207
18.643118960927286,30.3377737428259,18.87476554870606,18.014416,18.398128736297853,19.033383356483878,18.480073928833008
115.02766775533127,110.74235368539642,117.8614775848389,99.64505,88.64359932210068,103.65241815996416,115.88512420654295
232.6930732352648,204.05968239364356,135.1421592712402,112.17619,113.32329368625241,111.94533947038612,230.15391540527344
41.836593879669955,48.160728752128676,46.11752922058105,45.709587,43.30035250565011,44.63596216222597,40.954193115234375
25.97787534244057,33.33587238731557,26.9123645401001,26.0401,26.539936649860948,27.510740305661272,27.230602264404297
136.80471434400113,124.12446691714086,119.14777130126956,94.88771,88.18100578392651,98.82470923505139,142.1069793701172
18.60124090018597,31.340313515921682,18.87587287902832,17.968307,18.543077227242183,19.35367055326102,18.489728927612305
115.21860850741412,110.67200593242222,118.0978838348389,98.69734,88.76119095066917,103.65241815996416,117.71851348876952
233.54333308808427,204.3012883465135,135.10308334350583,111.44067,113.19720442055512,111.51621376628813,238.6528167724609
41.30503659075485,47.390478712924235,45.8388988494873,45.76372,43.41716895979816,44.63596216222597,41.947021484375
18.66431488164453,31.930206452271598,18.900860824584957,18.627449,18.497400396802142,19.35367055326102,18.480073928833008
238.61122846965563,208.72192550997113,134.4720173645019,119.34901,116.02361417154367,117.01799257525019,248.372802734375
116.62420553774615,111.94500363714161,118.17017326354986,98.851364,88.91988064624825,106.31691168281975,117.26016998291016
26.892641891464255,36.08204560774259,27.534702644348144,27.02254,27.25905974872747,27.745039488244142,27.321430206298828
139.55269455282846,127.31501801233533,120.13631134033206,97.541046,88.98223416943712,103.37228261615539,145.28846740722656
41.76248938311045,48.68878700549851,45.77288368225096,46.311726,43.907528387946854,44.81329242959309,42.0356674194336
142.5472967553997,130.0905883563812,120.11339134216311,97.50176,88.3497135167651,103.69590809790866,143.40313720703125
246.50257055296746,214.45813248365596,134.6517643737793,120.45443,115.73470366504685,117.04266829642201,248.8612518310547
18.72086331314672,32.060944898655116,18.890323390960692,18.781803,18.917234440366276,19.48500998178884,19.11731719970703
27.105128754101074,37.12713345395361,27.4870655822754,26.74032,27.096744979011206,27.97708230416957,27.648418426513672
117.14279879572216,111.83666408307097,117.87317070007329,96.854,88.70947086269159,105.87792067460985,117.3365478515625
41.928300200177574,48.874337578656416,45.59642753601074,45.87836,44.67202236729399,44.81329242959309,43.11714172363281
42.973569383999276,50.81571654476745,45.774800491332996,46.777077,45.00423034549124,45.08872590084082,43.47172164916992
143.53105537809068,130.3570917929521,119.40639595031742,96.300285,88.478752862646,103.83997112439717,147.6451416015625
19.331940312819153,33.64713180070718,19.073291492462157,19.441864,19.338091707236803,19.795848844615676,19.841459274291992
250.9270675913251,217.47009987894418,134.46420242309568,129.96683,122.95161943719818,125.40405650441605,262.2934265136719
27.68660961340305,38.35183739067146,27.501517562866223,26.99715,27.31614427516684,28.239123465863404,28.102563858032227
117.6794767050814,111.8353213839972,117.87121696472173,97.24611,88.65081942168415,105.87792067460985,118.0240707397461
28.21286039470808,39.27415733068466,27.68657573699953,27.319206,27.609467562269312,28.430995304205606,28.048065185546875
43.53217597882394,51.6377254489144,46.047211914062494,46.394646,44.53877075643554,45.59611279080918,43.8263053894043
146.61250694694428,133.03181216932106,120.18491508483886,97.703415,88.47311229547331,104.89125979090375,145.87762451171875
19.896115347837732,34.99863122422432,20.405744247436523,19.838518,20.207187486495023,19.795848844615676,19.667665481567383
260.8569857281638,225.5493494525362,136.24213211059566,131.50609,125.53194299592933,126.6542227210772,255.9436492919922
118.13875383721611,112.11065957061224,117.22798431396487,96.82847,88.597908859436,105.85324495343804,118.8643798828125
147.39491051519153,132.55141091831067,120.10972206115729,96.17303,88.80671587649849,104.46213408680575,145.87762451171875
28.376366198562714,39.37438365765422,27.870262069702157,27.939463,27.98964829552218,28.528703963360023,28.57487297058105
263.0178844290165,227.7388880454648,136.6465621948242,132.10228,124.96762676358533,126.84537291830011,254.7225646972656
19.81185252225624,34.933445488116675,20.507178573608396,19.89261,20.35012136323404,20.266109433779203,18.99180030822754
44.17066805092214,52.64025474308536,46.095962753295886,46.394646,45.49862254511695,45.67000434358117,44.54433441162109
118.98654279812963,112.73436074884962,117.23524566650393,96.6649,87.86288956928952,107.66188496585497,114.51009368896484
28.92564184663108,39.532904706268134,29.004609146118174,28.369774,28.63296970027116,28.502869434208446,28.93819046020508
117.0169961889817,109.5628151274243,116.77017662048345,94.918945,87.15526543454851,104.3252449840918,114.96843719482422
148.2125161504215,133.08364188778344,120.57471748352054,97.028,88.69113826191575,106.48527321995851,149.177001953125
19.413277564399344,32.600892196524775,19.137140827178953,19.374166,18.988380543673003,20.016389609796327,19.53249168395996
263.6380239579244,229.42011902605873,137.28348907470698,132.17764,134.87668604057322,128.5167588181217,253.7456512451172
45.01603716594462,53.36266115463041,46.08972526550292,47.12244,46.15160572353399,45.853275269732436,45.78536987304688
29.20507842943552,40.41880063984759,28.982115592956546,28.804306,28.66431921636788,28.652137452297737,31.15442276000977
150.0039514750621,135.28198890646533,120.45258125305178,97.19513,91.57300544628524,108.49627661386839,151.0623016357422
262.0381483583643,229.62794324507826,137.59218475341794,133.93024,135.49804137108313,127.91953376579687,254.4783477783203
46.03939837033486,55.15477075162485,46.96063423156737,47.850353,46.34243095760498,46.56428637819605,48.53337860107422
116.1184369055887,108.83518211259158,117.16137229919438,95.04119,87.69302951740802,101.22980561291679,119.16993713378906
19.96462440446761,33.889774572415405,19.74888481140137,19.81075,19.462795416776935,20.245949881447217,19.928356170654297
20.080568483688264,34.8940492398711,20.636405334472652,20.25282,20.757851347247072,20.245949881447217,19.8221492767334
48.10311682624056,57.26091512490306,47.18551811218261,49.15598,46.33275361951716,47.531089734328354,48.31175994873047
260.6059065328537,230.07124313671014,137.56678558349603,134.51138,135.49804137108313,128.14629608840193,254.9667816162109
151.44229376094847,137.04066188863234,120.373877029419,102.76595,90.64539327452115,108.49627661386839,148.5878448486328
117.48126853105151,112.14221859070452,117.83842712402345,97.4448,88.7528066481096,102.809206883248,119.16993713378906
30.794230873768587,42.46699841951592,30.132009887695315,31.189167,30.48691141609943,29.587075021824234,30.70027732849121
19.997114031882553,34.424228611255586,20.239803733825685,20.55456,20.04611334072893,21.252804064939834,19.899391174316406
48.73305367229497,57.45247949856687,47.67544921874998,48.89273,46.13356257633225,48.54847039807422,48.09014892578125
150.797844391991,136.71594649857505,119.92805152893071,103.2442,90.92258277482716,106.48527321995851,147.05596923828125
118.16479510546367,112.82602908927868,117.25939476013188,96.41758,88.395860455818,104.37882137119065,118.32962799072266
30.73041797587951,41.9250825823064,30.482967147827154,30.44808,29.94531278610651,29.994215701246013,30.80927276611328
259.44307993374457,230.3956036520588,138.3815075683593,134.51138,132.27898029607732,126.87858144151254,249.10546875
20.112488031398627,34.60402717825643,20.326160278320312,20.414028,20.12865465102894,21.252804064939834,19.77387046813965
31.11708132677099,42.24188782528638,31.554318313598632,31.12945,30.924971235963888,30.681415970843236,30.554950714111328
255.14958341373443,228.4372661886496,138.85236297607423,131.8903,132.27898029607732,122.22737878483454,245.1979217529297
49.10465030255669,57.640612627214374,48.2152632141113,48.67253,46.772061840328824,48.54847039807422,47.91285705566406
118.15311817862998,112.6099805985505,117.219271850586,96.38865,88.395860455818,102.15331885654496,116.8018035888672
149.52860390537538,136.176775598329,119.84299148559577,103.36273,90.73930299842365,106.48527321995851,145.170654296875
117.41878567100073,110.98490875271273,116.4290280151368,95.997314,88.14234930426053,101.91116082983132,117.10738372802734
250.5641587746472,225.73452036731067,139.06336853027352,130.46083,132.43289805462072,120.1846254929909,254.7225646972656
147.74988606466593,134.81028597520512,119.42527191162112,101.96504,92.02362161802581,105.4514206053931,143.9923095703125
31.11513054685757,41.94811389261191,31.608517646789565,31.08395,31.59904281974611,30.586115188604094,31.663070678710938
49.167605879946485,57.663589405844476,48.53321754455565,48.576885,46.22591097492727,48.18033629482402,50.04035186767578
19.973079617595907,34.26674096533874,20.153529396057127,20.09752,19.999264219634593,21.16268483203367,19.60007667541504
146.22963381126684,133.89144301533614,119.75892150878909,95.67437,88.99043132615982,104.23791671647366,145.05279541015625
31.846404191117465,43.039734234883284,32.718238334655766,32.171547,32.841449417065796,30.68382384775851,32.89834976196289
19.81213872756501,33.81631875565189,20.06346042633056,20.09752,19.841826806448545,21.16268483203367,19.320077896118164
252.9184303180703,228.28684428097637,139.381833190918,135.21126,134.01189381117482,123.63240765059784,255.9436492919922
117.23484761356322,110.69284165119751,116.84938003540043,95.54251,88.14234930426053,102.55835867602295,117.71851348876952
50.41779242448742,59.31862169150663,48.909957733154286,49.725105,46.77357012346358,48.594824765408326,51.3257064819336
51.43277003063661,60.51559574993745,49.05894325256347,51.146797,48.662178249912806,51.83639593324489,51.81325912475586
19.592305419417244,32.39073574191685,19.868471755981442,19.745731,19.583738105443143,20.875307883734475,19.310422897338867
254.49361512138776,228.9589204575796,139.35838775634767,132.49794,130.803326966175,124.2327430345194,253.01300048828125
117.37427281000525,110.34688070760824,116.89058998107915,95.54251,88.14234930426053,101.84751295662957,118.25325775146484
32.6610888691401,44.05982611067295,33.171052970886244,32.8361,32.914609733624886,31.821600792129782,33.2071647644043
145.67635235119786,133.60209361422045,119.86291442871097,95.19966,88.0994761073689,103.0261824234645,145.52413940429688
52.12522354820232,61.026880405449916,48.95258262634278,49.952694,48.34099785361945,52.49985878761069,53.18726348876953
19.614094504614872,31.951754576227,19.646176681518554,19.549976,19.625418998914327,20.634563827081447,18.731109619140625
254.86156510574725,228.31868362235767,138.72927520751958,132.41582,129.69500575986388,121.87920402982614,245.4421539306641
33.056567584007766,44.423981044549464,33.38166385650636,32.457104,32.96750461301789,33.0501196209167,33.15266799926758
145.5375739179152,133.03402832863276,119.3033084869385,95.33108,88.0994761073689,101.91116082983132,147.52731323242188
117.80218809185065,110.41868564434505,117.085966873169,78.84903,81.12508376731658,87.58594597358825,114.51009368896484
33.265585752697625,43.88813579422207,33.605445594787604,32.626236,32.8755221425532,33.19418264740522,32.58952713012695
116.1002610412453,106.45436093183615,115.94482994079594,77.823975,79.46225063374062,86.06031680686947,118.40602111816406
53.34669021396426,61.85532318662654,49.11180740356445,52.99325,49.67743488156899,53.3576269284097,52.655391693115234
19.03576050767874,29.625828516095133,19.10396511077881,18.936026,19.029807465538134,20.343408120677264,19.26214599609375
146.30793607388296,133.6105449413074,119.37187133789065,95.13153,88.61868048938922,101.84751295662957,152.47630310058594
251.39578092121474,224.21996833834788,138.39322647094735,127.72692,129.83077564445824,120.11735507394943,253.7456512451172
253.77432264431437,226.29941332895282,139.15128936767582,131.491,130.97812647362787,120.36322740639862,248.1285858154297
19.40213967811353,31.1121644545314,19.779497184753417,19.63945,19.702458416016693,20.539375169268652,18.99180030822754
117.30449501106865,109.66703030558988,117.67642913818362,80.50587,80.91174890737418,86.98104333787518,116.5726318359375
149.24485345030322,137.3748448427709,120.89939247131348,97.27509,88.74748216714958,107.3237258471015,151.65147399902344
32.9821951726007,43.27241691627811,32.94327190399169,32.49585,32.225822371739156,32.10932938836965,31.75389671325684
53.37058569533338,61.817740899305335,49.59246292114257,51.729126,49.144700723468794,53.64132949308828,51.14842224121094
19.069017727456806,29.911756296325386,19.205665664672853,19.17524,19.13026253444478,20.423514090461875,18.58628273010254
116.71774791231542,107.74396375993909,116.70095726013189,78.4081,80.37980337032863,86.9368587497752,113.66979217529295
32.34416901160565,42.11900598286389,32.46286987304687,32.529133,32.45441170300618,32.81503625450706,31.69940185546875
52.6359603361205,60.89499614075082,49.62849243164062,50.91759,48.76180785018817,52.67686695658109,50.04035186767578
252.1653325736439,223.52990179030323,137.60585815429695,127.94244,129.83077564445824,120.36322740639862,240.6065826416016
150.66574948984015,137.8483454408479,119.96220794677737,102.48779,91.03566314614257,107.3237258471015,149.05914306640625
115.4041793522925,104.49237922417929,115.98638778686531,76.88951,79.68298793890132,85.91625378038094,112.29475402832033
51.82167702878231,59.88910130519911,49.90290313720702,49.592216,48.141309158711564,50.56248441774434,52.655391693115234
150.72504395216532,136.86550784576215,119.74852622985844,95.878784,89.61149889811107,106.0213790261592,146.34898376464844
247.82482301397823,218.99247875354715,136.25189666748054,127.81187,130.93909685076937,118.92396192894631,243.24417114257807
18.81951858360966,28.47146749408443,19.09113422393799,18.78687,18.861236578056623,20.306823660750464,18.538005828857425
32.2671994418733,42.03774761384394,32.5647194290161,32.352386,32.44229467068145,32.79931829394399,33.82480239868164
113.94563102994324,102.79125268264323,116.72828308105474,77.00257,78.98799585863041,84.76774168910909,110.07942199707033
33.46244643960205,44.384960311872774,34.50362380981446,35.063496,35.4622271283603,33.179179375902805,33.40699005126953
149.27107541903405,134.6342627336038,119.44879096984867,95.0573,88.83230535422084,104.23791671647366,142.3426513671875
246.72545553361041,217.5695089355542,136.5996667480469,117.98084,124.09845445595033,111.10289297505516,235.7221527099609
52.884096996849905,61.77165936745157,50.60010871887209,51.641014,49.12716529057268,55.9677896982035,52.212162017822266
18.79136908861333,28.066446098949882,19.01610557556152,18.84302,18.560384335218764,20.306823660750464,18.22903823852539
18.502424267021667,27.369709609131622,18.9838398361206,18.317287,18.470151697413442,20.306823660750464,18.9145565032959
146.29111395849938,130.8058588744919,119.21700561523441,94.77821,87.22016228269311,101.10662106207614,147.6451416015625
52.72793822830169,61.95722325361087,51.486813812255875,55.16583,57.542297516513,59.66486996780623,55.40339660644531
111.96304281822292,100.56902376448873,116.68979019165045,76.40081,79.61339688370573,84.09419083032476,115.88512420654295
33.316459974639955,44.108640260375985,34.89350746154786,34.443893,34.75965383460737,33.214941542938696,34.82392501831055
242.12745925794636,213.17189315971737,136.25189666748054,117.01391,124.09845445595033,109.55426201301502,246.4190368652344
19.087118110095915,29.39897784853906,19.255864696502687,18.843777,18.94655549427385,20.38880112583943,20.22766876220703
114.1547512796665,104.78743105945584,117.1881158447266,95.0002,88.40975401600319,100.02238712361626,115.503173828125
34.49683116087703,45.88475682802933,35.53301052093508,35.27491,35.95678985187808,33.214941542938696,35.51422500610352
147.2314829306111,133.35832714680373,119.95260955810548,95.24765,88.65216989797784,101.22791623529537,151.0623016357422
245.08647070571593,216.78075417512193,136.51956344604494,113.29564,125.0881809145958,110.51152750383758,247.3959197998047
54.74349498988839,64.64943142280889,53.23310836791994,56.894146,59.219065806182215,63.68789130234567,55.004493713378906
55.22510066135162,64.45639949345414,54.01578498840333,55.702667,58.12681772083128,63.024428447979865,55.0488166809082
247.39125367608654,216.96802178301908,136.37498352050784,110.9428,115.87697476995483,111.20011727263767,240.0204315185547
35.255998144443524,46.50194559343615,35.37728809356691,35.262074,36.16375783733234,35.18782318972145,35.78671646118164
114.78204764327741,104.88963708418233,116.96419784545903,94.55767,88.0456361086822,100.11961142119877,111.76001739501952
20.109486451170298,33.50073914429441,20.683673858642575,20.201925,20.665494948143753,21.00587882564713,20.179391860961918
149.13556743975926,136.24030360821854,120.44619384765629,97.31969,88.5893561952106,102.38008117915,149.8839874267578
245.57706885753115,213.57313465549592,136.02721343994145,109.83483,115.6062212401825,108.05446473033459,239.6296844482422
149.72020304179068,136.27666102958003,120.18477470397953,97.124344,88.14195072473923,101.87700345910842,143.8744659423828
113.5908488688986,102.37027345242547,116.40460670471197,93.423004,87.20764140091936,97.876596525647,112.52392578125
35.89210073199571,47.21336181166343,35.62448970794681,34.970554,36.019829939309204,35.49138586644851,35.31440353393555
20.133312989705484,33.539468987884035,20.10454128265381,20.230324,19.979438759273883,21.121464636412014,20.884220123291016
55.794530635876114,64.79964985285525,54.33674728393556,55.43484,58.150984587021306,59.8544586114851,53.71913146972656
113.64949971540558,102.32834449215602,116.38733734130862,93.86939,87.55554682751774,98.80979114083286,114.3572998046875
244.3565425294854,211.35541223184003,136.39061340332034,109.88663,115.6062212401825,108.05446473033459,236.3082733154297
21.04822523205638,35.073275773274474,21.1531676864624,21.003422,21.703663689855162,21.6991112577917,20.314565658569336
55.27675220874913,63.758673615680465,54.2859410095215,55.000652,57.53345676263266,59.18049166433272,55.40339660644531
35.945210741048655,46.83370609311303,35.60208667755128,34.91767,35.359276077763404,35.18782318972145,36.277191162109375
147.11931600146022,132.17391747697113,119.25451179504397,94.7232,87.01538264284902,101.19661080777308,144.70750427246094
36.73475583461695,48.17336182794166,36.08724174499514,37.585392,36.274899494253106,35.29791354791632,35.51422500610352
56.23803715919227,65.07883880209172,54.574420700073254,55.89958,58.74447534586756,59.61819589240441,55.181785583496094
146.42431565929823,130.97650891592113,119.69882080078128,95.06618,87.36698225796155,101.05254778128457,147.20655822753906
20.688997354089384,34.17869419309935,20.372971725463866,20.514936,20.404736090265274,21.23455896203651,20.816635131835938
114.33522447332095,103.24979673418355,116.61658447265627,94.606384,88.30331950664583,98.8997808865298,116.49626159667967
241.85218857870404,207.71433549810146,136.02721343994145,110.14045,115.80048999110102,108.54701679116464,239.3366241455078
242.25867908444937,207.32302684142695,136.39842895507815,110.0455,113.35112644961588,105.73442562322883,227.614013671875
116.24597212255507,105.5013034162249,117.03371910095218,96.738045,88.35230006552581,100.14689913110847,110.61415100097656
147.4527748501091,131.7974942391978,119.77423210144046,94.907364,88.19990393229415,101.67521868002443,147.3255615234375
36.31463694595568,46.85277016051169,36.18372306823732,36.66316,36.02771750830659,35.119113436228936,35.5687255859375
56.219461312002274,65.10688331271625,54.801677703857436,57.52195,58.04972451179179,62.09558338109125,53.45320129394531
21.367034492937186,35.424975342809425,20.76601318359375,21.046824,20.9017970168047,21.58794577018525,20.27594375610352
148.0516703504806,131.76912929158692,119.71171134948732,94.87928,87.78394877353266,101.67521868002443,143.27947998046875
36.25460019407359,47.10889228010119,36.50473167419433,37.470844,37.75852882936154,35.047239306226096,34.55144119262695
55.17899878044669,63.394313769551275,54.12268043518067,54.83212,56.69045386441329,59.072846739195825,51.14842224121094
20.894480479138668,34.16405620713659,20.471638259887694,20.308367,19.972814232407675,21.16268483203367,19.60973358154297
114.19396096357684,101.75460810171862,115.2338085174561,93.69644,87.0857328940191,97.876596525647,106.18347930908205
236.49684291430202,202.9580313136499,136.02721343994145,108.42693,112.59849755788747,104.93067620512939,220.97120666503903
230.03011183584672,198.77525190993723,136.02721343994145,108.298134,113.23796474131159,104.93067620512939,222.4365234375
110.89624702180512,99.17950508966975,115.10173355102543,92.802086,87.16088891131706,97.876596525647,109.62106323242188
146.39480710742626,128.94796614011534,119.21089363098149,94.517624,87.53328946263342,100.96255803558762,144.5885009765625
53.278211280767124,60.46031075839261,54.28009002685547,54.611588,56.831282055642504,60.878997017622986,49.8187370300293
20.338687488840588,32.59852761859223,19.96018054962158,19.7414,19.49854079721758,20.673375696983346,19.58076858520508
35.31909418670227,45.53745432854542,35.43180900573731,36.30285,36.96836262060811,34.04967704025515,34.22445297241211
34.9571156550016,44.9648108788205,35.647473487854,36.05743,37.01040359580636,33.382177727560936,32.58952713012695
110.83190530076229,100.25351826294168,115.40890258789065,94.022545,88.13132461619269,98.60320135866252,111.68362426757812
20.198340638064362,32.14952988012555,20.008538627624507,19.825537,19.665586707031967,20.521130066365327,19.85111427307129
227.06968111757033,195.92202242724238,136.37498352050784,108.74106,113.57719325053797,104.93067620512939,217.06365966796875
146.28337675780065,129.25256621541718,119.59661598205568,94.39165,87.53328946263342,100.83723030519856,145.65953063964844
51.71910599595371,58.88284631322663,54.42318664550781,53.969765,56.330894037297924,59.998694201791444,49.419830322265625
33.489547790284405,42.1631432514677,34.00491592407227,35.301277,36.8598147048256,33.108945499324236,32.73485565185547
111.24843858608179,101.61680332065112,115.48055992126467,94.45486,88.43908939124019,98.21842566961529,110.46136474609376
146.33419810002505,129.703043739602,119.701672744751,94.62603,87.81993861899124,99.34103190670174,146.37353515625
222.33277401703631,191.8560676912597,136.02721343994145,108.21017,113.7288469234341,104.93067620512939,223.70648193359372
50.50240921318521,57.28369206259766,54.45671157836914,54.134342,56.21265492340839,59.854631175302934,49.90738296508789
20.122948291107356,32.54214858238341,20.240112915039063,19.960741,20.20371788852242,20.605898217820386,20.0249080657959
111.20132074623434,101.4026619842057,114.61898048400883,94.43039,87.82698832151715,98.80979114083286,109.23910522460938
146.99146779388937,130.35589334922116,119.71171134948732,94.62603,87.81646352518824,100.11961142119877,143.1604766845703
50.32793233954173,57.15710291132578,54.62612953186036,53.951332,55.73951925438444,56.68466133880816,51.724609375
20.10460678154418,33.129621258274064,20.226693191528316,19.887806,20.06002698007352,20.78958530166819,19.793182373046875
33.264251266847346,41.81263901783543,34.22879184722901,35.193573,37.33650921173123,32.95303573680599,33.170833587646484
223.9531992793277,192.42884842461635,136.7989524841309,109.931786,114.20517810856279,104.77479361837713,223.3157196044922
224.66068311459563,190.7506370938694,136.35153808593753,109.18031,113.84969092588285,104.77479361837713,230.93540954589844
145.95569728789607,128.5851278124158,119.31033622741704,93.89976,87.55425625997142,98.68034594374646,143.27947998046875
51.19607895002966,58.4254692943217,54.76612640380859,54.86148,55.538598350911855,57.30009768566247,52.16783905029297
19.98198828661311,32.802825069873435,20.076327362060546,19.69679,19.72107892651336,20.73422346607949,20.40146255493164
33.21139043939557,41.66065380036778,34.003790016174335,35.127815,37.572272589972016,33.10553768336468,33.18899917602539
110.66373181955757,100.1501166465494,114.59227828979498,94.34872,87.63254628946196,97.876596525647,110.00301361083984
229.24486095894912,193.9895314463931,136.8380278015137,110.932915,114.70898891859156,105.86387082031524,224.7810516357422
51.827448039888814,58.89815945363603,55.34663085937499,54.540607,55.78209733814026,57.39732198324497,50.08467102050781
33.13243996081619,40.6990979294007,33.19618545532227,35.018097,37.38130139029431,33.10553768336468,32.09905242919922
145.66156926226765,127.72243127509262,119.60029914855959,94.172356,87.55425625997142,98.80979114083286,139.11436462402344
110.6949757287478,100.09585528137208,114.79461730957037,94.505936,87.76462198554216,98.8997808865298,107.32933044433594
20.51090845685329,34.049193562569414,20.506467895507807,20.160389,20.23431096037155,20.934377421864024,19.94766616821289
109.26545483901758,97.8124947273337,113.967066192627,93.54806,87.24094875724089,98.51321161296558,109.77384185791016
20.194558866189723,33.09109101521036,19.98745063781738,19.721146,19.670074860625412,20.67372422286141,20.43042755126953
32.43926414195782,39.11806823053002,32.29154380798341,31.232468,34.113783606441814,32.737718260719966,32.97100830078125
143.18276392849234,125.22190539350662,119.18207756042484,93.115265,87.11085814420133,98.51321161296558,143.9934844970703
51.08576166635699,56.94141796826632,55.286535644531234,53.804176,54.68201130132974,56.68466133880816,51.05977249145508
229.25702946550825,192.3899504359196,136.02721343994145,108.904625,113.89953786771555,104.93067620512939,227.90708923339844
33.06979125065919,40.18736875620254,32.552366409301776,31.821619,34.96564142595899,32.79299590969616,33.40699005126953
51.71304461951788,57.41052219350169,55.4844758605957,54.885647,55.9704133597483,57.08478020957645,50.88248062133789
231.07961965753094,193.09001022945236,136.43750427246096,110.51577,114.64662258261656,105.86387082031524,233.67068481445312
20.697109077236693,34.1156376581159,20.358399848937985,19.933815,20.03900058959065,20.934377421864024,20.575254440307617
110.01576984668309,98.89778471530869,113.76953926086429,95.04093,88.24095317067085,98.80979114083286,109.85025024414062
144.43242808319812,127.52319322301479,119.79167968750001,94.78975,88.26932408686034,98.8997808865298,146.25453186035156
145.74085069189024,128.9741401165008,119.72174880981447,95.03475,88.23718843401771,99.6124415309666,151.84767150878906
51.65546863094394,56.89472038383377,56.422584991455075,54.53815,56.124383149534935,57.08478020957645,55.0488166809082
234.7770850626278,195.8967298458046,136.57036026000978,111.39895,114.15201953832955,106.05297424121612,236.9921112060547
20.84792408832464,34.368221046907244,20.560199089050297,20.474321,20.94397631470281,20.908506088754194,20.92284202575684
33.34457957095482,40.71118450370186,33.19111072540284,32.575367,35.07587583225582,34.26115476699811,36.73133850097656
110.26841719611816,98.7353741947894,113.1319602966309,94.39703,87.76462198554216,98.1750654311357,106.94738006591795
149.68583245195796,133.9341695874927,120.6784819793701,96.313774,88.44203097029833,101.4424074441027,152.08566284179688
238.39050762066492,199.76795675011627,136.52347045898438,112.527084,114.21485235048146,108.14876001660352,237.28515625
108.7732545678008,97.3185217337999,112.39172210693364,93.37695,86.60148157381676,98.51321161296558,105.49596405029295
21.17829087779319,35.73821303619289,20.511780738830566,20.806889,21.215954789354562,21.053416064690232,20.71042823791504
35.86003420550937,45.46580375554513,35.29268367767334,35.524086,37.86385362119783,35.95973234431905,36.18636322021485
54.41441039301514,61.410686470357184,56.386133804321275,56.70098,56.781256779024325,62.6021332788197,55.49204254150391
107.2801820409365,95.98998560661205,112.45711952209479,93.62086,87.2298986665668,98.60320135866252,106.71820068359376
55.58955922075025,62.911517795088535,56.81322357177733,56.661682,57.57801911728469,62.6021332788197,56.555789947509766
151.88368638063443,135.4182068213044,120.32914520263674,96.10071,87.77790456797042,103.69590809790866,151.4906768798828
21.00491942426287,35.11289450627135,20.736071205139154,20.543293,21.054054420075214,21.000159763810455,21.7435359954834
36.18966941743477,45.272242613744474,35.44134330749512,34.970192,37.1719624069248,35.94060053904743,37.00382995605469
240.7594655649968,202.8141456180776,136.17765380859376,111.98915,113.086638480801,108.93609638812455,244.12335205078125
153.10969651510453,136.21210279268237,120.03803375244144,95.99877,88.43745818669277,103.88946189730129,156.2507781982422
21.94974071634083,36.3082183853501,21.903726654052733,21.71717,22.355151755475877,21.89127987562423,21.193187713623047
107.14728111527403,95.88689963142058,111.5158052825928,94.180664,87.7635980529846,98.60320135866252,106.6418228149414
37.38069954652245,46.93041153132273,35.997447242736826,35.511574,37.45943590023625,36.18609030088876,37.34897994995117
245.502608224537,207.9514501335659,136.5234733581543,113.62017,113.88391046770232,108.93609638812455,240.9973297119141
57.0126917886912,64.61332703885047,57.728102111816405,57.275005,59.80335711854887,64.38751123188669,58.15140914916992
107.03664767195689,95.48162311597329,110.35507125854491,77.64137,79.82754023866886,84.73080591764334,106.71820068359376
156.49188632832877,139.0363458664208,120.3666729736328,97.47693,88.29382907374426,106.89345360271331,159.4638671875
58.6877147672438,65.63360771095381,58.12616233825684,58.038414,59.28186181071662,64.93807221979122,60.10160827636719
37.94571606175424,47.65475024144627,37.031939773559564,37.914284,38.42185115432546,36.458695324964324,39.29272079467773
245.8532784868667,209.06863297443624,135.22421813964846,112.287346,113.086638480801,108.93609638812455,245.1979217529297
21.537976733978724,35.23545078904863,21.227807388305663,21.028221,20.874270833821093,21.446887132201024,21.14491271972656
39.59476169819935,49.17851501907469,38.01142898559571,38.99845,38.92679166346454,37.024726795784545,39.220062255859375
106.96600621534336,95.57929101044837,109.11247451782228,77.63105,79.82858869043616,84.73269529526476,107.63490295410156
248.30986935046684,213.08547453093394,135.472346496582,112.61197,113.87107762874821,110.87354580679332,247.3959197998047
60.601994298962175,67.7425844747671,60.782951889038074,60.233204,59.76551096894315,65.38020122100188,58.94921875
21.660750998489828,35.33952839503143,21.024697952270504,20.969,20.9553658666279,21.315547703673204,21.27042961120605
159.98587043578516,141.50778040743833,119.90065818786623,96.60548,88.39017795147505,109.9639128957678,161.12989807128906
21.681202561055727,35.63662817093632,21.741428680419915,22.513947,22.214290402300318,21.315547703673204,21.38629150390625
162.22576580503284,143.30279815612082,119.42434593200687,102.320816,90.417707258295,109.9639128957678,159.4638671875
39.91576338511613,49.51200725230022,39.58852607727051,38.77386,38.710349524096806,36.91357747728352,37.96661758422852
107.48476572067486,96.09940437192132,108.16157302856448,77.83971,80.18773832486403,84.82268504096172,109.39189910888672
60.70784084857943,67.2880207372682,62.15394340515135,58.22127,59.033144722709935,65.10663778390534,56.51146697998047
249.97429040355678,215.57392339774145,135.41177947998042,111.49957,113.0738056418469,111.37215073979962,244.0256805419922
59.5946137614135,65.81231412417227,61.738455581665015,55.436474,58.49965366627879,62.08935623177728,56.201210021972656
39.39835539307129,48.555273170411546,39.284681091308585,37.769726,38.17148531323865,37.712370204090526,38.14827728271485
249.1611059222802,215.47207626230318,135.47820816040038,112.752594,113.78064230749123,111.9365298882858,246.6632537841797
21.745980219183107,35.81412123009668,22.214667167663574,22.333075,22.325121000527027,21.36880400455298,20.97111701965332
162.37593043162656,143.4168442771194,119.36748542785651,102.68263,90.37479883233135,109.9639128957678,158.63084411621094
108.90585026772642,97.75515533026685,108.21082031250002,78.230255,80.85514396807405,85.552594508847,108.55160522460938
58.68450385081183,65.23494970198288,61.611260147094704,55.864628,59.39496034880566,61.97795943562886,55.80230331420898
161.65434615975937,143.5970739045804,120.1597933197022,102.95645,90.70736423068838,108.49627661386839,158.86883544921875
21.29317669997815,34.5120725759442,22.150348968505856,22.034494,21.604700782803167,20.97242296935384,20.526979446411133
109.02388190966141,97.53846672629979,107.89582901000978,77.88859,80.45517538842562,86.36912903775236,106.87098693847656
39.28358786493653,48.730471066843855,39.27026229858397,37.9643,37.818405929134194,37.91092151818347,37.25815200805664
249.43738477194458,217.37626403545457,134.8608164978027,112.275734,113.19720442055512,111.9365298882858,244.9537048339844
57.578875229007885,64.53419319637113,61.49192237854002,55.84721,57.87269463588641,61.61612303421563,56.33417510986328
248.11559851771543,216.91275839974813,134.9799961853027,112.41036,113.88845475084088,113.53935289944089,244.46527099609372
108.40606817072305,96.69581455225791,105.6402355957031,77.74314,80.16116832343997,85.90143365953058,106.4126434326172
38.3773461912731,47.754270495866365,39.10359306335448,37.119038,37.71784806695463,36.659723846687356,37.16732025146485
20.935340555888416,32.92583397070339,21.627700614929203,21.842562,21.4919246800878,20.788735885506036,20.353185653686523
161.0886862584408,143.71513162553572,120.30457389831548,103.537605,91.03128552978076,108.72303893647344,159.4638671875
107.72632247573506,95.67175112324625,105.14462882995603,77.57035,79.83735697834639,85.06880093770026,107.86406707763672
160.70601690924258,144.13029057737626,120.41881294250494,103.981705,91.87667429492956,110.37303539115162,164.4619903564453
246.6454300009641,216.3563873948807,135.63255325317382,112.11217,113.94512881934146,113.53935289944089,244.46527099609372
20.665376258415932,32.06312765894927,21.38331413269044,21.78428,21.573019712894606,20.659566683757856,20.295255661010746
37.85781487705907,47.34303742088676,38.636203613281246,38.7175,38.81476396970659,38.232433091222454,36.386192321777344
57.0016902764718,64.5639137999308,61.48632011413573,55.799313,58.44173300381692,61.55087058498643,55.314754486083984
163.09266569249775,147.1417120421369,120.11268280029297,104.11191,92.37584221388549,110.1709487897184,171.8401641845703
56.07090747597342,63.63652567490105,60.79420143127441,55.16417,57.48234216440984,60.843931863936,53.408878326416016
20.491590682856515,31.47693201804789,21.266883316040044,21.68327,21.573019712894606,20.56957693806091,20.440082550048828
37.10891742679389,46.4296967643463,38.31896743774413,38.223366,38.91399005326855,37.67577770883004,34.66043472290039
245.7540523173052,216.26210580603848,135.7595475769043,112.09732,113.23471682454016,113.53935289944089,243.0487823486328
108.09031364986171,97.5594269004859,105.00327545166013,78.34908,80.85514396807405,86.36912903775236,106.94738006591795
168.22706281808408,151.1935971497479,120.02671722412111,116.34573,97.07254924026876,118.72589079710507,175.05325317382812
20.47543997879273,31.721352904718763,21.31998283386231,21.736387,21.60759083429563,20.71484433273405,20.45939445495605
35.57972394386069,44.31216050763547,38.09384178161621,36.747326,37.99735186402654,37.5305103141569,36.69500732421875
107.73268016121611,97.02222462644693,104.91340209960936,77.88859,80.2538748140634,86.07254950988508,108.8571548461914
244.4255719542862,215.92451515557207,135.66381210327148,111.99538,113.18293367767852,113.53935289944089,245.1979217529297
54.561770403606104,61.93322951646737,60.808107452392576,54.46139,56.36107907275904,59.79784438143754,55.226104736328125
36.41660793394757,45.690492355553815,38.19445121765136,37.81392,38.61407571586602,38.19492648575422,36.64051055908203
172.51032681552445,154.41772703883004,119.57442062377929,115.07581,98.46459404868529,118.72589079710507,173.38719177246094
108.65443007934279,99.44608890640988,106.78621154785156,79.92942,81.11736710261671,86.90169726027281,110.61415100097656
244.87787367292455,216.3118356444449,135.82402084350588,112.551056,113.31522846846987,113.53935289944089,246.4190368652344
55.104001541567165,62.57475642796936,61.21405113220213,55.580864,58.119836817314834,60.5032704739888,55.004493713378906
20.542227838586232,31.342241762524502,21.26552555084228,21.659672,21.585566196930056,21.81482189830957,20.67180633544922
54.95052354308802,61.725481727883654,61.05513908386231,54.72315,57.228800641858506,60.41140923298749,55.97959899902344
174.1979961723484,155.58607946506066,119.83345970153809,115.338646,97.39899356564797,118.72589079710507,176.24325561523438
20.706859890220105,32.25397818585398,21.47274036407471,21.842262,21.64700320748475,21.90668313931088,20.90353202819824
245.62582847670706,216.82426385055155,135.80448379516602,112.09732,112.9991588726031,113.53935289944089,253.9898681640625
36.17588630319524,45.034748412950194,38.20367042541504,37.594414,38.19065756989851,38.19492648575422,36.622344970703125
109.87860126631683,101.56079075189362,107.02711456298827,80.134705,81.34432887582899,88.24623774698827,112.75310516357422
20.912189467657516,32.95912934936641,21.611574668884277,21.891996,21.690548668774916,21.90668313931088,21.106290817260746
176.68861046965483,157.90888651756782,120.93815078735352,117.36201,105.97061223941141,120.1178151679271,177.07627868652344
36.45416527793906,44.85672498414253,38.09142417907715,37.08011,38.35965336669902,38.82445495175686,36.02286911010742
55.823171976659765,61.99157558920862,61.564332427978506,54.794655,57.88263493118146,60.53411604367418,56.201210021972656
250.1420163221323,220.77403437772713,136.16007064819337,120.32375,116.6657716955923,117.05120109846261,267.6662902832031
111.82585624470855,103.55097118455026,108.51045082092284,81.873405,82.28302051470894,89.0244405721637,116.3434829711914
56.270491555070535,62.07037404734823,61.70631309509277,54.508293,58.39112500216873,60.57105269266553,56.37849807739258
260.51247370808613,228.10185971596272,135.6384176635742,129.18416,123.90051373213015,125.56174095602297,265.7124938964844
36.24605093611087,43.8658430245158,38.01693244934082,36.766727,38.182245519869205,38.82445495175686,36.02286911010742
178.3555542570079,159.33471807107824,120.63063026428225,117.944626,104.9050117563741,120.1178151679271,176.12423706054688
115.05909316327406,105.83275110855514,111.17941917419438,83.00063,82.55998365002256,91.7693761789108,114.8156509399414
21.172714862622698,33.93946287913105,22.318313217163084,22.005062,21.80105207597197,22.090370223158686,20.92284202575684
178.53968218856878,159.665445876484,121.37302833557133,117.84269,105.52636708688401,120.1178151679271,181.3603973388672
36.265351889255776,43.59681509898671,38.038288574218754,36.032578,37.62455769727159,36.67512172243975,35.913875579833984
265.05149358104023,230.4712339642159,135.3043228149414,128.54051,123.33805567513963,125.7552947554156,266.4451599121094
21.11615061881052,33.62524297641384,21.923863677978513,21.93989,21.640930145732074,22.090370223158686,20.826290130615234
115.94621551931839,105.57845943974753,113.7582168579102,81.8377,81.93303680629617,90.02940847589159,114.58648681640624
56.61853239934321,62.39232688091332,61.58029457092284,54.898037,56.848821649346995,57.491072601867714,56.289852142333984
21.124606582743827,33.60402747156693,22.02177894592285,22.00615,21.640930145732074,21.90668313931088,21.106290817260746
116.56280605685946,105.85578178637232,114.29701927185064,81.65815,81.76523783358164,90.32565002740495,118.1768569946289
268.7998559238149,233.29933556925792,136.9103202819824,128.16689,123.0491451686428,125.56174095602297,268.1547241210937
36.23978654278006,43.20519033337267,38.03512321472168,35.977222,37.759679119377275,37.65913132411622,36.40435409545898
181.51255146931214,162.90603814041415,121.09964714050294,121.46207,104.55730127117687,120.1178151679271,178.0283203125
56.7757006907762,62.43425967039042,61.199463119506824,57.030933,56.09640952459672,59.33043222433208,57.39791870117188
57.480529785391056,64.21972419159208,61.29028015136717,58.87813,58.36946695028259,60.40675577462171,56.64443588256836
271.5562069059313,235.45425359142158,136.68759078979488,128.37752,123.0491451686428,125.56174095602297,274.9928894042969
118.6518390289535,108.64614021380719,114.89353279113774,83.57485,82.55998365002256,93.83749822642669,118.63519287109376
21.357362327325404,34.65029374180722,22.377082901000975,22.158663,22.13037909639742,22.154857314757574,20.980772018432617
181.11176669254309,162.84070760316928,121.7628503417969,116.81247,104.42265649567469,118.53233699771243,175.291259765625
36.49153457150978,43.97325895547254,38.18322921752929,36.538887,38.04492238726029,35.96038468721078,35.65955352783203
57.33425342429793,63.86383578144054,60.50552764892577,58.31376,58.09303195218412,59.948139568044844,57.57521057128906
36.032773349425185,42.84592636832926,38.06081748962403,36.371387,37.60281914614474,35.58050691827886,36.531517028808594
119.56453207589651,109.554169030189,114.71655609130863,82.174255,82.25102747390092,93.9815612529152,118.48242950439452
21.20484329077859,34.27298060585615,22.286564140319822,22.0781,21.955209764515708,22.01006519456174,21.00973892211914
179.0683024653003,162.02562091985232,121.70188323974612,117.05865,104.7115670021715,118.25602160027591,179.0993194580078
276.52234669270393,239.7833194680123,136.68759094238277,131.66644,129.38682227032584,125.56174095602297,282.5637512207031
282.66330668251464,244.88339726469812,137.36554901123043,133.68134,129.38868044567928,125.77997047658744,284.2733154296875
36.52368747980667,44.09776911274327,38.20324752807617,36.623394,37.89776254127825,35.896890163306495,37.27631759643555
57.89452359245453,65.59992626198638,60.83542831420897,60.202408,59.3898326398765,60.48070779056528,57.66386032104492
179.5111566430796,163.09475118852575,123.10899475097659,118.4948,105.77716748520884,118.13693635790891,180.1703643798828
120.03591416019,110.18132453318049,116.37918174743658,82.26,82.37442625260914,93.9815612529152,118.0240707397461
21.235739138964586,35.126965031038615,22.3047582244873,22.03892,21.973482243922717,22.154857314757574,21.33801651000977
119.90493869372656,110.35705146287097,117.12161384582522,81.555855,82.35263801145666,92.7074787704084,117.8712921142578
57.95129465715393,65.94753606039033,61.71579238891599,59.78843,58.53327234098514,60.48070779056528,56.73307800292969
21.511644793151454,35.99597429013319,22.50080680847168,22.397217,22.324044245890775,22.391800699485156,21.7338809967041
286.718664601353,248.51268887546948,137.61367828369134,130.33426,128.0855536826128,126.05039592068321,279.3888854980469
180.28667526795027,163.7283650392777,123.1383010864258,116.95434,104.57657425421809,118.13693635790891,178.0283203125
36.922301461553104,45.43802868876484,38.26548217773437,36.787697,38.117852668519404,35.92638066578536,36.73133850097656
57.51203686373079,64.92699414627371,61.65679649353026,58.482967,58.20484556578957,59.35992272681094,56.999019622802734
179.7808075492273,163.49121117519687,122.67628181457526,116.912575,103.23290173234469,118.45274583754383,183.8594665527344
21.809708381430035,36.76033233839626,22.670894470214847,22.82828,22.68798346571537,22.854811272031426,21.955949783325195
285.7955698680717,248.69318670742183,137.73676544189448,131.18188,130.33648010156844,125.77997047658744,280.1215209960937
119.67457539347296,110.49234835166604,117.22204170227054,81.36601,81.71317082803255,92.63560464040557,120.54498291015624
36.87539533773521,46.129348587651634,38.56384071350097,36.71703,37.845850730925626,36.0711727859812,36.67684173583984
285.20601561446125,249.7139751904953,138.1626861572265,131.24117,130.33648010156844,125.81317899979986,287.9366149902344
120.92441337568776,112.23174164102909,118.09733070373538,82.64888,82.58466377522876,95.70606393346007,120.46857452392578
22.045180277146567,37.53435787737879,22.829677391052247,22.916939,22.64969812915255,23.01830227313227,22.38078117370605
57.404239498584865,64.96081462860441,60.55175224304198,59.78843,59.49677996461043,59.86300044685252,57.131980895996094
182.5729121188871,166.55377169631512,123.25457412719727,119.14937,104.03843149276933,118.45274583754383,188.7385711669922
36.945896410984226,46.11014139350537,38.235684432983405,36.669136,37.76918296973019,36.09686441885373,36.56784439086914
22.49331740232154,38.1305929202078,22.723163108825684,23.121447,22.64969812915255,23.66492218467087,22.40009117126465
121.28590340188795,112.64328351728525,117.85115608215337,81.45177,82.24223550266635,95.70606393346007,124.36451721191406
36.80331444018914,45.81975111900011,38.14204788208008,36.660423,37.83444366599454,35.85248911301338,37.38531112670898
57.237974757747644,65.0388579410668,58.69982246398926,59.78843,58.81277354264702,59.86300044685252,58.37302017211914
288.0901599923339,253.34567761030112,138.36392456054682,135.25937,131.6396068646349,125.77997047658744,283.5406494140625
186.41037743002144,169.26539159008055,123.1927998352051,118.637184,103.49502118642188,117.91017403530385,186.9535217285156
187.73161171140012,169.52005320957264,122.65083740234378,115.97394,102.89108066359971,117.91017403530385,180.88438415527344
37.25392345002668,47.415827949829335,38.66810897827148,36.95872,38.438847591814366,36.254859869829,36.80400085449219
22.59282029768745,38.070739425286376,22.728835983276365,23.19494,22.793967710503633,23.796261613198688,22.264917373657227
123.95942323706808,114.86561955508759,118.30395797729497,89.878815,84.26792936875361,95.87564672261732,122.68392944335938
57.891067556382666,66.60828622060657,59.31756813049315,60.621357,59.65235914085715,61.28183813193508,57.30927658081055
287.5626785790102,252.90831916132495,137.7035519409179,132.41766,131.03566634181277,126.00673279919248,274.7486572265625
22.603660886521272,36.59183221474002,22.681637725830083,22.952682,22.67782276647066,23.698552954044278,22.496641159057617
185.43520594804417,167.14414953327213,121.93208358764655,112.79009,103.23290173234469,115.45008979416389,181.3603973388672
36.9197188017003,45.633475896140624,38.2334536743164,36.60757,37.92917787886102,36.080577247154295,37.23998260498047
282.74840073403226,250.41710045352482,138.828918762207,131.43864,131.3245768483096,122.73045650487613,275.96978759765625
124.10661838563107,114.67168801569346,117.51930625915531,88.80789,84.41133577632175,95.80261378463473,125.73957824707033
57.504603339809606,64.93957508888552,59.02731758117675,58.47928,58.32636530379202,59.9776300705237,56.77740859985352
22.793246928940018,37.37653927029125,22.703610115051273,22.806664,22.70823040958906,23.83593903072055,22.72836685180664
280.0578349710641,249.16651794451673,139.33885040283198,131.95288,131.3245768483096,124.2327430345194,277.4350891113281
57.171615868540805,63.80390433744677,58.885889053344734,58.22801,58.20158031475413,59.33043222433208,58.15140914916992
125.95810496089823,116.78001063850463,118.24024665832525,91.48636,84.73756024181705,95.80261378463473,127.87850952148438
184.56093125336326,166.18380428749813,122.12159805297856,112.8523,103.0747757604057,115.48515494785087,190.04757690429688
37.18248048286387,46.635165912574,38.4324518585205,36.79641,38.217652596603834,36.254859869829,38.021114349365234
57.92444787249825,65.34891584542399,58.90787475585937,60.438255,59.40378404852696,60.48070779056528,58.41734313964844
22.96788011934695,37.9602272437564,22.72487842559814,23.062859,22.970224188110457,23.83593903072055,23.713197708129883
127.97993216852112,118.36524187705909,118.04862434387209,90.42145,85.70016556517312,96.27623641596054,127.57295989990234
188.34363331619136,171.0333204027929,122.83100166320801,115.94957,105.86730813296177,117.06504333027304,185.76348876953125
278.9322761555782,248.14644291830317,139.280237121582,131.92801,131.3245768483096,122.59340085098393,275.96978759765625
37.75587671951088,47.834207704000306,39.24115135192871,37.619728,39.147929691821155,36.89324578060611,37.67596435546875
37.58039238858813,47.37622612072393,39.01005661010742,37.293354,38.63942106295587,36.5064741113416,37.73046112060547
58.15191068940781,65.88663433127964,60.0984999847412,59.96518,60.023652069764815,60.552581920568116,59.126502990722656
187.81300610885637,169.9166497824245,121.67852066040044,113.16855,104.13018640446869,115.28788312772467,185.64450073242188
23.77837398812741,37.79137410856177,23.20588329315186,23.806442,23.696027135499744,23.83593903072055,23.32699012756348
277.625721025649,246.09068485020092,139.23920745849608,130.40723,129.83077564445824,120.57282265054262,272.0622253417969
128.90743089201945,118.94861547266964,118.04975410461431,90.20349,85.18881530859268,96.27623641596054,132.15640258789062
132.08626177622034,121.6485577424469,119.26462760925297,105.6316,91.63401330811404,110.36450258911101,130.85775756835938
187.8147371673902,169.7572956382661,122.04192001342778,114.051765,104.13018640446869,115.52745015832942,188.26254272460935
37.807312458627976,47.05074878433786,38.819546432495116,37.20338,38.78322934988967,36.31932795631228,39.14739608764648
275.39681905451243,243.78426776791494,138.399087677002,128.34595,129.83077564445824,120.11735507394943,274.7486572265625
58.90854756890367,66.20189043832659,62.551124725341786,60.129852,59.065154711339545,61.28183813193508,60.278900146484375
23.483221554607663,37.67186698888629,22.960919952392583,24.098387,23.566180038872204,23.83593903072055,23.954578399658203
132.72575186362477,122.2792889658546,118.78494750976567,115.21322,96.19880448297764,118.53233699771243,126.19790649414062
188.79947584190327,170.50908051032678,122.48230781555179,115.4381,104.60651758959737,117.30461036087779,191.47561645507807
24.11084841996607,38.91196751149462,24.911073341369626,24.366615,24.125770258199893,24.108772351731602,23.48147392272949
38.87983332945676,49.25854485863119,39.58668754577636,38.62922,40.039439578715985,38.37534493587088,39.51071166992188
275.7278851452671,242.64879686753358,138.7468577575684,128.21132,129.83077564445824,120.27323766070168,272.794921875
59.9725265658753,67.81728193874429,62.28404312133787,60.512306,59.54691696101698,63.253332765573354,60.63348388671875
39.32126728793119,49.524548453326084,39.53952613830566,39.185234,40.123058345737434,38.648178256881934,38.45709991455078
23.83141306626954,36.97981513015848,24.74315494537354,23.812239,23.34910397915796,24.13344807290342,23.25940322875977
190.73670372146537,172.39308543198368,122.46564537048343,115.432785,104.85215872583716,117.06504333027304,187.90554809570312
60.60849007139408,68.0309565620122,62.775993881225574,62.34248,61.5549919550469,63.79509556512727,58.46166610717773
275.0106955163549,240.4098800110915,138.6140013122559,128.34595,129.83077564445824,120.36322740639862,278.4120178222656
130.64454867818563,120.32913433193015,117.78603996276861,101.77455,92.30209780518229,108.53131953243741,125.2812271118164
59.75447088080963,65.51965550607035,62.449573669433576,60.380753,60.2889158922603,60.86002296990626,58.81624603271485
23.690172717875235,37.26608793592882,24.122743339538573,23.421385,23.044949597944864,23.892106101532928,22.4483642578125
38.94813814671532,47.96809334384095,39.25165145874023,37.627796,38.406020515653694,37.65363348756581,38.96574401855469
277.7715300527647,242.6153408766607,138.67847610473638,128.88702,130.89637612749556,120.79235311049662,279.8773193359375
190.2119859892652,171.17007176457358,122.22984565734869,115.417076,104.18309696671683,116.030527878371,188.0245513916016
128.881509304702,119.108580722475,118.12404045104984,101.68381,92.45601556372569,105.42193010291423,125.35761260986328
22.9912095004806,35.269060923574514,23.622402076721187,22.719614,22.392140064540385,22.733395040602357,22.004226684570312
39.29226911983646,48.55624288660636,39.535671081542965,38.03707,38.863258873834724,38.040375564139836,37.839454650878906
127.51884605231965,118.27604173303703,118.19672515869144,101.49004,92.45601556372569,104.93950018980539,122.68392944335938
190.15102184108488,170.28106540851957,120.98529441833499,115.35496,103.0747757604057,116.71188309528551,188.0245513916016
280.5304841456164,243.51822633581452,137.65665496826176,128.12556,129.83077564445824,122.51100337721661,278.90045166015625
59.72689841988276,65.36887693182557,62.00169677734374,60.469563,61.02727919020719,60.48990236759875,57.61953353881836
22.515424667836825,33.44506050532761,22.61176132202148,22.690065,22.197462133545194,22.604225838854177,22.670433044433597
190.01282451834533,169.89863323565478,120.98529441833499,115.35496,103.21054564500005,116.030527878371,183.2644500732422
281.6611910476594,243.1007658799721,137.31669906616216,128.12556,129.83077564445824,121.41006045420939,273.77178955078125
125.26753071149201,115.95687195019819,117.66729713439948,101.88058,91.95741255249344,104.23791671647366,122.37835693359376
58.82298098027396,63.39862241752044,61.606603240966784,60.398937,58.84115048968739,59.798303471114,56.289852142333984
38.55010612107285,46.53832568663258,38.735180206298814,37.147877,37.873041814970655,37.15467050692054,37.78495788574219
187.19659280348918,166.76626906879977,119.83640724182132,112.80777,103.21054564500005,112.62779251000174,181.2413787841797
38.31969565392743,46.14664696986367,38.65226776123047,37.31298,38.29555557902351,36.75566594698672,36.749507904052734
57.61715917587168,61.208966181090084,61.088476409912104,60.052116,59.359118376299605,59.08564282667719,55.44772338867188
123.80278804092247,114.58832108711016,118.05735290527346,101.72134,91.94752393511651,104.23602733885222,123.37142944335938
279.68012625802857,240.16833269420286,136.4121054077149,128.22742,129.83077564445824,120.36322740639862,269.6200256347656
22.79117620583674,33.84484792837467,23.413640937805173,23.138506,22.496941415627568,22.733395040602357,22.641468048095703
56.48197700365882,59.601921926430286,60.59980514526365,59.00843,59.14136845814591,58.621949034632976,55.93526840209961
22.60283671502721,32.29022742068164,23.032567939758298,22.866747,22.444917603534176,22.779696047773886,21.975261688232425
184.28117180763624,163.37316565141504,119.57293617248538,102.65654,97.46491704695563,103.4574478243552,184.8114776611328
276.55469070004807,236.5781451637744,135.65404342651374,117.77638,122.9901332496392,110.5774463738978,275.2370910644531
37.390950430009795,43.98413936999139,38.46055435180664,36.816837,38.03041136006236,36.66885078007202,37.76679611206055
123.61574646519543,114.29407002452575,118.28511604309087,94.77514,89.48738226879277,104.23602733885222,123.60061645507812
184.7467612259639,164.49356179182664,120.31835968017582,102.54999,98.46693062441709,104.14603759315528,181.3603973388672
56.22073010956278,59.489537437521385,60.68570983886716,58.93138,57.49474884621651,57.764732044849666,54.82719802856445
37.819577209789735,45.09518965682689,38.595717010498056,37.438908,38.33165732938007,36.544388317538456,36.60417938232422
22.054233693768428,31.634157247166463,22.525044631957993,22.560858,21.785058129014228,22.376850016480947,22.17802047729492
277.4693823239413,237.57040759206183,136.10145584106448,118.61401,123.46646443476789,111.1928827207521,271.32958984375
123.66739711980448,113.60157239867603,118.29090637207035,94.77514,89.48738226879277,104.14603759315528,125.89234161376952
275.7378480622522,234.75580423139368,135.65404342651374,117.86825,122.9901332496392,111.1928827207521,264.2471618652344
182.9981949579322,161.96502086202966,119.45961753845218,102.53801,97.46491704695563,104.13880304126971,177.5522918701172
36.913978986421895,43.00884055719535,38.169230041503916,36.902615,37.52783458239722,36.32758825815534,35.44156265258789
55.329215896232135,58.136178916764116,60.717253494262664,56.302826,56.68239233694799,57.700999682664026,53.408878326416016
22.31858526792929,32.26803741490306,22.463958854675283,22.41874,21.91025750371165,22.43025617015278,22.21664047241211
125.10043382241629,114.62801637355234,118.22209838867192,94.80322,90.23446698369378,104.66515304295022,123.29503631591795
36.07401079528193,41.68496928524037,37.81096099853516,35.703037,37.456138352077055,36.2638558959697,35.768550872802734
180.3779573921699,160.0108259452027,119.34763977050785,101.44445,91.94752393511651,103.43337694871848,177.07627868652344
124.87960720911283,113.32577097252668,117.73686546325689,94.5258,88.96169987646,101.713045695289,126.12151336669922
271.11704514847384,231.32553254552377,136.09559524536138,110.11093,121.27650124518406,110.19087710033358,259.1185302734375
22.275404908279796,32.14376561898576,22.625527801513666,22.473997,22.019987169966903,22.43212766545714,21.917329788208008
54.31132670172749,57.25022717834336,60.69515487670895,56.133892,57.256508494748935,58.00657009698108,53.00997161865234
53.772592142915194,56.41373121917047,60.7312992095947,56.40741,57.11432079656941,57.700999682664026,52.30080795288086
126.59340989003617,115.17539194900237,118.38825805664068,95.124825,90.34730190346956,102.34966078260757,129.10076904296875
36.09117886213597,41.79991335580928,38.00644485473633,34.80071,37.51254185325801,37.31885219933614,35.15091323852539
265.86876007226556,227.621071733111,136.09559524536138,109.199936,114.49790003387137,107.7578852024673,254.9667816162109
22.113733686456857,31.68589965148139,22.438104476928697,22.325142,21.881573461736384,22.340265556554144,21.376636505126957
178.82821683732567,158.7763517093967,119.605378112793,93.81733,88.96169987646,101.0003850508522,177.19528198242188
260.49130672417834,223.3124960254878,136.09559524536138,108.80615,114.49790003387137,105.46105528122402,266.4451599121094
178.19543209808293,157.73813063324383,118.90006774902345,93.8059,88.96169987646,101.0003850508522,183.2644500732422
53.12177710840326,55.54990983641769,60.63579193115231,56.203747,56.714936903785755,57.700999682664026,55.0488166809082
21.739970556532445,31.04621421333734,22.519123420715324,21.6568,21.45061921525603,22.27840468967286,22.0428466796875
35.52612296126189,41.1400259682452,37.56298629760743,34.7636,37.292455510526985,37.30549305637854,37.20364761352539
128.92813969257082,117.94407386710098,118.43115203857427,96.04842,90.07923722808384,106.4415250622657,130.70497131347656
54.469688823238315,57.74247821393086,60.67994529724118,57.514336,58.308124760007715,58.08667606676569,56.289852142333984
36.7324643947104,43.84687462858138,38.33815887451172,36.77414,37.75625679046217,37.44463754806512,38.00294876098633
180.91664780546247,160.26388748917816,120.15665733337404,95.24765,89.84658645676265,102.34242623072201,184.93048095703125
22.223465195222175,32.33710303757214,22.669675292968748,22.887882,22.058700021249685,22.35851065945747,22.158710479736328
131.0337141807733,119.69184704753953,118.84092803955083,96.18442,90.29929768840874,107.99192294220902,130.0174560546875
263.4796497011983,226.85084074644433,136.45508926391605,110.03979,115.42210355237994,106.39424989640987,272.794921875
37.4660206923193,45.21895350005493,38.255563812255865,37.075916,37.909844254962984,37.66134209382344,38.874908447265625
183.29997402190133,161.33391727243682,120.0527491760254,95.21247,89.28850492550166,102.4838351164045,186.0015106201172
22.164609216542328,32.775932981726754,22.912822914123534,22.699787,22.606636570867554,22.505649549434974,22.100778579711918
131.78967055381483,120.21035471905897,118.6669968414307,95.951195,89.82296650328006,106.71784045970222,127.80210876464844
268.28768603646984,230.41965313292351,136.41992019653324,110.22363,114.10401461784849,107.21787568878113,274.2602233886719
55.59610262103842,59.12919443676777,61.41543060302732,58.73406,58.28567889753825,58.80120820650686,55.84662628173828
56.088497198452096,59.62283253777997,61.3436888885498,58.063076,57.70907346123686,58.18766123727398,56.95469284057617
185.6137244840475,162.73713358077916,120.10159378051762,96.536766,89.28850492550166,103.10154246011727,189.80958557128903
38.50894702255471,47.30883955290559,39.71556938171386,37.42688,38.22426232465136,38.11734187773858,39.76503753662109
22.149544806147702,32.82668398979398,22.906667900085452,22.708755,22.875276239822707,22.57954110220696,21.859397888183597
130.99697311330112,119.60278188551223,117.90289451599128,95.102104,89.59528653287022,104.1742688432719,126.65625762939452
272.41625156729486,232.79591193147357,136.33590820312503,112.21557,113.30674263094717,109.98425775705809,269.131591796875
272.7966281634775,231.9986586465997,135.98813812255867,110.584435,113.47737860648536,108.60397062911774,265.7124938964844
39.5703774417769,48.98560801580872,39.72807228088377,38.972404,39.44449216721074,41.150186848054034,37.96661758422852
22.080244016149383,32.469062310189976,22.824626502990718,22.715199,22.5472405816172,22.360382154761833,21.46353530883789
188.87660729918682,165.50119188277841,120.57606216430668,97.6326,89.44386087299648,105.16103067975926,183.8594665527344
57.2155769196826,61.07511610416972,61.53425544738769,58.396793,58.77299650865131,58.96697888259723,56.068241119384766
129.9413188457941,118.49077821842214,118.25100044250492,95.097725,89.43716056093125,103.55656149955914,124.6700668334961
21.817113563756294,31.25913593658809,22.5365237045288,22.456482,22.12216291354129,22.27840468967286,21.40560340881348
187.5851070983752,163.65489153868876,119.36596199035647,95.28842,88.62705264857453,101.80247989948998,185.16848754882807
57.06917903433921,61.39100663954573,61.07690208435058,58.363754,57.742898891514194,58.38103303822179,54.64991760253906
271.1220540364251,229.94134003020275,135.92757141113287,110.21497,113.25577176245942,106.46103045624436,265.4682922363281
128.05373853766014,116.21364627034777,117.738549194336,94.951004,87.21702328198938,101.22791623529537,126.35069274902344
38.83399444121495,47.17671524132047,38.40117477416993,37.704018,37.702391512372245,39.93165936241284,36.84033584594727
56.39952364655963,60.262649343377085,60.687041549682604,57.67991,58.14882251014919,58.10032071560382,53.98507308959961
127.70648178487025,116.33069856549139,118.45910408020023,95.1045,88.35749559843181,101.22791623529537,124.5173110961914
21.73467126202983,31.02925856825534,22.450983085632313,22.424522,22.364903586658357,22.370265930674176,21.4345703125
38.23593060347742,45.601814635532385,38.1731568145752,37.244835,37.50336349856637,39.50570373565376,36.077369689941406
270.06577595161923,228.18171755838299,136.35153808593753,109.976654,113.91620574322154,105.86387082031524,264.0029296875
187.6072620589439,163.58409179424638,120.01964584350588,97.467735,87.89422340172258,101.27210082339535,180.1703643798828
21.692114006596963,31.025235088610383,22.502332801818838,22.461182,22.132104249849142,22.28027618497722,21.28008460998535
126.4402828418924,114.75008361259,117.71092636108403,95.21105,87.35279316658374,101.81204715462738,126.19790649414062
37.34946710548001,44.02261456075706,37.95398384094239,37.217934,37.51197911482602,39.358951061104904,36.4588508605957
268.423077228743,227.00969513375634,136.26361846923834,109.78761,113.24472167178533,105.86387082031524,262.2934265136719
55.654591245625234,59.25648412907358,60.67424484252929,57.905632,55.82368311451072,58.10032071560382,54.38397216796875
184.65896357982874,160.6679639875598,119.22338653564456,94.853645,87.62668569705978,101.19661080777308,180.2893524169922
266.3696356214602,225.1035927882799,136.26361846923834,109.94252,113.61343532543712,105.6572810381449,271.8180236816406
182.83945523906488,159.29806767839028,119.55731834411624,94.79611,87.62668569705978,100.37119256437005,183.97845458984372
55.36304126318409,59.35069523693289,60.644720535278296,56.839813,56.76697416955512,58.17421226837581,56.555789947509766
21.516865491469602,30.32874957213782,21.57264232635498,21.456993,21.996923575807592,22.28027618497722,21.366979598999023
37.05583779141906,44.031762895864425,37.940396652221686,37.483242,37.88840805306585,39.5129485836615,38.43893051147461
126.44888514902782,115.81614920731548,118.31730682373052,94.975716,88.03706591174534,101.22791623529537,132.69113159179688
56.260496948639435,61.780123326108615,60.77096290588376,60.416718,56.961900716025745,58.99646938507609,56.91036987304688
269.7055190490724,229.56792743656735,136.35740127563477,112.56472,113.96365105580865,106.53242830167602,271.8180236816406
183.3636298312427,161.1366477122758,119.7155453491211,95.348854,88.00068943171965,101.12803779690684,182.07440185546875
21.473807011489164,30.69409304853708,21.595434761047365,21.4091,21.717744950410676,22.370265930674176,21.135255813598636
37.952612107566004,46.491861241481864,38.86807769775392,37.451694,37.96443388720846,37.735233646595425,38.729583740234375
129.89655758635715,121.01174241270509,119.21254089355472,97.4774,87.83174791467911,104.39108457305989,131.23971557617188
21.207284934177547,30.138392961957667,21.60072822570801,21.456993,21.43118282884321,22.370265930674176,21.164220809936523
131.0703338666039,121.103736612839,118.23357223510749,95.87826,87.81915079866488,102.58244456064294,132.92030334472656
56.53600470254478,62.79976433754679,59.95153854370116,59.755856,58.468139518029254,60.484545730961315,60.23457336425781
271.1649030711425,230.86915915983454,136.20305297851564,111.77542,113.72610566422513,106.51962359367633,278.90045166015625
182.0818374589198,159.89376662086448,119.22666061401372,94.89538,87.57726880883912,101.08385320880686,182.7884063720703
38.11667031206401,47.43666105410931,39.255850448608385,37.80957,38.197059081392226,38.04546774773574,40.90948486328125
276.2691030011566,235.81449588758397,136.83802825927734,112.84173,114.05556114162414,110.9767500999961,284.5175170898437
21.29906010159224,30.20262514760251,21.576306877136233,21.461123,21.4690284434641,22.28027618497722,20.90353202819824
59.1273210630162,66.28370175059915,62.43502342224119,61.04741,59.611539679909306,61.530062321193896,60.98806381225586
40.066612036065806,49.8756675001438,39.876883010864255,40.32194,40.28802171402995,41.150186848054034,41.617950439453125
133.0822958505625,122.8874815512359,118.7674430084229,96.434654,88.22021414523398,105.52734903655379,131.3925018310547
182.18675033306363,160.1863327262039,119.67798004150394,95.083694,87.76993962599768,101.76520842572137,176.3622589111328
41.124605127556265,51.142617701621475,40.342498245239256,41.30964,41.178567865541226,42.25894918519649,41.78144454956055
133.2633254081005,122.09229131005273,118.21598800659189,96.86787,88.395860455818,105.31272245319161,129.8646697998047
179.10745404647616,156.98908116788581,119.31298400878912,93.85245,87.20635083337304,99.02038150319775,169.46011352539062
60.62090019864574,67.24270766843154,63.07775177001951,61.195633,59.044833120536495,66.70085708541538,61.12102127075195
21.089973492073625,30.05233593222354,21.600093307495115,21.442894,21.43118282884321,22.27840468967286,20.739391326904297
282.21810606788983,239.92147469630402,136.17179443359373,112.70023,113.47314955947859,113.75397948280306,279.1446533203125
283.30376202844684,240.36875683295472,135.726335144043,111.22442,112.71050521222702,111.51621376628813,278.6562194824219
132.73508292799434,121.27332381676334,117.78150978088387,95.54358,88.30047527619952,102.30181058616434,129.40631103515625
61.745085407985506,67.84999577895151,63.08980735778808,60.904823,60.750451420567096,67.59585336883501,60.899410247802734
42.09459719349528,51.157370788512154,40.759857406616206,40.806786,40.3769106476124,42.72261591457819,41.96863555908203
173.99862037448477,152.49193731198812,119.17302787780766,93.05464,87.14879036887568,97.876596525647,164.93798828125
21.01160590180953,29.57607463274046,21.537095413208007,21.433395,21.43118282884321,22.27840468967286,20.333873748779297
62.299975058884286,67.89126434853189,62.90177284240722,60.73252,60.56331109399999,67.59585336883501,60.899410247802734
132.00099027588877,120.47083355414557,118.26000106811529,95.086,88.16818048540816,101.84751295662957,129.63551330566406
20.66032199993322,29.43879777519373,21.49417266845703,20.948454,21.19440997627171,21.662970417829655,20.18904685974121
169.0979643425139,148.91935579488677,119.18407699584965,92.76676,87.32563942295221,97.876596525647,166.36602783203125
42.81628338616486,51.421702138063374,42.590902938842774,41.352745,41.00882522284751,42.72261591457819,42.08237457275391
283.5169418121129,240.59967279588128,136.53128524780274,110.85878,113.28721486938014,113.03627517939931,276.2140197753906
20.479055560892945,29.27236106704529,21.51112419128418,21.09609,21.297499526837953,21.662970417829655,20.333873748779297
166.82171666453905,147.18098145202987,119.51457878112795,93.15471,87.32563942295221,97.876596525647,167.3180389404297
62.465199827365964,67.90031458684268,63.16256942749023,62.50257,61.3026488034586,67.62052909000683,63.3814811706543
281.8743008577718,239.58392681003446,136.45899520874028,110.67046,113.030609184313,113.00678467692045,290.86724853515625
43.10628855343888,51.79968726641569,43.07006576538086,41.159233,40.56780951135388,42.72261591457819,44.338138580322266
131.35988631610107,120.31848866416897,118.24284141540532,95.66542,87.92821823656372,101.22980561291679,135.1356658935547
133.84011110350914,124.44942467905344,119.18267662048343,96.72698,88.75466482346306,106.80143151906057,135.21205139160156
20.50891662031569,29.65226677395548,21.494936981201175,21.103455,21.406336622775914,21.664841913134016,20.43042755126953
165.77804738590217,145.4774218619446,119.50168815612794,93.07194,87.32563942295221,97.876596525647,171.8401641845703
63.84104993929539,70.30897437945094,63.218072967529274,64.06518,63.381576990386215,68.30635491604926,63.49177551269531
288.0204934169567,247.2196483816609,136.01158538818362,119.38218,115.86809271056005,116.82443877585756,290.86724853515625
44.530920173637995,54.10256483881245,43.9301734161377,44.428978,43.60732737423617,44.86147542144594,44.338138580322266
167.72218593714126,146.72179533970805,119.81645118713382,94.317024,88.25959871772105,98.51321161296558,172.55416870117188
64.1402200795455,70.76431102860995,63.23154129028319,63.142395,63.663919806388364,68.88503044404034,64.69673919677734
290.55759603197214,249.70069077816828,135.33753616333004,117.90701,115.07082072365874,116.82443877585756,296.72857666015625
134.74981054658403,125.13229666864636,118.6541535186768,96.23412,87.6544705601902,108.70920512575671,136.35789489746094
20.50377505530896,29.92227667258581,21.482733154296874,21.44076,21.504520969149098,21.664841913134016,19.938011169433597
44.707362198359874,54.57568900380741,43.91503173828125,48.305386,44.35684445341865,44.986592264414604,45.30489349365234
20.077162030206527,28.679393519801117,21.400489196777347,21.025764,21.416810996243065,21.662970417829655,18.77938842773437
169.62150111566086,147.63802868052136,119.66926712036135,94.3874,87.78326753259236,98.51321161296558,173.6251983642578
65.12302665875806,72.00852168663714,63.34531372070312,63.123104,63.44875097057679,68.88503044404034,64.97480010986328
45.56770903534525,55.703025416526735,44.191946563720705,49.938694,45.68427449842199,45.643313723132344,46.72659683227539
136.23650557528455,126.83001422269285,118.41532180786139,96.27583,90.29427325051478,108.90275892514934,134.29534912109375
295.1831048337457,254.453746818693,134.11252426147462,129.1399,124.49902461565219,125.7552947554156,290.1346130371094
65.68044592328151,72.58768225601818,63.57096260070801,63.35729,62.97436802463775,68.61460499994456,64.5113525390625
136.15710407748168,126.35580784006585,119.12401657104499,95.892105,91.03566314614257,105.62648263083298,132.1682586669922
172.05914664549897,148.5476428557629,119.57939376831057,93.79962,87.91534322867257,98.17317605351428,176.48126220703125
46.8005675547113,56.89451672592103,45.376179122924796,48.995083,46.843108194567485,46.92893953990673,46.669734954833984
19.20584124197372,27.23132681533453,21.17722923278808,20.417637,20.84753215037182,20.471131611252822,18.480073928833008
294.68423677711365,254.86373569088886,135.65013961791993,127.79912,123.33805567513963,122.47901846109924,293.06524658203125
65.58667206389627,72.57257581354696,63.145502471923834,65.05618,64.06933543462976,68.54273086994172,67.06029510498047
47.11766315240072,57.412989879105965,45.39406806945801,49.860573,45.47172107753007,46.88853076660506,49.6647834777832
295.57946210268824,256.8342108460084,136.26362228393552,128.8879,123.95941100564954,124.28765847351619,283.29638671875
175.39237560816213,150.61463017080234,119.6452607727051,95.24403,88.18059037549394,98.90701543841537,180.88438415527344
134.8681759388426,125.08893425290415,118.65270790100105,95.54,88.30047527619952,104.09818739671205,137.93234252929688
18.969748413170983,26.81319070707163,21.18150810241699,20.464937,20.705968326390096,20.3697141105402,19.030418395996094
290.869863641736,254.22144474193473,135.9060791015626,123.960045,124.92558258488721,121.28251121576719,300.1476745605469
19.216248861877826,27.854546780271303,20.269880485534664,19.124378,19.191941276671095,20.33464895685322,19.97663116455078
137.1765504736446,128.41751069177286,120.21669662475587,103.44046,92.75647255744849,109.23958420185134,145.888427734375
49.294455736669775,59.25092150162517,48.54773406982422,50.345875,47.49639144927883,48.37397292211137,52.74513626098633
179.74350107071496,153.82338007472725,120.51502662658694,97.182556,89.063158330775,101.22564774967734,192.7846527099609
67.16122107813199,74.6734787371478,63.304871444702144,66.53527,64.30120504793747,70.4639736034217,68.86772918701172
142.36262096544397,132.58648445741633,120.16846290588379,103.99844,92.68948613077012,110.14627306854656,148.64871215820312
188.62486559993442,161.68707576217398,120.36703155517577,98.40894,89.28114840025358,105.3938649076639,191.47561645507807
296.5732369262377,261.2389187598954,137.33819305419922,128.99146,126.89601418453343,124.28765847351619,302.8341064453125
68.6020623088124,75.90669949005219,64.74204376220702,66.763054,64.02719190101685,70.4639736034217,68.72869110107422
19.7667415854292,30.05397496254294,20.92670829772949,20.615265,20.330989857590627,20.33652045215758,20.246976852416992
51.703529422875576,61.14364985327926,48.35764244079591,55.847374,49.962809225702706,50.369361410376435,52.60296630859375
69.1875101291379,76.3728974548789,64.42907218933107,72.82993,67.0425734286021,75.23650651045433,68.78827667236328
146.54538945492786,135.48767869044968,118.97278823852541,102.7596,92.45381802609442,110.3398268679392,148.6371132986886
300.2321422989395,263.31648975769883,137.11155746459957,129.45502,130.02805387712166,125.56174095602297,301.2292262486049
52.53236622148818,61.577128914943216,48.62461082458496,56.88576,49.388247256241584,51.40935498062522,52.99562726702009
19.96596680823702,31.238940981120923,20.12005840301513,20.454205,19.83210091799452,20.605884788427424,20.246976852416992
192.2739191402636,164.28115048836827,119.22451248168944,96.70324,87.70559123734063,106.55583677683217,191.47561645507807
69.52498004490603,76.76576626578583,65.14606178283694,72.82993,66.7081314046564,75.59640668809308,69.14579010009766
148.97250629923244,137.2675475713201,119.27366867065433,114.50931,97.23175364980406,118.72589079710507,148.56752014160156
20.124472364008888,32.0671999666129,20.174643936157217,20.690641,19.80234032055693,20.631576421299958,19.94766616821289
193.72141786146275,165.62521250664238,119.24381416320801,96.57885,88.29448412081642,106.89345360271331,186.9535217285156
53.344345274484844,62.29292254729182,48.81809577941896,57.583794,50.62671966588198,52.055410216950406,55.351593017578125
301.5470482352429,264.3362887878366,136.73838851928707,129.35309,130.6494092076316,124.48121227290882,291.5999450683594
20.04877514194504,31.289607399942145,19.851421852111812,20.357212,19.774286186023314,20.496288316163955,19.801063537597656
55.13835964925985,63.938565228494575,49.225269546508805,58.07909,51.517700048925896,51.881917501734186,52.9346923828125
69.84931295604572,77.09163686740658,65.39209190368653,77.32045,71.40704431604023,76.03511568936639,65.43824005126953
297.350765318338,261.5481473101509,137.6644715881348,128.13765,130.803326966175,121.74408685708588,290.1346130371094
192.19035409058324,165.3052840880449,119.33019905090335,97.01189,88.63238920174575,104.6888964094108,186.5965118408203
150.3349145450767,138.1650967097402,119.95430702209475,115.19733,97.15310580565833,118.72589079710507,151.00306701660156
20.067477620352147,30.945075769930746,19.844829177856443,20.366896,19.685855075517576,20.461575351541512,19.60559463500977
54.297986175046745,62.86627972076063,49.29667488098144,55.768223,50.30637992128714,54.64514653384772,53.1242561340332
190.4316318957377,165.21202264448792,119.4532857513428,96.95744,88.57250820405045,104.6888964094108,184.57345581054688
152.42078114911197,140.45411995113452,120.40562828063966,115.421974,98.83532462830549,118.53233699771243,151.40895080566406
294.3696644860109,259.6082452578986,137.8539855957032,127.908745,130.803326966175,121.51875320730517,288.425048828125
67.88879538635184,74.34546846541407,65.44941810607911,74.05582,70.17500151647454,72.67435585332179,68.40428161621094
54.380290494681105,63.481111098667355,50.10351860046385,56.30597,50.41254015369452,56.814196889688255,55.49375915527344
153.4802389658018,141.75962565209053,120.42849792480472,115.20402,97.8089260341113,118.53233699771243,150.92184448242188
19.931826703240887,30.874048600695584,19.88069412231445,20.366896,19.64180819357854,20.371585605844558,19.76197052001953
188.20663170285107,164.6742353938899,119.76495056152348,97.09208,88.57250820405045,104.71357213058262,175.05325317382812
68.86907077728381,76.52544855974674,65.70700317382811,76.74513,70.81103847660025,74.84087794047679,68.58966064453125
291.54011517637105,257.45356983711116,136.93180709838873,128.27634,130.803326966175,120.98282412773283,289.4019470214844
153.5129698883466,142.1536663711266,120.55546195983888,115.322556,98.43028136462122,118.53233699771243,154.16925048828125
181.81837425496448,160.63643163653148,119.3782899475098,94.84955,87.6159328252941,101.38632281766206,176.83827209472656
290.72643798425406,256.14106876750924,136.5996667480469,128.37828,130.93909685076937,120.36322740639862,295.5074768066406
68.86258859449931,76.58788077848696,65.76762825012209,75.651596,68.4918958205913,74.67648935139893,72.94602966308594
19.991959160029452,31.72850828339345,19.803675498962395,20.457212,20.01761821539175,20.49106585402038,20.14313697814941
55.48587028166117,65.3751554161419,52.23035331726075,60.611572,51.88967134484223,56.85158174496602,59.237571716308594
154.83266929676816,144.37448123680664,121.43746734619141,117.471405,104.94298849701109,118.72589079710507,153.03265380859375
57.845433418395395,67.89268119032533,58.07679985046386,65.39101,61.17900993376865,64.9557465011311,56.72590255737305
20.13755842924984,33.36454865938465,20.029398117065426,20.585743,20.47084985415258,20.810625773585176,20.31905937194824
293.112130269273,258.6294728940885,136.77941345214845,131.08044,132.3005723765968,120.34376412129686,295.7516784667969
71.4944346119612,79.81865177526761,66.42154327392578,77.14108,74.41124426287158,74.85976027755017,70.86053466796875
178.7132636414921,159.43395480663307,119.67328689575196,95.14267,88.1638178673297,100.47030623957399,176.12423706054688
57.22691782489427,67.10810859686391,60.10303749084472,62.42075,59.366002678939,64.94173966708811,57.15240859985352
294.8772005963143,259.36064019196937,136.65827972412112,128.74603,130.803326966175,120.34376412129686,302.5898742675781
154.30720594827557,144.47441124320696,121.5950550079346,117.12882,103.87738801397377,118.75909932031749,152.46437072753906
176.15017883986891,157.57296701345098,119.61903007507325,94.54714,87.94332555941573,99.50417507434449,175.1722412109375
20.180645498147875,34.409566958926625,20.280755500793457,20.76875,21.35426079920487,20.99431285743298,20.37769889831543
71.32498512051633,78.768668895392,65.55762161254884,75.32293,72.06552728347206,74.85976027755017,73.87291717529297
73.43976184228437,81.18208531193812,66.05144134521484,81.10011,74.85299731149128,75.14428618183682,73.31678771972656
57.73757195696454,67.47858009473539,60.32079551696778,60.00803,59.73217522005621,63.52518028007507,54.45117950439453
153.60298700744136,144.40649320627617,121.6622716522217,116.89225,103.87738801397377,118.75909932031749,153.92568969726562
174.21804080029517,155.76366668289302,119.61903007507325,94.404,87.67626621815755,98.61043591054809,177.4333038330078
20.26075828184396,34.927209901558896,20.540797195434575,21.039873,20.931963697506365,21.1256522859608,20.328832626342773
298.9688071273252,262.9456634479032,136.76964706420898,131.04454,130.8423565890335,122.84504052724861,306.00897216796875
303.7313093242437,265.32232186931475,137.19556732177733,129.1464,129.5518397898361,124.93957799361439,309.6722717285156
73.86911596783901,81.13935440988699,65.62818298339845,79.43119,71.65967462216086,74.85976027755017,74.93883514404297
154.06957303983734,145.11338256793854,121.07907142639161,117.46415,104.1726118064131,118.13693635790891,155.95530700683594
20.359937585823516,34.9692150553654,20.194649124145506,21.039873,20.868014387659322,21.1256522859608,20.915239334106445
175.11456352122326,155.4379111885288,119.71864967346194,94.12233,88.25352952295415,98.2704003510968,183.97845458984372
56.269261006000875,65.64230335140022,60.0874998474121,58.1418,58.749147829802446,62.6308527599093,55.96765899658203
179.46653889280225,158.7687776930813,120.04560340881349,95.48334,89.09058337542287,100.14204850660386,184.57345581054688
308.877642155944,267.6395672636595,137.4984031677246,129.70337,129.54998161448265,125.7552947554156,318.4642639160156
20.94404636740978,35.81839384509763,20.931279487609856,21.455172,21.387068656936158,21.272963617271813,21.44300842285156
155.38474737376225,146.22144042006647,121.81075813293458,118.566605,104.64894299154179,120.19457255850745,159.12149047851562
56.675401912764606,66.37703883278958,60.01539634704588,59.79911,59.58104599564333,62.95233139114979,57.199798583984375
75.27455146299148,82.4127314368728,65.70691070556641,81.129395,74.61732920681557,75.24199484099124,75.95841217041016
21.396449531758584,36.762756408078204,21.23109584808349,21.717865,21.32219704031919,21.626350425420554,21.04229736328125
57.04603699498557,66.95447553605246,60.29188499450682,59.770065,59.435766936315154,62.84958616345822,56.34678268432617
76.35127305866031,83.29889630273738,65.95999954223635,80.15024,74.32699031332703,76.46108055313454,76.42185974121094
157.6805715987109,147.96639552481923,121.46185859680175,118.80369,105.47874952034594,120.38812635790008,158.95913696289062
182.699150713052,159.79216205511472,119.90102378845215,95.01062,88.77237816223317,100.98532403927152,184.2164306640625
316.5075474669659,272.3383856122797,137.3948547363281,131.56937,129.93394892738021,125.7552947554156,318.4642639160156
77.27585802769734,83.61306643514364,67.3838269042969,80.27698,72.45729860472787,77.29963104158976,77.48777770996094
21.171228756020973,35.82229465501763,21.731897087097163,21.483614,21.000808052715364,21.451930224806866,21.80462646484375
184.82245536673685,160.75733609575596,119.91665367126467,95.245964,88.54730806268796,103.24823628953843,192.1896514892578
321.1447649288288,275.1572760520591,135.34339859008784,128.65732,128.6308221643137,125.7552947554156,317.7315673828125
158.94088865793375,148.27812635526143,121.03218147277833,117.86943,104.41129086195517,120.16136403529502,165.61624145507812
56.86666001371889,66.1661827451382,60.29642013549803,59.14022,58.372056184795774,62.30415440858315,55.11463928222656
78.00116382888417,84.85339232395499,67.7887324523926,80.91967,73.79260047477348,77.57005648568556,78.73907470703125
56.00858617207654,64.455600211268,59.75130767822264,57.717945,57.303748520152695,62.12853936597219,56.91546249389648
190.39724714213818,165.8931444028047,120.66887550354004,98.81145,89.03514473168526,106.92666212592573,198.6157989501953
322.87711926980927,276.60898677023823,136.55082748413076,129.09233,128.6308221643137,125.7552947554156,317.4873352050781
163.3343056623936,151.71748079472485,121.37198554992679,120.58784,105.09306229451172,120.42016013898979,163.4242706298828
21.934404751366444,36.729977723738756,22.92193798065185,23.576794,23.000340584866272,21.916227702407507,21.5896110534668
21.708524384716707,36.26328188905557,22.819707717895504,23.37427,22.92530906543939,21.5001434330808,21.482101440429688
56.66510295568343,65.7098515127761,60.11212745666502,58.74444,58.475147964983826,61.64531382421852,57.10502243041992
78.99491605323111,85.78159068289392,68.1881625366211,80.4728,74.15563274965193,77.40477237816648,78.1365966796875
322.8195153764773,277.1894350791669,137.32256515502922,129.09233,128.91973267081056,125.56174095602297,318.4642639160156
196.7544565699187,170.6319893174781,120.44286987304686,97.75645,88.47497047082679,109.77035909637517,198.7348175048828
164.1984397773123,151.7601847702497,121.59971954345706,117.45201,103.78993553144524,120.42016013898979,162.77479553222656
21.699689923270167,36.0185869851819,22.726239204406742,22.96236,22.71161802460159,21.446887132201024,22.215112686157227
322.3268547375138,277.4222742091929,138.14900863647458,129.09233,129.25217749482366,125.56174095602297,322.37176513671875
56.881350118834746,65.83952926197986,60.422318038940425,58.53175,57.87837602725991,59.125146482841366,58.384552001953125
164.5367234340557,151.798166809139,122.70949134826664,117.17559,104.41129086195517,119.7979971765812,160.9887237548828
200.19568306615335,173.39988923743581,118.8655687713623,102.548,90.32588749286444,109.9639128957678,199.4488220214844
78.95358491058055,85.71895252231165,67.9378257751465,79.78798,73.21807268309813,76.65173827858932,80.50016021728516
58.14425809154422,67.50573121125177,61.06170173645018,59.534473,59.59059975376277,62.02150819855867,56.868072509765625
163.91217145372542,151.29191331602215,122.5425226593018,118.24279,103.4249835115811,119.54667979550699,156.44241333007812
323.97358308087934,279.3162655254828,138.2994493103027,129.61761,129.1832401982514,125.56174095602297,320.1737670898437
80.58549840715175,87.34133208112381,68.77066230773926,81.075,73.05247304834685,76.93626418287596,79.71231079101562
202.60628960865458,175.48841481312263,118.8557999420166,102.548,90.15958028819257,109.9639128957678,199.92483520507807
22.36614693275859,36.7908513295149,22.909972152709965,23.567242,23.203889501927364,21.89127987562423,22.09783172607422
323.14345635026444,278.7800734546329,137.95167800903315,130.21657,129.54108800132047,125.98205707802066,317.7315673828125
161.03055725748666,148.60891797132007,121.88110519409186,114.13866,103.55576804613895,115.37078427731865,153.51976013183594
80.61579215134027,87.22262635416455,77.92814590454105,79.36835,71.16531206202494,76.65173827858932,82.72469329833984
203.85884227006372,177.07803496348578,119.35401069641112,102.548,91.25531896441963,110.3398268679392,202.30490112304688
22.258233058895126,36.955226869113226,22.707470436096195,23.293785,23.16793542450742,22.415708212192975,22.23466110229492
57.74367834311072,66.46143077288161,60.34229263305664,57.014793,57.15736770034584,61.445260494742506,56.29939270019531
205.0879491271444,178.8328557617058,119.01857315063477,113.68056,96.73695781721267,118.70121507593323,202.18588256835935
22.479261620146872,37.25444710492484,22.69866436004639,23.078026,23.14997661418739,22.60442280662186,22.889482498168945
321.6357514127892,277.90885381475175,137.81491348266596,130.17671,129.69500575986388,125.16634031621945,310.649169921875
57.50870630650133,65.45927471482621,60.036197052001945,60.313576,56.98226194361413,59.19557953966131,54.78290939331055
82.6887101437527,89.08710170872008,82.62364799499512,81.075,74.28727451958153,76.93626418287596,80.17575073242188
157.61057385601197,145.71033886336016,120.2623293304444,114.25013,103.6915379307333,114.68542871060028,151.9772491455078
81.80959454053337,87.76752617355689,82.35624847412112,78.57881,71.64916700349558,75.80489432771788,79.8976821899414
205.3111624660834,179.3263202571258,119.3338052368164,113.293465,96.88012378724045,118.72589079710507,202.7808990478516
56.23165786905431,62.796797507525724,58.7586750793457,56.128986,56.70801573150604,58.22795451179035,53.07686614990234
23.01252158559934,37.482122434834025,22.757206649780272,23.69821,23.474471180474737,22.50671414746744,22.635372161865234
316.80723903957505,274.49257144978264,137.71917709350586,130.32138,129.69500575986388,120.33095941329717,306.98583984375
154.48748348732695,142.67239091688634,119.71973960876471,114.32385,102.77325872431507,115.36678392751479,150.0288543701172
22.84753411391662,36.98471921839565,22.6676188659668,23.11097,22.899994507204617,22.668775945315538,22.73310661315918
205.61107386791542,179.96217429067258,119.00428657531738,114.992836,96.88012378724045,118.72589079710507,216.94224548339844
81.52937459168979,87.0903255870736,82.59695686340334,79.16139,70.02341602188913,75.55624990959672,83.41986083984375
54.687271078825695,60.45490121571028,58.29515243530272,55.07117,56.871004735329386,56.34524956393748,54.49856948852539
311.98630503090345,270.4377191153514,137.7523902893067,128.2602,129.83077564445824,120.36322740639862,303.07830810546875
151.6265759772166,139.4719258554932,119.55445495605473,102.65654,97.46491704695563,103.43337694871848,149.05462646484375
83.19753795416577,89.24046454146428,82.35853050231934,79.88178,73.03058041937742,75.69349753156945,81.42704772949219
54.82831999784687,61.032312831089406,58.42522659301756,55.66228,57.69716419980668,55.12803534709853,54.21422958374024
213.0623666123698,186.8864465198849,120.82418312072753,116.64905,98.64056374876087,118.99631624120084,223.3684234619141
307.21552573789864,265.5532821705766,136.89273269653327,127.90118,129.83077564445824,119.65780131384739,298.4381103515625
149.4996628038775,136.8483418635395,119.68982261657717,102.309425,97.46491704695563,102.79676186139992,147.34974670410156
23.056699964793136,37.299374215337494,22.81077960968018,22.848438,22.817672803430337,22.668775945315538,21.95122718811035
54.298223835123956,60.4502423668404,58.33812911987303,56.262394,56.94679687861511,55.12803534709853,56.06243896484375
147.53778358648566,134.3332515777973,119.02432495117193,94.35134,88.88699238166893,102.50018233353263,146.78146362304688
82.59205814552617,88.29120357924475,83.40924453735352,78.89444,69.59355850798339,75.39499803124923,82.3075942993164
22.395465729844133,35.41280122613675,22.238288345336912,22.272116,21.55395898849564,21.918485574355987,22.283525466918945
219.7271041485172,192.21653857698846,120.76133499145504,122.34214,106.20813851944058,121.21702941113521,222.17837524414065
302.37340260800994,260.7329004338054,136.4121054077149,127.99118,129.83077564445824,118.62738240107903,299.9034423828125
55.321377339861954,62.48242588786329,58.468331680297844,55.77567,57.032279698969226,54.85876186705534,59.616695404052734
83.13679226080576,88.74652427822755,82.93610839843751,79.57294,70.81270878688782,77.21353163599095,87.26644134521484
223.12572034267419,194.7909798073879,120.33541412353513,119.88044,105.37464262943755,120.7812780222929,231.69859313964844
22.685526675071326,36.05748017664122,22.56334495544434,22.32857,22.26846565779855,21.851701801994018,22.89925765991211
146.63131058325885,132.58733579415326,118.69999786376954,93.922005,88.88699238166893,100.70380552298492,153.51976013183594
300.4467264807109,258.3278935503834,136.01744338989263,117.686264,122.9901332496392,109.85084154088229,316.02203369140625
307.9657322426351,265.57060655044677,136.68563369750981,122.30232,123.5482147809002,112.26649503057416,316.02203369140625
149.79280226531233,135.28465968565214,120.04707336425781,94.61403,90.34730190346956,101.61582139770648,155.7929229736328
230.09414039789317,200.50274073456612,121.0270486450195,122.45242,107.27782190446632,121.05170346638869,231.9366149902344
86.05061916349872,91.75944245442089,85.66066421508789,80.3179,73.69389511711503,77.44665764434127,88.84214782714844
57.962335039781415,66.76648670424596,61.976018676757796,59.050438,57.73121490237457,61.26891417928101,61.1331787109375
23.004050657260237,37.04195196012848,22.761353416442873,23.460194,23.152238357029667,23.541719536915426,23.436798095703125
233.5465639245747,203.54930193289587,120.84730163574217,120.82892,106.33915064467676,121.05170346638869,231.9366149902344
152.99198359568862,137.19694240368952,120.00793075561528,94.91761,90.26555155733725,102.34966078260757,157.9037322998047
88.05169856543777,92.96402312910698,87.50660308837892,90.60761,80.46160866682933,86.01715130763814,93.89368438720705
59.97123428017465,68.35684461752764,63.17588012695311,59.61624,58.32953623836315,61.25610947128132,63.83441162109375
23.369806265965742,38.107183714752395,24.55754230499268,24.30048,23.631450975817668,23.83593903072055,23.42702293395996
312.5401106241788,267.5226084515196,136.5371463012696,120.169846,122.9901332496392,112.88420237428693,315.0451354980469
92.54348386865887,96.18813534160736,88.9821952056885,109.7513,89.97531684314019,102.67445616240165,93.3375473022461
63.15317078959137,70.01125434702543,63.322773437499976,59.012375,60.22629398852469,65.25806510166862,62.79182815551758
156.50406335455799,139.75336977972057,119.86521652221683,95.04685,90.26555155733725,105.3393081766322,158.2284698486328
23.55938939644633,37.096585592987324,24.72940338134766,23.904577,23.684149248459832,23.83593903072055,23.612720489501957
235.72711263983754,206.18118855276282,120.82849235534664,121.00594,106.33915064467676,121.05170346638869,230.86557006835935
315.6594911737451,268.77379832963686,136.56059082031257,120.169846,122.9901332496392,111.95199895014736,314.0682678222656
158.59756615766287,140.66893373721987,119.87889251708987,94.956,89.69385191473332,105.83662242655262,156.11767578125
23.82068264395254,38.38746956052987,25.06967422485351,24.143133,23.699204605733588,23.83593903072055,23.7104549407959
94.1525002625718,96.99726487308588,89.65168434143068,107.91934,88.2424033280427,103.42209508078905,92.68872833251952
63.93298900492681,70.24536740518855,63.631663360595695,61.11407,60.408512470812326,65.29845878340352,63.076171875
235.69506276481312,207.23493380734362,121.37122169494626,120.79162,108.06882718149781,120.7812780222929,230.6275787353516
317.1760441077802,269.1128565957393,136.35153808593753,120.169846,122.9901332496392,111.33429160643459,310.1607360839844
64.75544984081444,70.88621156258161,63.643082122802724,64.3523,65.58031358095292,66.67885074294738,63.02877807617188
94.94762962273852,97.26515764970584,90.70867240905763,93.528786,85.10126389512281,86.87912330810838,91.99356842041016
23.97987087989974,38.7188858278663,25.03774799346924,24.143133,23.68290596373957,24.108772351731602,24.15026092529297
235.198341779912,208.2115290354142,121.58207077026363,122.40917,108.06882718149781,122.97476497542866,222.53536987304688
158.97750166362306,140.71872327345997,119.64470420837407,94.88135,89.55808203013896,103.55467212193771,154.49398803710938
316.32844721148433,267.6092842019995,135.90217224121102,118.15869,122.9901332496392,111.29010701833461,310.8934020996094
158.33106183346504,139.95867121430248,119.4368154907227,94.767685,89.1527350409073,101.75829531139,153.68214416503906
64.84921305341369,71.15148488528445,63.56374542236329,63.776234,64.75569547123433,66.82921610328113,64.45048522949219
315.86610618295833,266.71382500100344,136.4316424560547,117.72204,117.6027250048868,110.60875180142008,307.7185363769531
94.61942525470808,97.2146324193504,91.94661933898928,91.514336,84.43640839353894,86.2569603456998,91.3910903930664
229.9353699853835,205.7324447570384,122.21443550109868,119.22908,108.07980418835228,122.47168725538708,227.0574951171875
24.43827255349177,39.82996175787759,24.961665115356446,24.282104,23.929050038278334,24.108772351731602,24.03297996520996
228.68998850965147,207.0457475361248,122.89505737304687,121.51528,109.28813909227725,122.97476497542866,229.3185577392578
93.83438532873839,96.74827637764157,92.04274948120118,91.03778,83.91696057023917,85.39748259136874,92.87409973144533
24.387835640778857,39.31265117779515,24.983971557617185,24.191029,23.988990882615237,24.206481010886023,24.15026092529297
313.5456864665349,264.43087287301864,136.02330566406255,117.35812,117.6027250048868,110.51152750383758,304.7878723144531
65.39978026677117,72.49345552588649,63.87678886413573,67.308426,64.56003644298106,67.80214265054607,66.15652465820312
157.2061253547832,139.07235681834587,119.71966705322268,94.78759,88.63052774237752,101.75829531139,152.2208251953125
155.46755142250132,137.33527174659648,119.58254447937013,95.21105,87.62123677265143,100.51525559085856,150.84066772460938
310.1624295445479,261.55839870469174,136.23235839843755,110.33026,114.9629223145622,109.89609115698329,298.9265441894531
94.08069752763676,97.38724546166154,91.96409370422367,91.18965,85.34734576413841,85.90056031141032,92.41065979003906
229.04360087234593,207.77116284004188,123.15881591796875,119.49811,106.2912217523868,120.18552754222434,227.0574951171875
24.550272095448165,39.430403246910195,25.128123931884762,23.933725,23.906669178840957,24.206481010886023,23.739776611328125
66.34567593103353,73.93624473595878,63.92666397094727,67.97229,65.12659719265571,68.04403072130233,62.55487823486328
304.79263086828496,257.68439092446584,136.08387237548834,109.85885,114.49790003387137,107.8031348185683,298.9265441894531
93.40897234031895,97.36989017355883,92.30642906188965,90.74208,83.00031383644136,90.50464572967503,95.09864044189452
24.163576520631533,38.677465649457886,24.62840007781982,24.116447,24.14230043387332,23.905558793200942,23.91569709777832
64.417052849097,71.87090471343863,63.62434333801269,62.69465,64.4771179640506,65.12472398028358,62.270538330078125
153.6092943811549,136.80996564055113,119.67128738403323,94.849075,87.53726410316007,100.37119256437005,148.486328125
228.1346062442438,206.88526235764377,122.89412727355962,117.63357,105.00679079461085,117.31648137404993,225.9864501953125
94.3086255520388,98.93734768204696,92.05447219848635,103.491776,98.98574261463365,101.74189126058792,99.91845703125
150.827627902849,134.51792908557363,119.47054542541507,94.840065,87.26672966809889,100.07461303650277,143.452880859375
227.31065946471793,205.6626214222979,122.98204551696782,117.44577,104.91839532296306,117.96458913734854,228.48553466796875
301.33523681377415,254.8864380650847,136.33590820312503,109.84274,114.69216878478989,108.1251095329083,295.7516784667969
24.255986341970114,38.93104736385368,24.171698989868162,24.195368,23.747002823126415,23.751074966634086,23.42702293395996
63.63767424163309,71.38765180960432,63.55025207519531,65.97553,63.85501750934982,67.20365224655545,62.93399810791016
63.46667851223218,71.82961917944327,63.940796279907225,66.81514,64.5839042863564,67.73612832340038,63.3131217956543
146.8605389120131,131.25056519903558,118.69808326721196,93.05311,86.58914101483325,97.876596525647,141.1797332763672
23.824959094219746,37.44551571434262,23.885807075500477,23.980045,23.406184429271033,23.16189010301504,24.238222122192383
228.5865011135475,206.8457527233437,122.7474604034424,117.915695,105.05416520755742,118.64594435426307,236.4586944580078
97.49354750486742,101.91701113369804,91.98667289733889,124.2295,107.20981406513197,123.63221518952011,100.6599578857422
298.3740401814207,253.564279870947,135.3043190002442,109.15635,112.89882817739925,104.93067620512939,304.7878723144531
63.33422226474922,72.09992287231111,64.23670425415038,67.23482,65.91292921518524,67.77848235823387,60.18537521362305
233.67069494675087,210.31314805821435,123.7925740814209,119.97205,103.69039154713703,117.96458913734854,234.1976776123047
24.43603818530806,39.28091654627388,23.918466453552238,24.458933,24.193369842269036,23.751074966634086,24.0232048034668
99.34454162056726,103.67404599425801,91.85365905761721,121.65119,106.52990080792887,123.91674109380675,96.67434692382812
143.54169376734197,128.80185601699182,118.7680612945557,93.26609,86.70725327869928,97.876596525647,136.876953125
301.2257416081529,255.9583248164053,136.16202331542974,110.81688,114.1398096886031,105.86387082031524,298.9265441894531
24.18696179388105,38.41315649111859,24.488028182983395,24.036352,24.11250117884897,23.4447515552736,23.78864288330078
235.50302471074218,210.99097772858332,122.79742469787597,117.24393,102.78586525390888,117.96458913734854,239.9097900390625
300.16195336457884,253.90638877117598,135.39028488159187,109.680626,112.9729196902457,104.93067620512939,305.0321044921875
139.59448884139545,125.40600667411937,118.62442222595217,92.76676,86.4914235481811,97.876596525647,135.5780029296875
61.52494761586876,69.7162186738991,63.728254547119136,61.363724,63.03775224679208,64.86296550724573,59.095401763916016
98.74286050983986,102.72569589523279,92.8139835357666,121.41475,108.62631876098114,124.45931289604673,96.95240783691406
98.7754681804049,102.77244206353919,93.07618438720704,120.50148,107.51799755467002,123.65915407498831,95.19132232666016
60.22520247156109,67.683800421546,63.54323554992674,60.21783,61.94788721723722,62.396465825095305,57.958045959472656
24.08107198464207,37.634477509541334,23.72651622772217,24.081978,23.87546208131006,22.94657262692903,23.72022819519043
239.91159330302773,214.0637445737854,122.93167610168457,117.102776,103.33503703912943,117.08971905144487,238.2437896728516
136.9934367167413,122.76596961471046,118.92373229980473,92.982925,86.95770304282873,97.876596525647,132.81773376464844
303.16733950836056,256.32819849441967,136.5058860778809,110.824524,114.20123416673759,106.47930716716952,298.4381103515625
301.4984604670666,254.04712386150288,136.09559524536138,109.3271,112.9729196902457,105.56729129244796,295.5074768066406
58.78532721338597,64.88570500711639,62.66099899291992,60.53274,60.156975757813115,61.920773273749084,56.20460891723633
24.044875499657202,36.74377887444873,23.967188148498526,23.90474,23.87546208131006,22.917082124450165,23.42702293395996
241.33416068351718,214.18084750209206,122.865246963501,114.95239,102.87426072555667,117.06504333027304,234.9117126464844
134.3268692794496,120.00961679309383,118.71373611450198,92.78728,86.93865800885783,97.72071393889475,133.06129455566406
97.41916814602256,100.88743900296362,93.13723350524904,118.41284,108.62631876098114,123.26689960795757,92.6423797607422
57.06720411746745,62.88798204478331,62.65643066406249,59.983345,59.623967933680966,61.38290642181079,56.34678268432617
133.1784669005922,117.97168364473607,119.4991491699219,93.64607,88.28039834645789,97.72071393889475,131.7623291015625
95.24611928973071,98.41620102187561,94.48061889648437,115.85192,106.64347869960179,116.68152016593432,91.2520523071289
299.5878006349598,251.4312169048775,136.03502853393562,109.400505,113.61238687366982,105.56729129244796,292.821044921875
240.1740199661837,213.1313169953141,121.59255523681644,114.33339,103.02186519815756,116.80153264083621,231.34158325195312
23.795479214818787,35.193150803435465,23.17035110473632,23.674782,23.338793120353873,22.569513742133417,22.69401359558105
93.15288845531137,95.75670777670771,94.66112602233888,106.24759,99.51277664592021,108.28975499478481,95.19132232666016
56.41169127374171,62.24762563523811,62.15788429260253,60.35978,60.801263045891325,61.370573931895855,57.43675231933594
131.81322603718345,115.91550647537312,119.3096343994141,93.83647,89.30061659253171,97.72071393889475,130.62576293945312
23.200312322982708,33.28293954682802,22.67415863037108,23.265217,22.68143801029145,22.340265556554144,22.586505889892575
237.57530908948578,210.925712172304,121.99265090942387,112.69813,103.21054564500005,113.6746255578125,237.29173278808597
296.8764727215815,247.90256533705792,136.37107559204108,109.31221,113.49154287122107,105.56729129244796,295.5074768066406
238.7969328977361,213.2772841894425,122.86915443420413,116.45809,104.30498591192153,117.30461036087779,232.53160095214844
23.0615463161423,32.63397614109575,22.60179115295409,23.251352,22.76277845347649,22.340265556554144,23.35860824584961
130.91980465186472,113.89428374094807,119.1445072937012,93.83647,89.30061659253171,97.72071393889475,133.14247131347656
56.76072634870655,62.42333185099592,61.973567886352534,59.53885,61.23393389704331,61.40948194884363,58.9532356262207
296.85790403941627,247.9347401200062,136.44336532592777,109.73245,112.97396814201299,105.56729129244796,297.9496765136719
94.0409806827766,97.59313547244854,94.50490356445312,108.3046,100.15615983966266,109.84616549438523,95.46939086914062
23.48464422327376,34.484753850611135,23.723745727539054,23.941324,23.792470382868597,22.48740444653165,24.15026092529297
57.71547325710056,63.72014767141822,61.992530670166,60.44445,61.14316574466501,61.913223851894195,58.289772033691406
94.29112061584839,97.9061983032304,94.33925964355468,103.61578,93.79469877114937,110.61975542485024,95.46939086914062
131.94725464122143,113.8555218049435,119.34298507690434,96.36952,90.21873258188177,98.36631655175361,134.84735107421875
297.79131975774715,248.74822679226986,136.44336532592777,109.88956,112.97396814201299,105.95386056601218,302.3456726074219
236.3238473240069,210.56577133485487,121.97897384643561,112.583176,103.21054564500005,113.2454998537145,250.38204956054688
301.0497371983512,251.42767349835643,136.60162033081056,110.58743,114.44339794290882,105.98516599353447,304.54364013671875
94.85130220507278,98.4043739945595,94.54886352539063,103.57098,93.92699356194072,110.61975542485024,97.23047637939452
244.91966852845013,219.69479197378035,122.34605194091797,117.08809,104.79891632401603,117.07784803827273,263.2344055175781
24.048199969364838,37.06691502953538,23.888412590026856,24.456345,24.190740185615113,23.007234971328366,25.21556854248047
134.02953568829065,114.3805281431648,120.04730819702152,96.6873,92.07865659270846,98.36631655175361,135.5780029296875
57.95636817023524,63.2603218236638,61.735768585205086,59.928673,59.59772620240751,61.427978458919604,57.91065216064453
24.97107650857996,39.40772443730833,24.92386852264404,25.64926,25.479057921519143,23.470245543874636,26.31508445739746
255.8236061677965,226.92019373756128,122.80587692260741,117.29508,104.41363198960755,118.50766127654062,271.0885925292969
58.21407521822675,62.74628830834977,61.52752891540528,59.673462,59.97804476001181,61.427978458919604,60.4697151184082
303.6308545420152,254.04038409192543,136.50002487182618,111.89833,113.0595348989703,106.51962359367633,308.6954040527344
135.64440230546253,114.82683988478749,119.28378997802737,96.670135,91.54495720629063,98.36631655175361,139.71841430664062
96.5252441171553,100.0608689390776,94.60747650146483,104.76922,93.39038872037675,112.48520337857461,102.69911193847656
307.7565300451579,257.5907239846879,135.7810385131836,112.49453,113.99095985201643,108.32747635210639,308.6954040527344
138.9551475773553,117.55742319448214,119.99594985961916,97.74001,92.2883477326775,99.48672521021892,138.66302490234375
266.4107639121767,233.06284501493656,122.08306060791011,119.74232,104.55307984815003,118.72589079710507,273.2305908203125
26.099974600022765,41.160567208031665,25.319180259704588,26.079563,25.852519083018677,23.83593903072055,25.6798095703125
100.55146277907713,104.41490038734383,95.21294876098634,106.50523,93.96792765395702,112.20153318489385,103.6259994506836
59.93825862983299,64.51731928754704,62.10339431762693,60.69899,62.177576840627516,62.77725419067499,62.55487823486328
139.92508595816952,118.12966586489814,118.89749694824222,95.4898,90.10842888124118,97.98589466326496,139.3125
309.76984150615095,258.8586103290008,135.63646057128906,112.06696,113.0595348989703,109.12965018751719,303.07830810546875
25.980524432209084,40.353528040869634,25.21956043243408,25.81868,29.687241186281504,23.93364768987497,26.046314239501957
273.6006517433603,237.70368632533533,121.09322837829586,117.14146,104.5056599236709,121.05395244179938,266.8044738769531
102.87311641809417,105.58879102999995,97.31733497619626,103.9416,92.26748377893821,112.20153318489385,105.7578353881836
61.66067012940572,67.23077662060867,62.14435295104979,62.517372,62.03782711245813,64.04210487006007,63.64485549926758
140.76108982108522,119.0458558778396,118.56144866943363,95.37259,90.10820978653003,99.47261960584953,137.93234252929688
105.55185950268876,107.47694086261416,97.50084312438966,115.2335,99.34013212304541,122.0683115630604,104.83094787597656
26.567566544337506,40.898044855492515,26.691492347717283,26.130268,29.926593018681576,24.108772351731602,25.65537643432617
274.52770080378957,239.18181928700918,121.52702018737791,117.752655,104.89825673775637,120.58997319831097,271.5645446777344
63.1425091576203,69.04791838633508,62.66338973999024,63.032055,62.296971362925795,65.22994672187623,61.796634674072266
308.4910986845105,257.1956166491748,135.36293319702153,110.46283,113.19182968976166,107.88123019443043,298.6823425292969
62.840918387433085,68.51282516486872,62.47731948852539,62.180893,60.57192002222768,64.87081111281678,61.417518615722656
106.28586698151916,107.54398310254538,98.77054306030276,115.315735,97.84102853727015,121.46797617913884,104.73826599121094
140.13372671543004,119.27943161286635,118.13357452392584,95.493164,87.87693212894065,99.17604007798225,134.279052734375
26.330581814921892,40.2885651242203,27.80320877075196,25.423775,29.700155879621118,24.017766416457135,25.435474395751957
305.1009215753248,254.203288417313,135.51532577514655,110.078766,113.74841897061509,106.45036764287048,294.0421447753906
277.28200209809455,242.49925418742754,121.98552383422849,120.03142,108.51411209415187,122.92309028691304,266.32843017578125
62.57934216981362,68.22439929768466,62.41543983459473,62.283363,61.64552902389603,63.716011089190424,63.36051177978516
275.19744474907833,242.08482343512898,121.86835372924804,120.65772,108.47240100243773,123.14985260951809,266.32843017578125
26.158784985906408,39.71617640696856,27.632194480896,25.007797,28.30017210191086,23.945892286454296,25.89971351623535
300.2729014866333,249.991790182002,135.39028488159187,109.592285,113.47766544084277,105.65917041576633,298.6823425292969
106.50299771888353,107.86913123191479,99.03676681518556,114.928734,97.89933114316987,121.49265190031068,108.16773986816406
137.84026332476458,118.12134938517174,118.77247772216803,94.33049,87.90459626950627,99.07881578039974,136.95814514160156
273.49810763072344,241.8341529792545,122.71058418273925,120.778496,108.47240100243773,123.14985260951809,259.42626953125
299.40751764468445,250.77994444623587,135.92952407836916,110.263054,114.22475015574378,105.2743947267191,301.61297607421875
63.3631240623309,69.9110655592836,62.95521896362304,63.106724,62.16232824026881,65.61489587582383,60.706668853759766
137.7658461903094,120.17530466436268,119.38662322998051,96.511734,88.17227005836334,99.74367345418968,134.36024475097656
26.317854945886765,40.487429397481115,29.776118621826168,25.3032,28.437792070031428,24.036898221728766,26.021881103515625
108.23915637878181,109.9340575567039,99.11859451293947,117.70706,98.03583409402552,121.76307734440645,104.18213653564452
26.228751000378505,40.66156716144855,31.86342864990234,25.183735,29.723719282187943,24.002108644375603,25.28887176513672
300.10815943586704,251.9007167569132,135.86700332641604,110.165344,112.90029439091936,105.37161902430161,288.9135131835937
61.87818360191758,68.01191708440034,61.66588302612304,60.37389,59.39432055805934,63.94292626571927,58.716285705566406
268.15602495671754,239.15880262722024,121.37022666931156,118.47775,108.47240100243773,121.06633892419606,263.7103881835937
106.90515984887995,108.51761737238631,98.85308097839359,116.537605,99.29656285597783,122.12619580744465,102.6064224243164
135.83791522999346,118.86499428716533,117.75299530029305,94.46884,87.44207467428917,99.21110523166924,132.98011779785156
105.3751843928288,107.59515867407741,98.61019714355467,104.06227,93.66313709995059,108.86717101370543,104.73826599121094
294.47777184266215,248.27305153649817,135.98813812255867,108.26118,112.63729440904608,105.56729129244796,290.86724853515625
60.39695306867116,66.109330289439,61.235871887207026,60.2497,59.399075363327306,62.64875455473484,59.4271354675293
265.8966787152509,238.87580089961105,122.61711860656742,121.163536,107.45843965280037,120.43952001636114,263.9483642578125
25.66789475731753,39.36099791741319,33.00551734924316,24.566986,27.98900452113834,23.331357944382695,25.068967819213867
134.1304907907013,118.08592997267253,118.41727691650397,94.78808,87.06488714874314,99.68383935485282,131.84352111816406
59.86202000229795,65.72146950231577,61.531273117065446,60.6836,60.16469909822279,62.51966112133575,62.79182815551758
25.440132222918727,38.87633754829551,32.97539310455323,24.568123,27.71338846500117,22.978203019167236,26.82819366455078
264.76946528722283,238.33463284453197,122.85938514709474,118.19825,106.25088188551634,120.02222533794708,261.80633544921875
132.43754434777946,116.53495010436932,118.00699028015143,94.58739,87.30361593530822,98.94119637871944,136.63339233398438
105.20947450867754,107.9642486001834,99.07034454345704,106.35849,94.41298724052477,111.17888874616393,110.1142120361328
292.4080734445947,246.53201693817618,136.44336532592777,108.98838,113.49154287122107,105.56729129244796,296.2401123046875
293.9301967712995,247.65729546384327,136.39842895507815,110.3488,114.04199365868664,105.86387082031524,303.8109741210937
61.19159009256534,68.39187701357108,62.64963653564452,63.254723,61.42480869160953,64.44600398576085,63.7396354675293
263.2991305178553,237.25516751584055,122.91092086791996,117.422905,105.05416520755742,116.25107680800193,259.6642761230469
107.67478906850721,111.10679147940036,98.87965248107912,117.29632,100.74242403993196,121.09927466378119,110.29959106445312
26.636346800446514,40.922060192338066,33.653855438232426,38.764244,45.63736068952317,25.10623872589436,26.852628707885746
134.14326992281755,120.0618156629682,119.34140777587893,97.25565,88.10641374080917,99.53717526201538,141.3420867919922
298.8872373517487,251.97809921697177,136.41796707153324,112.679184,113.98910167666297,107.20097881059085,300.8803405761719
26.693508090501357,41.14476506157083,33.68617897033692,38.564392,47.84149699432048,25.33259668246406,26.87706184387207
62.21406561290194,69.86025235807529,62.922575683593735,62.94829,62.22848072189361,64.89633779303267,63.26573181152344
261.46219861895685,234.6505710251799,122.70968261718753,115.2198,105.05416520755742,114.35244704988804,263.4723815917969
108.99565851175444,111.64237326067797,98.77337188720705,116.90509,100.07179060958943,121.8994334848396,113.45101165771484
137.73249036528645,124.34144593762686,119.88816497802736,96.94362,88.17435608926729,101.65525438603711,140.7738037109375
26.932761597437327,41.484401214253424,33.798836364746094,38.57939,47.45444885264251,25.430305341618475,26.73045921325684
62.79841232254978,69.91685048254845,63.264130630493156,62.53573,61.77983357507418,65.19810266164076,64.1661376953125
262.6441263970144,233.83700755926725,122.7780648803711,115.11325,103.90092530424039,116.16108706230499,265.8524169921875
139.62154197177085,125.09450449367478,118.35301277160649,95.70216,87.5132512918431,101.65525438603711,139.3936767578125
300.83432674441536,252.24099364144553,136.16593078613286,110.70867,113.19182968976166,108.39435705283091,298.9265441894531
111.80230111082467,113.62713966710952,99.24848777770993,118.66471,101.259435642986,121.49265190031068,114.74864959716795
63.90041858752658,70.80840457567582,63.5761905670166,63.06628,63.03974226901396,65.19810266164076,61.22795486450195
140.31784496804602,124.96241060334569,117.92166854858405,95.77517,88.08996094899622,101.65525438603711,137.03932189941406
264.34978965673133,233.68925814488819,122.06689270019533,115.25316,103.42459411911172,116.0087382003917,263.7103881835937
27.002755123424752,41.02150146204943,33.776960258483896,38.075768,45.13052306422368,25.26072255246122,26.681591033935547
113.86703819971095,114.57349673835535,100.42636108398436,120.22196,105.37458792288504,122.84258024630999,113.72906494140624
300.88388213840966,251.5163983831172,136.29292510986335,110.38573,113.67205636513484,107.13172285978499,303.5667419433594
26.99628792366855,40.6046526543447,33.64571063995362,37.9972,44.898610707614964,26.495050387023053,26.87706184387207
303.2767860699751,253.6215477133095,136.46681091308596,112.40855,114.00985800584402,108.76646736031628,297.7054443359375
114.55900804227673,114.78353500538148,102.78886833190917,119.83131,104.89825673775637,123.16910217541935,114.28520965576172
264.53976587940275,231.73856061068656,121.99851089477542,113.71198,103.21054564500005,115.91874845469476,258.4742736816406
62.687989385548164,68.10076103524568,62.08582443237304,60.38935,60.362053066286556,64.23033637765234,60.65927505493164
139.52753126196552,123.3095168562421,117.51634963989264,94.54224,87.83533526132679,101.41536735618196,136.3898468017578
115.30109635414424,115.69051273905737,107.81982231140138,117.7648,105.5196120682663,121.29909810091804,122.71987915039062
62.076526531565534,67.00696918721098,61.963621520996085,60.996403,60.53209113580755,62.60640051990135,63.21833419799805
27.095049918133657,41.03958531011905,33.85735626220705,37.902325,45.0890229640168,26.429268045076622,26.950363159179688
301.44527501428234,251.73450942655924,136.11317901611335,109.956665,113.12970811637202,106.5617644390189,302.8341064453125
138.51944427749353,122.43063840959873,117.86981750488286,94.642334,87.91169786680706,100.11630479555467,138.50064086914062
262.0089391270482,228.90759215409324,121.17794746398928,112.5971,103.21054564500005,113.21915798121931,271.3265686035156
303.2500681858244,253.66710916333287,136.46681091308596,112.40855,114.3283843874955,108.14876001660352,300.1476745605469
267.3210522640384,234.67988308207813,122.88024658203129,116.668785,104.35789647416968,117.30461036087779,275.3727111816406
139.09146980533538,123.49417407504905,117.95717544555669,95.45776,88.31166644645548,100.7635026417463,136.714599609375
120.41013635639676,120.09244830609829,116.19159973144534,123.299095,108.75163837418103,123.79126513782793,122.81256103515624
63.225692897391575,69.28713108227272,62.99605262756348,63.1774,61.569433472103256,64.37211243298886,63.21833419799805
27.15645712545416,41.432445796134154,33.7933319091797,37.957348,45.0890229640168,26.404592323904804,26.999229431152344
27.2144110210363,41.86045338621676,33.679186668396,38.1959,45.12289743063438,28.38773070251733,27.8055419921875
138.22053061412038,122.46104544975613,117.5533081054688,94.83905,87.83533526132679,99.9466757677464,135.17208862304688
271.83849002726043,238.49923348940112,122.77606361389162,114.513504,103.6339662678806,117.07784803827273,278.7047424316406
122.6030767650319,121.80911630321573,117.23270927429195,120.51897,107.01686668373007,124.06169058192371,123.18331909179688
302.9387846610695,252.9020922327514,136.23626617431648,112.08393,113.69281269431588,108.21467888666375,300.3918762207031
63.286907055112046,69.71242012563702,62.91027847290038,62.608,61.24434943398325,64.48835802059433,64.73482513427734
302.4397208771588,252.83494814954963,135.83965103149416,111.86355,113.67007636773711,107.53332366974922,302.1014404296875
64.24572855269852,71.46929124858877,63.29041229248047,63.26989,61.31160469766596,65.21529026689518,64.30830383300781
276.80152034360515,241.600659353309,122.49740356445312,115.04294,102.87684105277631,117.07784803827273,284.6752624511719
27.743379150260218,43.3115652614525,34.12615463256837,38.560246,48.140266890692814,28.459604832520167,27.707807540893555
136.91389704467002,121.09258919452756,117.5533081054688,94.84721,87.77962217072685,99.21110523166924,135.00970458984375
124.20067236392607,123.55041259143945,119.36231788635249,120.49439,107.01686668373007,125.42906779534512,122.81256103515624
64.36060341675476,71.32705189722353,63.2436450958252,62.906193,60.736854415637055,65.14341613689234,64.6400375366211
136.00537390369269,120.09189222522211,118.04370269775397,94.67087,87.64732737993549,99.0024841379383,134.92852783203125
282.5999775730925,245.5805498931167,122.2618292236328,114.34007,103.18140805758371,118.39486159315958,291.3623046875
27.65495283975568,43.07539452500457,34.16099040985108,39.161095,48.15284997667778,28.55731349167458,27.316869735717773
124.51934012387026,123.92805860329904,119.95193733215326,119.81923,107.63822201424,124.80932950031112,120.49534606933594
302.89349070274113,253.8371386320514,135.84160507202148,111.86355,113.08029122815134,108.14876001660352,309.183837890625
27.624258538378108,42.36878958046295,34.00021282196047,38.46782,46.55394794164017,28.38773070251733,28.123180389404297
289.2260348422549,249.81994245626242,122.26841804504393,116.69562,102.87180768055849,118.70121507593323,293.5116882324219
135.5741769558017,119.48576367822673,117.58109344482426,94.567696,87.77962217072685,99.68383935485282,133.95431518554688
64.95715073577192,72.02040010565567,63.412175979614254,62.65092,61.12396367761142,65.21529026689518,65.16133117675781
306.8717272157041,257.6498839780332,135.79666992187498,112.51577,113.50777719912833,110.64678348418826,308.2069702148437
123.50995304720098,123.55050491621759,119.85113044738772,120.504555,105.5196120682663,122.87578876952242,121.60761260986328
293.51854598542997,252.99671120720242,122.03298912048339,113.84744,101.57053909284546,118.70121507593323,293.9893493652344
65.50657066468347,72.41157791925484,63.68239120483398,62.532387,61.64968881822587,65.25764430172867,65.68262481689453
123.1345397865088,123.62693852274498,120.2633748626709,120.66022,105.5196120682663,122.59126286523578,119.47576904296876
28.25892278119063,42.50548206599741,34.36872226715089,39.29013,48.260076532408576,28.459604832520167,29.0272274017334
134.977291124893,118.33139345600877,117.46020744323734,94.410484,87.50782018918723,98.24577718539932,132.49301147460938
308.6527372449471,258.63944172658347,135.8181605529785,111.41382,112.71050521222702,111.37215073979962,302.5898742675781
307.10017719147004,257.0404863866869,135.42154617309572,110.799286,113.94743838198531,111.09583534236309,298.9265441894531
295.7062850413729,255.04124941034976,122.15216880798341,113.81907,101.57053909284546,118.70121507593323,293.7505187988281
28.93708029855288,43.57809699765393,34.888214416503914,39.950207,49.19207358216095,28.614088659087027,28.51411819458008
121.55483652471891,122.29791665532662,119.7084283447266,118.51355,106.50770881500743,121.02301389669317,116.32435607910156
66.05140036150645,72.78825066396756,63.34748512268066,62.412216,61.57006172746595,65.68677000582667,65.68262481689453
134.0546446422443,116.64391543180828,116.86576469421392,77.36695,79.68759953110032,84.09608020794619,133.54840087890625
66.34848786611695,72.95477562401928,63.684753646850595,62.50434,61.52551979526511,65.71660486747886,63.97658157348633
304.25235979843615,253.93744753834525,135.45475906372076,110.20758,113.12970811637202,108.49921385768766,297.9496765136719
28.68125249755449,43.370706647332426,34.838683052063,39.4349,48.504509476350265,28.694382415733465,28.172046661376957
296.4764038351993,256.12894204910003,122.29226501464845,113.81907,101.57053909284546,118.70121507593323,298.2881164550781
118.89124840437346,119.8450189920763,119.29041030883792,115.85192,106.50770881500743,117.1106458700323,117.52931213378906
134.15512219260023,116.43128383968237,117.56728202819829,94.4106,86.8683530057631,98.515100990587,132.3306121826172
302.1392968018716,250.45628686723165,135.78299148559572,109.85128,113.49842177002381,106.5601441314483,293.3094787597656
298.57255682284546,258.4722622959718,122.57263076782228,114.48113,102.04687027797415,118.72589079710507,292.79522705078125
65.31690624195583,71.30258486389671,62.92640914916993,60.774094,60.877569970938104,64.42241991752363,62.12837219238281
117.92042325437083,119.08083888179488,119.50965835571289,116.345024,106.64347869960179,118.91928588244924,115.675537109375
28.559787960640893,42.199803777395445,34.61731937408448,39.025993,47.80767827185151,28.4608888109172,27.683374404907227
133.41163469585658,114.92133783087296,117.41913017272952,77.68789,79.82858869043616,84.73269529526476,130.95050048828125
28.181121023607364,40.71266118151121,34.37877441406251,38.606865,45.19545881101321,27.849349093065857,27.487903594970703
132.42579151332146,113.81822713842081,116.84919090271003,77.17219,79.58684176045048,84.73269529526476,132.65536499023438
116.01900527970781,116.8849227337166,119.15373550415042,116.40948,106.64347869960179,116.68152016593432,115.675537109375
295.9900099551886,258.0447362626273,122.4652297973633,116.09466,103.02607341155314,118.75909932031749,292.5563659667969
63.71563032697533,68.94573939388756,61.94853706359862,60.338528,59.54025954170172,62.734978597421765,62.22315216064453
298.225188698553,247.94895708448945,135.39028488159187,109.379486,112.8589545865997,105.6572810381449,294.53057861328125
132.89314973197273,114.5570551275286,117.60550537109378,77.830444,80.30387142379755,84.73269529526476,131.92471313476562
293.95202569482404,257.18114469527495,122.4867202758789,116.74316,103.02607341155314,118.13693635790891,286.10821533203125
27.881600121977847,39.988416246382606,34.1913426589966,38.654457,45.227046772438214,27.849349093065857,27.170265197753903
115.40789495597956,116.0573819117258,118.53438995361333,105.17057,98.40445543960908,107.84149867267222,116.97317504882812
62.940551037182885,68.19751464487112,62.342049407958974,60.504246,59.63018117362981,62.661087044649776,61.27534866333008
296.57267979387024,246.41331718052183,135.75368484497073,109.646706,113.63419165461816,105.56729129244796,287.2039489746094
27.43978866066097,38.77897982547422,33.56925765991212,38.501774,45.05192415135421,27.665662009218053,27.316869735717773
61.76599914899765,66.56670603155838,62.14746757507324,60.06022,59.120956847289385,62.25666614766287,59.47452545166016
132.70456047955597,113.96270885336193,117.48046417236333,77.49492,79.82858869043616,84.73269529526476,131.1940460205078
289.4660893144523,254.8652989404529,121.62772247314456,114.46561,103.02186519815756,115.53932117150156,293.9893493652344
291.771000012137,242.72385332057894,135.39028488159187,108.45749,113.51334765216941,105.56729129244796,286.71551513671875
115.8104702785781,115.95600282050643,118.30766342163089,103.47102,98.19040696549743,108.90723946408878,109.9288330078125
290.60646103130864,256.80067833321687,123.12705299377443,118.33562,104.16921602732718,117.96458913734854,298.7657470703125
289.0747174606982,240.38808322972687,135.75368484497073,108.902626,113.49154287122107,105.56729129244796,282.5637512207031
132.43579804156326,113.19704467945937,117.45652427673343,77.49492,79.82858869043616,84.73269529526476,132.57418823242188
60.31242956899691,64.06866209626928,61.57136352539063,58.295006,58.555865652933115,61.15709056392486,58.66889572143555
27.446364457588338,38.761094994888396,33.75331695556641,38.45388,45.06847789641694,27.376452980360046,27.39016914367676
112.53391361685243,112.42232681376439,117.94347114562993,102.29817,97.66472457316466,107.75322881027819,114.74864959716795
133.18607347703332,114.33096511759507,117.55070808410649,77.67229,79.83302036098864,84.82268504096172,133.38601684570312
59.26940118125992,62.77378650110497,61.780345535278315,58.835007,59.05753995995817,61.16300317691326,59.90103912353516
27.38220776812391,38.58251157428656,33.823421401977555,38.453777,45.11832006527694,27.296159223713612,27.976577758789062
285.6480995591049,237.19362193726536,135.39028488159187,108.82976,113.49154287122107,104.93067620512939,290.623046875
113.8814648921122,113.9370694961583,118.83800811767578,103.78856,94.80530796602494,108.26352382055576,119.1977081298828
293.8432627079691,259.00756958682825,123.11429740905761,116.71266,104.08746568119489,117.31648137404993,292.31756591796875
293.18165202042206,257.50487964368915,122.45445892333987,115.2429,103.21054564500005,116.69050665484176,280.8540954589844
288.57563004421155,239.48343742686004,136.2167291259766,109.935295,114.0887180587985,104.93067620512939,284.7617492675781
27.73576715883744,39.992193093141935,34.48725330352785,38.863476,45.25814020070995,27.60699416121318,26.9014949798584
134.0394068865922,115.2414087018518,117.54943008422855,77.75396,80.45517538842562,85.58378014854237,129.1644287109375
116.49201383045637,116.46287370883205,119.02860382080078,103.9289,94.80530796602494,107.02971675055527,115.11940002441406
59.45280707295499,63.280664441710215,61.72435951232908,59.66468,59.3317532903725,61.16300317691326,57.05763244628906
287.2912109775842,251.99499266830108,121.93133453369144,105.29371,96.8146229551324,111.1843415045549,266.2860412597656
287.5765165073908,237.2052670490358,135.50360366821295,107.99911,110.83339709370492,104.89711180796745,270.596923828125
57.77175131959519,60.93710638065793,61.74903602600097,58.057903,58.55637605093591,61.14177126966625,53.92988967895508
27.023555333548494,37.116308658664636,33.27869396209718,38.17319,44.63075876300415,27.109348659321178,24.48255920410156
115.91207191436906,114.5220659985348,118.22733184814456,94.02719,87.82828733699859,105.55195141379247,111.1337890625
132.22245458486043,112.30683073481592,116.8554099273682,77.3248,78.05990134718931,84.69913089810282,124.78048706054688
129.08796163837079,110.37998430284837,117.13354919433596,76.250565,77.30016927179065,84.06062643316282,128.27142333984375
276.57567473143325,245.26291738164326,121.20533866882327,104.99796,97.59654118565004,109.53848624493223,269.8683776855469
55.619689029839556,59.30504501592524,61.80831420898438,58.054485,58.79899492667357,60.960197050041465,52.74513626098633
25.376040875854795,34.11583421559632,32.670439376831055,35.641697,45.58815577430408,26.90587816362088,24.14048767089844
113.8942726093117,112.90231424678723,117.28796722412112,93.33228,87.21754802554167,103.04291395880796,108.72388458251952
280.5735295786233,233.90796967240132,136.10145690917975,107.39087,109.97810017976262,104.89711180796745,273.0391540527344
271.9979541404758,241.30912699217888,120.38253356933595,105.22845,98.20494806685893,109.83506577279951,266.5248107910156
54.151068290125664,57.67363857156579,63.300722427368164,58.32166,58.993660796563816,60.97355619299906,52.79252624511719
24.9772922578772,33.56341154604438,32.617831497192384,35.96197,43.35769831072992,26.924123266524205,24.62916374206543
278.04215094486545,232.42080397737075,136.41601318359378,108.20113,110.19392991028079,104.89711180796745,291.1114807128906
111.66501267085927,110.81301091653178,117.30038566589359,93.624725,87.08547232946147,102.74633443094068,107.51892852783205
129.4708966845725,112.49681281945871,117.80459007263185,94.08495,85.25674909799321,98.47964721580364,132.24945068359375
24.86774097623227,33.716616308728355,32.39948989868165,35.495,43.0387344581569,26.924123266524205,25.508773803710938
53.416176302803926,56.48000374567834,63.2481568145752,59.28566,59.32546291690162,60.94115635063786,52.9346923828125
267.8537905915655,236.79889585864035,120.02335472106937,100.72819,94.33364024536934,101.74902182978535,260.5542907714844
285.2946625763434,239.40866611829196,136.54300888061525,110.70808,111.42627848237106,105.92029616885024,295.0190124511719
131.38328242928776,115.55268613799872,118.37637649536136,96.34795,85.70657015778478,98.7193188725952,133.95431518554688
109.80629222238602,108.45016529677176,115.92906440734868,93.39013,87.08547232946147,102.60227140445217,105.7578353881836
133.40522587986808,117.73938157556151,118.52844917297365,96.333,85.6804663861989,100.51072813560087,132.57418823242188
107.81993313168448,105.75821861832426,116.33970771789554,92.99208,85.22813821181506,101.14389143042027,102.51373291015624
53.10882880866602,55.463083350477234,62.86997749328613,58.064247,58.76369775824695,60.94115635063786,50.186073303222656
262.88332448068377,231.15294172250282,119.60459365844731,93.12708,92.67179138777584,99.95264501923765,269.6295166015625
25.213112797611757,35.056114364015365,32.40972328186035,36.141922,43.323594897922504,26.768240679771953,24.726896286010746
291.672251665147,243.13418964546466,136.55668395996094,111.931015,111.37047498210518,106.48605919651439,294.7748107910156
265.16576347945113,232.41134339817606,120.03426109313966,97.51616,97.43148498125527,100.85632202436369,268.6742858886719
134.09465488424274,118.0281625174296,117.92716171264657,96.53984,87.83533526132679,100.04025298205696,131.35643005371094
24.59487861486923,34.06071136951304,32.328356475830084,35.66051,43.071184061239755,26.7750708848688,24.101394653320312
51.504238961091325,53.54023557393861,62.41939514160155,58.719723,57.76803164260409,61.612491969293075,51.370826721191406
296.04206524908847,245.86370879515343,136.4218737792969,112.20983,113.87081595614414,107.70976900839362,293.3094787597656
104.98083535577041,103.20690249862925,116.54521110534672,93.54456,87.55895443150999,100.51440335059779,104.55288696289062
266.2957129285194,231.719133109798,119.76383323669435,94.00137,89.72744119512892,99.21072501984109,272.4953918457031
51.873037966280975,53.267774652283904,62.60900741577147,60.29458,59.438757971045106,61.638183602165604,52.83991622924805
134.01060812217582,117.68327228308564,117.86607284545904,95.12845,87.83533526132679,100.21853047892989,131.68115234375
24.290336127272276,32.89302491921654,32.0515644454956,35.796284,43.110910544052864,26.7750708848688,24.14048767089844
104.7703301208669,102.41040890806921,115.46539604187012,94.69008,88.47526954400142,100.51440335059779,107.7042999267578
297.984106197462,247.28058416731182,136.2968328857422,112.13958,113.70172460741229,108.31838904441179,290.86724853515625
297.8115658950169,247.35938746871895,136.2616650390625,112.224625,113.6747788901527,107.70295269755749,285.0059509277344
105.87744112146096,103.79995934873442,115.47416709899902,96.03751,88.67082104124124,101.53758771148058,104.73826599121094
269.76357177020293,232.03609308087107,119.77030181884767,94.37754,90.20377238025759,98.70355512960892,271.30126953125
24.330666712186087,32.710975047292244,32.003023796081536,35.93121,43.13760769781653,24.791932506256277,24.062301635742188
134.14620249850395,117.69264954211855,118.32325469970708,96.35982,87.83533526132679,99.94302868447444,129.083251953125
52.67100356616812,53.8010211252822,62.49562438964843,57.28879,60.00991541750361,61.638183602165604,53.26642990112305
294.400005595919,245.6392842371045,136.0760574340821,110.17625,113.74547279178391,106.7041759193615,281.8310852050781
105.30319048481807,102.23240777087096,113.86030967712406,94.35896,87.59278328696891,100.51440335059779,105.66515350341795
132.91592310683671,115.98714167973998,117.53966308593756,94.451416,87.77962217072685,99.68383935485282,132.00588989257812
272.0213529247055,231.07478196817627,119.6006377410889,94.061966,89.85742606221564,98.70355512960892,273.2118530273437
24.249590914401107,32.35746277544424,31.996204833984365,36.17572,43.0442344227548,24.791932506256277,24.365278244018555
53.39625836443297,54.07490348574662,62.73967758178709,57.12046,58.44098533489145,61.638183602165604,55.30419921875
133.81438153883207,117.66678297651806,118.36480392456059,97.45285,88.35118552941384,100.72160819897147,131.2752227783203
55.34472562617123,55.73999187884893,61.05273643493651,57.768715,58.94251192908412,61.638183602165604,53.88249588012695
106.26935407563548,101.81841088696827,111.4848092651367,94.94949,87.59278328696891,100.51440335059779,101.0307159423828
274.7547178480682,231.27202332998553,119.70778106689455,94.31543,87.91278823933823,98.17317605351428,265.5695495605469
290.4976318044523,243.2466066462654,135.93929382324222,110.26661,113.18236821384005,105.93647195220026,286.71551513671875
24.59677188706478,32.67926974314959,32.11129901885986,36.340576,43.159142609489706,24.666601080560298,23.759323120117188
55.33296560315815,55.4952249407074,61.12596542358398,57.00127,57.72600981510534,61.858114710434805,57.10502243041992
272.60067706815374,228.93193860027432,119.3000933837891,93.69398,87.57033503985289,97.876596525647,273.92828369140625
290.2940035871562,244.63189836994698,136.48634826660154,110.99584,113.86938025157039,106.47985814534933,290.1346130371094
24.20366453532346,31.569015184072146,32.18154579162597,36.272995,42.98443060990495,24.776926192206535,24.081846237182617
104.24220932597096,98.96696936558267,109.89205604553226,94.01431,87.31092297903166,100.51440335059779,103.53330993652344
133.51263526561294,117.59800367447366,117.88935485839848,94.97898,87.83533526132679,99.53717526201538,134.11669921875
274.9389402265634,231.46037156116245,119.84505317687989,95.00478,88.55122876998608,98.83386201646957,268.4354248046875
24.37715849756664,32.75885623811017,32.296875038146965,36.73227,43.67496502919353,25.006500557944285,23.945018768310547
104.75460352527932,99.1495801214364,108.91535659790037,95.67578,88.12648267338673,100.51440335059779,103.8113784790039
290.78433948646244,246.09613698952933,136.23235961914062,112.53525,114.11164113891853,107.09433266153934,292.821044921875
57.48107314119699,58.78485767268783,61.145842208862284,58.710613,59.20533671582583,63.22794714337044,56.77329254150391
134.6949667414214,120.10850187612967,118.78634620666509,97.34902,88.31280518329763,101.7123876808339,133.14247131347656
24.14563717900161,32.496930641946115,32.2822102355957,36.80541,43.38332178872059,25.006500557944285,23.90592384338379
104.80899339137235,98.55031281467598,106.70445571899411,95.51086,87.65015148825805,101.15101843791636,104.18213653564452
272.95260820927047,229.05197986311066,119.37559608459476,94.10993,87.77719833782547,98.8997808865298,265.5695495605469
292.52221950173464,248.2171926491395,136.30660308837892,112.10769,113.15508327841667,108.93609638812455,290.86724853515625
57.764515773914304,59.308090011167124,61.34138359069822,57.912,59.58367000739915,62.68821357506799,56.06243896484375
134.66751964618422,119.88636832111861,118.56361640930179,96.724915,88.03705038674808,101.7123876808339,133.8731231689453
104.94763061922939,98.40355461080826,105.47748870849605,94.848816,87.78013635534477,101.15101843791636,105.66515350341795
269.92342062419846,226.73128005638722,119.31502937316898,94.4466,87.56534560144897,98.60320135866252,268.4354248046875
292.9878740438152,248.51752588074064,135.60129165649417,112.03803,113.69281269431588,108.32066004127026,287.6923828125
135.2658351356785,120.79167041157592,118.02521636962894,95.6785,88.08996094899622,101.48562535822884,132.81773376464844
57.687700258668876,60.033313711206716,61.30304389953612,59.177643,59.147765127015916,62.32697169824324,56.44155883789063
24.10840112488386,32.43651008276728,32.334154472351074,36.856304,43.32642812742649,24.898728388560958,24.14048767089844
269.2468894987642,227.11102692470504,119.66748405456543,94.4745,87.78409688964851,98.21842566961529,260.79315185546875
57.946483316881896,61.2407015772955,61.427308349609376,59.568546,60.255988759186494,63.14766995803684,55.06724548339844
291.97153436300766,247.36136075150765,135.35902481079108,110.56221,113.69281269431588,107.88123019443043,288.1808166503906
24.349953663636054,33.452559136809334,32.19900238037109,36.685654,43.269993624548285,24.8968568932566,23.573625564575195
105.84136980506197,99.34343681135945,104.93293975830075,95.38349,88.51600562227519,100.85623249456606,101.0307159423828
135.06317321155487,120.19665146954692,117.99972785949711,96.63917,87.99457576937775,101.77830655089413,130.70693969726562
23.904748149442412,32.1996203161893,32.22310569763183,36.570953,43.181693782402064,24.898728388560958,22.869935989379883
56.86130953144445,60.730440299167974,61.241326675415024,57.329704,58.52985648487196,62.24686572845863,55.44636917114258
103.70743259864756,96.9778412919272,102.53625640869137,94.03994,87.38353964482924,101.2410081836133,100.8453369140625
291.90253278552666,246.83181043812525,135.78299148559572,110.06478,113.05334551089176,107.68211066414331,282.0753173828125
265.3080219207242,223.07227715952789,119.28904426574711,93.859344,87.17433394536094,98.51321161296558,257.6884765625
133.87404696732978,117.41028061817435,117.14890914916997,77.76056,80.45907774746178,86.40663428112879,130.70693969726562
56.6125347235282,61.19550253221866,61.24201980590819,58.917213,59.64823277628702,62.302295977071424,56.01504898071289
23.380603267032605,31.702484546568165,32.18456508636475,36.354523,42.80140303952944,24.8968568932566,23.16314125061035
102.70661282434556,96.5066219572178,102.30771072387694,94.63377,87.78013635534477,101.3069010246686,103.8113784790039
288.93293686402717,243.5579349375906,135.41959152221688,109.525444,113.49842177002381,106.74515358622077,290.86724853515625
261.55447514354586,220.42365967749598,119.18335960388187,94.02024,87.44903820166043,98.51321161296558,264.6142883300781
133.13575196230863,116.81900824326954,117.54943008422855,77.75396,87.91169786680706,100.0776431803026,133.7107696533203
103.87213225348353,98.3680343552994,102.79554824829101,95.71354,88.46615868044249,101.60348055253588,102.69911193847656
134.15357237161336,119.43156709014822,118.676935043335,97.48584,88.47090695450643,101.27339667262402,134.279052734375
291.50832694280285,246.81027917586806,137.03145050048832,111.9476,114.3283843874955,107.20669128835205,295.26324462890625
23.48015545276618,32.09627100095428,32.25239704132081,36.796963,43.08851415095203,24.898728388560958,23.2413272857666
262.5628199741653,222.96293011095474,119.77225433349611,94.41965,88.26932408686034,98.80979114083286,264.3754577636719
56.599746051955115,61.74429705282177,61.19533370971677,59.004314,59.780416579153574,62.805373697113,55.63593292236328
134.57690478154527,120.40871651376526,118.12661727905278,79.98279,80.839071976043,88.24623774698827,136.876953125
294.74444148280674,249.70374682564517,136.59380630493163,112.4484,114.1052431854625,108.93609638812455,293.5536804199219
23.313048576757694,32.42393274927244,29.623996887207035,23.657278,26.237073478263873,23.568240350472504,23.622493743896484
103.50047636598178,98.13141470238031,101.9905955505371,95.058876,87.9075987410663,101.39878014798698,104.08944702148438
262.80863632205336,222.89810625415043,119.68489700317386,94.3874,87.79299290173165,98.8997808865298,257.92724609375
56.17336623407502,61.47043907744937,60.22673896789548,58.80752,57.72204683011359,59.63540386061823,55.25680923461914
295.4327240614324,250.18955564693937,135.69702590942384,111.80146,113.67007636773711,108.93609638812455,301.3687744140625
55.8455966117357,61.25836219822012,58.09592094421386,57.34941,57.85086091627597,59.13232614057665,58.24238204956055
136.5163069727801,122.49815327346421,118.35304161071782,95.41339,88.14382792540492,101.48562535822884,138.50064086914062
104.15611548869651,99.77155702778646,101.83136337280273,95.54063,88.30331950664583,101.79258397343678,106.96279907226562
259.95796669438704,219.8139852110552,119.1905222320557,92.988266,87.26827122166307,97.876596525647,268.6742858886719
23.546923357462706,33.737394655486284,23.686046485900878,23.955116,26.483598112212768,23.603305504159483,24.09162139892578
138.42740798459266,124.31058981984647,118.51129737854008,81.92503,82.24156901871032,91.83804848830854,135.65921020507812
300.31723700517784,254.5606541180749,136.8263069152832,112.60152,113.47314955947859,109.21650395575168,295.7516784667969
263.99267705479906,224.44260842816087,119.75659484863282,95.22165,88.39172107238939,98.35983455529778,268.1966247558594
23.85680558031757,36.191890597279865,24.23405899047851,24.069508,23.580302652678018,23.911496239514342,23.681133270263672
105.831784441383,102.70518542887734,102.64565925598143,97.546906,87.99427880164613,103.95568928817862,105.3870849609375
57.403128497481475,64.36762272519188,59.19217773437497,60.358353,58.781245052505284,61.27140136389776,57.76848602294922
300.6909992969974,254.15916241671255,136.0701976013184,111.64436,113.94743838198531,110.64678348418826,294.0421447753906
266.80245827413796,225.0109100722456,119.59836990356447,95.09212,87.58086041165704,99.0283850642126,266.2860412597656
105.89272029308837,102.19907267857187,101.82978225708004,95.44229,87.83533526132679,102.94857201743118,105.7578353881836
57.774156696467855,64.0851319754327,60.02635978698729,59.463535,58.64732414061623,61.37941268939803,57.91065216064453
23.702597299008804,35.33374895882841,24.08799053192138,23.805622,23.382309071080243,23.728008214478876,23.29019546508789
138.28098706490755,123.06694761189017,117.69606262207037,95.77496,88.03893368417587,103.0896260846643,133.95431518554688
267.5806669463296,224.83984115224646,119.55790222167973,94.87518,87.73898638359601,98.99889456173374,261.50958251953125
58.34639214475498,64.44120311905486,61.47635627746579,59.348244,58.51099789755021,61.40524721854961,57.43675231933594
106.35204035016359,103.21552120568248,102.67588653564452,96.82519,87.83533526132679,102.83394239375998,105.20171356201172
23.56358534311556,34.06550397593572,23.52073787689209,23.569763,23.077750251224856,23.603305504159483,23.47589111328125
137.3303949018707,121.61189761318367,117.1373445129395,78.62515,81.03550270521276,88.20850404774927,131.84352111816406
300.21019036437275,253.35709962728853,136.4160124206543,112.22367,113.85205320236682,111.59891306240466,289.890380859375
135.5535348785446,118.9716561771951,117.13258285522467,94.5743,87.66170066621578,100.58481307053478,131.51878356933594
297.4815285696424,250.7076987216828,136.1249018859864,110.32502,113.76917529979613,108.35890958218374,287.4481811523437
106.21125546150772,102.96822179432951,102.40837829589842,96.571724,87.83533526132679,103.45164973747275,103.90406036376952
23.734970875099386,34.47109072468011,24.06941436767578,23.755592,23.187695414874128,23.693295249856437,23.10449981689453
58.3241822312149,63.96324075522413,61.677065048217756,59.232582,58.259396797529185,61.18616809093732,56.53634262084961
265.8156467211355,222.57379665999198,119.30195953369144,94.451416,87.52514732105709,98.60509073628396,261.50958251953125
57.81716531631213,62.72432363221777,61.41584953308103,57.45339,57.24152954822735,59.72054298181055,55.01985549926758
105.54221290855762,101.66210698014618,101.80010421752928,95.07395,87.83533526132679,102.98272938815407,100.10382843017578
23.36718612849093,33.3972403074743,23.08414638519287,22.533724,22.472093197226172,23.603305504159483,22.83084297180176
265.0882830385384,221.34510225046137,119.6516835021973,94.53054,87.52514732105709,98.60509073628396,261.9872131347656
134.09456989284928,117.43785619267663,117.56045684814457,77.67853,80.04544567076154,85.11926456882898,130.95050048828125
293.95071759327664,247.8008221818008,136.4804872131348,110.16451,113.49842177002381,106.5617644390189,282.31951904296875
103.02131647310708,97.89205764686596,101.3046471405029,93.743,87.1721949079876,101.73488579042248,98.80618286132812
23.10363077124511,32.31001283317211,23.17660743713379,22.084574,22.32244775800169,23.603305504159483,22.73310661315918
56.66321288791099,59.93640272643298,59.57133796691893,57.334972,57.38341921157826,58.91133287216476,53.503379821777344
132.71434183340816,116.0228072493871,117.47862289428716,77.57659,79.8493450196172,84.8965765937337,129.97628784179688
288.97285559633997,243.28370029040508,135.98813812255867,109.272095,113.49842177002381,105.65917041576633,277.4350891113281
264.2932264010366,221.11205284943654,119.57350097656251,94.53054,87.6572230171373,98.22031504723671,267.4801330566406
22.90114736342169,31.777628516516888,23.29795253753662,22.421879,22.683687278614535,23.693295249856437,23.16314125061035
283.10362368965735,239.47343638865848,136.09559524536138,108.78635,112.8738804687453,105.6572810381449,273.527587890625
100.89854352971687,96.72332999481627,100.00766036987302,94.421326,87.2298986665668,101.39878014798698,98.4354248046875
266.3559391891333,224.63591104897813,120.25731002807619,96.928314,88.18935272373615,100.54429253276281,268.6742858886719
131.3353340716782,114.46401298850124,117.43718841552737,77.60858,79.82858869043616,84.82268504096172,126.48534393310548
55.18891677415936,58.35422395318588,58.26702903747557,57.394135,56.8860788163168,57.98463933703433,52.41340637207031
128.7916782030414,112.34929639029102,116.88121398925787,76.09135,79.62990515442141,84.09419083032476,127.2160186767578
277.894865563476,235.6509282818855,135.39028488159187,108.82976,113.51334765216941,104.93067620512939,279.6330871582031
53.7562712415423,56.458704007353774,58.598504257202116,56.792583,56.22042821545807,57.98276784172998,53.835105895996094
268.28904211420206,226.1044933365051,120.28466217041017,96.59029,87.89822689164697,101.7123876808339,266.2860412597656
23.15979515284935,34.43066798590545,23.92354122161865,22.729986,22.96164384912421,23.767186802628427,22.869935989379883
99.31980275613064,95.49663620207211,100.26169578552245,93.54399,87.28621841608863,100.67028593735004,101.67953491210938
100.0467398048024,97.68246716342122,100.6184513092041,95.42131,88.09782738391655,101.39878014798698,102.88449096679688
278.2268217708194,236.37364585036133,136.5058860778809,109.958435,113.6711524556466,104.93067620512939,285.494384765625
268.3194247717559,227.02885915062546,119.90133621215821,96.724915,87.73898638359601,99.97616627022526,271.0624694824219
22.840646453819563,34.12551998438076,23.81894317626953,22.704947,22.95003505393657,23.693295249856437,23.18268585205078
53.77900935056338,57.91482509128797,58.36433227539061,57.881123,57.62391384316391,57.997998479991935,53.645545959472656
127.98284039236474,112.7954977328416,117.38220840454105,76.509926,79.72261164504484,84.09419083032476,132.00588989257812
101.07643164984192,99.2234455836714,100.66887130737301,95.5402,88.31166644645548,101.79258397343678,103.44062042236328
23.14245637419571,35.52965683736078,23.92367420196533,22.952438,22.678439238365534,23.693295249856437,23.270647048950195
53.36438004185981,57.54951835149718,58.49256591796872,57.644215,56.85969819700942,57.997998479991935,53.26642990112305
270.2880889706975,230.28732926651773,120.2968295288086,96.94562,88.16042700907883,101.88201670864217,271.30126953125
281.7138313194472,238.8779615849222,136.5058860778809,110.67299,114.38127636951917,105.86387082031524,279.6330871582031
130.19225759573735,115.98167706680564,118.47124931335453,94.817894,88.1524920227492,98.80979114083286,132.65536499023438
131.95087261609228,117.06246995107463,118.13529083251959,95.09212,87.83540134567147,99.52434116289109,134.03550720214844
23.290892020211796,35.82593198847224,23.85793186187744,23.092798,22.350403580160027,23.733291313207225,23.60294532775879
271.92871912991893,231.0432472783914,119.66073997497558,95.718346,87.37225674075552,101.65525438603711,285.3917541503906
281.8322582138555,236.8849403498557,136.09559524536138,108.979996,113.63419165461816,104.93067620512939,283.78485107421875
53.36291714596571,57.24554013038132,59.169029388427724,57.255836,56.89744659640074,58.00845947460251,54.83029556274414
102.43403267212055,100.2424279125999,100.70403915405271,95.29024,87.83533526132679,102.81083334878755,104.73826599121094
284.3636612326998,238.19526858320276,136.5058860778809,110.435905,114.38127636951917,105.86387082031524,284.7617492675781
280.4896563000213,238.35771211663166,120.13115295410155,97.181625,88.4248055911248,107.82991925933895,293.9893493652344
54.32974907127143,58.767587032625826,58.453072662353506,58.090836,58.04629309384672,58.07623295447219,55.49375915527344
103.94866387692015,101.51481649511283,101.25909034729003,97.24273,88.47090695450643,104.74844130124157,105.85052490234376
133.8633097407169,118.38313373692624,118.47373626708988,79.84584,81.32595881787174,85.86141571574466,133.62957763671875
23.609478284821723,37.200681090921535,24.150032081603996,23.343145,23.366130961966686,24.079364788580005,23.573625564575195
289.35840465145077,244.49972022167154,119.46207916259763,97.09165,88.29568724909774,109.77035909637517,291.1234436035156
55.14228735898389,59.72984257200055,58.31456108093259,58.27826,58.39930446583852,58.18766123727398,58.14760208129883
105.52357536053576,102.84405719987565,101.30447029113768,96.98059,87.99457576937775,104.50607709253693,107.9823760986328
23.631391859650773,37.4075949929966,24.18940578460693,23.424564,23.391620990247155,24.284595769879818,24.15026092529297
286.1831354369169,238.1391457868024,136.44336532592777,109.976654,113.76917529979613,105.96298449551918,294.0421447753906
134.80208980470212,118.47862897833507,118.20411590576177,78.521545,80.89688527519857,87.55787167802629,137.2017059326172
293.14863330277757,246.87714154452206,119.13107994079589,102.53331,90.417707258295,109.77035909637517,272.2565612792969
137.19877422682487,121.41562341592316,119.22792655944829,81.91534,82.08394456774734,88.757102885201,134.6849822998047
107.62390383105897,104.82718392031114,101.56043106079102,96.72717,88.16396902335678,104.44894379774016,110.4849624633789
292.34437765526184,243.4085765203741,136.92399337768558,113.39615,114.00985800584402,108.76646736031628,292.5768127441406
24.187435534498636,39.35029767740074,24.608158454895015,24.160788,24.33991687309146,24.595434632706652,24.287090301513672
57.33614768007381,63.2796882857227,59.66822982788085,60.833557,59.93890523805826,60.731459122164345,57.0102424621582
294.86409791734917,244.33372574260972,136.38865936279302,111.887215,113.85205320236682,108.43301866808298,289.15771484375
285.6354927959091,243.64725739582263,118.96230354309081,101.50105,90.43787266422403,105.33726865058378,279.4212341308594
57.49669451272972,62.779900729339936,59.56123466491698,59.64807,58.48777405494231,60.868547551185294,58.05282211303711
24.32537628674133,39.26829384266467,25.04206699371338,24.176462,24.461773685755023,24.595434632706652,24.11116600036621
136.98881044916467,120.73523157768656,118.13248046875007,80.14173,81.44042540035943,89.19239864543033,136.79579162597656
109.89659520060852,106.76429350257742,102.43813896179196,97.469246,88.39203612682851,106.88026331364772,111.78260803222656
284.25217367328776,244.38913928172548,119.3756327819824,103.11799,91.48428352953059,105.95270499743808,277.27178955078125
24.275775095970115,39.05036904111365,24.87021999359131,24.897396,24.785345823969685,24.595434632706652,24.995668411254883
138.26470635787618,122.75299076088803,118.85168991088868,80.65925,81.90454411085388,89.35877961398249,138.7441864013672
294.8710360127154,245.03791771491072,135.9959533691407,112.12378,113.71975841157547,108.93609638812455,289.4019470214844
58.60715272997573,64.42019064932904,61.16505104064939,60.3274,59.592170253968725,60.868547551185294,60.51710510253906
111.83536541268388,108.07042670952738,102.36643836975097,96.3158,88.35058463082989,108.81771273231648,116.7877960205078
115.69611815878939,111.54561888561119,102.53446250915526,97.379234,87.87536649264784,111.23165094101891,117.62200164794922
281.70625239463135,243.06179310460968,119.77160469055175,102.02852,90.33629605638951,105.95270499743808,267.7189636230469
139.81292856896343,124.14056706881266,118.82786468505863,82.03967,82.2982478874791,90.75477573150295,137.2017059326172
294.890954265134,245.3961167588612,136.3749839782715,111.98915,113.030609184313,108.31838904441179,284.5175170898437
25.036163599607402,40.52185956065625,25.025689659118655,25.692106,25.694337883144687,24.948821440855394,25.11783599853516
60.433512277254664,66.10129849672387,62.6779389953613,61.475254,59.24405000387845,61.96905332940379,60.56449890136719
61.070743236040734,66.85896390612254,62.86971977233885,61.18988,58.597784732748714,62.41613112787625,59.80625534057617
117.86155234869241,113.13193220024226,106.97084167480469,96.262245,87.47646802012038,111.87606495722474,114.74864959716795
139.50575380013515,123.99150393687653,118.1971786499024,81.41943,81.74769574205553,90.35148455655653,138.01353454589844
25.193697533671163,40.52008325588427,25.12082302093505,25.634985,25.483500996591797,24.96453940141847,25.02010154724121
275.174379127148,239.17687287911423,119.33726608276368,95.15008,87.173508614788,102.54338574261935,257.2108154296875
291.689527772081,243.25393319571157,136.2206361389161,109.8614,113.58719846516642,107.00075544722878,284.5175170898437
117.86458608453444,112.96537902752029,109.52102272033692,96.79986,87.03013995857867,109.51826493619554,114.00713348388672
265.7098849823696,233.16888777389036,118.67575187683109,94.50732,87.07945285773037,100.45066103163434,237.8662567138672
139.71049959713068,124.58804614318065,118.81803916931159,81.284805,81.74769574205553,90.25377589740211,138.48236083984375
25.24845650653617,40.27612032615437,25.11824531555175,25.547361,25.30915698320613,24.76211755330392,25.70424461364746
61.21213113768468,66.54932594183877,62.74150001525878,60.99437,58.97087130950353,62.70130518223073,60.23276519775391
289.6987875050614,242.42753797694292,136.56840621948245,110.029884,113.12970811637202,106.5617644390189,285.494384765625
117.26075727163288,112.5725060206937,111.83500823974612,98.81626,88.70592206872047,111.5414040693483,113.45101165771484
139.92547204035623,125.14280070912005,118.51173431396487,81.19905,81.85946541828206,90.39783892389062,135.5136260986328
61.491117625080996,67.08320662041277,63.07773918151854,60.976665,60.40981511053667,63.07992691983062,58.384552001953125
288.9879764946012,241.72678354098232,135.87872573852542,110.031235,113.69281269431588,106.45036764287048,278.4120178222656
250.03058432310493,224.5670808736066,118.54684486389164,92.21715,87.32475160925293,97.876596525647,237.0303649902344
25.83627021210897,41.349404980238546,25.162982826232906,25.862865,25.645098413497873,25.135008892944025,26.14405059814453
116.23878071453697,112.05070826230111,113.37109680175786,98.6345,88.75067172125092,109.73276405693136,112.80217742919922
284.50099574600233,238.03902968707118,136.09559524536138,109.27699,113.49842177002381,105.65917041576633,271.32958984375
60.2821802138,65.55666919368632,62.77365890502928,62.401066,60.67769682281241,61.76719282556742,54.640743255615234
138.20201270340388,123.5090463355464,117.57214546203619,80.0394,80.6786721118367,89.19262192678364,135.5136260986328
240.19576229041436,216.96917434523925,119.32408592224122,93.53074,87.67436331179897,97.72071393889475,230.94044494628903
26.185361272096287,41.57301710384747,25.450850486755364,26.012306,29.94412469244952,25.135008892944025,25.75311088562012
278.5995467424698,234.65230974960397,136.09559524536138,108.45749,112.8738804687453,105.56729129244796,265.2240600585937
232.2553950533603,210.3244614822752,118.99729011535648,93.48473,89.50291191545337,97.72071393889475,224.4384613037109
57.68317937287743,62.00578514333615,61.00057174682616,58.351406,58.11953056236921,59.472653459847095,50.09129333496094
137.44744092746384,123.34069866208232,118.01325866699224,80.11397,80.26420620982738,89.08122513063522,134.02926635742188
26.034647934383987,40.860616585856185,26.40428577423096,25.522432,29.428307283693293,25.04400295766956,24.995668411254883
115.2548424152654,112.4286345535706,115.19982437133795,98.69027,88.75067172125092,108.80056063279179,107.1481704711914
136.03593081493634,121.54440700149286,117.70919235229499,78.66309,80.48220975065787,86.17924875405382,131.4097900390625
111.44820742496476,109.03950765208609,114.69524971008305,95.86778,87.79952448314138,104.6206547837209,103.8113784790039
53.770722494160516,57.612117330394994,60.95452743530271,54.184265,56.00329198125072,60.994965713851066,48.85914993286133
225.5563726070103,202.79959434401295,119.40532440185551,95.3658,91.07442388568079,98.36631655175361,229.9771881103516
271.99334952175286,230.0632358534831,136.09559524536138,108.29386,112.85207568779695,104.93067620512939,262.5376281738281
25.5640468306012,39.15031153523738,27.41391895294189,24.830027,27.644136585029706,24.360523279604656,24.433691024780277
107.65769989033396,105.60790315451587,114.97085838317875,95.301544,86.77232746672061,103.52371644094035,107.05548858642578
225.721698069362,198.95696315360942,119.14609161376953,97.110115,91.55075507080947,98.36631655175361,231.6628875732422
25.116430017081587,37.41933335358942,27.198313369750966,24.510506,27.32900997608307,24.275755128149594,24.506994247436523
134.04080939920675,118.05010851801045,117.13258285522467,77.43934,79.68530211657652,85.5034704516316,134.90240478515625
51.268135286496026,55.61448960608231,61.204775466918925,55.109608,56.56780696427435,60.994965713851066,51.512996673583984
267.3180610590314,226.34552257716794,135.3297181701661,108.75483,113.49154287122107,104.93067620512939,267.42205810546875
24.976687560869937,36.91630700841305,27.098953971862787,24.15748,27.222943554058933,23.98482062505477,24.26754379272461
134.61912632689558,119.92561020160075,118.51084197998051,78.42895,81.16862393159174,86.41298665626995,132.7195281982422
107.1534791085248,106.44505249366033,115.44055183410646,96.88909,88.31165718870085,103.69758915812092,105.47977447509766
227.44872361485574,196.33149917050181,119.82814773559569,97.16219,91.18069184877284,99.0297794061194,222.75277709960935
267.19261874249327,225.32144762821662,135.81620559692388,109.10237,113.96787405634976,104.93067620512939,264.2471618652344
51.19174578443687,56.24785575428549,60.86644203186033,55.43206,57.680404889565565,60.994965713851066,52.74513626098633
24.55461930310422,36.19596777513924,27.095964202880854,23.911295,27.07003565564616,23.86376063413215,23.28042221069336
133.7167557953604,118.20496328373389,117.76169677734379,77.51477,79.88660269093874,85.6317796333253,134.2039031982422
51.51207179049448,56.563512798640495,61.270724487304655,55.02902,58.1929250979101,60.994965713851066,53.1242561340332
105.83788315245461,104.91395786732626,115.17811805725101,95.30518,87.85484385013584,102.84565659471635,106.87010955810548
266.0135408578188,222.6321166315438,135.44303695678715,108.77182,113.49154287122107,104.93067620512939,264.49139404296875
225.49305882396104,191.59576316119157,119.56944107055665,97.14772,91.18829476850273,99.0297794061194,232.8669586181641
23.748435609933853,33.68762228330626,26.671508827209472,23.115215,26.1228132068166,23.601434008855122,23.2413272857666
266.21232047043344,220.8154832946448,135.77322250366217,109.03657,113.49154287122107,104.93067620512939,264.0029296875
230.87415708528377,192.7156146046574,119.32694229125975,98.66958,92.0038544628578,99.0297794061194,233.58938598632807
52.346937454742196,56.895965390527216,61.30663421630858,56.474827,57.779295525180544,60.994965713851066,54.21422958374024
134.39749495504836,119.23996886903386,117.61592674255375,94.68342,87.93356873210007,99.41607470626897,133.59268188476562
106.57964827482738,105.15146737103495,113.82530113220214,95.021286,88.65177550686954,101.41537706627975,111.31916046142578
53.7561148154271,57.82319568637482,61.25188407897949,56.53507,58.47238655154199,61.07507168363568,52.83991622924805
234.95300198177551,192.6751454525848,119.19603927612305,98.649895,91.43117439999834,99.0297794061194,223.5956115722656
266.3942078945357,219.93259205437354,135.77322250366217,108.887726,113.49154287122107,104.93067620512939,260.3396301269531
109.59580229151398,107.67618528431943,113.75182067871094,95.41564,89.18693225315364,103.61697552832288,109.00194549560548
23.608505010833305,33.4622644717361,26.668194274902344,23.29949,26.114335695149663,23.601434008855122,23.212007522583008
134.40115228255416,118.63552001268611,117.50184371948245,77.767746,80.25006271133451,85.62643445906116,130.9732208251953
233.45680446775341,189.2980377101161,118.84159774780275,97.80635,91.5615767638354,99.0297794061194,224.4384613037109
23.385731444654756,32.79889877608188,24.981108551025386,23.266731,26.077801139628203,23.601434008855122,23.90592384338379
53.831152971705876,56.96775712397339,60.93526802062987,56.006996,57.082548817206145,61.020657346723596,52.65035629272461
265.25086565395094,217.5997050663185,135.40982254028327,109.11066,113.73578565237804,104.93067620512939,258.6300964355469
133.34909382611337,116.30845822358309,117.65511215209969,76.87097,79.69927032770464,84.09419083032476,129.4015350341797
110.0294082505273,106.98627290026756,113.1653329467774,94.31683,88.10962760827631,104.25359061564146,110.67034912109376
233.07826426965974,187.89401016431506,119.84452239990233,98.68028,91.99715415079257,99.0297794061194,225.5221099853516
132.1379598519746,115.04918598357825,116.89062530517583,93.26966,87.44379308163133,97.876596525647,127.04402160644533
23.921274454755263,34.09684459893644,25.36596458435059,23.703043,26.518474627331713,23.68153997863973,23.593172073364254
264.2602661253459,215.81619089634518,135.66576522827154,109.23368,113.75745445818744,104.93067620512939,251.7919006347656
111.81444319890834,108.05814739562918,112.45460388183595,96.115715,88.9118798015493,104.25547999326288,107.9823760986328
54.35414124732275,56.64977015714204,61.05496742248535,56.409542,57.721185381762055,61.13103166749536,51.08648681640625
130.03451184116503,112.83064579883569,116.95119201660162,76.20501,79.62990515442141,84.09419083032476,127.21865844726562
23.757307551869,33.518948357272436,24.220830993652342,23.49623,26.098138310082913,23.601434008855122,23.671361923217773
53.67017391458175,55.35008421171641,60.855161666870096,55.85423,56.331129016510204,61.00832485680866,51.512996673583984
111.31590219549166,106.73420669091273,111.63739631652835,94.34013,87.76462198554216,103.6400436464086,108.90926361083984
260.204971005032,212.44511430104205,135.39028488159187,108.317535,113.6175654217678,104.93067620512939,261.8049621582031
233.33139794887302,186.63616858830156,119.96565582275389,98.722145,91.99715415079257,99.66639449343798,225.2812957763672
111.72144182334918,106.62776103349925,111.86452529907228,95.16287,87.9862288295681,102.8252004648263,108.3531265258789
128.88938426217953,112.17676173305256,117.40096038818363,76.32129,79.72261164504484,84.09419083032476,128.52838134765625
23.966341401810496,33.78450308388853,24.163562660217277,23.448334,26.100974248034465,23.68153997863973,24.1600341796875
262.7598039098295,215.29033293970116,136.45508926391605,110.40513,113.92632856874597,105.56729129244796,263.02606201171875
53.576191543409756,55.22427981258444,61.021062698364254,56.601803,57.5239841547819,60.85725258911463,51.6551628112793
232.57035214920927,185.77118665566138,119.86015228271485,99.08117,91.99715415079257,99.75638423913492,227.32823181152344
232.38980039367343,185.90607690606046,119.69209671020509,99.08117,91.90080527306179,100.76254349796362,226.48538208007807
24.38752413254282,34.89234717241022,25.054370803833,24.083664,26.735764713220977,23.738689122920288,23.95479202270508
53.15988144774779,55.531214835048175,60.49326530456542,57.00268,57.62305634456966,61.3364171112405,50.47041702270508
264.36281679429743,216.2953005749259,136.44336532592777,109.88956,114.00916295398888,105.6572810381449,267.1778259277344
128.87145432222377,112.36557307650455,117.96402862548834,76.672485,79.72261164504484,84.73080591764334,128.70301818847656
111.18106250827819,106.58627365435697,110.73814529418947,95.060936,87.90986622408785,101.52117434917191,106.40666198730467
24.27664913357324,34.557988029776176,24.70935905456543,23.911295,27.045527892019475,23.808114184263484,23.48566436767578
128.76377961620148,112.27757835553555,117.45919517517093,77.14984,79.78713589797174,84.82079566334028,126.60743713378906
231.6039922693046,185.62717395350631,119.7409718322754,98.256935,91.39914400951191,99.87909104982162,222.03033447265625
267.51135255266746,218.8794829446643,136.49416320800782,110.47171,114.3497242545232,105.37161902430161,261.8049621582031
52.072972707764904,54.463417977680564,60.2647068786621,56.698154,56.69936707642669,61.3364171112405,47.53223037719727
109.75299048151874,105.0705530900378,109.46846443176273,94.555244,87.64203343325777,101.51928497155049,102.79180145263672
50.061324798157116,52.19695270842438,60.15148414611814,55.996235,56.26763708585889,60.85725258911463,45.930442810058594
229.43470591236107,183.60944799185813,119.38929473876956,98.168884,91.30279513178114,99.12563844975888,214.6855010986328
107.21018259898956,102.48309269370311,107.89203742980956,93.59955,87.21734763942631,101.3069010246686,100.6599578857422
24.06845385745411,33.68566397487044,23.989733085632324,23.701168,26.351923260797186,23.603305504159483,23.22178268432617
128.12634799544475,110.83153552915418,117.07917800903326,76.69269,79.75074915687016,84.09419083032476,126.3454818725586
267.0035330698191,218.42742680017915,136.01744476318368,109.81043,113.666565043677,106.7379190343352,263.2702941894531
48.286122504247125,50.577156374441905,60.20017021179198,55.52653,56.29744877524423,61.52071544348043,47.29528427124024
23.903025411395713,33.01039324789378,23.95677165985107,23.748764,26.351923260797186,23.603305504159483,23.22178268432617
104.4620418670664,99.70688285016443,105.3252926635742,93.487625,87.45027047871075,101.3069010246686,103.53330993652344
223.88075916481887,180.9244805251003,119.21342872619634,96.64551,89.39205465232732,97.73521699218279,221.7895050048828
127.5797280244249,109.7701202143074,117.42696823120122,76.77593,79.72261164504484,84.73080591764334,127.48059844970705
267.4233752887728,219.4152700107718,136.36521484375004,110.071594,113.54316626496879,106.84931583048362,268.39892578125
224.37504824680875,182.90031758084857,120.04331230163575,95.356766,88.81157765125675,98.48003583690003,217.45486450195312
23.77283330929839,33.285855148577966,24.119401283264157,23.70087,26.698231398409703,23.693295249856437,22.576732635498047
48.098838046492126,50.94319054455159,59.53673042297359,56.530926,57.73761536019986,57.00962432560629,46.55599212646485
127.95846466570403,110.19344607332873,117.47853103637698,77.12063,79.96331012326321,84.73080591764334,125.47234344482422
270.08182231137545,223.14025744479147,136.5273779296875,112.460434,113.9431348446172,107.70295269755749,261.56072998046875
104.36484616864252,100.51910073847579,103.3074523925781,95.307785,88.10481386757732,101.3069010246686,102.69911193847656
268.1849465788936,221.45170368185782,136.01744476318368,109.56365,113.46680365948852,107.5551601640843,267.42205810546875
47.25793972124406,49.80358867324784,59.38126197814938,56.383442,56.61053215806665,56.346161471240485,47.08676528930664
103.80386295448214,99.520373667049,102.45951705932615,93.97584,87.54283230313173,100.67028593735004,103.8113784790039
127.19611091001389,108.7191833619592,117.07917800903326,76.92117,79.87060363263979,84.09419083032476,127.48059844970705
23.166271076669346,32.48736832670421,24.009100379943842,23.432713,26.019131301055467,23.603305504159483,22.791748046875
222.12215154063887,180.71909025701993,119.23182334899906,93.79978,87.85661645887093,98.21459154570393,229.0139312744141
47.363470910706454,50.060341988464,56.89227531433106,56.423573,57.320136416401304,53.20188326761824,47.37110137939453
269.72610067287127,224.69919386690052,136.5117483520508,113.4396,113.88112651631245,107.70295269755749,269.6200256347656
104.33188379523335,99.82865558089793,101.94016807556149,94.5471,87.4854641018426,101.3069010246686,103.06986236572266
127.88908565250642,109.8933622992205,117.58792114257815,77.53662,80.30491987556483,84.82079566334028,127.5679168701172
23.231817216494058,33.25359823594287,22.887649269104003,22.62854,26.583129537342174,23.693295249856437,23.16314125061035
226.76338240593856,187.62108791201322,119.79427810668946,96.32178,88.41582661752784,100.14579529803353,228.89352416992188
270.96287360112984,226.7092320135081,136.30855667114258,112.15272,113.59480852917753,108.32066004127026,271.57379150390625
104.29998741815693,98.90423422336904,101.70757781982418,94.5448,87.4854641018426,100.67028593735004,101.95760345458984
47.44941044221408,50.063627909377715,55.8562525177002,55.532482,55.440494265935364,50.939395302016,47.35214614868164
23.40292016866398,34.66022759327442,23.649779739379877,23.012768,26.38137294320495,23.603305504159483,23.38792991638184
229.6898549145346,189.48691109319398,119.63602172851566,95.21998,87.97544134545974,100.14579529803353,227.689453125
128.09772364275216,109.9562704402949,117.52540039062505,77.63105,79.82858869043616,84.82268504096172,130.1000518798828
103.75706635515004,97.5974363069545,101.6305056762695,94.39126,87.38911522411182,100.67028593735004,100.56727600097656
23.48588888992777,35.78555544074568,23.919890327453604,23.305151,23.092124216094945,23.799092852513574,23.378156661987305
272.2099201052003,228.5308563772,135.65795440673827,111.16311,113.06914000504443,108.90288786491213,271.0853576660156
47.475997506655844,50.11961276790738,56.168790664672855,55.691746,55.894941515166224,51.087793745575226,48.33786392211914
129.580162502557,112.76616603126875,117.60354278564456,78.587715,80.85571500342445,85.31987092166234,129.4015350341797
230.8463969267163,189.93777850757627,119.03621612548827,95.11804,87.84336564937954,99.84921577016625,234.3118133544922
273.0785058208868,229.15030706266387,135.59934036254882,111.16311,113.34997239565114,108.90288786491213,266.200927734375
48.342994512109435,50.9353081407665,56.41527587890626,56.015034,55.59598408616476,51.075461255660294,47.958740234375
129.97466228052582,112.83273906814837,117.46929397583011,77.73912,80.37881278294536,86.36912903775236,126.2581787109375
235.39447679593576,195.2078350777286,119.77778648376463,97.703125,88.66088248817614,101.03981803918283,224.6792755126953
23.52952436838434,35.814494837325974,24.088169403076165,22.923828,23.12429791926881,23.808114184263484,23.260873794555664
102.78180033085177,95.77495918900519,101.48161231994627,94.12468,86.90336511970762,100.67028593735004,99.0842514038086
48.66127330828111,50.634678000391325,56.155628509521506,55.97661,55.674245326762275,51.05964437953732,47.31423568725586
101.74671914862341,94.41183243178342,100.27557609558103,93.59899,84.76384252316683,100.66782820418466,97.8792953491211
23.577826097384392,35.46505782645699,23.759852828979486,22.851456,22.745122927644186,23.600847770994108,23.42702293395996
233.29660868486178,192.87018380344068,118.99328628540039,94.02297,84.77381038369528,100.42134128848396,223.9568328857422
271.2192739711355,227.45510007318978,136.28120407104495,111.02669,111.01391058761867,107.73784312511073,266.6893615722656
128.77423726557842,110.65237985345337,117.05696754455572,77.50963,78.42548852495355,84.82022730779633,126.69477081298828
128.51011903687873,110.65728250088591,117.54862121582035,77.75396,79.929346461086,84.82268504096172,124.51187896728516
100.59467242136606,93.07729406231398,100.55541305541992,93.725296,86.78252111725887,100.67028593735004,93.15217590332033
270.46868764935044,226.8235511927349,136.3984294128418,111.83762,113.67205636513484,109.00201525818478,262.2934265136719
231.64691991247707,191.7738582224587,119.15738098144531,94.89703,87.55143701399884,100.50108048460191,222.75277709960935
48.71084382022522,50.36490293272998,54.989606933593755,55.901176,55.471246293145875,51.062102112702696,44.50874328613281
23.7692237743419,36.14670749242623,24.03069652557373,23.082876,23.383719435169795,23.837604686742353,22.9383487701416
267.332740370646,224.41398355279583,136.2401737976075,109.90125,113.74841897061509,106.87380494716977,265.95672607421875
126.82818982131879,108.22209048141174,116.94218559265141,77.38148,79.39883484386357,84.82268504096172,123.2021484375
46.961462652475,48.42207359016648,53.85387451171876,55.431236,54.63503878580417,51.062102112702696,43.97797775268555
229.3836738781271,190.15918716567114,119.58132225036624,94.713425,87.48907067802385,99.72250097010489,221.54869079589844
97.33869816428361,90.96795673919937,100.54111740112303,92.71462,87.35781224306095,100.67028593735004,90.60323333740234
23.36696950140413,34.71979753127295,23.695313377380366,22.687868,22.597109553057013,23.693295249856437,23.33906364440918
267.4120117428896,224.81967112550453,136.63092697143557,110.649635,113.82986116861203,107.17038447503705,270.8411560058594
227.03180253978272,189.46916299662908,119.59499237060548,94.7951,87.35677588723249,99.72250097010489,237.20159912109372
94.31916180441851,88.57280683905766,100.39653884887694,93.38185,87.67799571831644,100.51440335059779,94.3571319580078
125.25557654523415,108.36392733622506,116.86327003479012,77.24762,79.53052201092864,84.82268504096172,126.0835418701172
23.685208384657262,35.96956553747738,24.023652839660645,22.963593,23.002178455949487,23.882005737035474,23.827735900878903
45.95081284561244,47.662165407575976,51.55633094787598,52.4529,47.91126032456422,49.77830448333378,44.982643127441406
45.863263762266534,48.12533287406645,51.368094940185536,52.206604,48.76019494501878,48.536093424056205,45.87358093261719
24.0310569324155,37.44023582968349,24.113399963378914,23.302994,23.67007731217019,24.361035434480602,24.199129104614254
269.9494444564891,228.41540522244708,136.53714675903322,112.4484,114.08448685628144,108.93609638812455,276.2140197753906
94.76236179211045,89.77804248587407,100.46433883666992,94.78201,87.99868661792387,100.51440335059779,97.50853729248048
125.82726097221055,110.59404546891601,118.14139671325687,78.23156,80.58770690451244,84.82268504096172,126.5201187133789
233.7262898187863,198.60346836277324,119.70121139526367,97.13441,87.92223817751658,101.65525438603711,235.15467834472656
126.0106001016964,111.38390614123742,118.14529800415042,78.07363,80.47080226568497,84.8965765937337,128.2664337158203
24.31190450029102,39.51942141662167,24.75812694549561,23.944595,24.28597740765114,24.464095204178836,24.97123146057129
273.81519686528713,232.58701245727707,135.50165130615235,111.53661,113.55302130711961,108.7093340655195,283.5406494140625
96.27500927878026,91.42025862561684,100.04374183654782,96.00455,88.68390134306827,100.51440335059779,101.77222442626952
45.9449757137477,49.13849171719169,51.36383056640625,49.188198,48.745037445696695,47.736454959838134,48.52742004394531
235.53957949521316,200.09535944230504,119.49143432617187,95.92293,87.21994546357678,101.65525438603711,237.68321228027344
24.999347039357662,40.60825899065766,25.043801994323733,25.46819,25.47799744226771,25.04653010000981,24.897933959960938
99.78677408238137,95.2785285393026,100.02361297607423,98.13512,88.04971510139323,102.34982791712903,103.6259994506836
280.34512548631636,237.36739581696182,135.01711807250973,112.03136,113.60905060360761,111.64782347165924,281.3426513671875
238.91817315491627,202.8017408233159,119.26217323303219,95.76621,87.85739753213608,101.84880818542975,236.4791717529297
47.721117925963924,53.435328225564135,51.46445571899413,50.57897,49.07547666248218,49.8391870929889,49.80694961547852
127.36581445215705,113.48198770328396,118.09502563476568,79.912,81.2139759522763,86.90169726027281,127.48059844970705
127.81590950402068,113.59978295466196,118.06128616333014,79.609795,80.60041954601469,87.01632688394398,125.73428344726562
25.095761346185284,40.3306748873187,25.056354980468747,25.31524,25.31343477279113,25.04653010000981,24.580293655395508
102.84536165291907,97.8678490349988,99.81855659484866,97.65866,88.36708158138316,103.36265766563767,103.6259994506836
240.164231445596,203.54037026756075,119.2035599517822,95.93068,87.3317151398033,101.65525438603711,226.8465881347656
49.16608857756442,55.4272404727769,51.52469406127929,50.702774,50.43605793476249,50.503214325069116,50.23346328735352
283.24009613728003,238.60716298547644,133.79601287841797,111.31708,113.34997239565114,111.99483024329024,279.8773193359375
127.45792127505462,112.01937393176102,117.13132492065435,77.88859,80.35048366372298,85.90866821141614,127.65523529052734
50.31477134263496,56.90922775425458,51.323342437744124,50.839607,50.27472076280326,51.03991399243343,51.08648681640625
25.05658239011098,39.42456005934265,24.9966784286499,25.024689,25.134992590019785,24.577189529803327,24.458126068115234
284.64074518714546,239.1796170805096,135.54854232788085,111.2771,113.34997239565114,111.51621376628813,277.1908874511719
235.9591187142624,200.09294600156292,118.86251541137695,94.54478,87.76928456293797,100.7976600124692,227.08740234375
104.76912558193854,99.120012891,100.23322509765624,97.232956,88.27235074599994,104.50607709253693,105.20171356201172
233.74389643051745,198.0707861966634,119.71615753173829,94.89703,87.98511429345614,100.43521576689956,228.89352416992188
106.9570059579296,101.17864559345115,100.75429275512697,97.732056,88.67076206273593,104.67570612034521,105.47977447509766
51.68019579348064,57.75572441932497,51.40510101318356,51.65275,51.34569387742417,51.18370849109012,52.5081901550293
283.9104221234911,238.5096446873599,135.7615022277832,112.58903,113.28721486938014,111.74297608889319,279.8773193359375
128.47949185925526,113.7431975031254,118.41535247802739,79.92942,81.07675073114336,86.43612478360765,129.1395721435547
25.048461052679112,38.614314997739974,24.77244464874267,24.669569,24.766737404351925,24.50531539980049,24.97123146057129
129.49174804287523,115.34327082247691,118.04195991516117,80.134705,81.46860163994572,88.24623774698827,129.31422424316406
53.09529917037824,59.559472939166874,53.468953018188465,56.044662,57.302205882132334,53.033113666479125,51.98689270019531
25.341592338432733,39.94991717499504,25.05254596710205,25.115162,25.26450602129721,24.93057633795207,24.580293655395508
232.39328576191636,197.47209003494302,119.64188293457032,94.98414,87.88876541572536,100.11630479555467,224.4384613037109
107.97098054871158,102.02277611780612,100.84416595458985,97.27281,88.62886755344203,104.67570612034521,104.73826599121094
284.3039299385014,239.83431783806435,135.20467849731443,111.63295,113.25828915472283,111.51621376628813,283.0521850585937
130.09299254490045,115.94992185815194,118.04195991516117,80.958496,81.24909768018806,88.757102885201,128.52838134765625
53.318095446923685,59.393478162526556,54.21384429931641,55.44842,56.012568863018586,52.53095502439852,52.176456451416016
24.94446232650491,38.925539760229036,24.79861942291259,24.653448,24.627458209034728,24.50531539980049,24.678028106689453
228.94515582081976,194.71524268389078,119.36754776000978,94.695,87.51991873162861,99.8197252676874,221.42828369140625
285.7608539509719,241.75774281606846,135.2300776672363,111.81142,113.00235288447978,113.74171628093383,282.0753173828125
108.03306284431228,102.38291357417322,100.92877281188966,97.24387,88.5770844065804,104.67570612034521,105.47977447509766
53.524948847815146,60.23678258334358,55.26401695251465,55.070663,55.847845402344696,52.912448270606326,50.75475311279297
24.953660712449732,39.121270152782884,24.71092319488525,24.621675,24.24088073603286,24.50531539980049,24.208904266357425
108.1175726788423,103.31859271730846,101.41904205322265,97.02044,88.2821302435936,104.67570612034521,102.69911193847656
129.95114913796607,115.76049104589399,117.923620300293,80.156075,81.12482491607132,88.68522875519817,125.2977066040039
285.4862015833912,242.4200210641574,135.2027256774902,118.50136,116.35307551559562,113.53935289944089,272.5506591796875
225.37217755901156,192.02245402814427,119.36757919311526,94.924545,87.42356985389783,99.79523615100125,220.3446350097656
24.506026857813318,37.77630267887281,24.242228546142577,24.052177,23.770349672585564,24.199693348597968,23.446571350097656
128.05384198708907,113.53893604604924,117.04355804443365,77.60248,80.25777717309956,86.1839463060335,122.94020080566406
280.43507834684146,239.39234769256922,136.2206361389161,110.1286,112.76082726588145,111.7736409863534,264.7356262207031
222.56410274214346,189.61103339470816,119.46627433776858,94.50358,87.37372291206513,98.60509073628396,213.84266662597656
52.555412081183384,59.12977219082493,55.581654129028315,54.279404,54.77596790436104,52.45908089439569,49.475223541259766
106.17256001300446,102.47062160210147,101.32684028625489,96.23151,87.53732634551459,104.06026977349092,101.0307159423828
23.86779353828438,35.57899957063534,23.590453872680662,23.43789,23.063243344325407,23.728008214478876,24.335956573486328
51.30502834819443,57.83221037998875,55.628237304687495,53.622894,54.261710568883494,51.17093779969153,53.92988967895508
125.86476200783531,110.80982518843223,116.86086730957037,77.11961,79.59594149224418,84.82268504096172,126.5201187133789
273.3669746974532,234.84585978196876,135.98813812255867,109.85141,112.62236852690047,107.8119373105211,273.2833557128906
218.5477299494037,186.34290529278474,119.2040861511231,92.84982,87.10980969243404,97.876596525647,219.7425842285156
104.14266590659867,101.46532601417036,100.62308975219725,95.05207,87.85241541568786,102.76985568192829,106.31397247314452
24.431409246630963,37.39524503858916,24.108743019104004,24.282291,23.962629976720688,23.966773888490536,24.48255920410156
105.71462981006555,104.47726490695119,101.37967933654785,98.64771,88.72679135922394,104.67570612034521,110.7630386352539
273.51385191521445,236.3053184297282,136.7989524841309,111.21846,114.38399066379472,108.2057411359709,273.0391540527344
219.6036691282139,187.03469740268497,119.59917556762694,94.067955,87.66620072348654,97.876596525647,225.5221099853516
126.44119185878138,113.02051367850031,118.46376190185549,78.87259,80.98014188148377,85.22264662407983,127.8298568725586
53.3069153937567,61.33234031153973,56.766032485961915,57.67112,56.93021846746549,57.72335218756312,57.43675231933594
24.42990894377193,37.766033190646944,24.16724552154541,24.11641,24.09175905040265,24.058324316663022,24.77576446533203
223.2519521351794,189.4740572728621,119.7474186706543,95.00389,88.22885462822946,98.1750654311357,230.33839416503903
273.4492553066932,235.06252854867304,136.35153808593753,110.4498,113.78043585862719,108.11386201265252,289.4019470214844
55.83121957656696,63.63685716115347,57.15571533203126,58.460884,57.5881032020933,63.38328013905071,56.48894882202149
108.72914970633857,107.4328268556717,101.18435958862308,97.894966,88.30271793841425,108.62415893292385,111.50454711914062
127.21352853728256,114.48347867240798,118.56752388000493,79.84584,80.80027642553897,87.44324205435511,129.66348266601562
24.721113402841606,38.998249102640195,24.301596870422358,24.244864,24.260359133765654,24.203116436858856,24.48255920410156
110.78767998377818,108.94329374099678,101.08722846984863,97.45739,87.37769147578607,109.56775570909966,111.6899185180664
228.4060275092592,192.92150541349784,119.6570728302002,95.97551,88.5104260374648,101.89066517770684,228.41189575195312
56.49147760727297,63.820567928984694,57.105247726440425,57.98967,59.636911916443665,65.79092682914813,56.10982894897461
282.7244244120765,244.27296682568092,136.5293327331543,112.62542,114.15038933300936,113.02380519489421,287.2039489746094
128.8489351383534,116.48069072551732,118.74225486755375,80.17874,81.99428403227849,88.24623774698827,128.96495056152344
24.559910184785256,38.07167382327073,24.222304000854486,24.164303,23.932593142207374,24.028833814184157,24.14048767089844
286.59650904379527,245.7424603312224,136.35349243164063,111.605034,113.29958383067607,113.31259057683585,285.7386169433594
129.14190768274938,116.32016089415147,118.48566757202153,79.80303,80.99227045481705,88.24623774698827,127.91717529296876
230.20745729351395,193.06970623221443,119.55935279846194,95.44048,87.89822689164697,100.73174114240896,230.33839416503903
56.99883212179516,63.84744598859632,58.15353775024412,57.90959,60.2233092476237,65.02080755076861,56.34678268432617
112.23992702396814,109.90158310798506,102.66861228942872,97.71159,88.17295168741732,109.71181873558817,111.31916046142578
128.97470227313326,115.64953545202091,118.01038131713871,78.71531,80.89688527519857,87.1277236800924,128.70301818847656
232.5900968953302,194.10830616498373,119.60624336242678,95.30585,87.89822689164697,101.3789389886006,234.07101440429688
24.38596467307852,36.99382476834474,24.284473533630365,23.905825,23.728231231503873,23.78986908136016,24.648706436157227
288.6261677512901,246.98145724315918,136.23235961914062,117.77251,115.87901049463346,113.31259057683585,280.6099548339844
112.81933467080599,109.95037370882733,104.12807731628416,97.40209,89.80252277586303,109.71181873558817,112.98756408691406
57.34227560487064,64.1024777880736,58.19107917785644,57.64571,59.69500901480284,61.85083771427384,56.58373260498047
57.59037134031585,64.15680995841925,60.66826385498044,57.637573,59.950274623256746,61.893191749107324,57.67370223999024
236.32372274950134,196.3035912277731,120.5462871551514,96.78206,88.76794567831706,101.88201670864217,228.0506591796875
24.81007134091811,38.23760088972386,24.18879009246826,24.189344,24.09175905040265,23.874637232815218,25.19602394104004
287.325710193152,245.4589889174236,136.1327169799805,117.9948,116.29083576095773,113.03627517939931,278.4120178222656
113.95685855331075,111.09504823379716,105.87125823974611,98.93436,90.97443025179655,110.98590121809495,111.6899185180664
129.40169737633067,115.98739748595963,118.6319776153565,79.90497,80.80053639746778,88.17234619421629,128.52838134765625
235.44748495631725,195.49829655973943,119.72354446411137,96.37549,87.83533526132679,100.64887301807511,234.67306518554688
285.58238089142935,243.27903627336653,136.33200042724616,110.79516,113.20487009004354,112.00927857950373,278.90045166015625
58.247426190378356,65.20673369691659,61.75237953186032,58.071064,60.977922813068666,63.124920196780614,57.81587219238281
129.49283257069067,115.78435849484927,118.54818801879888,79.90497,80.91764160437961,88.17234619421629,128.61569213867188
25.183759095694594,40.019182198545025,24.939516601562502,24.643873,25.04067683575049,24.27700798963085,25.45013427734375
113.60611505478074,110.67361697395059,106.86566932678224,99.30855,90.41423167009489,109.74502725880059,111.96798706054688
25.486406452022695,40.850829633716266,25.212485237121584,24.893295,25.581805765565225,24.499106402155288,25.411039352416992
284.75321477923546,242.09276768195556,136.40429016113285,110.60139,113.20487009004354,111.89788178335532,280.3657531738281
58.464933449460005,65.77029225470865,61.83640113830563,57.718815,60.197291415845335,63.09540010161127,60.090599060058594
238.39281397258563,199.5644620420986,120.5393997955322,97.95383,88.74213869789962,101.88201670864217,241.7770538330078
113.65630691048416,111.10060005640369,109.47004234313965,99.17391,90.41423167009489,111.5414040693483,115.58283996582033
129.649201133791,115.88642294660073,118.54818801879888,79.86326,80.91764160437961,88.24623774698827,129.83811950683594
115.49057187143175,113.65792861690018,112.47394416809085,99.66314,89.1557187960077,112.58872422925003,114.74864959716795
284.5848551492386,242.43289949443056,136.47853332519534,110.96914,113.03867795556147,108.28388529239918,282.31951904296875
59.9510067626496,67.7915774248153,62.42044692993161,59.495255,60.19719949337432,63.3953456408764,59.47452545166016
243.5576292570995,203.4745859083192,119.9254494476318,97.346115,88.29382907374426,104.74719676441522,243.94436645507807
25.58362956554426,40.990858030796154,25.13738471984863,24.893295,25.00289609082404,24.499106402155288,25.508773803710938
130.33482750639618,117.35493078321839,118.26258407592778,79.98279,81.400468201086,88.24623774698827,133.06878662109375
115.56580817937116,114.05214431866885,114.05043296813967,103.35348,90.75906965649914,112.56404850807822,115.3047866821289
59.895784858180654,68.02287764666887,62.62775947570799,58.85857,59.548077710638054,63.66656350788695,60.13798522949219
132.2923819979351,119.69699767262469,118.63243095397954,82.34972,81.536783526723,91.66841946050027,132.02101135253906
246.82181753228133,206.29304598516038,119.27445976257324,95.91904,87.58621427650537,106.89345360271331,246.11170959472656
284.8803688217692,243.09476058523455,136.28901855468752,110.76796,113.50632277871412,111.063565591574,286.71551513671875
25.71196324380069,41.43194721958029,25.273461074829104,25.146755,29.59651739708817,26.782375288036775,25.33285140991211
116.16486577343159,114.75579752397812,114.40032852172857,103.76434,91.06532649775329,112.98436463007589,119.1977081298828
287.26637025970865,245.22548967883048,136.3105108642578,112.54829,113.99518511525694,112.47819892882242,293.5536804199219
132.76368147130313,119.70954785949768,117.96858612060551,81.76451,81.50178431373932,89.43065374398532,132.8068389892578
249.69245831923195,208.67228293001722,118.90330108642578,96.32237,87.74327692832068,108.68983041326102,248.0382232666016
25.66510649303733,40.99371207210627,25.14208263397217,24.970596,29.287380452227872,26.42898847988803,25.33285140991211
60.693904092264745,68.99372060214084,62.711074371337865,58.402103,60.08733178257978,63.5885514220172,61.89142227172852
133.55483099043414,120.42295701995903,118.17568603515628,82.070885,82.01829368085806,90.75477573150295,134.90240478515625
62.19645151480849,70.21961855087123,62.72809043884275,61.151115,63.1627760988111,64.08796018673762,62.8866081237793
25.662913309163628,40.85425486507458,25.05622245788575,24.740705,28.265299400084366,26.357114349885194,26.38838768005371
118.63810264717452,116.89156605915731,114.8086660766602,104.64598,90.71444503508924,112.75760230747085,122.34912109375
252.20741337377436,210.6266495953897,119.32861167907714,102.56285,90.54110603700322,108.68983041326102,253.33612060546875
291.8256464814026,249.29356088277814,136.1229504394531,119.41146,117.16151157320826,115.92627026552215,293.5536804199219
121.43862839567912,119.01831699788998,117.56995185852055,105.67723,91.14951999707452,113.15819200081405,119.47576904296876
295.2504533377493,250.59811133290538,135.19295547485348,117.82126,116.940984969401,115.92627026552215,292.33258056640625
26.54977234339715,40.85516393507756,26.322223472595216,25.693844,30.131467908842847,25.02158227322654,25.56741523742676
63.26071397010073,71.37948271697181,63.33413047790527,64.406586,64.03325951926135,64.39621027063293,61.74924850463867
135.19680947012756,121.78633858592197,118.16011253356935,82.66325,82.96668798251783,93.9352068855811,134.46583557128906
255.97153264227052,213.82194240435544,118.79389007568359,102.84229,91.12864772471976,109.9639128957678,253.33612060546875
63.125452492037525,70.95683172291791,63.2658444213867,63.391327,62.04858426908612,63.92441266855812,60.56449890136719
297.0040196430095,251.37860035851895,135.55244827270508,117.40982,116.74671621848249,116.11982406491478,294.286376953125
135.81486222142422,121.81450727618687,118.05712036132815,82.04547,82.01829368085806,92.80518742956282,134.55316162109375
121.46468973361941,118.47087800313686,117.44995971679691,104.43778,91.19562055981952,113.15819200081405,116.7877960205078
257.86396350177637,215.40807803972984,118.56664237976076,113.293465,96.57809879751211,118.34997682493368,259.1156616210937
25.926644382383373,39.525996884001025,27.3833419418335,24.347332,29.24411258510274,24.27156747860081,25.46968078613281
25.931695965184094,38.86634643781062,27.287462387084954,24.252182,27.693515271803104,24.168507708902577,25.72378921508789
62.610237313290924,69.74105798120041,63.335676498413086,62.63956,61.451345297416545,62.95961949328456,60.327545166015625
298.7996142121649,252.57907420319523,135.83574478149416,128.29176,124.11332876419296,124.28765847351619,291.5999450683594
120.33021229489135,117.30441384169745,117.24104057312017,103.79359,91.91101265117754,109.60560030906117,116.60242462158205
262.00253654220415,219.57167493333378,120.03782997131347,116.644775,97.6159595466162,118.72589079710507,258.1523742675781
136.11191366687353,121.94873280185766,118.06528358459475,82.174255,81.85610639394663,92.7074787704084,131.75904846191406
134.7070852491469,119.71960845565464,117.26087509155279,78.7107,81.39179009242996,89.24310773896161,132.02101135253906
263.20755776121666,220.90116898075732,121.12987449645998,115.10208,98.2331725538457,118.53233699771243,254.78097534179688
26.060562066457827,39.24962718548705,27.479435768127438,24.270546,28.065129913446565,24.102725366956147,25.95835304260254
297.9365843235633,252.20173410132605,135.61496841430665,129.10649,124.30759751511147,122.7057807837043,292.33258056640625
61.95809210153956,68.89547760144474,63.20726188659668,58.80344,61.62657417738386,61.17912302921358,60.23276519775391
119.39761026367356,116.08691558665635,117.6259322357178,103.17396,91.84072618869094,108.60968006502829,118.4561996459961
61.34528515555548,68.30921695863292,62.9268042755127,58.755543,60.61036424935868,60.88349854800161,59.4271354675293
119.42764339269833,116.86539124840365,117.51401405334478,104.57366,92.31705737381962,110.50755145478288,118.4561996459961
297.0629885331084,252.18897233450608,135.58370864868164,128.97186,124.30759751511147,122.7057807837043,288.6692810058594
26.185352038004044,39.73058280472793,29.32575164794921,24.462765,27.778236142663204,24.251254512261223,25.46968078613281
261.5877968461857,220.9319332743122,120.34240158081059,116.2425,98.85452788435563,118.75909932031749,247.074951171875
133.8946518557919,119.21152485001772,117.9165144348145,78.34647,81.15130675220212,88.18640938703895,129.7508087158203
25.834381990056098,38.80822986019793,29.23413478851318,24.06076,27.66192731037809,24.102725366956147,25.56741523742676
60.45781009915768,67.13001618355946,62.90933601379396,60.172424,59.53000592563591,59.92285962264504,59.4271354675293
119.19898570028481,116.79776241815472,117.49291824340824,104.11762,91.84072618869094,110.39615465863446,120.9587860107422
256.4511127954874,218.53864646517755,120.772465209961,113.63356,99.00844564289903,114.65494202391652,249.72390747070312
294.238456794818,250.03913532159248,135.45475906372076,117.280014,117.33466032950109,112.50550028487548,290.86724853515625
132.01248690849553,116.7537427422377,117.13258285522467,78.27937,79.93198285095707,86.51535439648931,129.66348266601562
254.57520220819944,218.5669965204356,120.70408203125004,115.07715,102.76628279920575,114.74417340125419,246.08360290527344
293.6164768440444,250.70046158793784,135.89630996704105,118.41054,117.14039157858258,112.89718120876863,283.78485107421875
120.66928034215536,118.83005021381061,117.72759536743168,104.4359,92.61502380671607,112.148639140011,119.0123291015625
60.2206507909559,66.66885611634945,62.92899734497071,61.143272,60.570375959993605,60.16086490306241,59.616695404052734
131.00536055259573,115.84173186609216,117.5448265075684,78.17752,79.95855285238113,86.10535720128183,127.7425537109375
25.922320923651302,38.81719611650398,29.223326339721677,24.060461,27.73374013786376,26.08586374556867,25.19602394104004
289.7234447170139,247.134671050485,135.59933792114262,116.212975,114.80880934277629,109.24215495081852,282.8079528808594
251.3646229570384,216.23412614178383,119.24359558105472,105.929245,96.89303056174636,111.71343668055688,243.65675354003903
120.26967225665764,117.8962271406657,116.9259604644776,102.69023,89.48054684407123,109.41193881731894,115.58283996582033
60.11517759734889,66.6316475224811,63.1787104034424,60.23309,60.46010218389435,61.0171942111084,57.958045959472656
25.574905782544832,37.26393632862905,27.085711059570304,23.952747,27.513508442483857,25.82145490385203,24.726896286010746
129.5370335784834,113.37970372320953,116.79445343017582,77.690254,78.32787311131126,85.37079237926571,126.0835418701172
118.44872762230327,115.49803436917699,116.74912849426273,100.95566,89.20965979227532,105.5990904075149,116.23167419433594
59.09656411895926,64.37713736869263,62.88797836303709,59.84829,58.813092791873075,59.816922977122196,57.531532287597656
127.88257931783471,111.60509475461565,116.90625564575201,77.12074,78.38691863392633,84.69724152048138,127.04402160644533
248.50780249160525,213.88654961321012,119.39603889465334,105.842155,96.20922219747462,111.27622062787326,240.1378173828125
25.15655752721801,35.47596320969487,27.02990913391113,23.701168,27.38213891672313,25.731464290253392,24.53142738342285
287.04735168512883,244.94425852047326,135.83378982543948,116.358406,114.94457922737064,109.92351016773304,283.0521850585937
58.593841636049774,62.8991976878018,62.12504814147949,60.014088,59.14014505828207,59.116647989383054,56.20460891723633
127.55330205424684,111.28933975644733,117.47208580017092,77.07441,79.84345564749358,84.73080591764334,125.12308502197266
24.897653709263214,34.81461336388846,26.941731643676757,23.705173,27.023141317344162,25.56819877986868,24.39459800720215
244.87651077349955,209.98664057509214,119.38667343139652,101.855965,91.60787792913978,103.53060124630099,238.3176727294922
285.80189091724617,242.97951663592153,135.75368484497073,110.19154,114.69216878478989,110.48745662820086,279.3888854980469
117.94048249648154,114.44826875483857,117.52911033630376,102.09122,91.99779043687819,107.02971675055527,116.23167419433594
126.47188832410083,109.93578306115003,116.93360778808601,76.709854,79.62990515442141,84.09419083032476,124.424560546875
242.03469880138167,207.04405651961127,118.99591873168946,101.355934,91.60787792913978,102.89398615898241,237.22560119628903
117.69496533198527,113.13806341468894,117.63656745910649,94.934845,89.08723421678128,106.93972700485831,117.2512435913086
283.024124322714,239.85082218752646,135.3297181701661,110.19032,114.69216878478989,108.39450028978588,278.90045166015625
24.76978674057434,34.65716107754951,26.848938713073725,23.415977,26.651262664169646,25.584572387467645,24.29686546325684
57.63280668704257,61.521600992241694,61.30297309875486,59.483562,58.24163846942732,58.357148616040234,57.10502243041992
281.18594314130394,237.8101151124745,135.75368484497073,109.75813,114.69216878478989,108.25043726329736,281.5868835449219
57.78641094252538,61.69829806940569,61.40852821350096,60.226135,59.734543064445454,58.357148616040234,61.65446853637695
125.67243111269816,108.96482789429506,117.28333099365237,76.21935,79.62626276731405,84.09419083032476,125.55966186523438
117.98762589327134,113.2166270503278,117.7588938903809,95.14502,89.35798774655362,107.02971675055527,123.55408477783205
239.98964301444377,204.44211052949,118.99223556518557,94.32201,88.69732170904287,101.0003850508522,248.02511596679688
24.578033471874505,34.69409661709751,26.805427589416496,23.149189,26.559835470367666,25.586443882772006,24.492332458496094
126.03205499060172,108.95059678016152,117.4416109466553,76.80897,79.7471067697628,84.09419083032476,125.47234344482422
60.42310868169744,66.47012173819192,62.70830627441404,62.879105,61.09061620139412,61.70984498473742,62.22315216064453
121.6171318755929,118.54844772931881,118.23853485107425,103.995476,91.88527141793341,110.78561235391204,121.42223358154295
244.95160465464045,208.95242294483612,120.11917831420901,94.95576,90.05183916240895,104.14603759315528,251.42271423339844
24.683108851909346,35.13777159855603,26.873744125366205,23.657278,26.818211373381327,25.586443882772006,24.21867561340332
281.79328096162,237.47240368988895,135.75368484497073,110.21252,113.42566932793821,107.801320238984,283.29638671875
61.811632647391896,67.64028656203926,62.640914382934554,62.535904,60.976339842312754,63.042996889247355,62.79182815551758
249.69349313136547,211.4519562910628,119.89049728393557,102.061066,92.60989150660123,104.85373468256499,253.3642120361328
24.496039557738833,34.299682684038125,26.79388034820556,23.431236,26.58129029581828,25.584572387467645,24.37505149841309
122.2677351507677,117.64967177289635,117.13983993530279,101.56017,91.38276694475907,109.00845215136368,120.49534606933594
283.08857580447085,237.85773894125236,135.75368484497073,110.02758,113.82364647774939,107.89854453656652,284.0290832519531
126.13437754483223,108.565584055968,117.4545015716553,76.98725,79.96331012326321,84.73080591764334,125.90892028808594
254.00400271274935,213.56205349008616,119.8748670959473,102.685974,91.99779043687819,105.31424026676328,254.3349456787109
24.600804166586258,34.78194371209447,26.88097915649413,23.468124,26.631150736650305,25.584572387467645,24.04275321960449
126.60565472714147,108.4367751569529,117.53460807800298,77.20229,79.96331012326321,84.73080591764334,124.424560546875
63.17464569530699,69.0566857327509,62.700057296752924,62.596565,61.16898153755494,63.53766403446466,62.22315216064453
122.55063703276014,117.22062233912699,117.49109085083013,102.174355,92.09317561649667,106.96795825497495,116.97317504882812
284.62309158176026,237.87387130657672,135.75368484497073,110.02758,113.8840225041166,108.5139808834208,275.7255859375
257.0672942026581,216.14113096352423,120.0061962890625,101.81299,92.02362161802581,104.96899069228425,256.51910400390625
24.31296779011467,33.85645427297881,26.824079399108875,23.477386,26.580288986777312,25.584572387467645,23.8472843170166
126.05639554333916,107.16154060141078,117.05919349670415,77.46544,79.86696124553244,84.73080591764334,123.90066528320312
63.570973113996594,68.87362136101544,63.043694305419926,62.507008,60.53025147456548,62.27591404187282,61.46490478515625
120.81217163151867,114.29572306039725,116.99095207214361,94.95576,89.66987303075965,107.02971675055527,115.3047866821289
281.5059837622956,234.27070934115886,135.39028488159187,109.0234,113.39655714315165,105.56729129244796,274.50445556640625
